item_id,title,artist_name,track_name,category,tags,description,genre
1,item_1,,item_1,,74 77 80 139 706,item 1 features: 74 77 80 139 706,
3,item_3,,item_3,,96 97 133 163 199 258 260 310 507 519 520 521 606 651 1124 5607 5703 5788,item 3 features: 96 97 133 163 199 258 260 310 507 519 520 521 606 651 1124 5607 5703 5788,
5,item_5,,item_5,,69 75 77 80 148 325 327 1793 2258 5786,item 5 features: 69 75 77 80 148 325 327 1793 2258 5786,
6,item_6,,item_6,,57 68 69 74 75 973 974,item 6 features: 57 68 69 74 75 973 974,
7,item_7,,item_7,,69 112 358,item 7 features: 69 112 358,
8,item_8,,item_8,,69 74 75 101 143 145 690 1165,item 8 features: 69 74 75 101 143 145 690 1165,
9,item_9,,item_9,,14 22 23 24 69 75 77 79 147 154 158 189 260 291 367 407 421 1492 2554 3153 3647,item 9 features: 14 22 23 24 69 75 77 79 147 154 158 189 260 291 367 407 421 1492 2554 3153 3647,
11,item_11,,item_11,,1 68 69 74 140 147 155 176 191 192 321 354 395 710 1495 1854 1991 2188 2287 2563 3277 3353 3489 3820 4098 4913 5326 5432 5583 5605 5714 5715 5716 5717 5718 5719 5720 5721 5722 5723 5724 5725 5726 5727 5728 5729 5730 5731 5732 5733 5734 5735 5736 5737,item 11 features: 1 68 69 74 140 147 155 176 191 192 321 354 395 710 1495 1854 1991 2188 2287 2563 3277 3353 3489 3820 4098 4913 5326 5432 5583 5605 5714 5715 5716 5717 5718 5719 5720 5721 5722 5723 5724 5725 5726 5727 5728 5729 5730 5731 5732 5733 5734 5735 5736 5737,
12,item_12,,item_12,,11 67 88 96 97 107 173 191 242 244 258 422 441 507 581 592 693 964 1302 1424 1705 1885 2423 2586 2587 2588 2591 2592 2594 2606 2608 3841 3843 3847 3849 3851 3853 3859 3867 3868 3870 4994 5840 7013 7016 7017 8264,item 12 features: 11 67 88 96 97 107 173 191 242 244 258 422 441 507 581 592 693 964 1302 1424 1705 1885 2423 2586 2587 2588 2591 2592 2594 2606 2608 3841 3843 3847 3849 3851 3853 3859 3867 3868 3870 4994 5840 7013 7016 7017 8264,
13,item_13,,item_13,,112 133 179 194 507 520 580 693 2315 2323 2326 2327 2328 5788,item 13 features: 112 133 179 194 507 520 580 693 2315 2323 2326 2327 2328 5788,
14,item_14,,item_14,,46 115 242 421 507 1312 2319 2322 2586,item 14 features: 46 115 242 421 507 1312 2319 2322 2586,
15,item_15,,item_15,,23 96 97 106 258 291 309 422 441 1424 1705 2367 2587 2588 2591 2594 2599 2600 2601 7014 7822 7997,item 15 features: 23 96 97 106 258 291 309 422 441 1424 1705 2367 2587 2588 2591 2594 2599 2600 2601 7014 7822 7997,
16,item_16,,item_16,,11 18 88 96 97 160 191 258 291 309 422 581 1060 1302 1424 1885 2032 2423 2584 2586 2587 2588 2589 2591 2592 2597 2598 2600 2608 2919 3518 4367 7013 7014 7757 7822 8001,item 16 features: 11 18 88 96 97 160 191 258 291 309 422 581 1060 1302 1424 1885 2032 2423 2584 2586 2587 2588 2589 2591 2592 2597 2598 2600 2608 2919 3518 4367 7013 7014 7757 7822 8001,
17,item_17,,item_17,,16 22 36 46 69 96 112 115 133 156 173 179 194 199 247 262 291 310 377 421 507 519 520 568 580 585 651 691 835 853 1109 1312 2055 2315 2316 2317 2318 2319 2320 2321 2322 2323 2324 2325 2326 2327 2328 2453 3494 3888 3889 3890 3891 4121 4122 5544,item 17 features: 16 22 36 46 69 96 112 115 133 156 173 179 194 199 247 262 291 310 377 421 507 519 520 568 580 585 651 691 835 853 1109 1312 2055 2315 2316 2317 2318 2319 2320 2321 2322 2323 2324 2325 2326 2327 2328 2453 3494 3888 3889 3890 3891 4121 4122 5544,
23,item_23,,item_23,,16 22 70 75 77 115 158 162 260,item 23 features: 16 22 70 75 77 115 158 162 260,
27,item_27,,item_27,,22 69 208 574 867 1044 4458 5689,item 27 features: 22 69 208 574 867 1044 4458 5689,
28,item_28,,item_28,,14 23 235 260 327 4507,item 28 features: 14 23 235 260 327 4507,
30,item_30,,item_30,,14 23 110 147 154 405 602 738 740 752 2554 2766 6320,item 30 features: 14 23 110 147 154 405 602 738 740 752 2554 2766 6320,
32,item_32,,item_32,,14 23 70 158 329 733 734 738 741 8146,item 32 features: 14 23 70 158 329 733 734 738 741 8146,
33,item_33,,item_33,,22 69 75 148 179 651 654 4438,item 33 features: 22 69 75 148 179 651 654 4438,
38,item_38,,item_38,,27 30 84 321 1314,item 38 features: 27 30 84 321 1314,
42,item_42,,item_42,,11 13 16 19 44 150 158 693 1363 4521 5972 7006 7450,item 42 features: 11 13 16 19 44 150 158 693 1363 4521 5972 7006 7450,
43,item_43,,item_43,,16 30 44 980,item 43 features: 16 30 44 980,
44,item_44,,item_44,,11 12 13 16 19 30 31 36 44 150 154 158 285 291 303 456 927 2696 4426 5134 5446 5557 6301,item 44 features: 11 12 13 16 19 30 31 36 44 150 154 158 285 291 303 456 927 2696 4426 5134 5446 5557 6301,
46,item_46,,item_46,,81 260 507 575 611 1176 1448 3546,item 46 features: 81 260 507 575 611 1176 1448 3546,
48,item_48,,item_48,,16 68 69 99 112 157 1302,item 48 features: 16 68 69 99 112 157 1302,
49,item_49,,item_49,,14 22 23 36 69 74 75 77 101 109 147 155 163 164 192 197 199 291 299 367 399 411 421 702 735 740 743 747 921 1046 1048 1109 1143 1346 1650 1651 1656 2044 2079 2554 2785 2846 2847 3009 3561 3576 3812 3813 4906 5446 5861 5872 6024,item 49 features: 14 22 23 36 69 74 75 77 101 109 147 155 163 164 192 197 199 291 299 367 399 411 421 702 735 740 743 747 921 1046 1048 1109 1143 1346 1650 1651 1656 2044 2079 2554 2785 2846 2847 3009 3561 3576 3812 3813 4906 5446 5861 5872 6024,
50,item_50,,item_50,,14 15 16 17 23 36 70 105 230 235 279 329 367 588 668 717 733 735 738 739 740 742 746 750 751 771 777 786 1384 1447 1894 1922 2554 3501 3502 3504 3561 4818 4825 5903 5904 5914 5919 5921 5940 6394 6864 6871,item 50 features: 14 15 16 17 23 36 70 105 230 235 279 329 367 588 668 717 733 735 738 739 740 742 746 750 751 771 777 786 1384 1447 1894 1922 2554 3501 3502 3504 3561 4818 4825 5903 5904 5914 5919 5921 5940 6394 6864 6871,
51,item_51,,item_51,,14 15 16 22 23 24 36 69 70 75 105 115 158 260 367 407 733 743 766 770 772 3189 6320,item 51 features: 14 15 16 22 23 24 36 69 70 75 105 115 158 260 367 407 733 743 766 770 772 3189 6320,
52,item_52,,item_52,,11 13 16 19 36 75 105 158 263 309 379 508 604 1599,item 52 features: 11 13 16 19 36 75 105 158 263 309 379 508 604 1599,
53,item_53,,item_53,,11 12 14 16 21 22 24 62 70 109 150 154 263 291 733 743 748 4566 5327 5328 5329,item 53 features: 11 12 14 16 21 22 24 62 70 109 150 154 263 291 733 743 748 4566 5327 5328 5329,
55,item_55,,item_55,,14 22 23 36 69 75 105 109 148 158 260 291 405 408 507 818 1048 1143 1653 1659 2055 2441 5859 5862 5908 5945 7788 8146,item 55 features: 14 22 23 36 69 75 105 109 148 158 260 291 405 408 507 818 1048 1143 1653 1659 2055 2441 5859 5862 5908 5945 7788 8146,
56,item_56,,item_56,,11 13 18 19 20 33 34 36 717,item 56 features: 11 13 18 19 20 33 34 36 717,
57,item_57,,item_57,,11 22 46 77 79 112 115 133 158 169 176 191 194 197 251 323 344 404 507 606 613 691 852 945 1272 2343 2453 3137 3424 3573 4315 4871 5503 5645 5741 5744 5749 5859 5860 5968 6008 7156 8015 8016 8369,item 57 features: 11 22 46 77 79 112 115 133 158 169 176 191 194 197 251 323 344 404 507 606 613 691 852 945 1272 2343 2453 3137 3424 3573 4315 4871 5503 5645 5741 5744 5749 5859 5860 5968 6008 7156 8015 8016 8369,
58,item_58,,item_58,,17 22 23 69 105 112 154 155 158 164 189 197 208 365 611 696 861 863 1048 1651 1659 2635 4817 5862 6149 7964,item 58 features: 17 22 23 69 105 112 154 155 158 164 189 197 208 365 611 696 861 863 1048 1651 1659 2635 4817 5862 6149 7964,
60,item_60,,item_60,,12 30 325 327,item 60 features: 12 30 325 327,
64,item_64,,item_64,,11 14 16 23 69 74 75 77 80 105 109 144 148 158 176 192 235 260 323 598 606 717 885 2222 2714 3298 3622 3623 4908 5445 5860 5874,item 64 features: 11 14 16 23 69 74 75 77 80 105 109 144 148 158 176 192 235 260 323 598 606 717 885 2222 2714 3298 3622 3623 4908 5445 5860 5874,
71,item_71,,item_71,,154 428 437 864 2055 5766 5867,item 71 features: 154 428 437 864 2055 5766 5867,
72,item_72,,item_72,,72 154 173 321 421 5165,item 72 features: 72 154 173 321 421 5165,
73,item_73,,item_73,,30 77 139 141 143 157 625 7969,item 73 features: 30 77 139 141 143 157 625 7969,
74,item_74,,item_74,,74 75 321,item 74 features: 74 75 321,
75,item_75,,item_75,,69 74 75 109 139 143 144 145 173 242 260 495 844 850 964 1384 1424 2071 2524 5306 5625 6203 6346,item 75 features: 69 74 75 109 139 143 144 145 173 242 260 495 844 850 964 1384 1424 2071 2524 5306 5625 6203 6346,
76,item_76,,item_76,,12 24 321 2385 4372,item 76 features: 12 24 321 2385 4372,
77,item_77,,item_77,,16 22 36 75 77 115 133 163 165 179 251 260 358 654 1109 1324 1325 1741 1775 5212 5544,item 77 features: 16 22 36 75 77 115 133 163 165 179 251 260 358 654 1109 1324 1325 1741 1775 5212 5544,
79,item_79,,item_79,,69 74 75 77 80 179 251,item 79 features: 69 74 75 77 80 179 251,
80,item_80,,item_80,,11 14 15 16 22 23 24 26 27 36 53 69 70 74 75 80 101 109 127 200 201 202 207 260 291 329 401 702 735 736 743 745 752 754 755 767 768 769 770 771 772 773 774 775 776 779 782 1051 1346 1656 2044 3189 3812 3813 4709 4881 5445,item 80 features: 11 14 15 16 22 23 24 26 27 36 53 69 70 74 75 80 101 109 127 200 201 202 207 260 291 329 401 702 735 736 743 745 752 754 755 767 768 769 770 771 772 773 774 775 776 779 782 1051 1346 1656 2044 3189 3812 3813 4709 4881 5445,
81,item_81,,item_81,,69 75 77 80 158 213 323 3065,item 81 features: 69 75 77 80 158 213 323 3065,
83,item_83,,item_83,,69 74 75 77 80 109 1263 3783 5583 7710 8218,item 83 features: 69 74 75 77 80 109 1263 3783 5583 7710 8218,
84,item_84,,item_84,,80 717 3783,item 84 features: 80 717 3783,
86,item_86,,item_86,,69 74 75 77 80 99 105 109 158 242 263 322 323 407 612 3090 6686 6689 8252,item 86 features: 69 74 75 77 80 99 105 109 158 242 263 322 323 407 612 3090 6686 6689 8252,
87,item_87,,item_87,,2 12 14 17 23 29 69 70 75 80 84 105 142 153 158 235 242 260 392 407 415 421 611 862 1117 1128 1168 1284 1383 1384 1600 3189 3528 4215,item 87 features: 2 12 14 17 23 29 69 70 75 80 84 105 142 153 158 235 242 260 392 407 415 421 611 862 1117 1128 1168 1284 1383 1384 1600 3189 3528 4215,
88,item_88,,item_88,,16 22 36 69 74 75 77 92 115 148 173 176 179 191 192 197 247 251 303 396 442 630 668 691 703 855 978 1098 1401 1433 1456 1962 1963 2279 3143 5768 6117 6121 6220 6226 6283 6493 6713 6718 6719 7488 7786 7897 7898 7900 8088 8195,item 88 features: 16 22 36 69 74 75 77 92 115 148 173 176 179 191 192 197 247 251 303 396 442 630 668 691 703 855 978 1098 1401 1433 1456 1962 1963 2279 3143 5768 6117 6121 6220 6226 6283 6493 6713 6718 6719 7488 7786 7897 7898 7900 8088 8195,
89,item_89,,item_89,,6 109 142 151 153,item 89 features: 6 109 142 151 153,
90,item_90,,item_90,,22 79 164 212 263 404 447 510 604 636 1049 1050 1960 2766 3548 3549 5691 5865 5866 5868,item 90 features: 22 79 164 212 263 404 447 510 604 636 1049 1050 1960 2766 3548 3549 5691 5865 5866 5868,
91,item_91,,item_91,,69 100 155 158 203 208 611 1048 1651 5503,item 91 features: 69 100 155 158 203 208 611 1048 1651 5503,
92,item_92,,item_92,,16 22 30 36 99 717,item 92 features: 16 22 30 36 99 717,
96,item_96,,item_96,,24 30 77 150 154 487 4571,item 96 features: 24 30 77 150 154 487 4571,
97,item_97,,item_97,,22 69 75 112 148 247 340 358 467 2975,item 97 features: 22 69 75 112 148 247 340 358 467 2975,
100,item_100,,item_100,,77 148 247 495 702 756 7154,item 100 features: 77 148 247 495 702 756 7154,
101,item_101,,item_101,,81 96 6403,item 101 features: 81 96 6403,
102,item_102,,item_102,,11 12 16 21 36 86 99 150 154 291 691 1045 1786 1981 4374 6780,item 102 features: 11 12 16 21 36 86 99 150 154 291 691 1045 1786 1981 4374 6780,
103,item_103,,item_103,,22 74 101 6685,item 103 features: 22 74 101 6685,
104,item_104,,item_104,,22 23 36 69 76 155 158 166 169 208 401 404 407 574 579 611 691 766 768 770 772 773 774 775 782 863 1044 1046 1448 2108 2919 4458 5688 5690 7758 7759 8147,item 104 features: 22 23 36 69 76 155 158 166 169 208 401 404 407 574 579 611 691 766 768 770 772 773 774 775 782 863 1044 1046 1448 2108 2919 4458 5688 5690 7758 7759 8147,
109,item_109,,item_109,,69 139 157 358 2559,item 109 features: 69 139 157 358 2559,
110,item_110,,item_110,,13 16 24 25 31 44 99 109 150 263 330 456 2435 4372 4373 6397 6399 6406 6414 6415 6417 6418 6423 8120,item 110 features: 13 16 24 25 31 44 99 109 150 263 330 456 2435 4372 4373 6397 6399 6406 6414 6415 6417 6418 6423 8120,
111,item_111,,item_111,,11 12 13 14 16 19 36 70 77 99 150 162 260 263 691 1161 1424 1656 1851 6397,item 111 features: 11 12 13 14 16 19 36 70 77 99 150 162 260 263 691 1161 1424 1656 1851 6397,
113,item_113,,item_113,,12 14 15 16 23 26 27 30 57 69 82 84 154 235 303 769 774 777 2362 2779,item 113 features: 12 14 15 16 23 26 27 30 57 69 82 84 154 235 303 769 774 777 2362 2779,
115,item_115,,item_115,,157 314 1671 1672 1677,item 115 features: 157 314 1671 1672 1677,
118,item_118,,item_118,,22 36 126 130 163 169 173 197 199 260 268 303 404 521 801,item 118 features: 22 36 126 130 163 169 173 197 199 260 268 303 404 521 801,
119,item_119,,item_119,,6 118 153 695,item 119 features: 6 118 153 695,
120,item_120,,item_120,,120 121 122 194 303 433 946 2128 2816,item 120 features: 120 121 122 194 303 433 946 2128 2816,
121,item_121,,item_121,,109 118 120 122 433 946 1999 5311 5314,item 121 features: 109 118 120 122 433 946 1999 5311 5314,
122,item_122,,item_122,,22 36 121 309 404 433 1022 2000 2002 2003 2007 4395 6245,item 122 features: 22 36 121 309 404 433 1022 2000 2002 2003 2007 4395 6245,
123,item_123,,item_123,,16 22 112 2247 2618 4978 4979 4980 4981 4982 5330,item 123 features: 16 22 112 2247 2618 4978 4979 4980 4981 4982 5330,
124,item_124,,item_124,,23 69 836 2618 4501 7052,item 124 features: 23 69 836 2618 4501 7052,
125,item_125,,item_125,,16 36 150 263 272 330 399 456 5139 6397 6686 7970,item 125 features: 16 36 150 263 272 330 399 456 5139 6397 6686 7970,
128,item_128,,item_128,,69 71 84 112 115 154 155 189 208 303 321 377 611 2083 2635 4052 4673 4766 5690 7140,item 128 features: 69 71 84 112 115 154 155 189 208 303 321 377 611 2083 2635 4052 4673 4766 5690 7140,
129,item_129,,item_129,,23 68 76 155 320 715 819 820 823 996 1787 4710,item 129 features: 23 68 76 155 320 715 819 820 823 996 1787 4710,
135,item_135,,item_135,,11 22 69 77 101 109 164 179 191 251 288 291 592 829 856 862 1046 1450 2055 2058 2060 2456 3293 3551 3553 5519 5520 5522 5525 6995,item 135 features: 11 22 69 77 101 109 164 179 191 251 288 291 592 829 856 862 1046 1450 2055 2058 2060 2456 3293 3551 3553 5519 5520 5522 5525 6995,
136,item_136,,item_136,,22 69 92 101 109 115 147 148 260 404 421 447 507 696 709 831 850 1400 2055 3494,item 136 features: 22 69 92 101 109 115 147 148 260 404 421 447 507 696 709 831 850 1400 2055 3494,
137,item_137,,item_137,,69 74 77 80 109 148 173 247 260 358 423 630 690 692 1140 1692 2835,item 137 features: 69 74 77 80 109 148 173 247 260 358 423 630 690 692 1140 1692 2835,
138,item_138,,item_138,,112 144 145 716 1601 6008,item 138 features: 112 144 145 716 1601 6008,
139,item_139,,item_139,,75 150 354 358 572 690 2976,item 139 features: 75 150 354 358 572 690 2976,
140,item_140,,item_140,,69 74 75 155 340 358 572 690 2559,item 140 features: 69 74 75 155 340 358 572 690 2559,
141,item_141,,item_141,,74 139 144 157 235 541 690 7711,item 141 features: 74 139 144 157 235 541 690 7711,
142,item_142,,item_142,,69 115 340 358 572 690 2355 3355 6032 7711,item 142 features: 69 115 340 358 572 690 2355 3355 6032 7711,
143,item_143,,item_143,,69 115 148 155 158 208 247 409 611 650 691 857 963 2759 3214 4899 6959 7056,item 143 features: 69 115 148 155 158 208 247 409 611 650 691 857 963 2759 3214 4899 6959 7056,
144,item_144,,item_144,,22 69 77 158 251 323 602 1091 1650 1775 5293 6634 6635 6649,item 144 features: 22 69 77 158 251 323 602 1091 1650 1775 5293 6634 6635 6649,
148,item_148,,item_148,,75 79 81 226 299 6436,item 148 features: 75 79 81 226 299 6436,
150,item_150,,item_150,,1705 1805 7152,item 150 features: 1705 1805 7152,
151,item_151,,item_151,,69 74 75 321 6940 6941 7250,item 151 features: 69 74 75 321 6940 6941 7250,
154,item_154,,item_154,,68 69 74 75 173,item 154 features: 68 69 74 75 173,
155,item_155,,item_155,,69 74 75 112 115 1543,item 155 features: 69 74 75 112 115 1543,
156,item_156,,item_156,,0 23 27 68 69 101 109 127 155 173 192 194 260 291 309 320 408 611 633 658 715 839 844 1048 1105 1302 1919 2078 2965 3574 3576 4607 5544 5551 6954 6961 7654 8041,item 156 features: 0 23 27 68 69 101 109 127 155 173 192 194 260 291 309 320 408 611 633 658 715 839 844 1048 1105 1302 1919 2078 2965 3574 3576 4607 5544 5551 6954 6961 7654 8041,
157,item_157,,item_157,,11 12 13 16 19 21 25 36 75 86 150 460 604 691 1045 1598 3566 4671 6870 7125,item 157 features: 11 12 13 16 19 21 25 36 75 86 150 460 604 691 1045 1598 3566 4671 6870 7125,
158,item_158,,item_158,,16 84 86 150 263 450 454 456 474 691 3565 4426 4428 6662 6674,item 158 features: 16 84 86 150 263 450 454 456 474 691 3565 4426 4428 6662 6674,
159,item_159,,item_159,,11 14 16 22 24 53 69 74 75 76 77 80 105 109 115 139 147 148 154 158 173 176 192 193 196 197 199 235 242 251 260 286 291 303 321 322 323 356 367 404 408 421 541 662 691 693 698 699 700 704 706 711 713 717 765 830 862 940 964 1052 1071 1143 1305 1325 1374 1377 1383 1391 1424 1484 1643 1775 1784 2153 2314 2809 2867 3143 3189 3298 3456 3494 3541 4314 4372 4373 4838 4907 4908 5445 5617 5666 5694 6276 6428 6430 6431 6754 7003 7450 7948 7949 8023 8091 8092 8147,item 159 features: 11 14 16 22 24 53 69 74 75 76 77 80 105 109 115 139 147 148 154 158 173 176 192 193 196 197 199 235 242 251 260 286 291 303 321 322 323 356 367 404 408 421 541 662 691 693 698 699 700 704 706 711 713 717 765 830 862 940 964 1052 1071 1143 1305 1325 1374 1377 1383 1391 1424 1484 1643 1775 1784 2153 2314 2809 2867 3143 3189 3298 3456 3494 3541 4314 4372 4373 4838 4907 4908 5445 5617 5666 5694 6276 6428 6430 6431 6754 7003 7450 7948 7949 8023 8091 8092 8147,
160,item_160,,item_160,,14 16 22 23 36 46 53 69 74 75 76 77 80 109 112 115 136 147 148 158 163 173 176 193 196 197 235 251 285 291 323 356 377 606 714 830 833 865 1047 1052 1334 1562 1578 1650 1656 2009 2055 2153 2343 2348 2363 2453 2504 2624 2803 2804 2817 2835 3216 3561 3621 3816 3818 4789 4832 5330 5501 5523 5617 5740 5877 6008 6177 6568 6678 6679 6680 6681 7601 7864 8369 8371 8432,item 160 features: 14 16 22 23 36 46 53 69 74 75 76 77 80 109 112 115 136 147 148 158 163 173 176 193 196 197 235 251 285 291 323 356 377 606 714 830 833 865 1047 1052 1334 1562 1578 1650 1656 2009 2055 2153 2343 2348 2363 2453 2504 2624 2803 2804 2817 2835 3216 3561 3621 3816 3818 4789 4832 5330 5501 5523 5617 5740 5877 6008 6177 6568 6678 6679 6680 6681 7601 7864 8369 8371 8432,
161,item_161,,item_161,,69 74 75 77 80 109 148 158 322 323 691 706 717 1400 1424 1643 1999 2454 3448 3453 4944 5056 5875 7268,item 161 features: 69 74 75 77 80 109 148 158 322 323 691 706 717 1400 1424 1643 1999 2454 3448 3453 4944 5056 5875 7268,
162,item_162,,item_162,,69 74 75 77 80 83 109 176 193 235 325 327 606 691 703 1352 1424 2435 3418 4374 6726,item 162 features: 69 74 75 77 80 83 109 176 193 235 325 327 606 691 703 1352 1424 2435 3418 4374 6726,
163,item_163,,item_163,,77 115 247 2101,item 163 features: 77 115 247 2101,
164,item_164,,item_164,,69 74 75 151 3461,item 164 features: 69 74 75 151 3461,
167,item_167,,item_167,,34 79 81 115 133 260 507 520 604 611 724 1175 1176 1177 1178 1179 2999 5139 6885,item 167 features: 34 79 81 115 133 260 507 520 604 611 724 1175 1176 1177 1178 1179 2999 5139 6885,
172,item_172,,item_172,,11 12 14 16 22 39 69 70 75 77 80 83 109 154 251 260 291 303 325 327 487 592 756 1161 1694 7904 7968 8025,item 172 features: 11 12 14 16 22 39 69 70 75 77 80 83 109 154 251 260 291 303 325 327 487 592 756 1161 1694 7904 7968 8025,
173,item_173,,item_173,,77 247,item 173 features: 77 247,
174,item_174,,item_174,,77 112 421 495,item 174 features: 77 112 421 495,
175,item_175,,item_175,,14 69 107 144 145 155 235 328 611 1164 1660 1664 6241 6242,item 175 features: 14 69 107 144 145 155 235 328 611 1164 1660 1664 6241 6242,
176,item_176,,item_176,,77 80 251 756 1654,item 176 features: 77 80 251 756 1654,
178,item_178,,item_178,,0 5 57 75 140 157 161 990 2696 8347,item 178 features: 0 5 57 75 140 157 161 990 2696 8347,
181,item_181,,item_181,,0 6 85 112 1058 1316,item 181 features: 0 6 85 112 1058 1316,
183,item_183,,item_183,,22 69 75 80 115 247 270 291 698,item 183 features: 22 69 75 80 115 247 270 291 698,
184,item_184,,item_184,,101 226 239 1417 4315 4325,item 184 features: 101 226 239 1417 4315 4325,
185,item_185,,item_185,,135 145,item 185 features: 135 145,
188,item_188,,item_188,,21 112 437 691,item 188 features: 21 112 437 691,
189,item_189,,item_189,,77 80 158 251,item 189 features: 77 80 158 251,
190,item_190,,item_190,,79 112 2453 6177,item 190 features: 79 112 2453 6177,
192,item_192,,item_192,,16 22 46 77 112 115 158 162 226 265 606,item 192 features: 16 22 46 77 112 115 158 162 226 265 606,
193,item_193,,item_193,,69 75 77 80 158 260 263 585 612 2208 3494 6685 7968,item 193 features: 69 75 77 80 158 260 263 585 612 2208 3494 6685 7968,
195,item_195,,item_195,,16 22 75 77 84 99 150 179 327 377 756 1161 1372,item 195 features: 16 22 75 77 84 99 150 179 327 377 756 1161 1372,
196,item_196,,item_196,,16 22 36 69 75 77 150 251 272 693 1775,item 196 features: 16 22 36 69 75 77 150 251 272 693 1775,
198,item_198,,item_198,,22 69 74 75 77 109 112 262 303 340 358 572 690 692 1180 1424 2128 2559 2975 3813 3904 5828 6445 6760 8195 8197 8199,item 198 features: 22 69 74 75 77 109 112 262 303 340 358 572 690 692 1180 1424 2128 2559 2975 3813 3904 5828 6445 6760 8195 8197 8199,
200,item_200,,item_200,,151 154 421 422 437 5578 5580 5581,item 200 features: 151 154 421 422 437 5578 5580 5581,
201,item_201,,item_201,,11 79 112 340 358 572 690 1221 2975,item 201 features: 11 79 112 340 358 572 690 1221 2975,
202,item_202,,item_202,,22 23 69 147 148 194 404 5272 6307 6310,item 202 features: 22 23 69 147 148 194 404 5272 6307 6310,
203,item_203,,item_203,,69 74 75 80 84 115 148 150 244 247 358 396 541 602 606 662 691 692 703 1140 1324 1692 1775 2559 2835 4133 5669,item 203 features: 69 74 75 80 84 115 148 150 244 247 358 396 541 602 606 662 691 692 703 1140 1324 1692 1775 2559 2835 4133 5669,
204,item_204,,item_204,,11 69 74 75 77 101 112 115 148 169 176 195 247 272 409 492 606 670 691 1578 1733 1775 2243 2453 2577 3790 3791 3792 3793,item 204 features: 11 69 74 75 77 101 112 115 148 169 176 195 247 272 409 492 606 670 691 1578 1733 1775 2243 2453 2577 3790 3791 3792 3793,
205,item_205,,item_205,,11 22 23 29 79 84 115 166 208 242 247 260 291 340 358 404 572 611 690 696 1221 1232 2975 6445,item 205 features: 11 22 23 29 79 84 115 166 208 242 247 260 291 340 358 404 572 611 690 696 1221 1232 2975 6445,
207,item_207,,item_207,,75 77 80 158 235 2680 7622,item 207 features: 75 77 80 158 235 2680 7622,
209,item_209,,item_209,,12 16 84 86 263 450 454 474 2158,item 209 features: 12 16 84 86 263 450 454 474 2158,
211,item_211,,item_211,,22 46 69 74 75 101 109 112 135 144 191 203 242 251 404 975 1775,item 211 features: 22 46 69 74 75 101 109 112 135 144 191 203 242 251 404 975 1775,
212,item_212,,item_212,,16 22 36 46 75 77 105 108 112 115 154 158 173 191 199 247 251 323 332 1060 1205 5253 5254 5255 6429,item 212 features: 16 22 36 46 75 77 105 108 112 115 154 158 173 191 199 247 251 323 332 1060 1205 5253 5254 5255 6429,
213,item_213,,item_213,,12 16 19 22 69 70 74 75 77 94 139 148 150 162 163 169 176 192 195 197 251 260 263 404 421 541 606 660 691 692 703 975 1161 1238 1241 1324 1655 1775 1784 2422 2945 3308 3309 4121 4122 4294 5543 6465 7322 8232 8356 8357,item 213 features: 12 16 19 22 69 70 74 75 77 94 139 148 150 162 163 169 176 192 195 197 251 260 263 404 421 541 606 660 691 692 703 975 1161 1238 1241 1324 1655 1775 1784 2422 2945 3308 3309 4121 4122 4294 5543 6465 7322 8232 8356 8357,
214,item_214,,item_214,,69 75 77 80 101 112 148 247 251 598 8218,item 214 features: 69 75 77 80 101 112 148 247 251 598 8218,
215,item_215,,item_215,,11 12 13 16 19 22 36 46 58 69 75 77 81 109 112 115 147 148 176 194 197 199 251 285 299 303 404 421 447 585 598 604 606 691 692 693 703 706 711 717 756 1107 1157 1804 2767 3143 3494 3783 5743 5951 6008 6430 6696 7076 7708 7988 8227,item 215 features: 11 12 13 16 19 22 36 46 58 69 75 77 81 109 112 115 147 148 176 194 197 199 251 285 299 303 404 421 447 585 598 604 606 691 692 693 703 706 711 717 756 1107 1157 1804 2767 3143 3494 3783 5743 5951 6008 6430 6696 7076 7708 7988 8227,
216,item_216,,item_216,,0 4 109 141 143 157 314 315 346 620 623 978 5170 6360,item 216 features: 0 4 109 141 143 157 314 315 346 620 623 978 5170 6360,
219,item_219,,item_219,,30 46 157 315 617 1675 1879,item 219 features: 30 46 157 315 617 1675 1879,
220,item_220,,item_220,,16 69 74 75 77 80 100 101 109 155 358 606 1578 2559 3305 4419 6754,item 220 features: 16 69 74 75 77 80 100 101 109 155 358 606 1578 2559 3305 4419 6754,
221,item_221,,item_221,,115 247 5133 8201,item 221 features: 115 247 5133 8201,
222,item_222,,item_222,,69 74 109 358 874 2559 4246 5680,item 222 features: 69 74 109 358 874 2559 4246 5680,
223,item_223,,item_223,,16 22 30 75 77 112 247 309 821 833 3494,item 223 features: 16 22 30 75 77 112 247 309 821 833 3494,
224,item_224,,item_224,,115 147 247 1543 2722 5868 8195,item 224 features: 115 147 247 1543 2722 5868 8195,
225,item_225,,item_225,,22 36 260 487 606 3337 5544 5674,item 225 features: 22 36 260 487 606 3337 5544 5674,
226,item_226,,item_226,,16 30 57 82 2696,item 226 features: 16 30 57 82 2696,
229,item_229,,item_229,,69 75 80,item 229 features: 69 75 80,
230,item_230,,item_230,,0 12 30 72 354 432 810 1274 1368 5898,item 230 features: 0 12 30 72 354 432 810 1274 1368 5898,
231,item_231,,item_231,,0 4 30 72 78 319 617 618 619 6899,item 231 features: 0 4 30 72 78 319 617 618 619 6899,
232,item_232,,item_232,,109 115 340 358 572 690 1221 6445,item 232 features: 109 115 340 358 572 690 1221 6445,
233,item_233,,item_233,,30 69 74 75 151 696 6530,item 233 features: 30 69 74 75 151 696 6530,
235,item_235,,item_235,,6 22 26 27 30 142 448 452 461 1325,item 235 features: 6 22 26 27 30 142 448 452 461 1325,
237,item_237,,item_237,,22 23 69 112 492 2027 7746,item 237 features: 22 23 69 112 492 2027 7746,
238,item_238,,item_238,,22 260 291 977 2028 2029 2030 4140,item 238 features: 22 260 291 977 2028 2029 2030 4140,
239,item_239,,item_239,,11 53 75 115 176 404 492 1238 2028 7223 7225,item 239 features: 11 53 75 115 176 404 492 1238 2028 7223 7225,
240,item_240,,item_240,,11 112 340 358 572 690 1221 1232 2975,item 240 features: 11 112 340 358 572 690 1221 1232 2975,
241,item_241,,item_241,,11 13 16 19 79 109 148 150 154 197 199 272,item 241 features: 11 13 16 19 79 109 148 150 154 197 199 272,
252,item_252,,item_252,,22 46 146 978,item 252 features: 22 46 146 978,
254,item_254,,item_254,,15 23 65 70 329 1656 2552 3561,item 254 features: 15 23 65 70 329 1656 2552 3561,
255,item_255,,item_255,,22 23 112 147 156 176 191 199 575 588 611 798 836 838 867 1176 1448 3546 3556 4906 5859 5862 5863 8146,item 255 features: 22 23 112 147 156 176 191 199 575 588 611 798 836 838 867 1176 1448 3546 3556 4906 5859 5862 5863 8146,
256,item_256,,item_256,,69 75 135 139 260 889,item 256 features: 69 75 135 139 260 889,
257,item_257,,item_257,,69 77,item 257 features: 69 77,
258,item_258,,item_258,,69 139 141 143 149 157 197 978 1165 4944 5786 6688 6691,item 258 features: 69 139 141 143 149 157 197 978 1165 4944 5786 6688 6691,
259,item_259,,item_259,,69 75 80 109 139 144 148 303 404 7129 7937,item 259 features: 69 75 80 109 139 144 148 303 404 7129 7937,
262,item_262,,item_262,,69 75 144 145 214 220 222,item 262 features: 69 75 144 145 214 220 222,
263,item_263,,item_263,,14 15 16 22 23 70 158 166 286 401 405 717 2055 3295 5862 6394 8146,item 263 features: 14 15 16 22 23 70 158 166 286 401 405 717 2055 3295 5862 6394 8146,
264,item_264,,item_264,,22 23 46 69 109 112 118 133 147 155 172 285 291 397 507 611 644 717 1046 2128 2318 3412 3415 6926 6960,item 264 features: 22 23 46 69 109 112 118 133 147 155 172 285 291 397 507 611 644 717 1046 2128 2318 3412 3415 6926 6960,
265,item_265,,item_265,,112 133 173 179 194 199 520 581 1109 1424 2032 2315 2322 2326 7988,item 265 features: 112 133 173 179 194 199 520 581 1109 1424 2032 2315 2322 2326 7988,
266,item_266,,item_266,,22 23 69 75 109 115 147 155 156 169 192 194 199 260 291 404 407 408 495 520 691 697 706 823 825 826 828 834 864 997 1046 1048 1049 1107 1272 1462 2108 2446 2991 3761 5445 5903 5904 5905 5906 5907 5908 5909 5910 5911 5915 5926 6781,item 266 features: 22 23 69 75 109 115 147 155 156 169 192 194 199 260 291 404 407 408 495 520 691 697 706 823 825 826 828 834 864 997 1046 1048 1049 1107 1272 1462 2108 2446 2991 3761 5445 5903 5904 5905 5906 5907 5908 5909 5910 5911 5915 5926 6781,
268,item_268,,item_268,,17 22 23 36 46 99 112 115 133 139 147 156 172 173 176 179 191 194 203 285 291 404 419 421 507 519 520 691 705 717 826 853 863 1046 1107 1109 1312 1313 1450 1457 1458 1459 1465 1472 1655 2106 2315 2316 2318 2319 2320 2321 2322 2323 2326 2328 2607 3058 4272 4278 4899 5543 5868 8019,item 268 features: 17 22 23 36 46 99 112 115 133 139 147 156 172 173 176 179 191 194 203 285 291 404 419 421 507 519 520 691 705 717 826 853 863 1046 1107 1109 1312 1313 1450 1457 1458 1459 1465 1472 1655 2106 2315 2316 2318 2319 2320 2321 2322 2323 2326 2328 2607 3058 4272 4278 4899 5543 5868 8019,
269,item_269,,item_269,,22 23 46 69 101 109 112 340 358 572 690 1143 1325 7615 8018,item 269 features: 22 23 46 69 101 109 112 340 358 572 690 1143 1325 7615 8018,
270,item_270,,item_270,,22 36 46 53 96 97 99 107 112 115 133 163 164 169 171 172 173 176 177 179 193 194 197 199 258 262 285 291 310 377 379 404 407 408 421 422 507 519 520 541 568 581 585 606 636 637 644 651 691 692 693 698 711 717 757 818 820 823 833 850 857 862 864 867 937 940 1003 1049 1107 1109 1137 1223 1224 1225 1238 1313 1326 1348 1424 1450 1562 1680 1681 1682 1766 1775 1802 2014 2032 2039 2106 2208 2250 2253 2254 2322 2328 2442 2444 2994 3058 3192 3531 3885 3886 3887 4076 4077 4078 4081 4122 4330 4381 4754 4994 5543 5544 5644 6611 6709 6710 6749 6750 6751 6752 6807 6858 6881 6990 7223 7226 7403 7404 7405 7406 7407 7427 7988 8015 8016 8019,item 270 features: 22 36 46 53 96 97 99 107 112 115 133 163 164 169 171 172 173 176 177 179 193 194 197 199 258 262 285 291 310 377 379 404 407 408 421 422 507 519 520 541 568 581 585 606 636 637 644 651 691 692 693 698 711 717 757 818 820 823 833 850 857 862 864 867 937 940 1003 1049 1107 1109 1137 1223 1224 1225 1238 1313 1326 1348 1424 1450 1562 1680 1681 1682 1766 1775 1802 2014 2032 2039 2106 2208 2250 2253 2254 2322 2328 2442 2444 2994 3058 3192 3531 3885 3886 3887 4076 4077 4078 4081 4122 4330 4381 4754 4994 5543 5544 5644 6611 6709 6710 6749 6750 6751 6752 6807 6858 6881 6990 7223 7226 7403 7404 7405 7406 7407 7427 7988 8015 8016 8019,
271,item_271,,item_271,,22 112 115 262 270 698 847 6321 8024,item 271 features: 22 112 115 262 270 698 847 6321 8024,
276,item_276,,item_276,,69 112 157,item 276 features: 69 112 157,
277,item_277,,item_277,,69 75 146 591 978 1149 2789 3306 5366 5367 5368 5369 5370 5371,item 277 features: 69 75 146 591 978 1149 2789 3306 5366 5367 5368 5369 5370 5371,
278,item_278,,item_278,,75 77 83 235 325 4588 4592,item 278 features: 75 77 83 235 325 4588 4592,
280,item_280,,item_280,,14 70,item 280 features: 14 70,
282,item_282,,item_282,,15 16 57 82 263,item 282 features: 15 16 57 82 263,
283,item_283,,item_283,,14 22 36 69 80 84 107 129 144 154 179 235 251 377 3143 6118,item 283 features: 14 22 36 69 80 84 107 129 144 154 179 235 251 377 3143 6118,
284,item_284,,item_284,,69 74 75 144 145 151 159 5422,item 284 features: 69 74 75 144 145 151 159 5422,
286,item_286,,item_286,,11 16 75 77 112 115 148 176 247 260 606 4373 7213 8218,item 286 features: 11 16 75 77 112 115 148 176 247 260 606 4373 7213 8218,
287,item_287,,item_287,,13 16 30 31 66 309 507 7125,item 287 features: 13 16 30 31 66 309 507 7125,
288,item_288,,item_288,,16 30 77 109 150 495 651 1161 1424 1598 4092 5137 5141 5145 6401 6423,item 288 features: 16 30 77 109 150 495 651 1161 1424 1598 4092 5137 5141 5145 6401 6423,
289,item_289,,item_289,,77 96 442 1806 4588 4590,item 289 features: 77 96 442 1806 4588 4590,
290,item_290,,item_290,,16 36 86 99 456,item 290 features: 16 36 86 99 456,
291,item_291,,item_291,,16 22 36 151 162 263 1779 1780 1781,item 291 features: 16 22 36 151 162 263 1779 1780 1781,
293,item_293,,item_293,,112 128 433 1022 3458,item 293 features: 112 128 433 1022 3458,
294,item_294,,item_294,,30 57 63 150 442 872 1604 1961,item 294 features: 30 57 63 150 442 872 1604 1961,
295,item_295,,item_295,,11 12 15 16 30 57 82 235,item 295 features: 11 12 15 16 30 57 82 235,
298,item_298,,item_298,,12 16 30 43 57 150 396 460 706 5133 8116,item 298 features: 12 16 30 43 57 150 396 460 706 5133 8116,
303,item_303,,item_303,,14 23 69 75 77 80 109 112 115 136 176 197 235 247 251 323 1424 1578 2624 3143 7897 7898 7899 7900 7916,item 303 features: 14 23 69 75 77 80 109 112 115 136 176 197 235 247 251 323 1424 1578 2624 3143 7897 7898 7899 7900 7916,
304,item_304,,item_304,,14 144 145 158 611 1658,item 304 features: 14 144 145 158 611 1658,
306,item_306,,item_306,,68 144 145 179 328 1660 1664 4202,item 306 features: 68 144 145 179 328 1660 1664 4202,
307,item_307,,item_307,,14 23 77 235 1384 6894,item 307 features: 14 23 77 235 1384 6894,
308,item_308,,item_308,,0 23 67 87 105 158 199 320 501 585 4466 7334,item 308 features: 0 23 67 87 105 158 199 320 501 585 4466 7334,
309,item_309,,item_309,,69 77 80 83 115 253,item 309 features: 69 77 80 83 115 253,
311,item_311,,item_311,,22 77 112 115 148 191 247 251 272 1143 1324 6429 7712,item 311 features: 22 77 112 115 148 191 247 251 272 1143 1324 6429 7712,
319,item_319,,item_319,,22 30 69 75 77 80 235 251 263 293 299 606 927 1603 1607 1627 1692 1694 2208 3347 4571 4594 4595 5025 7107 7213 7752 7897 7898 7938,item 319 features: 22 30 69 75 77 80 235 251 263 293 299 606 927 1603 1607 1627 1692 1694 2208 3347 4571 4594 4595 5025 7107 7213 7752 7897 7898 7938,
320,item_320,,item_320,,11 16 22 30 36 44 69 70 75 77 80 84 105 109 150 158 162 165 251 263 293 585 592 602 651 691 692 703 721 1161 1424 1656 2306 2362 2918 3132 4608 5607 5972 6282 6400 6408 6412 6417 6592 6685 6754 7213 7936,item 320 features: 11 16 22 30 36 44 69 70 75 77 80 84 105 109 150 158 162 165 251 263 293 585 592 602 651 691 692 703 721 1161 1424 1656 2306 2362 2918 3132 4608 5607 5972 6282 6400 6408 6412 6417 6592 6685 6754 7213 7936,
321,item_321,,item_321,,69 74 75 77 120 128 154 169 194 433 1154 3672 6739 7613,item 321 features: 69 74 75 77 120 128 154 169 194 433 1154 3672 6739 7613,
322,item_322,,item_322,,11 12 13 16 30 36 44 86 99 109 147 150 158 173 192 263 291 456 696 717 829 988 1109 1272 1725 1727 5446 5447,item 322 features: 11 12 13 16 30 36 44 86 99 109 147 150 158 173 192 263 291 456 696 717 829 988 1109 1272 1725 1727 5446 5447,
323,item_323,,item_323,,14 15 16 30 43 69 70 74 75 77 80 105 148 150 158 173 176 195 235 242 260 263 303 323 325 367 404 410 421 606 670 691 717 1108 1424 1809 2071 2105 2170 3298 3527 3783 3792 3797 3800 3802 4067 5445 5517 5625 6163 6164 6165 6688 6689 6695 6754 8147 8246,item 323 features: 14 15 16 30 43 69 70 74 75 77 80 105 148 150 158 173 176 195 235 242 260 263 303 323 325 367 404 410 421 606 670 691 717 1108 1424 1809 2071 2105 2170 3298 3527 3783 3792 3797 3800 3802 4067 5445 5517 5625 6163 6164 6165 6688 6689 6695 6754 8147 8246,
324,item_324,,item_324,,11 22 30 43 53 69 75 77 115 141 147 148 208 247 260 279 399 404 421 423 495 611 650 691 696 1441 1598 2055 2497 2503 2524 3355 4033 4677 4678 4821 4823 4828 5690 5874 5876 6015 6551 6557 7676 7679,item 324 features: 11 22 30 43 53 69 75 77 115 141 147 148 208 247 260 279 399 404 421 423 495 611 650 691 696 1441 1598 2055 2497 2503 2524 3355 4033 4677 4678 4821 4823 4828 5690 5874 5876 6015 6551 6557 7676 7679,
325,item_325,,item_325,,69 75 161 262 270 307 605 5617 5880 8023 8027,item 325 features: 69 75 161 262 270 307 605 5617 5880 8023 8027,
326,item_326,,item_326,,83 154 685 1786,item 326 features: 83 154 685 1786,
330,item_330,,item_330,,22 173 284 291,item 330 features: 22 173 284 291,
332,item_332,,item_332,,23 36 150 173 263 291 390 399 410,item 332 features: 23 36 150 173 263 291 390 399 410,
333,item_333,,item_333,,13 22 46 69 74 75 86 99 284 2791 6611 6612,item 333 features: 13 22 46 69 74 75 86 99 284 2791 6611 6612,
334,item_334,,item_334,,14 16 27 70 82 486,item 334 features: 14 16 27 70 82 486,
335,item_335,,item_335,,22 69 77 80 101 288 564 641 657 1424,item 335 features: 22 69 77 80 101 288 564 641 657 1424,
339,item_339,,item_339,,22 36 171 260 487 3337 3482,item 339 features: 22 36 171 260 487 3337 3482,
340,item_340,,item_340,,7 8 9 57 82 451 1109,item 340 features: 7 8 9 57 82 451 1109,
341,item_341,,item_341,,30 69 77 80 158 291 325 327 1352 1703 3347,item 341 features: 30 69 77 80 158 291 325 327 1352 1703 3347,
342,item_342,,item_342,,69 74 75 77 80 109 291 323 1424 1543 3676 4827 4838 5877 7140 7904,item 342 features: 69 74 75 77 80 109 291 323 1424 1543 3676 4827 4838 5877 7140 7904,
344,item_344,,item_344,,68 69 74 112 146 192 591 978 1149 4930 4934 5366 5367 5368 5369,item 344 features: 68 69 74 112 146 192 591 978 1149 4930 4934 5366 5367 5368 5369,
345,item_345,,item_345,,69 74 146 978 6434,item 345 features: 69 74 146 978 6434,
346,item_346,,item_346,,75 77 139 4297 4588 4944 7228 7945,item 346 features: 75 77 139 4297 4588 4944 7228 7945,
351,item_351,,item_351,,22 23 24 36 46 68 69 101 112 115 148 154 155 164 179 197 242 285 291 354 421 611 691 697 822 1046 1787 2063 2064 2105 4675 5445 6320 6634 6635 6636 6781 6783,item 351 features: 22 23 24 36 46 68 69 101 112 115 148 154 155 164 179 197 242 285 291 354 421 611 691 697 822 1046 1787 2063 2064 2105 4675 5445 6320 6634 6635 6636 6781 6783,
352,item_352,,item_352,,22 69 75 112 303 2055 3423 3424 3426,item 352 features: 22 69 75 112 303 2055 3423 3424 3426,
353,item_353,,item_353,,157 314 1165,item 353 features: 157 314 1165,
354,item_354,,item_354,,0 314 315 395 1503 1828 1830,item 354 features: 0 314 315 395 1503 1828 1830,
356,item_356,,item_356,,69 79 112 358 507 572 1221 2975,item 356 features: 69 79 112 358 507 572 1221 2975,
357,item_357,,item_357,,69 156 247 1367 1539 1581,item 357 features: 69 156 247 1367 1539 1581,
361,item_361,,item_361,,148 176 247 702 756 6643 8219,item 361 features: 148 176 247 702 756 6643 8219,
363,item_363,,item_363,,11 12 16 21 150 197 253 256 703 1140 1157 3214 3570 4825 4837 8066 8067,item 363 features: 11 12 16 21 150 197 253 256 703 1140 1157 3214 3570 4825 4837 8066 8067,
364,item_364,,item_364,,15 16 23 27 36 57 70 75 82 109 150 486,item 364 features: 15 16 23 27 36 57 70 75 82 109 150 486,
365,item_365,,item_365,,0 12 30 43 53 69 71 72 74 75 83 84 109 158 176 192 260 321 354 691 1164 3275 4065 5554 5556 5561 5839 6430,item 365 features: 0 12 30 43 53 69 71 72 74 75 83 84 109 158 176 192 260 321 354 691 1164 3275 4065 5554 5556 5561 5839 6430,
366,item_366,,item_366,,11 14 22 23 69 75 77 80 105 109 115 136 147 158 172 173 193 194 199 212 235 242 251 260 286 291 323 397 404 408 507 521 691 717 766 829 862 919 1107 1109 1139 1230 1305 1578 2055 2624 2742 2846 2847 3527 4210 4819 6028 6954 6966 7720 8018,item 366 features: 11 14 22 23 69 75 77 80 105 109 115 136 147 158 172 173 193 194 199 212 235 242 251 260 286 291 323 397 404 408 507 521 691 717 766 829 862 919 1107 1109 1139 1230 1305 1578 2055 2624 2742 2846 2847 3527 4210 4819 6028 6954 6966 7720 8018,
367,item_367,,item_367,,11 12 16 19 22 23 24 30 43 44 53 69 74 75 77 79 80 83 84 90 97 105 109 136 148 150 154 155 158 169 170 173 176 192 193 196 197 235 242 244 260 263 291 303 309 321 323 356 367 396 404 409 421 445 469 505 541 592 606 666 668 670 691 692 693 699 702 703 706 765 833 937 940 950 1044 1048 1052 1108 1215 1234 1403 1424 1498 1663 1703 1769 1799 1802 1856 1861 1894 2055 2061 2083 2153 2453 2639 2804 2806 2808 2809 2810 2817 2818 2819 2821 2835 2968 3143 3189 3300 3431 3527 3651 3676 3790 3791 3793 3794 3797 3798 3799 3802 3827 4311 4372 4373 4374 4567 4568 4677 4823 4911 4944 5320 5382 5383 5428 5617 5786 5951 5972 6192 6635 6643 6940 7038 7039 7154 7214 7217 7378 7711 7720,item 367 features: 11 12 16 19 22 23 24 30 43 44 53 69 74 75 77 79 80 83 84 90 97 105 109 136 148 150 154 155 158 169 170 173 176 192 193 196 197 235 242 244 260 263 291 303 309 321 323 356 367 396 404 409 421 445 469 505 541 592 606 666 668 670 691 692 693 699 702 703 706 765 833 937 940 950 1044 1048 1052 1108 1215 1234 1403 1424 1498 1663 1703 1769 1799 1802 1856 1861 1894 2055 2061 2083 2153 2453 2639 2804 2806 2808 2809 2810 2817 2818 2819 2821 2835 2968 3143 3189 3300 3431 3527 3651 3676 3790 3791 3793 3794 3797 3798 3799 3802 3827 4311 4372 4373 4374 4567 4568 4677 4823 4911 4944 5320 5382 5383 5428 5617 5786 5951 5972 6192 6635 6643 6940 7038 7039 7154 7214 7217 7378 7711 7720,
368,item_368,,item_368,,11 14 22 23 36 69 75 79 81 96 99 101 104 108 109 110 115 133 147 155 166 169 172 173 178 179 191 192 194 197 199 208 242 260 270 284 285 291 293 303 310 327 335 336 337 367 377 379 395 401 403 404 405 407 408 421 422 486 507 510 519 520 540 574 575 577 588 591 602 604 606 611 637 664 668 698 706 717 737 749 765 770 796 818 822 826 829 833 842 862 863 867 896 1046 1107 1176 1193 1194 1195 1196 1197 1198 1199 1200 1201 1203 1231 1325 1348 1394 1402 1448 1449 1450 1462 1600 1821 1823 1825 2023 2032 2039 2061 2302 2303 2314 2326 2327 2328 2445 2447 2450 2453 2577 2615 2764 2772 2796 2837 2846 2847 2852 2858 2999 3001 3045 3154 3176 3177 3178 3179 3180 3181 3182 3184 3185 3186 3232 3293 3310 3311 3312 3313 3546 3551 3553 3556 3760 3763 3780 3781 4390 4571 4761 5446 5543 5544 5741 5788 5859 5861 5863 5869 5876 6371 6397 6581 6583 6626 6754 6881 7016 7159 7217 7565 7620 7659 8015 8016,item 368 features: 11 14 22 23 36 69 75 79 81 96 99 101 104 108 109 110 115 133 147 155 166 169 172 173 178 179 191 192 194 197 199 208 242 260 270 284 285 291 293 303 310 327 335 336 337 367 377 379 395 401 403 404 405 407 408 421 422 486 507 510 519 520 540 574 575 577 588 591 602 604 606 611 637 664 668 698 706 717 737 749 765 770 796 818 822 826 829 833 842 862 863 867 896 1046 1107 1176 1193 1194 1195 1196 1197 1198 1199 1200 1201 1203 1231 1325 1348 1394 1402 1448 1449 1450 1462 1600 1821 1823 1825 2023 2032 2039 2061 2302 2303 2314 2326 2327 2328 2445 2447 2450 2453 2577 2615 2764 2772 2796 2837 2846 2847 2852 2858 2999 3001 3045 3154 3176 3177 3178 3179 3180 3181 3182 3184 3185 3186 3232 3293 3310 3311 3312 3313 3546 3551 3553 3556 3760 3763 3780 3781 4390 4571 4761 5446 5543 5544 5741 5788 5859 5861 5863 5869 5876 6371 6397 6581 6583 6626 6754 6881 7016 7159 7217 7565 7620 7659 8015 8016,
369,item_369,,item_369,,16 69 74 75 77 1400 3448,item 369 features: 16 69 74 75 77 1400 3448,
370,item_370,,item_370,,2 11 14 16 17 22 23 24 43 53 69 74 75 77 80 105 109 115 135 142 144 147 148 153 154 155 158 163 176 192 196 197 235 242 245 291 293 303 323 399 407 422 461 468 602 606 611 688 691 706 717 818 830 848 865 1043 1048 1108 1109 1128 1168 1272 1335 1346 1384 1394 1451 1462 1650 1769 2055 2071 2128 2153 2639 2742 2908 3045 3134 3135 3189 3494 3527 3561 3576 4373 4374 4424 4507 4673 4816 4826 5445 5446 5619 5625 5872 6190 6191 6192 6635 6692 7127 7711 7904 7968 8146,item 370 features: 2 11 14 16 17 22 23 24 43 53 69 74 75 77 80 105 109 115 135 142 144 147 148 153 154 155 158 163 176 192 196 197 235 242 245 291 293 303 323 399 407 422 461 468 602 606 611 688 691 706 717 818 830 848 865 1043 1048 1108 1109 1128 1168 1272 1335 1346 1384 1394 1451 1462 1650 1769 2055 2071 2128 2153 2639 2742 2908 3045 3134 3135 3189 3494 3527 3561 3576 4373 4374 4424 4507 4673 4816 4826 5445 5446 5619 5625 5872 6190 6191 6192 6635 6692 7127 7711 7904 7968 8146,
371,item_371,,item_371,,96 97 191 309 422 1775 2097 2584 2586 2587 2589 2590 2591 2593 2597 2600 2601 2606 2607 2608,item 371 features: 96 97 191 309 422 1775 2097 2584 2586 2587 2589 2590 2591 2593 2597 2600 2601 2606 2607 2608,
374,item_374,,item_374,,154 408 422 437 1174 5766,item 374 features: 154 408 422 437 1174 5766,
376,item_376,,item_376,,12 16 29 30 79 83 84 105 154 1164 1627 2622 4567 4568 5576 5577 5972,item 376 features: 12 16 29 30 79 83 84 105 154 1164 1627 2622 4567 4568 5576 5577 5972,
377,item_377,,item_377,,77 80,item 377 features: 77 80,
378,item_378,,item_378,,12 13 16 44 150,item 378 features: 12 13 16 44 150,
380,item_380,,item_380,,16 77 80 251 1666 1703 3898 6551,item 380 features: 16 77 80 251 1666 1703 3898 6551,
381,item_381,,item_381,,21 112 247 604 719 1543 2681 4374 5579,item 381 features: 21 112 247 604 719 1543 2681 4374 5579,
382,item_382,,item_382,,12 13 16 24 29 31 44 56 63 77 83 84 148 150 154 158 176 247 592 630 756 1161 5972,item 382 features: 12 13 16 24 29 31 44 56 63 77 83 84 148 150 154 158 176 247 592 630 756 1161 5972,
385,item_385,,item_385,,135 144 145 157 949 1165,item 385 features: 135 144 145 157 949 1165,
396,item_396,,item_396,,13 16 96 2928 7288 7702,item 396 features: 13 16 96 2928 7288 7702,
397,item_397,,item_397,,22 69 80 129 179 251 260 377 691 756,item 397 features: 22 69 80 129 179 251 260 377 691 756,
398,item_398,,item_398,,9 57 82 449 451 453 467 470,item 398 features: 9 57 82 449 451 453 467 470,
400,item_400,,item_400,,22 69 74 75 77 80 148 1400 3455 5743,item 400 features: 22 69 74 75 77 80 148 1400 3455 5743,
401,item_401,,item_401,,80 158 235 612 1093 1164 1916 2680 4590 5030 7119 7622,item 401 features: 80 158 235 612 1093 1164 1916 2680 4590 5030 7119 7622,
402,item_402,,item_402,,16 22 36 70 150 487 585 698,item 402 features: 16 22 36 70 150 487 585 698,
403,item_403,,item_403,,135 145,item 403 features: 135 145,
404,item_404,,item_404,,11 12 13 16 19 20 30 58 79 693 1363 1364 1898 5576 5577 7015 7126,item 404 features: 11 12 13 16 19 20 30 58 79 693 1363 1364 1898 5576 5577 7015 7126,
405,item_405,,item_405,,79 84 321 431 6875,item 405 features: 79 84 321 431 6875,
410,item_410,,item_410,,12 16 30 31 44 150 154 263 303 456 460 4092 4093 4426 5134,item 410 features: 12 16 30 31 44 150 154 263 303 456 460 4092 4093 4426 5134,
411,item_411,,item_411,,11 12 13 16 18 19 30 44 77 79 80 83 112 150 154 179 251 291 303 327 377 691 756 1161 4944 6688,item 411 features: 11 12 13 16 18 19 30 44 77 79 80 83 112 150 154 179 251 291 303 327 377 691 756 1161 4944 6688,
413,item_413,,item_413,,77 80 115 247 327 1665 2258,item 413 features: 77 80 115 247 327 1665 2258,
414,item_414,,item_414,,251,item 414 features: 251,
415,item_415,,item_415,,22 77 247 251 487,item 415 features: 22 77 247 251 487,
418,item_418,,item_418,,0 139 140 141 143 149 157 314 2256,item 418 features: 0 139 140 141 143 149 157 314 2256,
419,item_419,,item_419,,68 74 936,item 419 features: 68 74 936,
420,item_420,,item_420,,0 1 69 87 157 314 319 6346,item 420 features: 0 1 69 87 157 314 319 6346,
421,item_421,,item_421,,0 4 139 141 157 314 318 319 487 615 717 3613 3964 4800 5187 6519,item 421 features: 0 4 139 141 157 314 318 319 487 615 717 3613 3964 4800 5187 6519,
422,item_422,,item_422,,0 1 4 16 24 109 319 487 615 618 619 1528 3400 3964 6899,item 422 features: 0 1 4 16 24 109 319 487 615 618 619 1528 3400 3964 6899,
423,item_423,,item_423,,0 4 16 141 157 314 319 320 623 978 1503 5787 5856 6360,item 423 features: 0 4 16 141 157 314 319 320 623 978 1503 5787 5856 6360,
424,item_424,,item_424,,0 4 27 75 109 157 314 319 614 717,item 424 features: 0 4 27 75 109 157 314 319 614 717,
425,item_425,,item_425,,0 1 4 68 69 87 157 260 314 319 320 1348 1503 6142 6768 7257,item 425 features: 0 1 4 68 69 87 157 260 314 319 320 1348 1503 6142 6768 7257,
426,item_426,,item_426,,75 135 141 143 148 149 154 157 169 179 192 260 314 662 978 1165 1402 1531 2958 3159 4265 4558 4944 5040,item 426 features: 75 135 141 143 148 149 154 157 169 179 192 260 314 662 978 1165 1402 1531 2958 3159 4265 4558 4944 5040,
427,item_427,,item_427,,16 22 36 260 487 3423 3424 8240,item 427 features: 16 22 36 260 487 3423 3424 8240,
428,item_428,,item_428,,12 16 30 43 44 57 147 150 154 176 192 197 404 421 422 437 664 666 667 706 1886 1891 2151 2249 2674 2675 2676 2681 2722 4566 5577 6425 7875,item 428 features: 12 16 30 43 44 57 147 150 154 176 192 197 404 421 422 437 664 666 667 706 1886 1891 2151 2249 2674 2675 2676 2681 2722 4566 5577 6425 7875,
429,item_429,,item_429,,0 30 57 69 74 75 147 150 152 176 195 321 666 670 3691 6708,item 429 features: 0 30 57 69 74 75 147 150 152 176 195 321 666 670 3691 6708,
431,item_431,,item_431,,23 69 147 155 164 203 260 836 2807 4906,item 431 features: 23 69 147 155 164 203 260 836 2807 4906,
433,item_433,,item_433,,12 25 30 147 154 176 192 197 422 437 606 1009 1012 1157 1822 1872 2634 2674 2675 2676 2681 3287 3610 3790 3793 5080 5272 5600,item 433 features: 12 25 30 147 154 176 192 197 422 437 606 1009 1012 1157 1822 1872 2634 2674 2675 2676 2681 3287 3610 3790 3793 5080 5272 5600,
435,item_435,,item_435,,12 21 24 25 30 75 112 142 253 285 299 327 399 460 461 927 1128 1769 2821 3019 3044 3377 5050 5133 5445 5576 5577 7107 8428 8429,item 435 features: 12 21 24 25 30 75 112 142 253 285 299 327 399 460 461 927 1128 1769 2821 3019 3044 3377 5050 5133 5445 5576 5577 7107 8428 8429,
436,item_436,,item_436,,12 16 21 29 30 31 47 147 154 421 422 436 437 447 511 691 1786 2249 2622 2674 2675 2676 2742 4093 4759 5867 7875,item 436 features: 12 16 21 29 30 31 47 147 154 421 422 436 437 447 511 691 1786 2249 2622 2674 2675 2676 2742 4093 4759 5867 7875,
437,item_437,,item_437,,12 16 24 30 69 75 76 77 147 150 154 158 176 197 242 328 421 611 703 1140 1164 1663 2151 2152 2545 2723 3550 3552 4093 5331 6880 6882 6888,item 437 features: 12 16 24 30 69 75 76 77 147 150 154 158 176 197 242 328 421 611 703 1140 1164 1663 2151 2152 2545 2723 3550 3552 4093 5331 6880 6882 6888,
438,item_438,,item_438,,22 115 148 156 247 303 421 613 662 692 857 1046 1784 8195 8196 8197 8198 8202 8205,item 438 features: 22 115 148 156 247 303 421 613 662 692 857 1046 1784 8195 8196 8197 8198 8202 8205,
439,item_439,,item_439,,16 22 36 96 112 126 130 133 163 169 176 197 199 268 521 585 644 801 964,item 439 features: 16 22 36 96 112 126 130 133 163 169 176 197 199 268 521 585 644 801 964,
440,item_440,,item_440,,22 112 147 389 798 1425 7245,item 440 features: 22 112 147 389 798 1425 7245,
442,item_442,,item_442,,0 112 120 122 433 946 1424,item 442 features: 0 112 120 122 433 946 1424,
443,item_443,,item_443,,11 22 79 112 151 507 717,item 443 features: 11 22 79 112 151 507 717,
445,item_445,,item_445,,69 74 75 77 80 144 286 1143 4571 6283,item 445 features: 69 74 75 77 80 144 286 1143 4571 6283,
446,item_446,,item_446,,69 74 75 77 210 358 2559,item 446 features: 69 74 75 77 210 358 2559,
448,item_448,,item_448,,11 16 22 36 94 99 150 272 379 848 1109 1313 1465 5860 8025,item 448 features: 11 16 22 36 94 99 150 272 379 848 1109 1313 1465 5860 8025,
450,item_450,,item_450,,0 109 157 169 314 1165,item 450 features: 0 109 157 169 314 1165,
451,item_451,,item_451,,0 157 314 810 1670 1675 4841,item 451 features: 0 157 314 810 1670 1675 4841,
452,item_452,,item_452,,0 69 141 143 144 145 149 157 179 260 314 634 1165,item 452 features: 0 69 141 143 144 145 149 157 179 260 314 634 1165,
453,item_453,,item_453,,13 16 24 31 69 77 150 197 242 244 251 263 691 1140 4372 4373 4374 6290,item 453 features: 13 16 24 31 69 77 150 197 242 244 251 263 691 1140 4372 4373 4374 6290,
454,item_454,,item_454,,696 3113 3116 4844,item 454 features: 696 3113 3116 4844,
458,item_458,,item_458,,22 69 156 4692 7340,item 458 features: 22 69 156 4692 7340,
459,item_459,,item_459,,77 148 5540,item 459 features: 77 148 5540,
460,item_460,,item_460,,0 1 75 140 978,item 460 features: 0 1 75 140 978,
461,item_461,,item_461,,0 314,item 461 features: 0 314,
462,item_462,,item_462,,46 157 192 949,item 462 features: 46 157 192 949,
463,item_463,,item_463,,70 80 109 173 1136 2435 6687,item 463 features: 70 80 109 173 1136 2435 6687,
464,item_464,,item_464,,144 145 157 192 239 4109 5384,item 464 features: 144 145 157 192 239 4109 5384,
465,item_465,,item_465,,22 69 77 80 109 179 251 260 377 756 1352 1535 1536 1537 3143 7936 7969,item 465 features: 22 69 77 80 109 179 251 260 377 756 1352 1535 1536 1537 3143 7936 7969,
466,item_466,,item_466,,69 109 144 145 2175,item 466 features: 69 109 144 145 2175,
467,item_467,,item_467,,69 106 135 144 145 157 949 4107 4216 7358,item 467 features: 69 106 135 144 145 157 949 4107 4216 7358,
468,item_468,,item_468,,145,item 468 features: 145,
469,item_469,,item_469,,80 139 143 145 157 241 1510 6761 6766 7450,item 469 features: 80 139 143 145 157 241 1510 6761 6766 7450,
470,item_470,,item_470,,16 30 57 69 82 84 112 196 293 330 342 448 451 495 862 1598 1601 3519 4351,item 470 features: 16 30 57 69 82 84 112 196 293 330 342 448 451 495 862 1598 1601 3519 4351,
471,item_471,,item_471,,0 5 320 1293 1600 1601 2654 3225 4039,item 471 features: 0 5 320 1293 1600 1601 2654 3225 4039,
472,item_472,,item_472,,0 1 4 314 319 1058 8025,item 472 features: 0 1 4 314 319 1058 8025,
473,item_473,,item_473,,16 22 75 77 96 933 1772 2228 6572 6585 6586,item 473 features: 16 22 75 77 96 933 1772 2228 6572 6585 6586,
474,item_474,,item_474,,77 143 973,item 474 features: 77 143 973,
477,item_477,,item_477,,69 74 75 284 1369 2696,item 477 features: 69 74 75 284 1369 2696,
478,item_478,,item_478,,12 83 150 247 325 703 1484 2804 4372 4373,item 478 features: 12 83 150 247 325 703 1484 2804 4372 4373,
479,item_479,,item_479,,12 16 24 30 83 109 154 192 689 2804 4311 4372 4588 4592 5382 5383 7126,item 479 features: 12 16 24 30 83 109 154 192 689 2804 4311 4372 4588 4592 5382 5383 7126,
481,item_481,,item_481,,1767,item 481 features: 1767,
482,item_482,,item_482,,11 12 13 16 21 25 30 31 43 83 109 148 154 173 193 355 689 691 692 693 872 1484 2816 4374 4610 8069,item 482 features: 11 12 13 16 21 25 30 31 43 83 109 148 154 173 193 355 689 691 692 693 872 1484 2816 4374 4610 8069,
483,item_483,,item_483,,12 16 83,item 483 features: 12 16 83,
484,item_484,,item_484,,11 12 13 21 24 25 30 69 79 83 150 176 197 263 437 670 689 691 692 693 703 711 712 866 1107 1140 1505 2262 2521 2522 2523 2524 2525 2526 2527 2528 2529 2530 2531 2532 2533 2534 2535 2536 2537 2538 2539 2540 2541 2542 2543 2544 2545 8069 8070,item 484 features: 11 12 13 21 24 25 30 69 79 83 150 176 197 263 437 670 689 691 692 693 703 711 712 866 1107 1140 1505 2262 2521 2522 2523 2524 2525 2526 2527 2528 2529 2530 2531 2532 2533 2534 2535 2536 2537 2538 2539 2540 2541 2542 2543 2544 2545 8069 8070,
486,item_486,,item_486,,0 68,item 486 features: 0 68,
491,item_491,,item_491,,11 12 13 16 19 24 29 30 36 58 69 75 77 79 84 86 96 99 105 109 112 147 150 154 158 173 176 193 199 242 263 285 291 327 403 456 541 598 651 670 688 691 693 703 1143 1656 1769 1901 1907 1956 2537 2696 2937 3132 3539 3676 4265 4373 4928 5136 5562 6017 6019 6255 6256 6401 6408 6414 6689 6693 6696 7124 7696 8432,item 491 features: 11 12 13 16 19 24 29 30 36 58 69 75 77 79 84 86 96 99 105 109 112 147 150 154 158 173 176 193 199 242 263 285 291 327 403 456 541 598 651 670 688 691 693 703 1143 1656 1769 1901 1907 1956 2537 2696 2937 3132 3539 3676 4265 4373 4928 5136 5562 6017 6019 6255 6256 6401 6408 6414 6689 6693 6696 7124 7696 8432,
492,item_492,,item_492,,22 96 97 112 115 133 197 199 242 303 404 4121 4122 4376 4386 5788 6140 6616,item 492 features: 22 96 97 112 115 133 197 199 242 303 404 4121 4122 4376 4386 5788 6140 6616,
493,item_493,,item_493,,155 365 696 697 1050 3113 3118,item 493 features: 155 365 696 697 1050 3113 3118,
494,item_494,,item_494,,22 23 30 63 68 69 74 75 77 80 84 115 136 144 145 148 154 155 169 176 179 191 192 197 242 260 263 291 303 321 344 366 377 404 422 445 469 650 662 668 702 706 717 826 840 845 906 937 940 949 1041 1060 1109 1117 1236 1313 1325 1424 1509 1518 1578 1644 1837 1854 2032 2202 2212 2453 2639 2654 2728 2846 2847 2919 2996 3188 3216 3577 3753 3754 3755 3756 3757 3758 4911 5558 5617 5861 6026 6403 6636 7140 7338 7345 7348 8432,item 494 features: 22 23 30 63 68 69 74 75 77 80 84 115 136 144 145 148 154 155 169 176 179 191 192 197 242 260 263 291 303 321 344 366 377 404 422 445 469 650 662 668 702 706 717 826 840 845 906 937 940 949 1041 1060 1109 1117 1236 1313 1325 1424 1509 1518 1578 1644 1837 1854 2032 2202 2212 2453 2639 2654 2728 2846 2847 2919 2996 3188 3216 3577 3753 3754 3755 3756 3757 3758 4911 5558 5617 5861 6026 6403 6636 7140 7338 7345 7348 8432,
495,item_495,,item_495,,14 23 69 75 77 80 115 136 148 235 251 252 309 323 691 829 1091 1578 1603 2624 2820 4821 7679 7897 7898 7899,item 495 features: 14 23 69 75 77 80 115 136 148 235 251 252 309 323 691 829 1091 1578 1603 2624 2820 4821 7679 7897 7898 7899,
496,item_496,,item_496,,22 75 77 80 95 251 303 1456 4588 4591 4592 5429 6114 6119 6127 6282 6685,item 496 features: 22 75 77 80 95 251 303 1456 4588 4591 4592 5429 6114 6119 6127 6282 6685,
497,item_497,,item_497,,11 12 16 30 36 44 66 69 74 75 77 105 115 150 158 176 197 260 263 421 668 706 865 1140 1161 1365 2170 4372 4373 5972 7126,item 497 features: 11 12 16 30 36 44 66 69 74 75 77 105 115 150 158 176 197 260 263 421 668 706 865 1140 1161 1365 2170 4372 4373 5972 7126,
498,item_498,,item_498,,0 11 22 69 74 75 77 101 109 115 135 137 139 142 144 145 148 169 173 176 179 194 203 210 242 260 291 321 352 377 399 404 407 419 520 565 634 691 706 717 844 950 959 967 1048 1325 1402 1456 1462 1578 1603 2071 2313 2372 2374 2517 2637 2919 3214 3573 3783 4107 4108 5040 5747 5750 5786 5869 5877 5879 6634 6635 6636 6940 6953 7495 7711 7903 7936,item 498 features: 0 11 22 69 74 75 77 101 109 115 135 137 139 142 144 145 148 169 173 176 179 194 203 210 242 260 291 321 352 377 399 404 407 419 520 565 634 691 706 717 844 950 959 967 1048 1325 1402 1456 1462 1578 1603 2071 2313 2372 2374 2517 2637 2919 3214 3573 3783 4107 4108 5040 5747 5750 5786 5869 5877 5879 6634 6635 6636 6940 6953 7495 7711 7903 7936,
499,item_499,,item_499,,30 75 77 84 109 115 148 247 630 1962 1963 3903 6274,item 499 features: 30 75 77 84 109 115 148 247 630 1962 1963 3903 6274,
500,item_500,,item_500,,0 5 8 12 14 16 19 23 30 43 44 53 57 63 69 70 74 75 82 90 109 115 147 150 152 154 173 176 179 192 195 197 199 242 263 291 303 309 377 403 421 446 456 460 486 606 613 662 663 664 665 666 667 668 670 671 672 673 674 676 677 680 682 683 684 685 686 691 706 717 885 1143 1366 1403 1424 1449 1471 1919 1964 2055 2105 2569 2570 2571 2572 2759 3153 3289 3389 3502 3526 3577 3691 3712 4026 4029 4311 4731 5620 6432 6575 6754 6876 6886 6898 7707 7708 8253,item 500 features: 0 5 8 12 14 16 19 23 30 43 44 53 57 63 69 70 74 75 82 90 109 115 147 150 152 154 173 176 179 192 195 197 199 242 263 291 303 309 377 403 421 446 456 460 486 606 613 662 663 664 665 666 667 668 670 671 672 673 674 676 677 680 682 683 684 685 686 691 706 717 885 1143 1366 1403 1424 1449 1471 1919 1964 2055 2105 2569 2570 2571 2572 2759 3153 3289 3389 3502 3526 3577 3691 3712 4026 4029 4311 4731 5620 6432 6575 6754 6876 6886 6898 7707 7708 8253,
501,item_501,,item_501,,22 63 69 77 80 109 112 129 179 251 325 327 377 756 1238 1352 1692 1694 6529,item 501 features: 22 63 69 77 80 109 112 129 179 251 325 327 377 756 1238 1352 1692 1694 6529,
502,item_502,,item_502,,69 74 77 158 173 260 323 403 5698,item 502 features: 69 74 77 158 173 260 323 403 5698,
503,item_503,,item_503,,22 30 69 74 75 77 80 84 105 323 2888 4591 4827 5875,item 503 features: 22 30 69 74 75 77 80 84 105 323 2888 4591 4827 5875,
504,item_504,,item_504,,22 74 75 77 80 235 251 592 1109 3175,item 504 features: 22 74 75 77 80 235 251 592 1109 3175,
505,item_505,,item_505,,16 77 162 327 592 703 2927 7111,item 505 features: 16 77 162 327 592 703 2927 7111,
506,item_506,,item_506,,14 22 23 43 69 74 75 77 80 94 105 109 115 154 158 197 235 251 260 291 323 332 367 399 421 650 702 706 772 1048 1373 1383 1436 1650 2105 2283 2911 2921 3189 3527 3561 3701 3823 4825 4826 4828 5445 5506 5869 6004 6282 6559 7159 8147,item 506 features: 14 22 23 43 69 74 75 77 80 94 105 109 115 154 158 197 235 251 260 291 323 332 367 399 421 650 702 706 772 1048 1373 1383 1436 1650 2105 2283 2911 2921 3189 3527 3561 3701 3823 4825 4826 4828 5445 5506 5869 6004 6282 6559 7159 8147,
507,item_507,,item_507,,75 77 251 3027,item 507 features: 75 77 251 3027,
508,item_508,,item_508,,30 69 75 77 80 115 158 260 291 323 756 6193 7968,item 508 features: 30 69 75 77 80 115 158 260 291 323 756 6193 7968,
509,item_509,,item_509,,109 251 325 327,item 509 features: 109 251 325 327,
510,item_510,,item_510,,16 36 69 75 77 80 109 147 150 176 179 197 263 396 404 421 541 592 651 706 749 1424 1656 2007 2545 2742 3026 3456 4587 4593 5085 6397 6687 6693 6754 7112 7113 7213 7948 7949 7958 7970,item 510 features: 16 36 69 75 77 80 109 147 150 176 179 197 263 396 404 421 541 592 651 706 749 1424 1656 2007 2545 2742 3026 3456 4587 4593 5085 6397 6687 6693 6754 7112 7113 7213 7948 7949 7958 7970,
511,item_511,,item_511,,69 77 157 690 6760 6761 6762 6763 6764 6767 7711,item 511 features: 69 77 157 690 6760 6761 6762 6763 6764 6767 7711,
514,item_514,,item_514,,0 5 16 46 57 69 75 77 112 142 152 153 154 173 196 199 437 606 862 1128 2115 2821 2925 3639 4789 4802 4803 4804 7864 8312 8358 8373 8389,item 514 features: 0 5 16 46 57 69 75 77 112 142 152 153 154 173 196 199 437 606 862 1128 2115 2821 2925 3639 4789 4802 4803 4804 7864 8312 8358 8373 8389,
516,item_516,,item_516,,11 16 36 86 97 99 147 150 196 199 242 277 456 988 1045 2639 6780 7352,item 516 features: 11 16 36 86 97 99 147 150 196 199 242 277 456 988 1045 2639 6780 7352,
517,item_517,,item_517,,12 16 30 57 75 82 84 86 123 147 150 154 192 196 396 450 453 454 456 474,item 517 features: 12 16 30 57 75 82 84 86 123 147 150 154 192 196 396 450 453 454 456 474,
519,item_519,,item_519,,66 99 158 173 263 508 727 1869 1870 6429,item 519 features: 66 99 158 173 263 508 727 1869 1870 6429,
520,item_520,,item_520,,0 69 72 120 122 320 404 433 946,item 520 features: 0 69 72 120 122 320 404 433 946,
521,item_521,,item_521,,11 13 16 19 30 147 150 154 172 192 193 196 242 422 604 668 698 708 1009 1365 2674 2675 2676 2772 3044,item 521 features: 11 13 16 19 30 147 150 154 172 192 193 196 242 422 604 668 698 708 1009 1365 2674 2675 2676 2772 3044,
523,item_523,,item_523,,17 22 23 69 101 110 147 155 164 179 191 208 401 415 510 520 574 579 602 661 1203 1935 1959 2766 3045 3544 3545 3547 3557 3558 5688 5690 6634,item 523 features: 17 22 23 69 101 110 147 155 164 179 191 208 401 415 510 520 574 579 602 661 1203 1935 1959 2766 3045 3544 3545 3547 3557 3558 5688 5690 6634,
525,item_525,,item_525,,72 109 321 354 1048 1274 5162,item 525 features: 72 109 321 354 1048 1274 5162,
526,item_526,,item_526,,79 121 169 194 1324 5134 7777 7778,item 526 features: 79 121 169 194 1324 5134 7777 7778,
528,item_528,,item_528,,69 100 109 144 156 157 247 320 358 690 844 874 2559 3811 4053 4359 5130 5680 5681 5684 7094,item 528 features: 69 100 109 144 156 157 247 320 358 690 844 874 2559 3811 4053 4359 5130 5680 5681 5684 7094,
529,item_529,,item_529,,0 68 109 340 343,item 529 features: 0 68 109 340 343,
530,item_530,,item_530,,0 6 22 46 53 69 72 75 85 109 112 142 148 153 154 176 192 197 242 291 320 342 346 352 499 604 664 666 670 695 717 770 773 1058 1316 1410 1919 2071 2705 2716 2717 2718 2719 3218 3220 3566 4955 4956 4957 4958 4960 4963 4964 5168 5350 5625 5666 6730 7217 8016 8366 8434,item 530 features: 0 6 22 46 53 69 72 75 85 109 112 142 148 153 154 176 192 197 242 291 320 342 346 352 499 604 664 666 670 695 717 770 773 1058 1316 1410 1919 2071 2705 2716 2717 2718 2719 3218 3220 3566 4955 4956 4957 4958 4960 4963 4964 5168 5350 5625 5666 6730 7217 8016 8366 8434,
531,item_531,,item_531,,0 23 69 85 320 346 499 695 2099 3648 6092 8434,item 531 features: 0 23 69 85 320 346 499 695 2099 3648 6092 8434,
534,item_534,,item_534,,69 100 155 179 208 214 574 844 1050 5866,item 534 features: 69 100 155 179 208 214 574 844 1050 5866,
537,item_537,,item_537,,16 57 112 144 150 157 291 455 980 1220 2696 6875 6877 7582 7676 7677 7877 8254,item 537 features: 16 57 112 144 150 157 291 455 980 1220 2696 6875 6877 7582 7676 7677 7877 8254,
540,item_540,,item_540,,16 22 36 112 165 169 288 293 339 361 889 1048 1244 3137 3359 3749 5275 6843 7617 8176 8184,item 540 features: 16 22 36 112 165 169 288 293 339 361 889 1048 1244 3137 3359 3749 5275 6843 7617 8176 8184,
542,item_542,,item_542,,22 36 112 162 262 295 307 1305 8024 8382,item 542 features: 22 36 112 162 262 295 307 1305 8024 8382,
543,item_543,,item_543,,16 22 36 112 165 286 287 288 289 290 291 294 306 313 339 487 6313,item 543 features: 16 22 36 112 165 286 287 288 289 290 291 294 306 313 339 487 6313,
544,item_544,,item_544,,22 46 101 112 147 179 197 339 513 521 606 640 655 857 3467 5275 5742,item 544 features: 22 46 101 112 147 179 197 339 513 521 606 640 655 857 3467 5275 5742,
545,item_545,,item_545,,11 16 22 36 46 69 108 109 110 112 131 133 162 163 194 199 242 262 270 285 291 295 307 344 404 419 527 610 765 847 1109 1180 1933 2032 3216 4939 4940 4941 4942 4943 5591 8024 8382 8383 8384 8386 8387,item 545 features: 11 16 22 36 46 69 108 109 110 112 131 133 162 163 194 199 242 262 270 285 291 295 307 344 404 419 527 610 765 847 1109 1180 1933 2032 3216 4939 4940 4941 4942 4943 5591 8024 8382 8383 8384 8386 8387,
546,item_546,,item_546,,22 36 112 131 163 290 312 313 487 593,item 546 features: 22 36 112 131 163 290 312 313 487 593,
547,item_547,,item_547,,22 36 46 69 101 109 112 169 176 197 199 262 270 288 295 296 307 404 847 1005 1180 1305 2009 2250 2251 5010 5014 8024 8064,item 547 features: 22 36 46 69 101 109 112 169 176 197 199 262 270 288 295 296 307 404 847 1005 1180 1305 2009 2250 2251 5010 5014 8024 8064,
548,item_548,,item_548,,22 36 46 69 109 112 115 150 156 158 194 199 262 285 286 287 288 290 291 292 293 296 297 379 407 717 3217 3494 8173,item 548 features: 22 36 46 69 109 112 115 150 156 158 194 199 262 285 286 287 288 290 291 292 293 296 297 379 407 717 3217 3494 8173,
549,item_549,,item_549,,0 4 69 87 109 140 157 314 319 320 501 502 1410 4366,item 549 features: 0 4 69 87 109 140 157 314 319 320 501 502 1410 4366,
550,item_550,,item_550,,69 75 77 80 112 487 698 2146 5891 8023,item 550 features: 69 75 77 80 112 487 698 2146 5891 8023,
551,item_551,,item_551,,154 408 421 422 427 437 2096 4512,item 551 features: 154 408 421 422 427 437 2096 4512,
552,item_552,,item_552,,154 437 787 862,item 552 features: 154 437 787 862,
553,item_553,,item_553,,68 69 72 154 208 291 343 354 365 696 697 1042 1050 2300 2619 2637 2643 3576 5264 5614 6095 6149 6872,item 553 features: 68 69 72 154 208 291 343 354 365 696 697 1042 1050 2300 2619 2637 2643 3576 5264 5614 6095 6149 6872,
554,item_554,,item_554,,0 1 30 56 68 69 72 74 75 84 109 119 154 173 242 291 320 321 354 419 662 663 665 862 979 1044 1164 1348 1368 1403 2212 3031 3277 3506 3577 4795 4956 5383 5617 6140 7180 7181 7183 7185 7186 7281 8248,item 554 features: 0 1 30 56 68 69 72 74 75 84 109 119 154 173 242 291 320 321 354 419 662 663 665 862 979 1044 1164 1348 1368 1403 2212 3031 3277 3506 3577 4795 4956 5383 5617 6140 7180 7181 7183 7185 7186 7281 8248,
555,item_555,,item_555,,11 26 104 154 176 194 303 309 367 395 404 408 421 422 436 437 521 540 577 668 698 765 1046 1646 1799 2061 2249 2577 2615 3001 3176 3177 3182 3183 3184 3186 4695 5600 5867 7127 7636 7719,item 555 features: 11 26 104 154 176 194 303 309 367 395 404 408 421 422 436 437 521 540 577 668 698 765 1046 1646 1799 2061 2249 2577 2615 3001 3176 3177 3182 3183 3184 3186 4695 5600 5867 7127 7636 7719,
556,item_556,,item_556,,112 115 176 244 272 3573 5963 6490 6693,item 556 features: 112 115 176 244 272 3573 5963 6490 6693,
557,item_557,,item_557,,0 3 12 24 30 56 72 78 154 197 247 319 430 618 619 992 1061 3488 6899,item 557 features: 0 3 12 24 30 56 72 78 154 197 247 319 430 618 619 992 1061 3488 6899,
558,item_558,,item_558,,11 19 43 58 79 91 112 179 549 574 696 865 1203 2106 3115 3214 4001 5871 7197 7783,item 558 features: 11 19 43 58 79 91 112 179 549 574 696 865 1203 2106 3115 3214 4001 5871 7197 7783,
559,item_559,,item_559,,57 112 142 461 862,item 559 features: 57 112 142 461 862,
565,item_565,,item_565,,105 147 154 437 1009 2681 3671 3818 5501 7875,item 565 features: 105 147 154 437 1009 2681 3671 3818 5501 7875,
566,item_566,,item_566,,12 30 75 77 80 84 147 158 251 309 327 592 1112 1352 1666 1703 2055 2888 3373 5294 5667 8202,item 566 features: 12 30 75 77 80 84 147 158 251 309 327 592 1112 1352 1666 1703 2055 2888 3373 5294 5667 8202,
568,item_568,,item_568,,75 115,item 568 features: 75 115,
569,item_569,,item_569,,80 92 109 693 717 1539 4944 5647 6115 6116 6121,item 569 features: 80 92 109 693 717 1539 4944 5647 6115 6116 6121,
570,item_570,,item_570,,79 91 112 115 148 247 636 696 865 3045 7154,item 570 features: 79 91 112 115 148 247 636 696 865 3045 7154,
571,item_571,,item_571,,173 251 844 1324 6431 7007,item 571 features: 173 251 844 1324 6431 7007,
573,item_573,,item_573,,11 12 13 16 27 31 44 75 99 150 263 303 330 456 4372 4426 4427 6399 7106,item 573 features: 11 12 13 16 27 31 44 75 99 150 263 303 330 456 4372 4426 4427 6399 7106,
575,item_575,,item_575,,77 92 693 6115 6116 6121,item 575 features: 77 92 693 6115 6116 6121,
576,item_576,,item_576,,80 115 148 191 247 251 423 691 3095 3326 4025 6694,item 576 features: 80 115 148 191 247 251 423 691 3095 3326 4025 6694,
577,item_577,,item_577,,112 247 253,item 577 features: 112 247 253,
580,item_580,,item_580,,22 69 77 80 112 247 251 272 596 2056 3573,item 580 features: 22 69 77 80 112 247 251 272 596 2056 3573,
582,item_582,,item_582,,12 16 19 44 150 263 456 508 988 2369 4426,item 582 features: 12 16 19 44 150 263 456 508 988 2369 4426,
583,item_583,,item_583,,12 16 27 57 109 142 153 196 461 604 6898,item 583 features: 12 16 27 57 109 142 153 196 461 604 6898,
586,item_586,,item_586,,16 70 77 112 150 179 263 330 1135 6397 6407,item 586 features: 16 70 77 112 150 179 263 330 1135 6397 6407,
587,item_587,,item_587,,22 74 75 291 1048,item 587 features: 22 74 75 291 1048,
588,item_588,,item_588,,69 155 208 321 611,item 588 features: 69 155 208 321 611,
590,item_590,,item_590,,46 79 112 272 2243 2577 3554 6551,item 590 features: 46 79 112 272 2243 2577 3554 6551,
593,item_593,,item_593,,77 80 139 4944 6695,item 593 features: 77 80 139 4944 6695,
594,item_594,,item_594,,12 16 44 5134,item 594 features: 12 16 44 5134,
595,item_595,,item_595,,22 109 112 447 651,item 595 features: 22 109 112 447 651,
596,item_596,,item_596,,22 36 112 3786,item 596 features: 22 36 112 3786,
597,item_597,,item_597,,16 36 99 110 112 151 169 379 404 456 506 606 651 662 964 1313 1370 1719 1772 1773 1803 3406 5699 5701 6535,item 597 features: 16 36 99 110 112 151 169 379 404 456 506 606 651 662 964 1313 1370 1719 1772 1773 1803 3406 5699 5701 6535,
598,item_598,,item_598,,0 3 4 69 75 87 109 142 242 244 319 320 341 499 695 862 1325 1413 2296 2716 2717 3648 4184 5166 6953 6962 8334 8434,item 598 features: 0 3 4 69 75 87 109 142 242 244 319 320 341 499 695 862 1325 1413 2296 2716 2717 3648 4184 5166 6953 6962 8334 8434,
599,item_599,,item_599,,11 22 69 74 75 77 80 148 251 691 1048 1655 3456 7213,item 599 features: 11 22 69 74 75 77 80 148 251 691 1048 1655 3456 7213,
605,item_605,,item_605,,11 12 13 16 18 19 21 24 36 44 65 84 86 99 112 197 253 263 291 447 454 456 670 691 693 1107 1140 1786 1804 2152 2157 2158 3566 4567 4569 4570,item 605 features: 11 12 13 16 18 19 21 24 36 44 65 84 86 99 112 197 253 263 291 447 454 456 670 691 693 1107 1140 1786 1804 2152 2157 2158 3566 4567 4569 4570,
610,item_610,,item_610,,11 12 115 147 154 158 176 192 667 1157 1335 1433 2097 2681 2772 3067 4310 7875,item 610 features: 11 12 115 147 154 158 176 192 667 1157 1335 1433 2097 2681 2772 3067 4310 7875,
615,item_615,,item_615,,22 36 199 284 404 2633 5592 6612,item 615 features: 22 36 199 284 404 2633 5592 6612,
619,item_619,,item_619,,36 63 80 129 210 1963,item 619 features: 36 63 80 129 210 1963,
620,item_620,,item_620,,69 74 75 146 591 978 2789 5366 5367 5368 5369 5625 6685,item 620 features: 69 74 75 146 591 978 2789 5366 5367 5368 5369 5625 6685,
621,item_621,,item_621,,135 563,item 621 features: 135 563,
622,item_622,,item_622,,16 36 199 260 2340 3735,item 622 features: 16 36 199 260 2340 3735,
624,item_624,,item_624,,22 36 112 284 698,item 624 features: 22 36 112 284 698,
625,item_625,,item_625,,69 74 847 3029 5133 8020,item 625 features: 69 74 847 3029 5133 8020,
626,item_626,,item_626,,22 81 110 133 191 208 507 574 575 579 611 717 862 864 1049 1176 1203 1448 1959 2023 2999 3544 3545 3546 3556 3558 4674 6396 6404 6584 6692 6900,item 626 features: 22 81 110 133 191 208 507 574 575 579 611 717 862 864 1049 1176 1203 1448 1959 2023 2999 3544 3545 3546 3556 3558 4674 6396 6404 6584 6692 6900,
630,item_630,,item_630,,14 23 26 27 112 144 3862 5662 6864 6875,item 630 features: 14 23 26 27 112 144 3862 5662 6864 6875,
631,item_631,,item_631,,14 16 36 69 75 77 80 173 179 235 263 598 1161 1384 3026 4554 4555 7969 7970 7971,item 631 features: 14 16 36 69 75 77 80 173 179 235 263 598 1161 1384 3026 4554 4555 7969 7970 7971,
632,item_632,,item_632,,14 16 17 22 23 27 36 53 70 112 166 194 199 286 327 401 410 604 1051 1346 1856 1936 2459 2460 5592 5593,item 632 features: 14 16 17 22 23 27 36 53 70 112 166 194 199 286 327 401 410 604 1051 1346 1856 1936 2459 2460 5592 5593,
633,item_633,,item_633,,22 36 46 86 96 112 115 133 173 176 179 194 199 258 291 303 310 377 507 519 520 549 568 580 691 693 818 2315 2316 2320 2322 2323 2325 2326 2328 2349 4399 4400 5788,item 633 features: 22 36 46 86 96 112 115 133 173 176 179 194 199 258 291 303 310 377 507 519 520 549 568 580 691 693 818 2315 2316 2320 2322 2323 2325 2326 2328 2349 4399 4400 5788,
635,item_635,,item_635,,71 206 235 284 328,item 635 features: 71 206 235 284 328,
637,item_637,,item_637,,23 68 641 715 819 996 1787,item 637 features: 23 68 641 715 819 996 1787,
639,item_639,,item_639,,22 46 69 158 162,item 639 features: 22 46 69 158 162,
640,item_640,,item_640,,97 99 258 263 379,item 640 features: 97 99 258 263 379,
641,item_641,,item_641,,22 115 133 194 358 654 690 1109 1232 1741 2975,item 641 features: 22 115 133 194 358 654 690 1109 1232 1741 2975,
644,item_644,,item_644,,0 68 151 320,item 644 features: 0 68 151 320,
646,item_646,,item_646,,24 147 154 192 662 7875 8349,item 646 features: 24 147 154 192 662 7875 8349,
647,item_647,,item_647,,69 147 192 711 2249 2286 3287 8070,item 647 features: 69 147 192 711 2249 2286 3287 8070,
648,item_648,,item_648,,0 1 4 5 57 68 69 75 78 109 151 155 157 158 291 314 315 320 354 498 617 619 624 626 862 1600 2055 2062 2654 2696 3733 4039 5769 5770 5771 7992,item 648 features: 0 1 4 5 57 68 69 75 78 109 151 155 157 158 291 314 315 320 354 498 617 619 624 626 862 1600 2055 2062 2654 2696 3733 4039 5769 5770 5771 7992,
651,item_651,,item_651,,69 74 75 77 80 235 321 323 6754 7491,item 651 features: 69 74 75 77 80 235 321 323 6754 7491,
652,item_652,,item_652,,69 74 136 291 696 706 845 1041 5420 7182,item 652 features: 69 74 136 291 696 706 845 1041 5420 7182,
653,item_653,,item_653,,100 155 214 574 602 844 1050 3549 5866 6952,item 653 features: 100 155 214 574 602 844 1050 3549 5866 6952,
655,item_655,,item_655,,12 16 65,item 655 features: 12 16 65,
657,item_657,,item_657,,260 340 358 404 572 690 6445,item 657 features: 260 340 358 404 572 690 6445,
660,item_660,,item_660,,12 29 30 69 72 154 321 343 697 1605 6200,item 660 features: 12 29 30 69 72 154 321 343 697 1605 6200,
663,item_663,,item_663,,157 299 314 315,item 663 features: 157 299 314 315,
664,item_664,,item_664,,23 68 69 127 155 320 347 1729 3576 3964 7279,item 664 features: 23 68 69 127 155 320 347 1729 3576 3964 7279,
665,item_665,,item_665,,157 314 315 1671 1677,item 665 features: 157 314 315 1671 1677,
666,item_666,,item_666,,0 68 69 100 127 154 155 158 320 321 611 613 1802 3576 4607 4899 4961 4965 4974 6015 6018 6963 7277,item 666 features: 0 68 69 100 127 154 155 158 320 321 611 613 1802 3576 4607 4899 4961 4965 4974 6015 6018 6963 7277,
667,item_667,,item_667,,0 23 68 69 76 320 611 715 996,item 667 features: 0 23 68 69 76 320 611 715 996,
668,item_668,,item_668,,23 69 2026,item 668 features: 23 69 2026,
669,item_669,,item_669,,23 36 68 155 715 717 819 821 824 826 832 996 2654,item 669 features: 23 36 68 155 715 717 819 821 824 826 832 996 2654,
670,item_670,,item_670,,69 74 75 109 135 139 143 145 242 252 662 2071 5625,item 670 features: 69 74 75 109 135 139 143 145 242 252 662 2071 5625,
671,item_671,,item_671,,4 109 154 157 314 315 617,item 671 features: 4 109 154 157 314 315 617,
672,item_672,,item_672,,69 115 492 2026 2027,item 672 features: 69 115 492 2026 2027,
674,item_674,,item_674,,112 325 327 703 7107,item 674 features: 112 325 327 703 7107,
676,item_676,,item_676,,14 23 69 70 75 77 158 235 6875 6894,item 676 features: 14 23 69 70 75 77 158 235 6875 6894,
677,item_677,,item_677,,15 70 272 7106,item 677 features: 15 70 272 7106,
678,item_678,,item_678,,11 22 36 69 79 115 133 194 199 253 256 262 270 285 407 408 697 796 865 1046 1462 2359 2360 2361 2362 3216 3614 5428 5523 5740 5742 5749 7637,item 678 features: 11 22 36 69 79 115 133 194 199 253 256 262 270 285 407 408 697 796 865 1046 1462 2359 2360 2361 2362 3216 3614 5428 5523 5740 5742 5749 7637,
680,item_680,,item_680,,30 75 77 83 927 3019 8147,item 680 features: 30 75 77 83 927 3019 8147,
681,item_681,,item_681,,11 12 13 16 147 150 154 192 421 422 447 663 664 670 683 693 4671 5445 5951,item 681 features: 11 12 13 16 147 150 154 192 421 422 447 663 664 670 683 693 4671 5445 5951,
682,item_682,,item_682,,69 74 262 3028 4099 4190 4191 4192 4193 4194 4198 4199,item 682 features: 69 74 262 3028 4099 4190 4191 4192 4193 4194 4198 4199,
683,item_683,,item_683,,12 30 355 1484 2622 6868,item 683 features: 12 30 355 1484 2622 6868,
684,item_684,,item_684,,69 115 4401 4402 4403,item 684 features: 69 115 4401 4402 4403,
685,item_685,,item_685,,22 30 69 77 247 4595,item 685 features: 22 30 69 77 247 4595,
686,item_686,,item_686,,75 77 115 251 487 1692 1799 4677,item 686 features: 75 77 115 251 487 1692 1799 4677,
691,item_691,,item_691,,74 75 77 80 197 251 291 325 756 1603,item 691 features: 74 75 77 80 197 251 291 325 756 1603,
692,item_692,,item_692,,11 18 79 154 422 507 581 1009 1347 1424 2423 3124 3127 4642 4645 4987 4995 7013,item 692 features: 11 18 79 154 422 507 581 1009 1347 1424 2423 3124 3127 4642 4645 4987 4995 7013,
693,item_693,,item_693,,83 105 342 1161 4096,item 693 features: 83 105 342 1161 4096,
695,item_695,,item_695,,112 342 1690 1691 1693 1695 1699 1701,item 695 features: 112 342 1690 1691 1693 1695 1699 1701,
698,item_698,,item_698,,16 36 70 169 291 1656 4840,item 698 features: 16 36 70 169 291 1656 4840,
699,item_699,,item_699,,22 36 158 164 291 602 1049 1263 5583,item 699 features: 22 36 158 164 291 602 1049 1263 5583,
701,item_701,,item_701,,22 36 46 77 112 133 163 164 165 169 172 173 174 175 178 179 187 188 189 190 197 199 242 285 288 377 521 541 618 850 1018 1217 1245 2707 3331 4436 4442 4443 4444 4654 4905 5281 5544 6183 7861,item 701 features: 22 36 46 77 112 133 163 164 165 169 172 173 174 175 178 179 187 188 189 190 197 199 242 285 288 377 521 541 618 850 1018 1217 1245 2707 3331 4436 4442 4443 4444 4654 4905 5281 5544 6183 7861,
703,item_703,,item_703,,27 69 74 75 140 145 161 173 260 455 585 5653,item 703 features: 27 69 74 75 140 145 161 173 260 455 585 5653,
705,item_705,,item_705,,29 30 79 1009 1599 1627 1905,item 705 features: 29 30 79 1009 1599 1627 1905,
706,item_706,,item_706,,22 36 96 97 115 133 173 258 260 265 310 379 404 520 1110 1263 4571 5258 5748 5750 8217,item 706 features: 22 36 96 97 115 133 173 258 260 265 310 379 404 520 1110 1263 4571 5258 5748 5750 8217,
708,item_708,,item_708,,101 112 115 148 156 5743,item 708 features: 101 112 115 148 156 5743,
709,item_709,,item_709,,29 30 72 434,item 709 features: 29 30 72 434,
710,item_710,,item_710,,2 12 25 142 461 1128,item 710 features: 2 12 25 142 461 1128,
711,item_711,,item_711,,115 148 247 303 574 696 1702 2786 3116 4844 5871,item 711 features: 115 148 247 303 574 696 1702 2786 3116 4844 5871,
712,item_712,,item_712,,75 77 80 109 3143,item 712 features: 75 77 80 109 3143,
714,item_714,,item_714,,6 16 57 69 112 152 2696,item 714 features: 6 16 57 69 112 152 2696,
715,item_715,,item_715,,69 260 978 1784 4430 5366 5367 5368 8195,item 715 features: 69 260 978 1784 4430 5366 5367 5368 8195,
716,item_716,,item_716,,36 86 99 112 150 286 405 456 1045 1315 1457 5084,item 716 features: 36 86 99 112 150 286 405 456 1045 1315 1457 5084,
718,item_718,,item_718,,77 80 109 112 115 247 251 303 332 756 2097 7456 7897 7898 7937 8271,item 718 features: 77 80 109 112 115 247 251 303 332 756 2097 7456 7897 7898 7937 8271,
721,item_721,,item_721,,22 77 80 109 158 242 251 404 577 602 1324 1775 4944 6634 6635 6688 8220,item 721 features: 22 77 80 109 158 242 251 404 577 602 1324 1775 4944 6634 6635 6688 8220,
722,item_722,,item_722,,69 77 109 135 139 242 975 2071 5625 5875 7435,item 722 features: 69 77 109 135 139 242 975 2071 5625 5875 7435,
723,item_723,,item_723,,0 1 68 69 74 75 242 1052 6431,item 723 features: 0 1 68 69 74 75 242 1052 6431,
724,item_724,,item_724,,14 23 36 166 1051,item 724 features: 14 23 36 166 1051,
725,item_725,,item_725,,22 69 77 112 695 714,item 725 features: 22 69 77 112 695 714,
726,item_726,,item_726,,16 36 1051,item 726 features: 16 36 1051,
727,item_727,,item_727,,22 23 36 70 77 150 166 487 698 3235 5506,item 727 features: 22 23 36 70 77 150 166 487 698 3235 5506,
729,item_729,,item_729,,30 69 75 109 115 148 309 377 692 1581 2055 2079 3236 5096 5098 5106 8432,item 729 features: 30 69 75 109 115 148 309 377 692 1581 2055 2079 3236 5096 5098 5106 8432,
730,item_730,,item_730,,14 22 23 69 75 148 158 719 865 1047 1346 1650 2492 2494 2499 2501 2506 2507 2510 2511 5862 6701,item 730 features: 14 22 23 69 75 148 158 719 865 1047 1346 1650 2492 2494 2499 2501 2506 2507 2510 2511 5862 6701,
733,item_733,,item_733,,14 15 22 23 36 69 112 329 2105,item 733 features: 14 15 22 23 36 69 112 329 2105,
735,item_735,,item_735,,75 80 115 260 401 489,item 735 features: 75 80 115 260 401 489,
736,item_736,,item_736,,69 75 435 2900 3876,item 736 features: 69 75 435 2900 3876,
737,item_737,,item_737,,68 69 155 208 611 697,item 737 features: 68 69 155 208 611 697,
738,item_738,,item_738,,30 69 75 77 80 90 115 247 291 691 756 8271,item 738 features: 30 69 75 77 80 90 115 247 291 691 756 8271,
739,item_739,,item_739,,0 11 14 16 22 23 69 74 75 77 80 101 109 115 132 136 139 144 148 154 173 176 179 191 194 197 199 235 242 247 251 260 291 303 323 367 377 404 421 442 634 691 692 693 706 756 1046 1424 1578 1603 1688 2624 3143 3144 3215 3789 4374 4753 5312 5612 5746 5753 5786 5951 6003 6010 6688 6690 6694 6775 7012 7154 7600 7708 7897 7898 7899 7900 7901 7902 7904 7905 7906 7910 7911 7912 7938 8203 8281,item 739 features: 0 11 14 16 22 23 69 74 75 77 80 101 109 115 132 136 139 144 148 154 173 176 179 191 194 197 199 235 242 247 251 260 291 303 323 367 377 404 421 442 634 691 692 693 706 756 1046 1424 1578 1603 1688 2624 3143 3144 3215 3789 4374 4753 5312 5612 5746 5753 5786 5951 6003 6010 6688 6690 6694 6775 7012 7154 7600 7708 7897 7898 7899 7900 7901 7902 7904 7905 7906 7910 7911 7912 7938 8203 8281,
740,item_740,,item_740,,30 69 75 77 104 109 115 173 179 247 1698 3143 4040 6493,item 740 features: 30 69 75 77 104 109 115 173 179 247 1698 3143 4040 6493,
741,item_741,,item_741,,11 22 29 30 69 74 75 77 83 91 109 115 147 148 155 176 192 197 242 247 260 279 291 377 404 507 521 541 606 650 668 691 706 717 914 1143 1334 1401 1424 1581 1769 2055 3539 3676 3807 3937 4816 4817 4826 4829 5647 5786 6127 7127 7154 7409 8372 8377 8432,item 741 features: 11 22 29 30 69 74 75 77 83 91 109 115 147 148 155 176 192 197 242 247 260 279 291 377 404 507 521 541 606 650 668 691 706 717 914 1143 1334 1401 1424 1581 1769 2055 3539 3676 3807 3937 4816 4817 4826 4829 5647 5786 6127 7127 7154 7409 8372 8377 8432,
742,item_742,,item_742,,11 23 69 75 77 109 115 148 155 156 173 178 179 192 208 244 247 260 291 365 377 423 541 579 611 650 668 696 950 963 1203 1581 1651 1665 1691 1959 2055 2620 2643 3113 3124 3269 3355 3544 3545 4251 4743 4987 5868 5878 5882 6257 6883 7412 7679,item 742 features: 11 23 69 75 77 109 115 148 155 156 173 178 179 192 208 244 247 260 291 365 377 423 541 579 611 650 668 696 950 963 1203 1581 1651 1665 1691 1959 2055 2620 2643 3113 3124 3269 3355 3544 3545 4251 4743 4987 5868 5878 5882 6257 6883 7412 7679,
744,item_744,,item_744,,11 36 53 65 69 74 75 77 80 105 109 148 154 158 169 173 176 235 242 323 399 404 501 598 691 1048 2195 3143 3298 3455 3573 3823 4372 4373 4587 4594 4818 5446 6685 6688 6754 7154 7213 7897 7898 7904,item 744 features: 11 36 53 65 69 74 75 77 80 105 109 148 154 158 169 173 176 235 242 323 399 404 501 598 691 1048 2195 3143 3298 3455 3573 3823 4372 4373 4587 4594 4818 5446 6685 6688 6754 7154 7213 7897 7898 7904,
745,item_745,,item_745,,69 75 77 80 115 148 156 179 247 251 303 423 630 693 1076 1456 1539 2055 3143 3825 4677 4678 5428 5859 5860 6114 6115 6116 6124 6239 6685 6688 6694 6754 7897 7898,item 745 features: 69 75 77 80 115 148 156 179 247 251 303 423 630 693 1076 1456 1539 2055 3143 3825 4677 4678 5428 5859 5860 6114 6115 6116 6124 6239 6685 6688 6694 6754 7897 7898,
747,item_747,,item_747,,22 69 447 611 1465,item 747 features: 22 69 447 611 1465,
750,item_750,,item_750,,75 77 80 115 148 154 176 247 630 691 855 1539 1691 4742 6264,item 750 features: 75 77 80 115 148 154 176 247 630 691 855 1539 1691 4742 6264,
752,item_752,,item_752,,16 81 1129 7803,item 752 features: 16 81 1129 7803,
754,item_754,,item_754,,135 144 145,item 754 features: 135 144 145,
755,item_755,,item_755,,14 15 16 22 69 75 77 80 109 115 169 170 199 251 379 598 3783 4677 4678,item 755 features: 14 15 16 22 69 75 77 80 109 115 169 170 199 251 379 598 3783 4677 4678,
756,item_756,,item_756,,145 151,item 756 features: 145 151,
757,item_757,,item_757,,109 144 145 151 5422 6534,item 757 features: 109 144 145 151 5422 6534,
758,item_758,,item_758,,144 145 998 3685,item 758 features: 144 145 998 3685,
759,item_759,,item_759,,14 15 17 22 23 36 70 75 101 158 164 166 329 401 407 588 863 1109 1313 1653 2153 3814 4835 5506 6320,item 759 features: 14 15 17 22 23 36 70 75 101 158 164 166 329 401 407 588 863 1109 1313 1653 2153 3814 4835 5506 6320,
761,item_761,,item_761,,22 23 69 147 155 164 179 208 260 401 447 507 520 574 588 691 739 836 899 1046 1048 1109 1346 1653 1659 2055 2446 3236 3415 5865 8332 8342,item 761 features: 22 23 69 147 155 164 179 208 260 401 447 507 520 574 588 691 739 836 899 1046 1048 1109 1346 1653 1659 2055 2446 3236 3415 5865 8332 8342,
762,item_762,,item_762,,14 22 23 68 69 70 74 101 147 155 163 291 329 367 717 767 768 770 771 773 862 905 1108 1143 1305 1492 1651 2105 2153 2292 2554 3812 3933,item 762 features: 14 22 23 68 69 70 74 101 147 155 163 291 329 367 717 767 768 770 771 773 862 905 1108 1143 1305 1492 1651 2105 2153 2292 2554 3812 3933,
764,item_764,,item_764,,22 23 30 68 69 155 179 321 354 421 447 611 1048 1787 2674 2675 2676 3415 5954,item 764 features: 22 23 30 68 69 155 179 321 354 421 447 611 1048 1787 2674 2675 2676 3415 5954,
765,item_765,,item_765,,14 15 22 23 70 110 158 164 165 166 329 401 407 588 733 734 735 738 740 743 1462 1492 3415 3513 5903 5904 5906 5915 5919 5937 5946 8146,item 765 features: 14 15 22 23 70 110 158 164 165 166 329 401 407 588 733 734 735 738 740 743 1462 1492 3415 3513 5903 5904 5906 5915 5919 5937 5946 8146,
767,item_767,,item_767,,16 20 23 34 79 81 147 421 438 439 1807 1905 4566 4993 5134 6876 7127,item 767 features: 16 20 23 34 79 81 147 421 438 439 1807 1905 4566 4993 5134 6876 7127,
768,item_768,,item_768,,77 83 154 192 1164 4566 4567,item 768 features: 77 83 154 192 1164 4566 4567,
770,item_770,,item_770,,22 69 173 260 690,item 770 features: 22 69 173 260 690,
771,item_771,,item_771,,23 68 76 715 818 820 822 827 996 1302 1305,item 771 features: 23 68 76 715 818 820 822 827 996 1302 1305,
772,item_772,,item_772,,68 69 291 715 996,item 772 features: 68 69 291 715 996,
773,item_773,,item_773,,75 144 145 158 4062,item 773 features: 75 144 145 158 4062,
774,item_774,,item_774,,23 68 69 320 715,item 774 features: 23 68 69 320 715,
776,item_776,,item_776,,19 75 96 133 693,item 776 features: 19 75 96 133 693,
785,item_785,,item_785,,0 68 72 176 320 341 349 499,item 785 features: 0 68 72 176 320 341 349 499,
786,item_786,,item_786,,0 23 68 69 85 87 109 172 173 179 192 197 242 291 309 320 377 419 422 499 501 661 666 824 1158 1302 1424 1509 1512 1601 1730 1875 1919 2071 2089 2160 2287 2822 2826 3169 3293 3574 3577 4058 4059 4222 4461 4462 4468 4789 4790 4793 4911 5614 5617 5659 5666 6953 6954 7282 8040 8042 8043 8045 8048 8049 8050 8247,item 786 features: 0 23 68 69 85 87 109 172 173 179 192 197 242 291 309 320 377 419 422 499 501 661 666 824 1158 1302 1424 1509 1512 1601 1730 1875 1919 2071 2089 2160 2287 2822 2826 3169 3293 3574 3577 4058 4059 4222 4461 4462 4468 4789 4790 4793 4911 5614 5617 5659 5666 6953 6954 7282 8040 8042 8043 8045 8048 8049 8050 8247,
788,item_788,,item_788,,22 112 133 158 163 194 257 507 519 521 651 717 5826 8220 8225,item 788 features: 22 112 133 158 163 194 257 507 519 521 651 717 5826 8220 8225,
789,item_789,,item_789,,16 22 36 86 112 173 651 964 2435,item 789 features: 16 22 36 86 112 173 651 964 2435,
790,item_790,,item_790,,0 23 68 69 72 85 105 106 109 127 154 155 158 172 192 194 199 242 291 303 309 320 341 345 347 352 357 422 481 499 641 661 666 668 715 717 826 1095 1302 1348 1410 1412 1424 1510 1600 1601 1729 1730 1894 1919 1958 2019 2068 2212 2592 2846 2847 2854 2906 2939 2965 3293 3574 3576 3577 4187 4461 4462 4463 4464 4465 4467 4469 4470 4899 4956 4957 4960 4963 4966 4967 4970 5043 5614 6662 6674 6955 7286 8043 8045,item 790 features: 0 23 68 69 72 85 105 106 109 127 154 155 158 172 192 194 199 242 291 303 309 320 341 345 347 352 357 422 481 499 641 661 666 668 715 717 826 1095 1302 1348 1410 1412 1424 1510 1600 1601 1729 1730 1894 1919 1958 2019 2068 2212 2592 2846 2847 2854 2906 2939 2965 3293 3574 3576 3577 4187 4461 4462 4463 4464 4465 4467 4469 4470 4899 4956 4957 4960 4963 4966 4967 4970 5043 5614 6662 6674 6955 7286 8043 8045,
791,item_791,,item_791,,30 115 247 291 377 691 756 1539 7679,item 791 features: 30 115 247 291 377 691 756 1539 7679,
792,item_792,,item_792,,22 158 162 163 199 1263 5744 8237,item 792 features: 22 158 162 163 199 1263 5744 8237,
793,item_793,,item_793,,147 154 377 422 428 437 697 1009 1775 2674 2675 2676 2681 3610 4313 4314 4515 5867 6641 6993 7795 7798 7799 7800 7875,item 793 features: 147 154 377 422 428 437 697 1009 1775 2674 2675 2676 2681 3610 4313 4314 4515 5867 6641 6993 7795 7798 7799 7800 7875,
794,item_794,,item_794,,22 36 46 69 79 96 109 112 113 115 128 133 147 169 173 176 179 191 194 197 199 242 258 262 285 291 293 303 310 404 407 421 507 519 520 549 568 580 627 693 1049 1109 1334 1424 1794 2225 2315 2316 2317 2318 2322 2324 2327 2343 2345 2346 2348 2349 5543 5788 6469,item 794 features: 22 36 46 69 79 96 109 112 113 115 128 133 147 169 173 176 179 191 194 197 199 242 258 262 285 291 293 303 310 404 407 421 507 519 520 549 568 580 627 693 1049 1109 1334 1424 1794 2225 2315 2316 2317 2318 2322 2324 2327 2343 2345 2346 2348 2349 5543 5788 6469,
795,item_795,,item_795,,53 147 154 176 377 436 2170 2772 3918 5747 5753 7223 7229 7875,item 795 features: 53 147 154 176 377 436 2170 2772 3918 5747 5753 7223 7229 7875,
799,item_799,,item_799,,12 75 77 325 1484 3347 7753,item 799 features: 12 75 77 325 1484 3347 7753,
802,item_802,,item_802,,69 75 77 80 702 756 4588 4591,item 802 features: 69 75 77 80 702 756 4588 4591,
804,item_804,,item_804,,14 36 63 69 77 80 112 144 179 210 251 1352 8414,item 804 features: 14 36 63 69 77 80 112 144 179 210 251 1352 8414,
805,item_805,,item_805,,74 75 109 1369,item 805 features: 74 75 109 1369,
807,item_807,,item_807,,5 16 57 152 157 158 199 1601 1858,item 807 features: 5 16 57 152 157 158 199 1601 1858,
810,item_810,,item_810,,27 29 30 57 63 75 150 324 455 868 872 1601 2691 5381,item 810 features: 27 29 30 57 63 75 150 324 455 868 872 1601 2691 5381,
812,item_812,,item_812,,88 133 244 309 507 581 4377,item 812 features: 88 133 244 309 507 581 4377,
813,item_813,,item_813,,11 12 24 30 62 75 77 80 83 109 154 170 173 176 192 321 355 377 689 691 1164 1403 1703 1769 1784 2804 3169 4311 4566 4567 4569 5382 5383 5786 7126 7715,item 813 features: 11 12 24 30 62 75 77 80 83 109 154 170 173 176 192 321 355 377 689 691 1164 1403 1703 1769 1784 2804 3169 4311 4566 4567 4569 5382 5383 5786 7126 7715,
818,item_818,,item_818,,22 252 262 270 5018 5019 5132,item 818 features: 22 252 262 270 5018 5019 5132,
819,item_819,,item_819,,71 77 84 105 115 155 158 208 344 611 668 6017 6019 7412 7413,item 819 features: 71 77 84 105 115 155 158 208 344 611 668 6017 6019 7412 7413,
821,item_821,,item_821,,0 4 12 154 319 618 619 2396 3031 3032 6899 7657 7729 7731 7735 7738 7740,item 821 features: 0 4 12 154 319 618 619 2396 3031 3032 6899 7657 7729 7731 7735 7738 7740,
822,item_822,,item_822,,74 75 77 109 112 115 144 173 179 285 421 717 862 1348 1698,item 822 features: 74 75 77 109 112 115 144 173 179 285 421 717 862 1348 1698,
823,item_823,,item_823,,22 112 156 173 176 179 260 404 562 706 757 861 863 1044 1046 1226 1228 1396 2227 2323 2615 3102 3227 4458 4692 5132 8220,item 823 features: 22 112 156 173 176 179 260 404 562 706 757 861 863 1044 1046 1226 1228 1396 2227 2323 2615 3102 3227 4458 4692 5132 8220,
824,item_824,,item_824,,0 72 85 321 349 354 1274 5162 6432,item 824 features: 0 72 85 321 349 354 1274 5162 6432,
825,item_825,,item_825,,22 36 96 97 109 133 176 197 199 242 258 260 507 606 2453 2615 3496 8110,item 825 features: 22 36 96 97 109 133 176 197 199 242 258 260 507 606 2453 2615 3496 8110,
826,item_826,,item_826,,36 96 262 601 5741 5748,item 826 features: 36 96 262 601 5741 5748,
827,item_827,,item_827,,0 6 12 43 46 69 85 101 109 112 142 169 171 176 194 195 346 437 604 606 695 1048 1058 1969 1970 1971 1972 2389 2716 2846 2847 2848 3220 3267 3571 6881 7929 8019 8285,item 827 features: 0 6 12 43 46 69 85 101 109 112 142 169 171 176 194 195 346 437 604 606 695 1048 1058 1969 1970 1971 1972 2389 2716 2846 2847 2848 3220 3267 3571 6881 7929 8019 8285,
828,item_828,,item_828,,16 22 36 110 112 171 1109 1121 4121 4122 8217,item 828 features: 16 22 36 110 112 171 1109 1121 4121 4122 8217,
829,item_829,,item_829,,11 22 69 74 75 77 81 98 179 291 309 404 408 691 693 1052 1334 1391 2055 2699 2701 2804 3756 5326 5617 5666 5840 6272 6273 6483 6754 6781,item 829 features: 11 22 69 74 75 77 81 98 179 291 309 404 408 691 693 1052 1334 1391 2055 2699 2701 2804 3756 5326 5617 5666 5840 6272 6273 6483 6754 6781,
830,item_830,,item_830,,0 1 30 68 69 74 75 81 106 109 179 235 242 260 291 309 408 717 862 2134 2697 2699 3756 5092 5093 5101 5110 5614 6090 6504 7993,item 830 features: 0 1 30 68 69 74 75 81 106 109 179 235 242 260 291 309 408 717 862 2134 2697 2699 3756 5092 5093 5101 5110 5614 6090 6504 7993,
831,item_831,,item_831,,0 1 43 53 57 68 69 72 74 75 83 147 176 291 321 354 481 662 717 862 1348 2811 4795 5617 6652 6942 6946 7285,item 831 features: 0 1 43 53 57 68 69 72 74 75 83 147 176 291 321 354 481 662 717 862 1348 2811 4795 5617 6652 6942 6946 7285,
832,item_832,,item_832,,16 30 36 44 75 77 107 150 154 197 263 293 693 1627,item 832 features: 16 30 36 44 75 77 107 150 154 197 263 293 693 1627,
833,item_833,,item_833,,22 36 96 97 133 173 199 258 379 404 419 1263 2376 3915 4121 4122 5741 5742 5744 5748,item 833 features: 22 36 96 97 133 173 199 258 379 404 419 1263 2376 3915 4121 4122 5741 5742 5744 5748,
835,item_835,,item_835,,68 69 76 155 839 3550 3552,item 835 features: 68 69 76 155 839 3550 3552,
837,item_837,,item_837,,96 97 147 2601 2607 7822,item 837 features: 96 97 147 2601 2607 7822,
841,item_841,,item_841,,69 75 77 80 109 5021 5666,item 841 features: 69 75 77 80 109 5021 5666,
843,item_843,,item_843,,22 260 421 522 696 4435,item 843 features: 22 260 421 522 696 4435,
844,item_844,,item_844,,16 22 263 330 1370 4408,item 844 features: 16 22 263 330 1370 4408,
845,item_845,,item_845,,11 16 43 77 115 148 247 260 691 692 693 717 862 8195 8197 8199 8217,item 845 features: 11 16 43 77 115 148 247 260 691 692 693 717 862 8195 8197 8199 8217,
846,item_846,,item_846,,16 29 30 154 206 208 209 229 236 283 284 862 1050 1603 6400 6411 6414,item 846 features: 16 29 30 154 206 208 209 229 236 283 284 862 1050 1603 6400 6411 6414,
847,item_847,,item_847,,0 4 72 87 319 321 354 618 619 1405 4118 6899,item 847 features: 0 4 72 87 319 321 354 618 619 1405 4118 6899,
848,item_848,,item_848,,69 147 154 155 208 229 510 574 575 579 611 697 717 862 864 1049 1050 1176 1424 1448 1959 3175 3544 3545 3546 3556 3558 5604 7818,item 848 features: 69 147 154 155 208 229 510 574 575 579 611 697 717 862 864 1049 1050 1176 1424 1448 1959 3175 3544 3545 3546 3556 3558 5604 7818,
849,item_849,,item_849,,69 154 155 321 354 611 1164 1787 2383 6090,item 849 features: 69 154 155 321 354 611 1164 1787 2383 6090,
850,item_850,,item_850,,154 197 321 354 611 1098 3550 3552,item 850 features: 154 197 321 354 611 1098 3550 3552,
851,item_851,,item_851,,115 155 247 423 611 863 2083,item 851 features: 115 155 247 423 611 863 2083,
852,item_852,,item_852,,68 320 499,item 852 features: 68 320 499,
858,item_858,,item_858,,69 75 135 139 141 143 144 145 148 242 303 634 2071 4121 4122 4295 4296 5625 6685 6690 7340 7559 8379,item 858 features: 69 75 135 139 141 143 144 145 148 242 303 634 2071 4121 4122 4295 4296 5625 6685 6690 7340 7559 8379,
861,item_861,,item_861,,24 25 30 69 74 75 77 80 83 94 109 131 169 173 176 192 197 242 247 251 260 495 606 630 717 756 885 950 1161 1164 2052 2249 2394 2524 3143 3573 4067 4111 4344 4372 4373 5427 5571 5951 6010 6268 6598 6685 6754 6940 7213 7825 7831 7834 7838 7839 7840 7841 7897 7898 7915 7961,item 861 features: 24 25 30 69 74 75 77 80 83 94 109 131 169 173 176 192 197 242 247 251 260 495 606 630 717 756 885 950 1161 1164 2052 2249 2394 2524 3143 3573 4067 4111 4344 4372 4373 5427 5571 5951 6010 6268 6598 6685 6754 6940 7213 7825 7831 7834 7838 7839 7840 7841 7897 7898 7915 7961,
862,item_862,,item_862,,0 1 30 53 68 69 74 75 140 147 173 176 179 193 194 242 303 309 320 321 377 404 494 540 614 950 1031 1601 1603 1646 1834 2637 2654 4787 4789 5136 5433 5617 6691 6761 6951 6965 7124 7283 7573 8023 8212,item 862 features: 0 1 30 53 68 69 74 75 140 147 173 176 179 193 194 242 303 309 320 321 377 404 494 540 614 950 1031 1601 1603 1646 1834 2637 2654 4787 4789 5136 5433 5617 6691 6761 6951 6965 7124 7283 7573 8023 8212,
863,item_863,,item_863,,11 14 69 75 77 80 91 109 115 139 148 154 176 247 251 260 279 291 303 321 377 404 630 691 693 706 756 855 1091 3143 4602 4677 4954 5786 6202 6433 6765 7154 7488 7714 7897 7898 8088 8219,item 863 features: 11 14 69 75 77 80 91 109 115 139 148 154 176 247 251 260 279 291 303 321 377 404 630 691 693 706 756 855 1091 3143 4602 4677 4954 5786 6202 6433 6765 7154 7488 7714 7897 7898 8088 8219,
865,item_865,,item_865,,23 29 30 69 74 75 79 84 91 115 148 154 173 179 194 247 260 291 309 365 377 399 507 585 611 650 696 717 850 865 952 953 955 956 963 970 1009 1042 1441 1581 1600 1603 1644 2055 3169 3338 3902 4677 5264 5869 5872 5879 6149 6693 7170 7679,item 865 features: 23 29 30 69 74 75 79 84 91 115 148 154 173 179 194 247 260 291 309 365 377 399 507 585 611 650 696 717 850 865 952 953 955 956 963 970 1009 1042 1441 1581 1600 1603 1644 2055 3169 3338 3902 4677 5264 5869 5872 5879 6149 6693 7170 7679,
866,item_866,,item_866,,11 30 69 75 77 80 109 115 131 148 154 173 244 247 260 396 606 630 691 692 703 756 1048 1140 1324 1627 1775 1819 1962 1963 4639 4643 4646,item 866 features: 11 30 69 75 77 80 109 115 131 148 154 173 244 247 260 396 606 630 691 692 703 756 1048 1140 1324 1627 1775 1819 1962 1963 4639 4643 4646,
867,item_867,,item_867,,11 22 69 74 75 77 80 101 147 148 154 173 176 179 191 194 195 197 243 244 260 272 323 382 404 408 409 421 437 541 598 606 634 670 691 700 709 771 1048 1107 1325 1424 1433 1775 2056 2317 2453 2615 3236 3270 3783 3790 3791 3792 3793 3794 3795 3796 3798 5747 5748 5755 6209 6635 6638 6643 6689 8217 8218 8230,item 867 features: 11 22 69 74 75 77 80 101 147 148 154 173 176 179 191 194 195 197 243 244 260 272 323 382 404 408 409 421 437 541 598 606 634 670 691 700 709 771 1048 1107 1325 1424 1433 1775 2056 2317 2453 2615 3236 3270 3783 3790 3791 3792 3793 3794 3795 3796 3798 5747 5748 5755 6209 6635 6638 6643 6689 8217 8218 8230,
868,item_868,,item_868,,11 16 22 24 25 30 36 43 53 68 69 70 74 75 77 79 80 84 91 94 101 105 109 115 145 148 150 154 158 169 170 173 176 192 193 194 195 197 199 242 244 260 291 303 309 321 322 323 343 345 354 367 396 399 404 421 445 541 602 606 662 663 664 666 667 668 670 672 673 675 683 691 693 698 700 703 706 708 709 717 861 862 885 950 1044 1107 1140 1163 1164 1247 1261 1424 1493 1495 1548 1570 1703 1799 2061 2083 2153 2170 2582 2696 2772 2804 2805 2806 2809 2817 2818 3065 3132 3143 3189 3301 3542 3573 3911 4314 4660 4907 4944 5130 5178 5182 5184 5186 5189 5191 5194 5221 5223 5293 5614 5694 5741 5747 5754 6010 6090 6093 6094 6131 6191 6568 6634 6635 6636 6646 6685 7103 7126 7213 7214 7216 7356 8023 8089,item 868 features: 11 16 22 24 25 30 36 43 53 68 69 70 74 75 77 79 80 84 91 94 101 105 109 115 145 148 150 154 158 169 170 173 176 192 193 194 195 197 199 242 244 260 291 303 309 321 322 323 343 345 354 367 396 399 404 421 445 541 602 606 662 663 664 666 667 668 670 672 673 675 683 691 693 698 700 703 706 708 709 717 861 862 885 950 1044 1107 1140 1163 1164 1247 1261 1424 1493 1495 1548 1570 1703 1799 2061 2083 2153 2170 2582 2696 2772 2804 2805 2806 2809 2817 2818 3065 3132 3143 3189 3301 3542 3573 3911 4314 4660 4907 4944 5130 5178 5182 5184 5186 5189 5191 5194 5221 5223 5293 5614 5694 5741 5747 5754 6010 6090 6093 6094 6131 6191 6568 6634 6635 6636 6646 6685 7103 7126 7213 7214 7216 7356 8023 8089,
869,item_869,,item_869,,14 15 16 22 23 24 36 69 70 74 75 101 105 147 155 158 260 279 291 329 354 401 404 421 588 691 766 767 771 1048 1383 1650 2105 2554 3415 3576 3792 4424 4825 4829 4887 5914 5916 5921 5933 8146,item 869 features: 14 15 16 22 23 24 36 69 70 74 75 101 105 147 155 158 260 279 291 329 354 401 404 421 588 691 766 767 771 1048 1383 1650 2105 2554 3415 3576 3792 4424 4825 4829 4887 5914 5916 5921 5933 8146,
870,item_870,,item_870,,22 23 36 69 76 101 105 115 139 147 155 158 172 173 176 192 194 208 260 291 404 407 421 588 591 611 666 691 696 709 717 864 867 954 963 1046 1048 1049 1098 1462 1651 1659 2055 3216 3291 3967 4899 4955 4958 4959 4964 4966 5865 5868 6951 6952 6953,item 870 features: 22 23 36 69 76 101 105 115 139 147 155 158 172 173 176 192 194 208 260 291 404 407 421 588 591 611 666 691 696 709 717 864 867 954 963 1046 1048 1049 1098 1462 1651 1659 2055 3216 3291 3967 4899 4955 4958 4959 4964 4966 5865 5868 6951 6952 6953,
872,item_872,,item_872,,0 72 314 319,item 872 features: 0 72 314 319,
873,item_873,,item_873,,69 75 77 112 135 314 625 846 1813,item 873 features: 69 75 77 112 135 314 625 846 1813,
874,item_874,,item_874,,69 77 358 1824,item 874 features: 69 77 358 1824,
875,item_875,,item_875,,74 75 139 141 143,item 875 features: 74 75 139 141 143,
876,item_876,,item_876,,53 75 142 153 321 404 5329,item 876 features: 53 75 142 153 321 404 5329,
877,item_877,,item_877,,112 115 148 247 3759 7783,item 877 features: 112 115 148 247 3759 7783,
880,item_880,,item_880,,87 154 320 343 501 697 764 1919 2822 8004,item 880 features: 87 154 320 343 501 697 764 1919 2822 8004,
882,item_882,,item_882,,157 314,item 882 features: 157 314,
883,item_883,,item_883,,63 69 77 80 112 129 144 158 210 235 309 598 3622 3637 6691 8227,item 883 features: 63 69 77 80 112 129 144 158 210 235 309 598 3622 3637 6691 8227,
885,item_885,,item_885,,23 265 291 5504,item 885 features: 23 265 291 5504,
889,item_889,,item_889,,22 36 125 173 191 199 253 260 291 1325 1462 2618 3735 4479 4481 4490 4495 4501,item 889 features: 22 36 125 173 191 199 253 260 291 1325 1462 2618 3735 4479 4481 4490 4495 4501,
890,item_890,,item_890,,22 75 112 191 253 272 2217 2243,item 890 features: 22 75 112 191 253 272 2217 2243,
895,item_895,,item_895,,14 23 69 75 77 158 173 235 1128 2927,item 895 features: 14 23 69 75 77 158 173 235 1128 2927,
896,item_896,,item_896,,144 145 158,item 896 features: 144 145 158,
897,item_897,,item_897,,23 53 69 74 75 77 80 105 109 158 197 242 291 323 404 422 592 717 768 773 1424 1515 2105 3812 4065 4374 4462 5293 5503 5664 5875 7140 7676,item 897 features: 23 53 69 74 75 77 80 105 109 158 197 242 291 323 404 422 592 717 768 773 1424 1515 2105 3812 4065 4374 4462 5293 5503 5664 5875 7140 7676,
898,item_898,,item_898,,109 145 214 220 221 222 223,item 898 features: 109 145 214 220 221 222 223,
899,item_899,,item_899,,69 71 77 84 100 115 155 179 208 210 211 247 260 423 611 697 717 1581 1665 5688 5689 5690 5692 8147,item 899 features: 69 71 77 84 100 115 155 179 208 210 211 247 260 423 611 697 717 1581 1665 5688 5689 5690 5692 8147,
900,item_900,,item_900,,69 74 75 77 115 194 260 421 6431 6689 7154,item 900 features: 69 74 75 77 115 194 260 421 6431 6689 7154,
901,item_901,,item_901,,14 23 24 30 69 74 75 77 80 105 109 112 115 136 148 158 173 176 193 235 242 251 285 291 303 321 323 396 421 541 668 716 717 756 1424 1578 1603 2624 2803 3236 3825 4372 4373 4677 4679 5230 6008 6191 6430 7126 7617 8271,item 901 features: 14 23 24 30 69 74 75 77 80 105 109 112 115 136 148 158 173 176 193 235 242 251 285 291 303 321 323 396 421 541 668 716 717 756 1424 1578 1603 2624 2803 3236 3825 4372 4373 4677 4679 5230 6008 6191 6430 7126 7617 8271,
902,item_902,,item_902,,23 69 74 75 77 80 109 136 144 192 210 235 291 293 377 650 862 870 1650 2941 3019 3068 3143 3144 3376 3561 3576 4827 4927 5617 5877 7936 7937 8432,item 902 features: 23 69 74 75 77 80 109 136 144 192 210 235 291 293 377 650 862 870 1650 2941 3019 3068 3143 3144 3376 3561 3576 4827 4927 5617 5877 7936 7937 8432,
904,item_904,,item_904,,3 6 78 109 142 153 154 196 242 419 592 662 1131 1133 5577 6552,item 904 features: 3 6 78 109 142 153 154 196 242 419 592 662 1131 1133 5577 6552,
905,item_905,,item_905,,314 1676 3156 4789,item 905 features: 314 1676 3156 4789,
908,item_908,,item_908,,314,item 908 features: 314,
910,item_910,,item_910,,158 251 327 1692 1694,item 910 features: 158 251 327 1692 1694,
911,item_911,,item_911,,22 133 191 507 1140 8224,item 911 features: 22 133 191 507 1140 8224,
912,item_912,,item_912,,69 75 265 358 572 690 2356 2559 6335 6445 6691,item 912 features: 69 75 265 358 572 690 2356 2559 6335 6445 6691,
913,item_913,,item_913,,16 29 30 70 235 6401,item 913 features: 16 29 30 70 235 6401,
916,item_916,,item_916,,68 84 155 5905,item 916 features: 68 84 155 5905,
917,item_917,,item_917,,14 22 23 24 36 69 70 110 112 147 155 158 194 242 291 408 611 717 834 852 1051 1203 2105 5742,item 917 features: 14 22 23 24 36 69 70 110 112 147 155 158 194 242 291 408 611 717 834 852 1051 1203 2105 5742,
918,item_918,,item_918,,22 68 69 155 158 291 510 574 575 602 611 651 668 717 862 1098 1176 1448 1450 2764 2766 3293 3546 3550 3551 3552 3553 3557,item 918 features: 22 68 69 155 158 291 510 574 575 602 611 651 668 717 862 1098 1176 1448 1450 2764 2766 3293 3546 3550 3551 3552 3553 3557,
921,item_921,,item_921,,69 145 5740 5744 5756 6699,item 921 features: 69 145 5740 5744 5756 6699,
925,item_925,,item_925,,83 141 143 157 625 689 1672 1961 4232,item 925 features: 83 141 143 157 625 689 1672 1961 4232,
926,item_926,,item_926,,68 69 74 136 291 613 715 820 996 1041 7180,item 926 features: 68 69 74 136 291 613 715 820 996 1041 7180,
927,item_927,,item_927,,68 291 715 826 996,item 927 features: 68 291 715 826 996,
930,item_930,,item_930,,16 27 57 70 82 486,item 930 features: 16 27 57 70 82 486,
931,item_931,,item_931,,27 36 86 277 493 1045 8025,item 931 features: 27 36 86 277 493 1045 8025,
932,item_932,,item_932,,11 12 16 36 86 150 158 277 453 1045 1424,item 932 features: 11 12 16 36 86 150 158 277 453 1045 1424,
934,item_934,,item_934,,16 22 27 57 70 82 142 448 452 461 486 717 862 1130 6626 6881 8016,item 934 features: 16 22 27 57 70 82 142 448 452 461 486 717 862 1130 6626 6881 8016,
935,item_935,,item_935,,15 16 27 57 70 82 86 150 486,item 935 features: 15 16 27 57 70 82 86 150 486,
936,item_936,,item_936,,16 82 486 488,item 936 features: 16 82 486 488,
937,item_937,,item_937,,16 57 70 82 179 303 486 488 1656 2055,item 937 features: 16 57 70 82 179 303 486 488 1656 2055,
939,item_939,,item_939,,22 36 46 53 69 74 75 77 80 101 109 112 135 139 141 144 145 147 148 157 163 169 170 172 173 176 179 192 193 197 203 235 242 247 285 293 303 309 342 377 399 404 408 409 419 563 585 598 602 606 613 625 634 698 706 717 765 862 915 964 965 975 978 1071 1234 1235 1240 1244 1250 1251 1256 1261 1316 1324 1327 1348 1393 1402 1424 1456 1493 1578 1647 1771 1775 1778 1837 2052 2055 2071 2097 2105 2170 2214 2215 2216 2293 2453 2835 3159 3189 3785 3919 4911 4958 5040 5221 5625 5701 5708 5741 5742 5745 5746 5747 5752 5755 6010 6217 6378 6474 6513 6515 6691 7011 7988 8023 8195,item 939 features: 22 36 46 53 69 74 75 77 80 101 109 112 135 139 141 144 145 147 148 157 163 169 170 172 173 176 179 192 193 197 203 235 242 247 285 293 303 309 342 377 399 404 408 409 419 563 585 598 602 606 613 625 634 698 706 717 765 862 915 964 965 975 978 1071 1234 1235 1240 1244 1250 1251 1256 1261 1316 1324 1327 1348 1393 1402 1424 1456 1493 1578 1647 1771 1775 1778 1837 2052 2055 2071 2097 2105 2170 2214 2215 2216 2293 2453 2835 3159 3189 3785 3919 4911 4958 5040 5221 5625 5701 5708 5741 5742 5745 5746 5747 5752 5755 6010 6217 6378 6474 6513 6515 6691 7011 7988 8023 8195,
940,item_940,,item_940,,0 1 46 53 68 69 74 75 80 112 115 140 146 148 176 179 242 303 404 1052 5221 5223 5227 5856 7305 7306 7988 8198,item 940 features: 0 1 46 53 68 69 74 75 80 112 115 140 146 148 176 179 242 303 404 1052 5221 5223 5227 5856 7305 7306 7988 8198,
941,item_941,,item_941,,69 75 139 141 143 157 197 4944 6688 6694,item 941 features: 69 75 139 141 143 157 197 4944 6688 6694,
942,item_942,,item_942,,74 75 146,item 942 features: 74 75 146,
943,item_943,,item_943,,0 68 69 74 75 140 173 176 179 242 309 1052,item 943 features: 0 68 69 74 75 140 173 176 179 242 309 1052,
944,item_944,,item_944,,0 1 68 69 74 75 109 139 140 161 169 173 242 408 440 614 1275 2589 3577 8023,item 944 features: 0 1 68 69 74 75 109 139 140 161 169 173 242 408 440 614 1275 2589 3577 8023,
945,item_945,,item_945,,0 1 53 68 69 74 75 119 136 148 173 176 194 242 260 706 1052 2055 4121 4122 6678,item 945 features: 0 1 53 68 69 74 75 119 136 148 173 176 194 242 260 706 1052 2055 4121 4122 6678,
946,item_946,,item_946,,69 75 96 97 173 179 258 260 421 1961 2191 2314 3299 6358,item 946 features: 69 75 96 97 173 179 258 260 421 1961 2191 2314 3299 6358,
947,item_947,,item_947,,69 74 75 109 139 141 143 149 179 367 625 662 2071 5875 6346 6688 7435,item 947 features: 69 74 75 109 139 141 143 149 179 367 625 662 2071 5875 6346 6688 7435,
948,item_948,,item_948,,0 68 69 74 75 109 118 119 139 154 158 164 173 242 260 634 662 1456 2071 4944 5625 5875 6688 6985 7435,item 948 features: 0 68 69 74 75 109 118 119 139 154 158 164 173 242 260 634 662 1456 2071 4944 5625 5875 6688 6985 7435,
951,item_951,,item_951,,74 75 101 115 148 247 340 358 409 572 690 1221 1578 6445,item 951 features: 74 75 101 115 148 247 340 358 409 572 690 1221 1578 6445,
954,item_954,,item_954,,23 27 67 70 235 263 404 2225 3728 3729 4037 5203 5585 5592 5597 5600 7726,item 954 features: 23 27 67 70 235 263 404 2225 3728 3729 4037 5203 5585 5592 5597 5600 7726,
955,item_955,,item_955,,69 75 146 978 1149 2789 3306 5132 5366 5367 5368 5369 5370,item 955 features: 69 75 146 978 1149 2789 3306 5132 5366 5367 5368 5369 5370,
956,item_956,,item_956,,80 158 7089,item 956 features: 80 158 7089,
957,item_957,,item_957,,81 133 260 507 696 717 4573,item 957 features: 81 133 260 507 696 717 4573,
959,item_959,,item_959,,22 69 155 158 611 5501,item 959 features: 22 69 155 158 611 5501,
960,item_960,,item_960,,23 69 155 510 575 611 1048 1176 1448 3546 3556,item 960 features: 23 69 155 510 575 611 1048 1176 1448 3546 3556,
962,item_962,,item_962,,22 69 101 148 242 352 1324 2453 3159 5040 5041 5045,item 962 features: 22 69 101 148 242 352 1324 2453 3159 5040 5041 5045,
963,item_963,,item_963,,14 22 23 36 69 70 94 112 179 285 291 401 447 698 818 822 826 865 2055 2495 2498 4278 5789 6320 6951,item 963 features: 14 22 23 36 69 70 94 112 179 285 291 401 447 698 818 822 826 865 2055 2495 2498 4278 5789 6320 6951,
964,item_964,,item_964,,96 97 133 147 199 258 260 291 408 507 519 4396,item 964 features: 96 97 133 147 199 258 260 291 408 507 519 4396,
966,item_966,,item_966,,23 69 75 105 112 144 147 235 247 303 423 864 1049 1383 1543 1650 2991,item 966 features: 23 69 75 105 112 144 147 235 247 303 423 864 1049 1383 1543 1650 2991,
971,item_971,,item_971,,251 1161 1484 4372,item 971 features: 251 1161 1484 4372,
972,item_972,,item_972,,11 36 86 291 491 818 1424 3407 7782,item 972 features: 11 36 86 291 491 818 1424 3407 7782,
974,item_974,,item_974,,11 12 13 16 30 31 44 75 83 150 154 193 263 355 447 693 927 1484 1703 1786 2804 2805 3347,item 974 features: 11 12 13 16 30 31 44 75 83 150 154 193 263 355 447 693 927 1484 1703 1786 2804 2805 3347,
975,item_975,,item_975,,75 101 6434 6636 7600,item 975 features: 75 101 6434 6636 7600,
976,item_976,,item_976,,36 96 97 133 147 179 258 291 520 1345 8023,item 976 features: 36 96 97 133 147 179 258 291 520 1345 8023,
977,item_977,,item_977,,74 77 717 5859 5860,item 977 features: 74 77 717 5859 5860,
979,item_979,,item_979,,16 30 77 143 150 157 176 355 7271,item 979 features: 16 30 77 143 150 157 176 355 7271,
980,item_980,,item_980,,0 72 157 176 197 314 319 354 541 706 717 810 813 1274 1324 1348 1991 2212 4140 4873 5095 6140 6430 8008 8009,item 980 features: 0 72 157 176 197 314 319 354 541 706 717 810 813 1274 1324 1348 1991 2212 4140 4873 5095 6140 6430 8008 8009,
981,item_981,,item_981,,30 72 143 314 354 495 810 1479 6698,item 981 features: 30 72 143 314 354 495 810 1479 6698,
983,item_983,,item_983,,30 69 72 77 141 143 157 321 354 810 813,item 983 features: 30 69 72 77 141 143 157 321 354 810 813,
984,item_984,,item_984,,75 77 80 83 325 813 4697 7704,item 984 features: 75 77 80 83 325 813 4697 7704,
985,item_985,,item_985,,16 30 69 74 75 77 80 143 766 767 813 6685,item 985 features: 16 30 69 74 75 77 80 143 766 767 813 6685,
986,item_986,,item_986,,69 155 208 581 611 697 863 938 1048 1651 1653 2191 2589,item 986 features: 69 155 208 581 611 697 863 938 1048 1651 1653 2191 2589,
987,item_987,,item_987,,14 22 23 24 36 70 94 105 112 113 115 158 166 401 405 407 717 826 836 862 910 4829 6320,item 987 features: 14 22 23 24 36 70 94 105 112 113 115 158 166 401 405 407 717 826 836 862 910 4829 6320,
988,item_988,,item_988,,22 69 148 492 861 1048,item 988 features: 22 69 148 492 861 1048,
991,item_991,,item_991,,36 147 242,item 991 features: 36 147 242,
993,item_993,,item_993,,22 133 339 513 516 533 568 580 853 932 1490 1493 2022 2023 2111 2466 2801 3005 3006 3661 3662,item 993 features: 22 133 339 513 516 533 568 580 853 932 1490 1493 2022 2023 2111 2466 2801 3005 3006 3661 3662,
994,item_994,,item_994,,22 46 75 77 112 7823,item 994 features: 22 46 75 77 112 7823,
995,item_995,,item_995,,69 75 77 80 158 235 323 662 2403 5625 6640 6685,item 995 features: 69 75 77 80 158 235 323 662 2403 5625 6640 6685,
996,item_996,,item_996,,14 16 23 69 74 75 77 80 109 115 136 191 235 251 263 303 323 598 662 862 1578 2624 3453 3783 5743 5746 5755 6283 7450 7948 7950,item 996 features: 14 16 23 69 74 75 77 80 109 115 136 191 235 251 263 303 323 598 662 862 1578 2624 3453 3783 5743 5746 5755 6283 7450 7948 7950,
997,item_997,,item_997,,69 74 109 135 139 144 145 367 765 862 1424 6760 6761 6762 6766 6956 6957,item 997 features: 69 74 109 135 139 144 145 367 765 862 1424 6760 6761 6762 6766 6956 6957,
998,item_998,,item_998,,21 121 128 147 192 253 327 421 433 1009 2099 4566 4567,item 998 features: 21 121 128 147 192 253 327 421 433 1009 2099 4566 4567,
999,item_999,,item_999,,69 135 3783 7710,item 999 features: 69 135 3783 7710,
1001,item_1001,,item_1001,,69 74 75 291 495 1052 1401,item 1001 features: 69 74 75 291 495 1052 1401,
1003,item_1003,,item_1003,,11 53 69 74 75 77 148 179 242 408 691 3477 6431,item 1003 features: 11 53 69 74 75 77 148 179 242 408 691 3477 6431,
1004,item_1004,,item_1004,,30 69 75 77 80 143 144 145 157 625 1809 2055 3577 7969,item 1004 features: 30 69 75 77 80 143 144 145 157 625 1809 2055 3577 7969,
1005,item_1005,,item_1005,,22 69 109 154 155 173 262 291 321 365 425 574 581 696 697 717 861 955 1048 3029 5746 5859 5864 6091 6951 7720 8023,item 1005 features: 22 69 109 154 155 173 262 291 321 365 425 574 581 696 697 717 861 955 1048 3029 5746 5859 5864 6091 6951 7720 8023,
1007,item_1007,,item_1007,,16 22 36 46 69 70 74 75 104 109 112 150 162 165 173 176 194 199 242 263 284 285 286 287 289 290 300 309 327 332 342 367 395 404 407 408 409 416 447 486 521 540 577 598 604 698 714 765 831 852 1046 1216 1222 1799 2055 2061 2615 2633 3001 3176 3177 3178 3180 3181 3182 3183 3184 3185 4789 5450 5750 6612 7034 7055,item 1007 features: 16 22 36 46 69 70 74 75 104 109 112 150 162 165 173 176 194 199 242 263 284 285 286 287 289 290 300 309 327 332 342 367 395 404 407 408 409 416 447 486 521 540 577 598 604 698 714 765 831 852 1046 1216 1222 1799 2055 2061 2615 2633 3001 3176 3177 3178 3180 3181 3182 3183 3184 3185 4789 5450 5750 6612 7034 7055,
1008,item_1008,,item_1008,,69 74 75 77 80 251 270 291 307 847 1462 1467 4676 6689 8020 8023,item 1008 features: 69 74 75 77 80 251 270 291 307 847 1462 1467 4676 6689 8020 8023,
1009,item_1009,,item_1009,,22 36 99 193 1305 3153,item 1009 features: 22 36 99 193 1305 3153,
1010,item_1010,,item_1010,,16 44 57 82 109 367 451 3153 3169 8119,item 1010 features: 16 44 57 82 109 367 451 3153 3169 8119,
1011,item_1011,,item_1011,,15 16 22 23 39 70 150 162 165 173 242 390 391 397 398 403 404 408 410,item 1011 features: 15 16 22 23 39 70 150 162 165 173 242 390 391 397 398 403 404 408 410,
1012,item_1012,,item_1012,,22 69 74 75 101 147 155 164 173 291 293 717 862 1048 4121 6959,item 1012 features: 22 69 74 75 101 147 155 164 173 291 293 717 862 1048 4121 6959,
1013,item_1013,,item_1013,,0 1 68 69 74 75 77 140 147 179 291 314 320 614 1048 2185 3756 6953,item 1013 features: 0 1 68 69 74 75 77 140 147 179 291 314 320 614 1048 2185 3756 6953,
1014,item_1014,,item_1014,,69 144 3354,item 1014 features: 69 144 3354,
1015,item_1015,,item_1015,,12 13 19 303 927,item 1015 features: 12 13 19 303 927,
1021,item_1021,,item_1021,,135,item 1021 features: 135,
1025,item_1025,,item_1025,,109 115 147 148 247 340 358 572 690 717 1221 1232 6445,item 1025 features: 109 115 147 148 247 340 358 572 690 717 1221 1232 6445,
1028,item_1028,,item_1028,,77 80 84 109 197 651 756 3236 3783 8219,item 1028 features: 77 80 84 109 197 651 756 3236 3783 8219,
1031,item_1031,,item_1031,,291 320 499,item 1031 features: 291 320 499,
1033,item_1033,,item_1033,,16 30 41 44 112 150 176 433 5142 5143 8153,item 1033 features: 16 30 41 44 112 150 176 433 5142 5143 8153,
1034,item_1034,,item_1034,,11 16 22 36 69 74 75 77 80 109 112 150 154 158 235 251 263 293 606 756 1352 1603 4590 5025 5027 6282 6430,item 1034 features: 11 16 22 36 69 74 75 77 80 109 112 150 154 158 235 251 263 293 606 756 1352 1603 4590 5025 5027 6282 6430,
1035,item_1035,,item_1035,,16 22 77 112 251 327 927 1692,item 1035 features: 16 22 77 112 251 327 927 1692,
1036,item_1036,,item_1036,,22 69 75 101 144 173 358 2558 6699 8199 8200,item 1036 features: 22 69 75 101 144 173 358 2558 6699 8199 8200,
1037,item_1037,,item_1037,,16 22 36 101 169 191 192 260 293 975 1049 1324 2883 2884 6363,item 1037 features: 16 22 36 101 169 191 192 260 293 975 1049 1324 2883 2884 6363,
1038,item_1038,,item_1038,,112 156 197 242 288 562 564 606 641 642 643 644 652 655 656 657 5822,item 1038 features: 112 156 197 242 288 562 564 606 641 642 643 644 652 655 656 657 5822,
1039,item_1039,,item_1039,,22 36 69 112 242 606 638 640 659 4365 6333,item 1039 features: 22 36 69 112 242 606 638 640 659 4365 6333,
1040,item_1040,,item_1040,,22 112 191 242 339 640 2615 2798 5583,item 1040 features: 22 112 191 242 339 640 2615 2798 5583,
1041,item_1041,,item_1041,,22 36 46 69 101 112 115 147 164 173 179 191 197 242 252 285 288 339 404 419 550 606 636 640 693 717 857 940 978 1049 1263 1424 1837 2097 2153 2191 2192 2193 2448 2802 2834 2838 2839 2840 2841 3923 5583 5742 5744 5745 5746 5748 5752 5756 7032 7034 8249,item 1041 features: 22 36 46 69 101 112 115 147 164 173 179 191 197 242 252 285 288 339 404 419 550 606 636 640 693 717 857 940 978 1049 1263 1424 1837 2097 2153 2191 2192 2193 2448 2802 2834 2838 2839 2840 2841 3923 5583 5742 5744 5745 5746 5748 5752 5756 7032 7034 8249,
1042,item_1042,,item_1042,,22 46 69 74 75 77 80 112 115 173 179 197 242 285 606 641 1603,item 1042 features: 22 46 69 74 75 77 80 112 115 173 179 197 242 285 606 641 1603,
1043,item_1043,,item_1043,,69 147 172 190 286 291 303 422 510 568 602 606 636 653 655 717 873 880 881 882 883 884 950 1060 1090 1450 2654 2766 3293 3550 3551 3552 3553 4899 6951 6965,item 1043 features: 69 147 172 190 286 291 303 422 510 568 602 606 636 653 655 717 873 880 881 882 883 884 950 1060 1090 1450 2654 2766 3293 3550 3551 3552 3553 4899 6951 6965,
1044,item_1044,,item_1044,,23 69 75 101 135 144 145 147 148 173 179 634 1456 1531 1952 2375 4899 6635 6636 6951 6962,item 1044 features: 23 69 75 101 135 144 145 147 148 173 179 634 1456 1531 1952 2375 4899 6635 6636 6951 6962,
1047,item_1047,,item_1047,,22 69 84 112 155 179 189 208 247 423 579 611 1203 2002 2083 2803 3544 3545 3558 5688 5689 5690 5692 5903 6692 7171 8147,item 1047 features: 22 69 84 112 155 179 189 208 247 423 579 611 1203 2002 2083 2803 3544 3545 3558 5688 5689 5690 5692 5903 6692 7171 8147,
1048,item_1048,,item_1048,,23 24 68 69 147 148 155 176 179 192 197 321 343 354 611 666 670 691 844 857 1164 1668 1802 2383 2592 2966 2967 2973 4955 4956 4958 4960 4962 6015,item 1048 features: 23 24 68 69 147 148 155 176 179 192 197 321 343 354 611 666 670 691 844 857 1164 1668 1802 2383 2592 2966 2967 2973 4955 4956 4958 4960 4962 6015,
1049,item_1049,,item_1049,,17 36 110 112 191 199 285 401 419 487 510 566 569 571 717 1109 1457 1458 1459 1465 1935 2764 3045 3547 3556,item 1049 features: 17 36 110 112 191 199 285 401 419 487 510 566 569 571 717 1109 1457 1458 1459 1465 1935 2764 3045 3547 3556,
1050,item_1050,,item_1050,,14 17 22 23 36 69 110 112 154 155 166 169 172 173 191 242 252 255 290 291 293 327 399 401 404 405 415 422 487 510 520 566 569 570 574 575 588 590 596 597 602 611 618 661 717 818 824 836 837 850 953 1109 1176 1203 1428 1448 1935 2461 2766 3044 3045 3059 3280 3546 3547 3550 3552 3556 4518 4519 4520 4521 4522 4523 4524 4525 4526 4527 4528 4529 4530 4531 4532 4533 4534 4535 4536 4537 4538 4539 4540 4541 4542 5674 6692 6900 6956 7659 7660 8146 8147,item 1050 features: 14 17 22 23 36 69 110 112 154 155 166 169 172 173 191 242 252 255 290 291 293 327 399 401 404 405 415 422 487 510 520 566 569 570 574 575 588 590 596 597 602 611 618 661 717 818 824 836 837 850 953 1109 1176 1203 1428 1448 1935 2461 2766 3044 3045 3059 3280 3546 3547 3550 3552 3556 4518 4519 4520 4521 4522 4523 4524 4525 4526 4527 4528 4529 4530 4531 4532 4533 4534 4535 4536 4537 4538 4539 4540 4541 4542 5674 6692 6900 6956 7659 7660 8146 8147,
1051,item_1051,,item_1051,,22 69 74 101 179 199 581 582 583,item 1051 features: 22 69 74 101 179 199 581 582 583,
1052,item_1052,,item_1052,,22 36 133 147 169 191 195 288 564 657 867 1044 1324 1425 4458 5781,item 1052 features: 22 36 133 147 169 191 195 288 564 657 867 1044 1324 1425 4458 5781,
1053,item_1053,,item_1053,,16 22 36 156 164 173 191 291 419 456 562 592 821 830 833 1051 1060 1449 1457 1460 1464,item 1053 features: 16 22 36 156 164 173 191 291 419 456 562 592 821 830 833 1051 1060 1449 1457 1460 1464,
1054,item_1054,,item_1054,,22 69 77 112 115 148 156 193 247 251 717 862 1118 4278 4791 5540,item 1054 features: 22 69 77 112 115 148 156 193 247 251 717 862 1118 4278 4791 5540,
1055,item_1055,,item_1055,,156 173 562 964 4692 5132,item 1055 features: 156 173 562 964 4692 5132,
1056,item_1056,,item_1056,,69 74 75 77 272 2059 2243 3573,item 1056 features: 69 74 75 77 272 2059 2243 3573,
1059,item_1059,,item_1059,,12 30 77 83 154 309 689 7126,item 1059 features: 12 30 77 83 154 309 689 7126,
1060,item_1060,,item_1060,,11 12 16 24 25 30 62 83 154 176 193 421 689 4372 4373 4374,item 1060 features: 11 12 16 24 25 30 62 83 154 176 193 421 689 4372 4373 4374,
1062,item_1062,,item_1062,,147 437 2330 3672,item 1062 features: 147 437 2330 3672,
1063,item_1063,,item_1063,,16 22 36 46 69 101 109 112 115 133 147 162 164 165 169 171 173 176 179 191 193 197 199 242 285 288 291 293 303 339 377 379 404 516 521 536 541 549 585 598 606 640 644 707 853 862 932 945 965 1109 1140 1234 1236 1242 1263 1305 1324 1393 1424 1495 1496 1552 1943 2097 2108 2153 2289 2446 2764 2835 3005 3006 3155 3216 3413 3427 3428 4139 4142 4159 4278 5544 5583 5740 5742 5744 5750 6350 6440 6739 6959 7032 7352 7630 8172 8249 8268,item 1063 features: 16 22 36 46 69 101 109 112 115 133 147 162 164 165 169 171 173 176 179 191 193 197 199 242 285 288 291 293 303 339 377 379 404 516 521 536 541 549 585 598 606 640 644 707 853 862 932 945 965 1109 1140 1234 1236 1242 1263 1305 1324 1393 1424 1495 1496 1552 1943 2097 2108 2153 2289 2446 2764 2835 3005 3006 3155 3216 3413 3427 3428 4139 4142 4159 4278 5544 5583 5740 5742 5744 5750 6350 6440 6739 6959 7032 7352 7630 8172 8249 8268,
1064,item_1064,,item_1064,,22 69 77 101 112 251 288 654 2097 4384 8222,item 1064 features: 22 69 77 101 112 251 288 654 2097 4384 8222,
1065,item_1065,,item_1065,,22 36 96 112 133 173 179 199 258 377 519 585 691 693 850 2322 2328 2376 3593 5826,item 1065 features: 22 36 96 112 133 173 179 199 258 377 519 585 691 693 850 2322 2328 2376 3593 5826,
1066,item_1066,,item_1066,,22 36 46 101 109 112 115 133 158 176 242 258 285 323 404 407 507 519 520 541 580 585 606 1263 1775 1793 2055 2097 2315 2582 3788 4362 5583 5741 5743 5754 6008 6781 6958 8015 8171 8367,item 1066 features: 22 36 46 101 109 112 115 133 158 176 242 258 285 323 404 407 507 519 520 541 580 585 606 1263 1775 1793 2055 2097 2315 2582 3788 4362 5583 5741 5743 5754 6008 6781 6958 8015 8171 8367,
1067,item_1067,,item_1067,,11 16 19 22 36 43 46 69 75 96 97 101 109 112 115 133 147 148 163 164 169 170 173 176 179 191 194 195 197 199 247 258 262 285 293 295 303 305 367 379 396 404 405 495 507 519 568 604 651 670 691 706 717 853 940 1023 1124 1125 1137 1138 1305 1769 1772 1802 2317 2318 2320 2321 2324 2325 2329 2453 2614 2764 3005 3216 3791 3792 3822 3839 3973 4278 4317 5519 5520 5522 5531 5591 6431 6611 6626 6636 6638 6926 7214 7429 8364,item 1067 features: 11 16 19 22 36 43 46 69 75 96 97 101 109 112 115 133 147 148 163 164 169 170 173 176 179 191 194 195 197 199 247 258 262 285 293 295 303 305 367 379 396 404 405 495 507 519 568 604 651 670 691 706 717 853 940 1023 1124 1125 1137 1138 1305 1769 1772 1802 2317 2318 2320 2321 2324 2325 2329 2453 2614 2764 3005 3216 3791 3792 3822 3839 3973 4278 4317 5519 5520 5522 5531 5591 6431 6611 6626 6636 6638 6926 7214 7429 8364,
1068,item_1068,,item_1068,,22 36 96 112 115 133 173 179 196 199 258 377 404 520 568 849 853 964 1770 2315 2317 2318 2319 2320 2321 2322 2324 2325 2329 4121 4122 6616,item 1068 features: 22 36 96 112 115 133 173 179 196 199 258 377 404 520 568 849 853 964 1770 2315 2317 2318 2319 2320 2321 2322 2324 2325 2329 4121 4122 6616,
1069,item_1069,,item_1069,,11 22 43 46 69 74 75 77 101 109 112 115 147 148 155 156 171 173 176 192 194 197 242 247 285 291 421 495 520 585 602 606 670 691 693 706 716 717 1046 1048 1060 1107 1108 1324 1334 1424 2314 2316 2324 3101 3216 3424 3425 3655 3790 3791 3793 3797 4451 4565 5519 5520 5522 5523 5524 5745 6568 6634 6689 6783 6859 6881 7600 7610 7720 8015 8016,item 1069 features: 11 22 43 46 69 74 75 77 101 109 112 115 147 148 155 156 171 173 176 192 194 197 242 247 285 291 421 495 520 585 602 606 670 691 693 706 716 717 1046 1048 1060 1107 1108 1324 1334 1424 2314 2316 2324 3101 3216 3424 3425 3655 3790 3791 3793 3797 4451 4565 5519 5520 5522 5523 5524 5745 6568 6634 6689 6783 6859 6881 7600 7610 7720 8015 8016,
1070,item_1070,,item_1070,,11 16 22 36 46 96 97 112 115 133 147 171 173 179 194 197 199 258 285 309 377 379 404 407 419 422 507 581 850 964 965 967 1005 1138 1141 1143 1424 1731 2376 2584 2703 5061 5607 6801 7013 7014 8217,item 1070 features: 11 16 22 36 46 96 97 112 115 133 147 171 173 179 194 197 199 258 285 309 377 379 404 407 419 422 507 581 850 964 965 967 1005 1138 1141 1143 1424 1731 2376 2584 2703 5061 5607 6801 7013 7014 8217,
1074,item_1074,,item_1074,,11 12 16 150 1602 4426,item 1074 features: 11 12 16 150 1602 4426,
1075,item_1075,,item_1075,,12 30 44 150 2274 4426,item 1075 features: 12 30 44 150 2274 4426,
1076,item_1076,,item_1076,,16 30 44 150 2274 7453,item 1076 features: 16 30 44 150 2274 7453,
1077,item_1077,,item_1077,,12 30 2151 5133,item 1077 features: 12 30 2151 5133,
1078,item_1078,,item_1078,,36 74 75 77 80 158 251 293 885 2419 3573 6118 6685 7809,item 1078 features: 36 74 75 77 80 158 251 293 885 2419 3573 6118 6685 7809,
1079,item_1079,,item_1079,,75 77 115 148 245 247 487 630 696 756 1581 1962 4686,item 1079 features: 75 77 115 148 245 247 487 630 696 756 1581 1962 4686,
1080,item_1080,,item_1080,,2 12 14 16 23 30 43 57 69 70 74 75 77 80 105 136 142 144 153 154 155 158 173 196 235 260 323 325 356 367 399 407 420 461 505 606 611 668 670 702 706 767 771 777 1128 1142 1272 1373 1384 1424 1663 1894 2045 2553 2554 2666 2667 2668 2669 2670 3189 3210 3561 3794 4677 4678 4826 5568 5576 5589 5810 6190 6197 6400 6401 6688 6692 7126 7154 7595 7596 7597 8146,item 1080 features: 2 12 14 16 23 30 43 57 69 70 74 75 77 80 105 136 142 144 153 154 155 158 173 196 235 260 323 325 356 367 399 407 420 461 505 606 611 668 670 702 706 767 771 777 1128 1142 1272 1373 1384 1424 1663 1894 2045 2553 2554 2666 2667 2668 2669 2670 3189 3210 3561 3794 4677 4678 4826 5568 5576 5589 5810 6190 6197 6400 6401 6688 6692 7126 7154 7595 7596 7597 8146,
1081,item_1081,,item_1081,,11 12 16 29 30 44 63 77 79 80 83 84 109 131 247 592 702 703 1352 1401 1663 1962 1963 2391 2392 2701 2898 3143 4920 5134 5552 5575 5578 5584 5772 5773 5774 6243 7646 7897 7898 7936 7937,item 1081 features: 11 12 16 29 30 44 63 77 79 80 83 84 109 131 247 592 702 703 1352 1401 1663 1962 1963 2391 2392 2701 2898 3143 4920 5134 5552 5575 5578 5584 5772 5773 5774 6243 7646 7897 7898 7936 7937,
1082,item_1082,,item_1082,,11 75 94 109 193 226 247 253 262 265 270 272 1424 1824 4413 4789 4899 4944 6091 6951 8023 8039,item 1082 features: 11 75 94 109 193 226 247 253 262 265 270 272 1424 1824 4413 4789 4899 4944 6091 6951 8023 8039,
1083,item_1083,,item_1083,,144 145 157 1165 2919,item 1083 features: 144 145 157 1165 2919,
1084,item_1084,,item_1084,,75 77 80 115 148 173 176 197 247 251 630 691 756 3452 3825 4677 4678 6429 7488,item 1084 features: 75 77 80 115 148 173 176 197 247 251 630 691 756 3452 3825 4677 4678 6429 7488,
1085,item_1085,,item_1085,,11 12 16 25 30 44 75 77 83 150 154 173 176 421 703 1424 1443 1484 2804 2805 2820 4088 4372 4373 4610 4928 6687 7764,item 1085 features: 11 12 16 25 30 44 75 77 83 150 154 173 176 421 703 1424 1443 1484 2804 2805 2820 4088 4372 4373 4610 4928 6687 7764,
1087,item_1087,,item_1087,,11 12 83,item 1087 features: 11 12 83,
1091,item_1091,,item_1091,,22 69 75 77 80 495 1598,item 1091 features: 22 69 75 77 80 495 1598,
1093,item_1093,,item_1093,,69 74 109 262 270 291 295 3029,item 1093 features: 69 74 109 262 270 291 295 3029,
1094,item_1094,,item_1094,,15 27 70,item 1094 features: 15 27 70,
1103,item_1103,,item_1103,,11 13 18 19 79 99 112 253 340 358 572 1221 1232 1768 3950 4372 4373 7806,item 1103 features: 11 13 18 19 79 99 112 253 340 358 572 1221 1232 1768 3950 4372 4373 7806,
1105,item_1105,,item_1105,,22 112 115 148 158 194 323 706 717 4121 4122 6860,item 1105 features: 22 112 115 148 158 194 323 706 717 4121 4122 6860,
1106,item_1106,,item_1106,,14 22 23 36 69 75 101 110 155 158 265 299 422 588 836 1203 1824 3044 3045 4718 4906 5789 5922,item 1106 features: 14 22 23 36 69 75 101 110 155 158 265 299 422 588 836 1203 1824 3044 3045 4718 4906 5789 5922,
1107,item_1107,,item_1107,,16 22 36 163 194 199,item 1107 features: 16 22 36 163 194 199,
1108,item_1108,,item_1108,,16 36 99 150 263 506 1725 1851 2772 5084 5379 5380,item 1108 features: 16 36 99 150 263 506 1725 1851 2772 5084 5379 5380,
1109,item_1109,,item_1109,,3 69 192 1160 3035,item 1109 features: 3 69 192 1160 3035,
1113,item_1113,,item_1113,,69 71 84 155 208 321 354 861 1098 5576 8147,item 1113 features: 69 71 84 155 208 321 354 861 1098 5576 8147,
1115,item_1115,,item_1115,,251,item 1115 features: 251,
1116,item_1116,,item_1116,,69 75 77 109 135 139 242 421 540 592 709 2071 2202 2835 3143 3799 5625 6635 6636 6643 6695 7154 7716 7864 8369 8372 8397,item 1116 features: 69 75 77 109 135 139 242 421 540 592 709 2071 2202 2835 3143 3799 5625 6635 6636 6643 6695 7154 7716 7864 8369 8372 8397,
1117,item_1117,,item_1117,,22 69 75 77 80 115 247 251 489 507 698 3235,item 1117 features: 22 69 75 77 80 115 247 251 489 507 698 3235,
1118,item_1118,,item_1118,,22 75 77 80 105 158 247 251 260 1692,item 1118 features: 22 75 77 80 105 158 247 251 260 1692,
1119,item_1119,,item_1119,,75 77 80 94 147 303 662 1603 3456 4459 6113 6120 6128 6689 6693 7948 7949,item 1119 features: 75 77 80 94 147 303 662 1603 3456 4459 6113 6120 6128 6689 6693 7948 7949,
1120,item_1120,,item_1120,,69 74 75 135 139 144 662 702 3143 4073,item 1120 features: 69 74 75 135 139 144 662 702 3143 4073,
1121,item_1121,,item_1121,,69 74 77 80 139 1775 2071 2920 6282 6690,item 1121 features: 69 74 77 80 139 1775 2071 2920 6282 6690,
1122,item_1122,,item_1122,,69 291 715 820 829 996,item 1122 features: 69 291 715 820 829 996,
1123,item_1123,,item_1123,,68 69 115 291 343 365 696 826 1984,item 1123 features: 68 69 115 291 343 365 696 826 1984,
1124,item_1124,,item_1124,,144 145 192 309 3677,item 1124 features: 144 145 192 309 3677,
1127,item_1127,,item_1127,,6 69 142 153 196 717 1128 1301,item 1127 features: 6 69 142 153 196 717 1128 1301,
1128,item_1128,,item_1128,,144 145 214 220 221 222 223,item 1128 features: 144 145 214 220 221 222 223,
1129,item_1129,,item_1129,,22 96 97 115 133 258 358 654 690 1109 1741,item 1129 features: 22 96 97 115 133 258 358 654 690 1109 1741,
1130,item_1130,,item_1130,,30 157 282 315 617 6538 6539 7766,item 1130 features: 30 157 282 315 617 6538 6539 7766,
1131,item_1131,,item_1131,,2 15 16 27 30 57 70 82 142 461 486 771 3153 3189 3639 6865,item 1131 features: 2 15 16 27 30 57 70 82 142 461 486 771 3153 3189 3639 6865,
1132,item_1132,,item_1132,,27 30 84 150 321 354 1314 1703 6884 8031,item 1132 features: 27 30 84 150 321 354 1314 1703 6884 8031,
1133,item_1133,,item_1133,,57 82 152 862 2696 2698,item 1133 features: 57 82 152 862 2696 2698,
1134,item_1134,,item_1134,,14 16 23 30 57 74 82 105 142 153 158 235 496 1128 1277 1383 1600,item 1134 features: 14 16 23 30 57 74 82 105 142 153 158 235 496 1128 1277 1383 1600,
1135,item_1135,,item_1135,,14 22 23 69 76 101 105 155 158 172 194 321 328 329 407 588 611 717 733 735 737 738 746 754 836 872 1305 1383 1447 1448 1651 2105 2554 3189 3561 5878 6864 6898,item 1135 features: 14 22 23 69 76 101 105 155 158 172 194 321 328 329 407 588 611 717 733 735 737 738 746 754 836 872 1305 1383 1447 1448 1651 2105 2554 3189 3561 5878 6864 6898,
1136,item_1136,,item_1136,,23 142 235 496 1128,item 1136 features: 23 142 235 496 1128,
1137,item_1137,,item_1137,,142 144 496 862 1371,item 1137 features: 142 144 496 862 1371,
1138,item_1138,,item_1138,,23 105 142 153 235 496 1128 1383 1600,item 1138 features: 23 105 142 153 235 496 1128 1383 1600,
1139,item_1139,,item_1139,,23 74 75 77 105 144 235 1383 1384 3689,item 1139 features: 23 74 75 77 105 144 235 1383 1384 3689,
1140,item_1140,,item_1140,,36 69 284 291 1674,item 1140 features: 36 69 284 291 1674,
1141,item_1141,,item_1141,,68 69 71 84 100 147 155 208 260 365 611 687 844 1302 5864 7140,item 1141 features: 68 69 71 84 100 147 155 208 260 365 611 687 844 1302 5864 7140,
1142,item_1142,,item_1142,,144 145 157 998 5682,item 1142 features: 144 145 157 998 5682,
1143,item_1143,,item_1143,,0 87 314 320 502 1875 4789 5617 5618 8003,item 1143 features: 0 87 314 320 502 1875 4789 5617 5618 8003,
1144,item_1144,,item_1144,,16 30 75 96 97 109 161 173 284 404 1369 1674 2639 2696,item 1144 features: 16 30 75 96 97 109 161 173 284 404 1369 1674 2639 2696,
1146,item_1146,,item_1146,,144 145 157 358 998,item 1146 features: 144 145 157 358 998,
1147,item_1147,,item_1147,,145 157 291 6760 6761 6763,item 1147 features: 145 157 291 6760 6761 6763,
1149,item_1149,,item_1149,,0 26 27 782 1061 1325 2634 3723 8359,item 1149 features: 0 26 27 782 1061 1325 2634 3723 8359,
1153,item_1153,,item_1153,,11 13 16 18 19 150 693 1903 2696 7126,item 1153 features: 11 13 16 18 19 150 693 1903 2696 7126,
1154,item_1154,,item_1154,,0 69 75 139 1052 6685,item 1154 features: 0 69 75 139 1052 6685,
1155,item_1155,,item_1155,,144 145 157 593 625 949 1676 7676 7677,item 1155 features: 144 145 157 593 625 949 1676 7676 7677,
1161,item_1161,,item_1161,,150 157 433 490 981 1961 2248,item 1161 features: 150 157 433 490 981 1961 2248,
1164,item_1164,,item_1164,,23 70 498,item 1164 features: 23 70 498,
1172,item_1172,,item_1172,,68 69 144 145 291 766 767 768 772 774 844 3933 5617,item 1172 features: 68 69 144 145 291 766 767 768 772 774 844 3933 5617,
1173,item_1173,,item_1173,,69 101 1674,item 1173 features: 69 101 1674,
1175,item_1175,,item_1175,,30 77 141 143,item 1175 features: 30 77 141 143,
1176,item_1176,,item_1176,,157 192 949 1676 5697,item 1176 features: 157 192 949 1676 5697,
1178,item_1178,,item_1178,,69 235 284 2633 4150 4151 4152 6322,item 1178 features: 69 235 284 2633 4150 4151 4152 6322,
1179,item_1179,,item_1179,,46 69 75 112 284 404 1674 6322,item 1179 features: 46 69 75 112 284 404 1674 6322,
1180,item_1180,,item_1180,,80,item 1180 features: 80,
1181,item_1181,,item_1181,,16 22 69 74 75 77 80 109 148 162 332 487 541 606 768 771 773 1775 4374 5045 6693 8147 8369 8373 8375 8379,item 1181 features: 16 22 69 74 75 77 80 109 148 162 332 487 541 606 768 771 773 1775 4374 5045 6693 8147 8369 8373 8375 8379,
1182,item_1182,,item_1182,,16 75 77 323 396,item 1182 features: 16 75 77 323 396,
1183,item_1183,,item_1183,,69 75 139 1531 6691,item 1183 features: 69 75 139 1531 6691,
1184,item_1184,,item_1184,,12 16 22 24 30 69 74 75 77 80 105 109 115 158 169 170 173 176 192 197 199 244 247 260 263 303 321 404 421 541 602 630 662 668 706 895 1161 1543 1600 1775 2121 2225 2377 2835 3343 3348 6430 6996 7001 8089,item 1184 features: 12 16 22 24 30 69 74 75 77 80 105 109 115 158 169 170 173 176 192 197 199 244 247 260 263 303 321 404 421 541 602 630 662 668 706 895 1161 1543 1600 1775 2121 2225 2377 2835 3343 3348 6430 6996 7001 8089,
1185,item_1185,,item_1185,,14 16 22 36 69 74 75 77 80 101 105 109 148 150 155 158 173 199 235 242 251 293 323 329 521 612 662 696 721 767 772 1047 1109 1154 1164 1424 1568 1627 2055 2399 2554 2773 2804 2806 2809 3236 3298 3561 4786 5027 5029 5030 5750 5757 6695 6754 7070 7897 7898 7903 7983 7984 7985 7986,item 1185 features: 14 16 22 36 69 74 75 77 80 101 105 109 148 150 155 158 173 199 235 242 251 293 323 329 521 612 662 696 721 767 772 1047 1109 1154 1164 1424 1568 1627 2055 2399 2554 2773 2804 2806 2809 3236 3298 3561 4786 5027 5029 5030 5750 5757 6695 6754 7070 7897 7898 7903 7983 7984 7985 7986,
1186,item_1186,,item_1186,,23 69 74 75 77 109 135 139 141 143 144 145 157 173 179 291 367 634 717 949 1165 1276 1400 3448 6690 6760 6761 6766 7255 7357,item 1186 features: 23 69 74 75 77 109 135 139 141 143 144 145 157 173 179 291 367 634 717 949 1165 1276 1400 3448 6690 6760 6761 6766 7255 7357,
1187,item_1187,,item_1187,,0 11 12 13 14 16 19 22 23 24 25 29 30 36 44 46 63 69 74 75 77 79 81 84 109 112 115 144 150 154 173 176 192 194 197 203 242 244 247 253 263 285 291 293 309 321 325 332 342 354 396 404 409 418 437 541 602 604 606 644 650 662 668 691 692 693 698 703 706 765 821 830 833 927 1093 1140 1143 1147 1161 1324 1352 1375 1424 1441 1442 1443 1444 1445 1450 1484 1656 1663 1775 1885 2128 2195 2529 2696 2722 2803 2805 2811 2835 3216 3235 3293 3494 3519 3551 3553 4278 4373 4944 5120 5133 5324 5886 6008 6196 6395 6398 6475 6555 6556 6695 6696 6876 7614 7752 8015 8016 8152,item 1187 features: 0 11 12 13 14 16 19 22 23 24 25 29 30 36 44 46 63 69 74 75 77 79 81 84 109 112 115 144 150 154 173 176 192 194 197 203 242 244 247 253 263 285 291 293 309 321 325 332 342 354 396 404 409 418 437 541 602 604 606 644 650 662 668 691 692 693 698 703 706 765 821 830 833 927 1093 1140 1143 1147 1161 1324 1352 1375 1424 1441 1442 1443 1444 1445 1450 1484 1656 1663 1775 1885 2128 2195 2529 2696 2722 2803 2805 2811 2835 3216 3235 3293 3494 3519 3551 3553 4278 4373 4944 5120 5133 5324 5886 6008 6196 6395 6398 6475 6555 6556 6695 6696 6876 7614 7752 8015 8016 8152,
1188,item_1188,,item_1188,,16 19 30 36 57 69 74 75 79 80 86 96 97 99 105 109 147 150 154 158 163 172 173 263 291 453 456 508 818 988 1094 1095 1109 1365 1388 1727 2764 2772 2937 4162 4823 5447 6240 6432 7686 8432,item 1188 features: 16 19 30 36 57 69 74 75 79 80 86 96 97 99 105 109 147 150 154 158 163 172 173 263 291 453 456 508 818 988 1094 1095 1109 1365 1388 1727 2764 2772 2937 4162 4823 5447 6240 6432 7686 8432,
1189,item_1189,,item_1189,,30 323 325 327 1703 2258,item 1189 features: 30 323 325 327 1703 2258,
1194,item_1194,,item_1194,,16 57 70 82 486 487,item 1194 features: 16 57 70 82 486 487,
1195,item_1195,,item_1195,,16 57 70 82 263 486 1109,item 1195 features: 16 57 70 82 263 486 1109,
1196,item_1196,,item_1196,,27 70 451 486,item 1196 features: 27 70 451 486,
1197,item_1197,,item_1197,,2 6 11 69 75 100 109 142 153 242 592 695 862 1276 1600 3494 4039 5665 5666 8434,item 1197 features: 2 6 11 69 75 100 109 142 153 242 592 695 862 1276 1600 3494 4039 5665 5666 8434,
1198,item_1198,,item_1198,,16 57 82 303 486 491,item 1198 features: 16 57 82 303 486 491,
1199,item_1199,,item_1199,,16 57 70 82 179 486 488,item 1199 features: 16 57 70 82 179 486 488,
1200,item_1200,,item_1200,,74,item 1200 features: 74,
1201,item_1201,,item_1201,,69 74 75 77 80 94 109 135 139 141 176 197 541 1234 1235 1239 5783 6685 6754 7154 7864 8369 8395,item 1201 features: 69 74 75 77 80 94 109 135 139 141 176 197 541 1234 1235 1239 5783 6685 6754 7154 7864 8369 8395,
1202,item_1202,,item_1202,,69 74 291 1091 7158 7936,item 1202 features: 69 74 291 1091 7158 7936,
1203,item_1203,,item_1203,,69 75 101 112 8015 8016,item 1203 features: 69 75 101 112 8015 8016,
1204,item_1204,,item_1204,,112 164 262 270 291 295 404 592 618 698 830 833 8021,item 1204 features: 112 164 262 270 291 295 404 592 618 698 830 833 8021,
1205,item_1205,,item_1205,,16 36 150 263 272 6660 6686 6687 7201,item 1205 features: 16 36 150 263 272 6660 6686 6687 7201,
1206,item_1206,,item_1206,,11 12 21 27 253 256 692 2625 3493 6015,item 1206 features: 11 12 21 27 253 256 692 2625 3493 6015,
1207,item_1207,,item_1207,,115 148 247 696 1076 1539 1581 6015,item 1207 features: 115 148 247 696 1076 1539 1581 6015,
1210,item_1210,,item_1210,,6 78 109 142 153 695 1348 7140,item 1210 features: 6 78 109 142 153 695 1348 7140,
1214,item_1214,,item_1214,,22 36 112 191 285 291 419 492 1049 1051 1109 1450 1457 1458 1459 1461 1463 1468 1472 1473,item 1214 features: 22 36 112 191 285 291 419 492 1049 1051 1109 1450 1457 1458 1459 1461 1463 1468 1472 1473,
1215,item_1215,,item_1215,,22 97 108 112 173 260 291 717 829 830 1049 1051 1060 1313 1450 1458 1460 1461 1463 1464 1466 1467 1470 1471 1473,item 1215 features: 22 97 108 112 173 260 291 717 829 830 1049 1051 1060 1313 1450 1458 1460 1461 1463 1464 1466 1467 1470 1471 1473,
1220,item_1220,,item_1220,,0 68 69 74 75 140 147 173 309,item 1220 features: 0 68 69 74 75 140 147 173 309,
1221,item_1221,,item_1221,,320 343 697 938,item 1221 features: 320 343 697 938,
1222,item_1222,,item_1222,,16 36 69 77 148 260 706 3783,item 1222 features: 16 36 69 77 148 260 706 3783,
1223,item_1223,,item_1223,,141 143 144 157 625,item 1223 features: 141 143 144 157 625,
1224,item_1224,,item_1224,,16 77 84 112 247 325 756,item 1224 features: 16 77 84 112 247 325 756,
1228,item_1228,,item_1228,,69 109 208 1667 2766 3550 3552,item 1228 features: 69 109 208 1667 2766 3550 3552,
1229,item_1229,,item_1229,,16 22 65 69 74 75 77 80 109 147 179 197 251 303 399 521 717 733 862 864 2002 2829 3153 3640 3695 3703 3709 3713 3716 3721 3722 4587 4837 4899 5604 5838 5841 6113 7167,item 1229 features: 16 22 65 69 74 75 77 80 109 147 179 197 251 303 399 521 717 733 862 864 2002 2829 3153 3640 3695 3703 3709 3713 3716 3721 3722 4587 4837 4899 5604 5838 5841 6113 7167,
1230,item_1230,,item_1230,,69 74 75 109 144 145 179 235,item 1230 features: 69 74 75 109 144 145 179 235,
1231,item_1231,,item_1231,,14 69 75 77 105 109 135 144 145 158 203 309 407 611 1373 1383 1658 2055 3223 6385 6636 7168,item 1231 features: 14 69 75 77 105 109 135 144 145 158 203 309 407 611 1373 1383 1658 2055 3223 6385 6636 7168,
1232,item_1232,,item_1232,,18 46 79 109 112 421 422 507 581 692 705 714 862 1049 1221 1347 1424 1966 2032 2423 5052 7027,item 1232 features: 18 46 79 109 112 421 422 507 581 692 705 714 862 1049 1221 1347 1424 1966 2032 2423 5052 7027,
1233,item_1233,,item_1233,,69 74 112 291 377 3494 8432,item 1233 features: 69 74 112 291 377 3494 8432,
1234,item_1234,,item_1234,,77 109 144,item 1234 features: 77 109 144,
1235,item_1235,,item_1235,,96 112 115 133 173 258 291 310 377 507 519 520 592 693 1312 2316 7599 7783,item 1235 features: 96 112 115 133 173 258 291 310 377 507 519 520 592 693 1312 2316 7599 7783,
1236,item_1236,,item_1236,,112 156 176 291 862 1044 1332 1395 3227 4458,item 1236 features: 112 156 176 291 862 1044 1332 1395 3227 4458,
1237,item_1237,,item_1237,,23 156 176 208 260 447 611 706 863 865 1046 4692,item 1237 features: 23 156 176 208 260 447 611 706 863 865 1046 4692,
1238,item_1238,,item_1238,,36 156 176 291 303 863 938 1044 1076 1226 2453 3227 4458 4692 4693,item 1238 features: 36 156 176 291 303 863 938 1044 1076 1226 2453 3227 4458 4692 4693,
1239,item_1239,,item_1239,,156 173 862 1332 1396 5277,item 1239 features: 156 173 862 1332 1396 5277,
1242,item_1242,,item_1242,,69 247 269 719 1543 4514,item 1242 features: 69 247 269 719 1543 4514,
1243,item_1243,,item_1243,,30 69 84 115 155 690,item 1243 features: 30 69 84 115 155 690,
1246,item_1246,,item_1246,,68 100 358 435 2025 2559 3876 4131 4132,item 1246 features: 68 100 358 435 2025 2559 3876 4131 4132,
1247,item_1247,,item_1247,,74 309 2055 6282,item 1247 features: 74 309 2055 6282,
1249,item_1249,,item_1249,,69 75 144 145 489 2025 3033 3759 5133,item 1249 features: 69 75 144 145 489 2025 3033 3759 5133,
1250,item_1250,,item_1250,,14 235 461,item 1250 features: 14 235 461,
1251,item_1251,,item_1251,,69 74 75 145 210 260 358 1791 2559,item 1251 features: 69 74 75 145 210 260 358 1791 2559,
1252,item_1252,,item_1252,,68 76 155 320 611 641 2075,item 1252 features: 68 76 155 320 611 641 2075,
1253,item_1253,,item_1253,,17 22 23 29 68 69 75 76 81 87 100 101 105 109 147 155 158 169 172 176 192 194 197 199 242 260 291 293 303 309 320 321 357 396 404 407 408 421 422 501 510 518 520 574 575 588 590 602 611 650 661 662 668 700 702 705 706 818 824 825 826 827 838 839 915 1046 1049 1164 1176 1203 1448 1856 1919 2105 2313 2968 2991 3527 3546 3547 3812 3816 3940 4255 4791 5592 5594 5597 5675 5676 5865 6386 6392 6847 7154 7556 7903 8041,item 1253 features: 17 22 23 29 68 69 75 76 81 87 100 101 105 109 147 155 158 169 172 176 192 194 197 199 242 260 291 293 303 309 320 321 357 396 404 407 408 421 422 501 510 518 520 574 575 588 590 602 611 650 661 662 668 700 702 705 706 818 824 825 826 827 838 839 915 1046 1049 1164 1176 1203 1448 1856 1919 2105 2313 2968 2991 3527 3546 3547 3812 3816 3940 4255 4791 5592 5594 5597 5675 5676 5865 6386 6392 6847 7154 7556 7903 8041,
1254,item_1254,,item_1254,,22 23 68 69 76 77 91 101 144 155 156 173 179 194 242 260 291 303 377 404 408 419 520 633 650 661 662 715 717 818 819 821 824 825 831 832 833 844 856 867 964 996 1048 1049 1424 1596 1668 1919 1934 2175 2446 2517 3432 3574 3760 3761 4468 4615 4768 4899 5740 5741 5749 5750 5760 5791 6781 6951 6959 8041 8048,item 1254 features: 22 23 68 69 76 77 91 101 144 155 156 173 179 194 242 260 291 303 377 404 408 419 520 633 650 661 662 715 717 818 819 821 824 825 831 832 833 844 856 867 964 996 1048 1049 1424 1596 1668 1919 1934 2175 2446 2517 3432 3574 3760 3761 4468 4615 4768 4899 5740 5741 5749 5750 5760 5791 6781 6951 6959 8041 8048,
1255,item_1255,,item_1255,,72 154,item 1255 features: 72 154,
1256,item_1256,,item_1256,,0 4 46 87 109 112 319 320 487 618 619 1058 2301 3166 4789 4792 4798 6899 7222,item 1256 features: 0 4 46 87 109 112 319 320 487 618 619 1058 2301 3166 4789 4792 4798 6899 7222,
1257,item_1257,,item_1257,,0 23 68 69 76 155 291 320 715 826 827 844 920 996 1787 2167 4706 5551,item 1257 features: 0 23 68 69 76 155 291 320 715 826 827 844 920 996 1787 2167 4706 5551,
1258,item_1258,,item_1258,,0 6 85 112 142 499 717 1058 1316 1444 2077 2294 2389 4806 6194 6432,item 1258 features: 0 6 85 112 142 499 717 1058 1316 1444 2077 2294 2389 4806 6194 6432,
1259,item_1259,,item_1259,,0 4 27 85 87 109 291 303 309 320 367 395 499 501 521 604 663 698 862 1799 1875 2061 2837 3164 3165 3177 3182 3183 3184 4790 4791 6552,item 1259 features: 0 4 27 85 87 109 291 303 309 320 367 395 499 501 521 604 663 698 862 1799 1875 2061 2837 3164 3165 3177 3182 3183 3184 4790 4791 6552,
1260,item_1260,,item_1260,,0 23 27 69 72 85 109 320 499 501 1030 1407 1410 2297 2919 3965 5169 5600 5683 6552 8028,item 1260 features: 0 23 27 69 72 85 109 320 499 501 1030 1407 1410 2297 2919 3965 5169 5600 5683 6552 8028,
1261,item_1261,,item_1261,,0 23 68 69 154 242 291 320 343 419 437 499 661 697 715 764 2160 3293 3574 6953 8045,item 1261 features: 0 23 68 69 154 242 291 320 343 419 437 499 661 697 715 764 2160 3293 3574 6953 8045,
1268,item_1268,,item_1268,,105 109 112 158 327 716 1416 1607 7107 7967,item 1268 features: 105 109 112 158 327 716 1416 1607 7107 7967,
1269,item_1269,,item_1269,,96 115 258 4106 5427,item 1269 features: 96 115 258 4106 5427,
1270,item_1270,,item_1270,,11 13 79 96 303 433 631,item 1270 features: 11 13 79 96 303 433 631,
1271,item_1271,,item_1271,,173 1705,item 1271 features: 173 1705,
1274,item_1274,,item_1274,,11 12 16 43 77 83 154 325,item 1274 features: 11 12 16 43 77 83 154 325,
1276,item_1276,,item_1276,,14 75 235,item 1276 features: 14 75 235,
1280,item_1280,,item_1280,,0 30 2079 2639 5092 5093 5101 5836,item 1280 features: 0 30 2079 2639 5092 5093 5101 5836,
1284,item_1284,,item_1284,,16 81 154 2369 7968,item 1284 features: 16 81 154 2369 7968,
1285,item_1285,,item_1285,,69 74 75 77 115 641 4374 6690,item 1285 features: 69 74 75 77 115 641 4374 6690,
1286,item_1286,,item_1286,,79 128 147 303 433 1961 3672,item 1286 features: 79 128 147 303 433 1961 3672,
1287,item_1287,,item_1287,,12 128 147 433 3408 3409,item 1287 features: 12 128 147 433 3408 3409,
1288,item_1288,,item_1288,,79 1347 1769 1966 5261 7127 7509,item 1288 features: 79 1347 1769 1966 5261 7127 7509,
1290,item_1290,,item_1290,,69 74 77 340 358 690 973 1346 7093,item 1290 features: 69 74 77 340 358 690 973 1346 7093,
1291,item_1291,,item_1291,,69 74,item 1291 features: 69 74,
1292,item_1292,,item_1292,,80 1500,item 1292 features: 80 1500,
1293,item_1293,,item_1293,,16 22 36 77 80 112 173 251 487 596 1324 1692 7864,item 1293 features: 16 22 36 77 80 112 173 251 487 596 1324 1692 7864,
1294,item_1294,,item_1294,,69 74 75 77 136 179 291 423 520 691 2610 2806 4015 5297 5298 5299 6973 7140,item 1294 features: 69 74 75 77 136 179 291 423 520 691 2610 2806 4015 5297 5298 5299 6973 7140,
1295,item_1295,,item_1295,,79 100 212 696 1050 5866,item 1295 features: 79 100 212 696 1050 5866,
1296,item_1296,,item_1296,,22 79 492 8242,item 1296 features: 22 79 492 8242,
1297,item_1297,,item_1297,,11 12 30 147 154 176 262 272 354 355 396 421 422 437 492 691 693 773 1009 1140 1786 2674 2675 2676 2681 3671 3677 5867 6551 6864 6875 8147,item 1297 features: 11 12 30 147 154 176 262 272 354 355 396 421 422 437 492 691 693 773 1009 1140 1786 2674 2675 2676 2681 3671 3677 5867 6551 6864 6875 8147,
1300,item_1300,,item_1300,,11 12 14 16 17 22 23 24 29 30 36 43 57 65 68 69 70 71 74 75 76 77 81 84 105 109 115 147 148 152 155 158 169 172 173 176 191 193 197 199 208 242 247 260 279 291 309 321 328 396 397 399 407 415 421 422 507 514 574 611 613 644 661 668 703 717 766 798 829 830 836 844 862 955 1098 1107 1109 1164 1185 1272 1283 1305 1366 1383 1411 1424 1434 1451 1627 1651 1653 1663 1769 2055 2105 2128 2441 2554 2696 2742 2888 2902 3020 3081 3082 3083 3084 3085 3086 3189 3415 3547 3964 4571 4816 4820 4821 4825 4827 4829 4835 4838 4871 5445 5446 5904 5905 5911 5924 5949 6220 6229 6230 6555 6556 6782 6864 7154 7159 7160 7711 7715 8146 8147,item 1300 features: 11 12 14 16 17 22 23 24 29 30 36 43 57 65 68 69 70 71 74 75 76 77 81 84 105 109 115 147 148 152 155 158 169 172 173 176 191 193 197 199 208 242 247 260 279 291 309 321 328 396 397 399 407 415 421 422 507 514 574 611 613 644 661 668 703 717 766 798 829 830 836 844 862 955 1098 1107 1109 1164 1185 1272 1283 1305 1366 1383 1411 1424 1434 1451 1627 1651 1653 1663 1769 2055 2105 2128 2441 2554 2696 2742 2888 2902 3020 3081 3082 3083 3084 3085 3086 3189 3415 3547 3964 4571 4816 4820 4821 4825 4827 4829 4835 4838 4871 5445 5446 5904 5905 5911 5924 5949 6220 6229 6230 6555 6556 6782 6864 7154 7159 7160 7711 7715 8146 8147,
1301,item_1301,,item_1301,,30 83 154 689 2804 4021 4232,item 1301 features: 30 83 154 689 2804 4021 4232,
1302,item_1302,,item_1302,,75 77 96 258 1705 3260,item 1302 features: 75 77 96 258 1705 3260,
1303,item_1303,,item_1303,,22 162 262 270 295 847,item 1303 features: 22 162 262 270 295 847,
1304,item_1304,,item_1304,,71 74 77 80 109 139 242 284 1369,item 1304 features: 71 74 77 80 109 139 242 284 1369,
1305,item_1305,,item_1305,,68 69 71 74 75 112 147 210 365 606 651 662 1385 1424 5890,item 1305 features: 68 69 71 74 75 112 147 210 365 606 651 662 1385 1424 5890,
1306,item_1306,,item_1306,,68 69 74 109 210 435 1603 2804 3577 3622 3623 6282 7938,item 1306 features: 68 69 74 109 210 435 1603 2804 3577 3622 3623 6282 7938,
1307,item_1307,,item_1307,,11 12 22 69 77 80 112 148 158 176 192 244 247 251 291 327 602 630 691 703 756 927 1047 1109 1607 1692 1694 4587 7107 7961,item 1307 features: 11 12 22 69 77 80 112 148 158 176 192 244 247 251 291 327 602 630 691 703 756 927 1047 1109 1607 1692 1694 4587 7107 7961,
1308,item_1308,,item_1308,,11 16 19 22 30 69 74 75 77 96 112 5137 6689 7782 7988,item 1308 features: 11 16 19 22 30 69 74 75 77 96 112 5137 6689 7782 7988,
1309,item_1309,,item_1309,,12 30 69 71 74 84 155 208 293 321 358 572 611 690 717 1221 1488 2128 2559 2975 4824 6445,item 1309 features: 12 30 69 71 74 84 155 208 293 321 358 572 611 690 717 1221 1488 2128 2559 2975 4824 6445,
1310,item_1310,,item_1310,,69 80 120 144 147 210 285 433 1603 4590 4760,item 1310 features: 69 80 120 144 147 210 285 433 1603 4590 4760,
1311,item_1311,,item_1311,,22 69 109 226 265 358 572 690 2559 7511,item 1311 features: 22 69 109 226 265 358 572 690 2559 7511,
1314,item_1314,,item_1314,,69 77 80 105 109 112 158 173 247,item 1314 features: 69 77 80 105 109 112 158 173 247,
1315,item_1315,,item_1315,,16 22 36 70 77 99 105 109 150 158 163 166 170 173 260 263 293 964 1047 1325 1374 1394 1725 1984 1987 1988 1989 1990 2929 6430 7823,item 1315 features: 16 22 36 70 77 99 105 109 150 158 163 166 170 173 260 263 293 964 1047 1325 1374 1394 1725 1984 1987 1988 1989 1990 2929 6430 7823,
1316,item_1316,,item_1316,,16 36 77 109 112 150 263 495 612 2208 4739 5030 6686 6687,item 1316 features: 16 36 77 109 112 150 263 495 612 2208 4739 5030 6686 6687,
1317,item_1317,,item_1317,,16 36 99 272 379,item 1317 features: 16 36 99 272 379,
1318,item_1318,,item_1318,,79 96 97 179 242 244 258 309 849 1059 1090 1987 2367 2584 2586 2590 2591 2595 2599 2600 2603 4367,item 1318 features: 79 96 97 179 242 244 258 309 849 1059 1090 1987 2367 2584 2586 2590 2591 2595 2599 2600 2603 4367,
1319,item_1319,,item_1319,,11 16 31 36 44 66 86 99 154 173 176 192 242 263 303 506 592 598 666 727 757 1725 2227 2240 2323 2346 2772 3502 5172 6399 6429 7443 7446 7447 7448 7988,item 1319 features: 11 16 31 36 44 66 86 99 154 173 176 192 242 263 303 506 592 598 666 727 757 1725 2227 2240 2323 2346 2772 3502 5172 6399 6429 7443 7446 7447 7448 7988,
1320,item_1320,,item_1320,,11 12 14 15 16 22 24 30 36 69 71 74 75 77 80 84 109 148 150 169 173 176 191 192 193 197 242 247 251 260 263 293 321 354 379 396 541 568 585 598 602 606 651 662 668 703 1140 1143 1161 1234 1235 1241 1252 1258 1324 1375 1382 1386 1387 1424 1663 1666 1775 1778 2339 2391 2412 2835 2888 3573 3783 4052 4054 4440 5085 5859 5860 6221 6222 6226 6231 6525 6685 6687 6688 6690 7126,item 1320 features: 11 12 14 15 16 22 24 30 36 69 71 74 75 77 80 84 109 148 150 169 173 176 191 192 193 197 242 247 251 260 263 293 321 354 379 396 541 568 585 598 602 606 651 662 668 703 1140 1143 1161 1234 1235 1241 1252 1258 1324 1375 1382 1386 1387 1424 1663 1666 1775 1778 2339 2391 2412 2835 2888 3573 3783 4052 4054 4440 5085 5859 5860 6221 6222 6226 6231 6525 6685 6687 6688 6690 7126,
1321,item_1321,,item_1321,,16 22 36 86 99 105 112 148 1313,item 1321 features: 16 22 36 86 99 105 112 148 1313,
1322,item_1322,,item_1322,,68 69 74 75 77 109 135 144 145 147 157 179 242 291 717 821 833 1091 3573 3756 4107 4108 5384 5616 5617 5879 8023,item 1322 features: 68 69 74 75 77 109 135 144 145 147 157 179 242 291 717 821 833 1091 3573 3756 4107 4108 5384 5616 5617 5879 8023,
1323,item_1323,,item_1323,,16 36 77 150 158 162 166 263 404 6686 6687,item 1323 features: 16 36 77 150 158 162 166 263 404 6686 6687,
1324,item_1324,,item_1324,,11 12 13 16 19 30 44 150 154 507 1372 2261 2262 2263 2265 2266,item 1324 features: 11 12 13 16 19 30 44 150 154 507 1372 2261 2262 2263 2265 2266,
1326,item_1326,,item_1326,,23 106 144 145 368 375 376 377,item 1326 features: 23 106 144 145 368 375 376 377,
1327,item_1327,,item_1327,,148 173 247 7676 7677 7937 7938,item 1327 features: 148 173 247 7676 7677 7937 7938,
1328,item_1328,,item_1328,,69 144 145 226 239 291 950 4754 6430,item 1328 features: 69 144 145 226 239 291 950 4754 6430,
1329,item_1329,,item_1329,,23 109 144 157 158 192 1047 1676,item 1329 features: 23 109 144 157 158 192 1047 1676,
1330,item_1330,,item_1330,,23 144 145 192 239 4109 4110,item 1330 features: 23 144 145 192 239 4109 4110,
1331,item_1331,,item_1331,,22 46 69 74 75 77 112 115 147 148 176 247 251 291 495 1661 2803 2806 6494 6689 6754,item 1331 features: 22 46 69 74 75 77 112 115 147 148 176 247 251 291 495 1661 2803 2806 6494 6689 6754,
1332,item_1332,,item_1332,,69 144 145 157 291 358,item 1332 features: 69 144 145 157 291 358,
1334,item_1334,,item_1334,,4 314 315,item 1334 features: 4 314 315,
1335,item_1335,,item_1335,,0 4 109 141 157 314 319 6518,item 1335 features: 0 4 109 141 157 314 319 6518,
1336,item_1336,,item_1336,,22 130 260 268 801 3736 3737,item 1336 features: 22 130 260 268 801 3736 3737,
1337,item_1337,,item_1337,,22 36 112 3423 3425,item 1337 features: 22 36 112 3423 3425,
1339,item_1339,,item_1339,,22 23 24 69 72 75 155 158 192 321 354 691 706 1048 1092 1107 1417 1447 1449 1450 2384 2507 2580 2971 4065 4372 7279 8060 8061 8146 8147,item 1339 features: 22 23 24 69 72 75 155 158 192 321 354 691 706 1048 1092 1107 1417 1447 1449 1450 2384 2507 2580 2971 4065 4372 7279 8060 8061 8146 8147,
1340,item_1340,,item_1340,,8 77 148 247 491,item 1340 features: 8 77 148 247 491,
1341,item_1341,,item_1341,,115 208 247 3355 4677,item 1341 features: 115 208 247 3355 4677,
1342,item_1342,,item_1342,,22 27 69 340 690 2021,item 1342 features: 22 27 69 340 690 2021,
1343,item_1343,,item_1343,,22 27 112 113 333,item 1343 features: 22 27 112 113 333,
1344,item_1344,,item_1344,,22 69 74 75 76 77 80 173 291 293 487 585 592 698 4771 6262,item 1344 features: 22 69 74 75 76 77 80 173 291 293 487 585 592 698 4771 6262,
1345,item_1345,,item_1345,,16 36 74 75 96 97 115 131 133 173 179 191 197 199 242 258 260 285 303 309 377 404 407 422 520 581 585 606 653 702 706 796 964 965 1060 1090 1313 1401 1424 1462 1586 1885 2032 2055 2090 2091 2092 2195 2228 2448 2584 2586 2591 2596 2597 2603 2919 3053 3468 3826 3840 3842 3844 3848 3852 3856 3857 3860 3861 3864 3865 3871 4511 5788 5874 6695 7013 7941 7943 7944 8015 8016,item 1345 features: 16 36 74 75 96 97 115 131 133 173 179 191 197 199 242 258 260 285 303 309 377 404 407 422 520 581 585 606 653 702 706 796 964 965 1060 1090 1313 1401 1424 1462 1586 1885 2032 2055 2090 2091 2092 2195 2228 2448 2584 2586 2591 2596 2597 2603 2919 3053 3468 3826 3840 3842 3844 3848 3852 3856 3857 3860 3861 3864 3865 3871 4511 5788 5874 6695 7013 7941 7943 7944 8015 8016,
1346,item_1346,,item_1346,,36 96 97 133 179 197 258 260 543 629 849 5788 7999,item 1346 features: 36 96 97 133 179 197 258 260 543 629 849 5788 7999,
1347,item_1347,,item_1347,,0 16 22 36 43 46 68 69 74 75 77 80 101 109 112 115 128 133 135 139 144 145 147 148 162 163 164 169 171 172 173 176 179 191 194 197 199 203 210 242 251 252 258 285 288 293 303 327 342 344 358 367 382 404 407 408 421 495 507 521 540 549 577 602 604 606 613 636 651 654 655 662 691 706 709 714 717 765 852 862 915 975 1046 1048 1103 1107 1109 1137 1141 1234 1244 1257 1263 1324 1393 1425 1456 1562 1563 1568 1578 1683 1687 1688 1741 2032 2097 2314 2324 2453 2466 2524 2615 2797 3137 3154 3159 3216 3527 4100 4165 4278 4548 4728 5041 5519 5520 5521 5525 5672 5747 5752 5781 5828 5860 5876 6277 6496 6634 6635 6636 6637 6638 6640 6781 7011 7032 7191 7411 7988 8203,item 1347 features: 0 16 22 36 43 46 68 69 74 75 77 80 101 109 112 115 128 133 135 139 144 145 147 148 162 163 164 169 171 172 173 176 179 191 194 197 199 203 210 242 251 252 258 285 288 293 303 327 342 344 358 367 382 404 407 408 421 495 507 521 540 549 577 602 604 606 613 636 651 654 655 662 691 706 709 714 717 765 852 862 915 975 1046 1048 1103 1107 1109 1137 1141 1234 1244 1257 1263 1324 1393 1425 1456 1562 1563 1568 1578 1683 1687 1688 1741 2032 2097 2314 2324 2453 2466 2524 2615 2797 3137 3154 3159 3216 3527 4100 4165 4278 4548 4728 5041 5519 5520 5521 5525 5672 5747 5752 5781 5828 5860 5876 6277 6496 6634 6635 6636 6637 6638 6640 6781 7011 7032 7191 7411 7988 8203,
1348,item_1348,,item_1348,,16 22 36 46 96 112 133 194 199 258 303 507 519 580 641 691 901 1051 1109 1312 2321 2323 2326 2327 2328 2329 2603 2614 3137 3360 3496 5780 6470 6471,item 1348 features: 16 22 36 46 96 112 133 194 199 258 303 507 519 580 641 691 901 1051 1109 1312 2321 2323 2326 2327 2328 2329 2603 2614 3137 3360 3496 5780 6470 6471,
1349,item_1349,,item_1349,,22 23 77 109 115 148 158 251 260 322 323 865 2512 3343 3762 7422 7423 7424,item 1349 features: 22 23 77 109 115 148 158 251 260 322 323 865 2512 3343 3762 7422 7423 7424,
1350,item_1350,,item_1350,,16 30 157 315 2024,item 1350 features: 16 30 157 315 2024,
1353,item_1353,,item_1353,,68 69 74 75 148 260,item 1353 features: 68 69 74 75 148 260,
1354,item_1354,,item_1354,,16 25 57 70 82 86 109 142 150 158 461 486 488 717 1109 2055 3153,item 1354 features: 16 25 57 70 82 86 109 142 150 158 461 486 488 717 1109 2055 3153,
1356,item_1356,,item_1356,,30 141 157 314 315 617 846 1879 1880 1881 1882 1883 1884 6806,item 1356 features: 30 141 157 314 315 617 846 1879 1880 1881 1882 1883 1884 6806,
1363,item_1363,,item_1363,,12 16 41 96 109 258 7288,item 1363 features: 12 16 41 96 109 258 7288,
1365,item_1365,,item_1365,,22 69 81 133 179 208 507 574 611 842 865 2999 4571 5610 5689 7156 7159 7166,item 1365 features: 22 69 81 133 179 208 507 574 611 842 865 2999 4571 5610 5689 7156 7159 7166,
1366,item_1366,,item_1366,,109 251 592 598 630 1539,item 1366 features: 109 251 592 598 630 1539,
1368,item_1368,,item_1368,,112 467 787,item 1368 features: 112 467 787,
1370,item_1370,,item_1370,,0 30 56 173 377 4232,item 1370 features: 0 30 56 173 377 4232,
1372,item_1372,,item_1372,,0 30 56 78 173 377 4232,item 1372 features: 0 30 56 78 173 377 4232,
1373,item_1373,,item_1373,,30 1805,item 1373 features: 30 1805,
1379,item_1379,,item_1379,,3 12 16 24 29 30 69 150 303 367 396 434 460 1061 1403 1646 3033 4582 4695 6870 8115,item 1379 features: 3 12 16 24 29 30 69 150 303 367 396 434 460 1061 1403 1646 3033 4582 4695 6870 8115,
1380,item_1380,,item_1380,,30 77 83 176 325 327 691 978 1164 4566 5302,item 1380 features: 30 77 83 176 325 327 691 978 1164 4566 5302,
1381,item_1381,,item_1381,,11 12 13 16 36 57 82 86 109 150 158 173 370 456 1109 1365 1725 1897 4424 4819 6687 7696,item 1381 features: 11 12 13 16 36 57 82 86 109 150 158 173 370 456 1109 1365 1725 1897 4424 4819 6687 7696,
1383,item_1383,,item_1383,,11 12 16 24 25 30 44 69 70 75 77 80 83 109 147 150 154 176 192 197 244 263 303 325 327 355 367 396 598 602 691 692 703 706 1140 1784 1786 1804 3169 3566 3643 8117 8118,item 1383 features: 11 12 16 24 25 30 44 69 70 75 77 80 83 109 147 150 154 176 192 197 244 263 303 325 327 355 367 396 598 602 691 692 703 706 1140 1784 1786 1804 3169 3566 3643 8117 8118,
1386,item_1386,,item_1386,,16 24 30 56 63 83 109 192 1315 3303,item 1386 features: 16 24 30 56 63 83 109 192 1315 3303,
1387,item_1387,,item_1387,,12 30 83 154 176 703 861 1484 7490,item 1387 features: 12 30 83 154 176 703 861 1484 7490,
1389,item_1389,,item_1389,,22 112 690,item 1389 features: 22 112 690,
1390,item_1390,,item_1390,,22 36 46 101 112 115 133 179 197 242 285 303 641 691 857 940 978 1263 2448 2834 2837 5740 5745 8206,item 1390 features: 22 36 46 101 112 115 133 179 197 242 285 303 641 691 857 940 978 1263 2448 2834 2837 5740 5745 8206,
1391,item_1391,,item_1391,,23 75 139 144 235 242 625 1650 1660 1662,item 1391 features: 23 75 139 144 235 242 625 1650 1660 1662,
1392,item_1392,,item_1392,,148 173 321 717 2383,item 1392 features: 148 173 321 717 2383,
1393,item_1393,,item_1393,,23 68 69 127 155 320 321 377 611 1600 3455 3576 3965 4961 6015,item 1393 features: 23 68 69 127 155 320 321 377 611 1600 3455 3576 3965 4961 6015,
1394,item_1394,,item_1394,,11 12 16 30 31 44 150 176 693 2274 4088 5972,item 1394 features: 11 12 16 30 31 44 150 176 693 2274 4088 5972,
1406,item_1406,,item_1406,,23 112 115 147 285 367 1650 1665 5860 5861 5862 7157,item 1406 features: 23 112 115 147 285 367 1650 1665 5860 5861 5862 7157,
1410,item_1410,,item_1410,,46 79 112 133 147 176 194 242 421 507 519 580 585 654 717 8019 8233,item 1410 features: 46 79 112 133 147 176 194 242 421 507 519 580 585 654 717 8019 8233,
1411,item_1411,,item_1411,,14 57,item 1411 features: 14 57,
1412,item_1412,,item_1412,,74,item 1412 features: 74,
1424,item_1424,,item_1424,,12 13 16 447 693 1140,item 1424 features: 12 13 16 447 693 1140,
1425,item_1425,,item_1425,,11 13 16 24 31 41 44 62 147 176 263 1153 2172 2627 2629 7696 7697 7698 7700,item 1425 features: 11 13 16 24 31 41 44 62 147 176 263 1153 2172 2627 2629 7696 7697 7698 7700,
1426,item_1426,,item_1426,,112 115 133 147 421 507,item 1426 features: 112 115 133 147 421 507,
1427,item_1427,,item_1427,,77 112 115 148 691,item 1427 features: 77 112 115 148 691,
1428,item_1428,,item_1428,,24 75 77 112 2199,item 1428 features: 24 75 77 112 2199,
1433,item_1433,,item_1433,,69 84 115 179 210 247 260 365 377 507 696 7987,item 1433 features: 69 84 115 179 210 247 260 365 377 507 696 7987,
1434,item_1434,,item_1434,,3 16 22 36 46 96 97 101 115 133 169 170 173 191 193 194 195 258 286 288 293 358 404 407 495 519 521 606 613 654 796 877 937 1109 1154 1234 1236 1243 1253 1264 1462 1499 1741 1798 3137 3359 3769 3954 3955 3956 4238 5266 5278 5544 5745 6727 6739 6741 6919 6920 6924 6925 7769 7988 8101 8102 8105,item 1434 features: 3 16 22 36 46 96 97 101 115 133 169 170 173 191 193 194 195 258 286 288 293 358 404 407 495 519 521 606 613 654 796 877 937 1109 1154 1234 1236 1243 1253 1264 1462 1499 1741 1798 3137 3359 3769 3954 3955 3956 4238 5266 5278 5544 5745 6727 6739 6741 6919 6920 6924 6925 7769 7988 8101 8102 8105,
1435,item_1435,,item_1435,,14 74 75 77 80 109 142 235 461 468 862 2615 3153 4588 4592 6687,item 1435 features: 14 74 75 77 80 109 142 235 461 468 862 2615 3153 4588 4592 6687,
1436,item_1436,,item_1436,,11 22 53 69 74 75 136 145 291 299 404 408 540 606 691 911 1044 1786 3577 5138 5435 5617 6777 7213 7581 7710 7936,item 1436 features: 11 22 53 69 74 75 136 145 291 299 404 408 540 606 691 911 1044 1786 3577 5138 5435 5617 6777 7213 7581 7710 7936,
1437,item_1437,,item_1437,,0 87 320 500 501 989 1601 1875,item 1437 features: 0 87 320 500 501 989 1601 1875,
1438,item_1438,,item_1438,,22 36 101 109 138 154 165 172 176 179 191 194 260 270 288 291 303 339 404 408 700 706 884 1101 1109 1139 1324 1325 1331 1450 1462 1568 1600 1775 1985 1991 2032 2104 2105 2111 2140 2734 3293 3427 3551 3553 4360 5544 5740 5749 5826 6028 6288 6441 6626 6706 6757 6922 6990 7096 7097 7098 7099 7100 7101 7102 7166 7339,item 1438 features: 22 36 101 109 138 154 165 172 176 179 191 194 260 270 288 291 303 339 404 408 700 706 884 1101 1109 1139 1324 1325 1331 1450 1462 1568 1600 1775 1985 1991 2032 2104 2105 2111 2140 2734 3293 3427 3551 3553 4360 5544 5740 5749 5826 6028 6288 6441 6626 6706 6757 6922 6990 7096 7097 7098 7099 7100 7101 7102 7166 7339,
1439,item_1439,,item_1439,,0 23 320 501 1054,item 1439 features: 0 23 320 501 1054,
1440,item_1440,,item_1440,,79 81 208 507 611 3117 3121 3122,item 1440 features: 79 81 208 507 611 3117 3121 3122,
1441,item_1441,,item_1441,,16 70,item 1441 features: 16 70,
1442,item_1442,,item_1442,,69 74 75 77 80 323 325 1047 3783 6430,item 1442 features: 69 74 75 77 80 323 325 1047 3783 6430,
1444,item_1444,,item_1444,,69 74 75 136,item 1444 features: 69 74 75 136,
1445,item_1445,,item_1445,,0 69 72 321 354 1274 5162,item 1445 features: 0 69 72 321 354 1274 5162,
1446,item_1446,,item_1446,,147 154 437 1009 2681 3610 7875,item 1446 features: 147 154 437 1009 2681 3610 7875,
1447,item_1447,,item_1447,,22 23 262 270 286 295 618 821 863 5740 5741 5742 5743 5749 8021,item 1447 features: 22 23 262 270 286 295 618 821 863 5740 5741 5742 5743 5749 8021,
1449,item_1449,,item_1449,,11 69 101 170 204 242 262 408 605 697 1046 1048 3029 5428 5519 5520 5522 5523 5529 5531 5536 5537 5748 8020,item 1449 features: 11 69 101 170 204 242 262 408 605 697 1046 1048 3029 5428 5519 5520 5522 5523 5529 5531 5536 5537 5748 8020,
1452,item_1452,,item_1452,,314 315 354 1478 1479 1480,item 1452 features: 314 315 354 1478 1479 1480,
1453,item_1453,,item_1453,,30 72 157 314 315 354 810 1478 1479 1481,item 1453 features: 30 72 157 314 315 354 810 1478 1479 1481,
1460,item_1460,,item_1460,,16 22 36 86 108 147 173 191 260 291 419 1051 1449 1450 1458 1461 1462 1463 1464 5741,item 1460 features: 16 22 36 86 108 147 173 191 260 291 419 1051 1449 1450 1458 1461 1462 1463 1464 5741,
1461,item_1461,,item_1461,,69 72 74 75 77 94 109 139 141 143 148 149 157 320 321 367 404 662 1272 1578 6760 6761 6762 6763,item 1461 features: 69 72 74 75 77 94 109 139 141 143 148 149 157 320 321 367 404 662 1272 1578 6760 6761 6762 6763,
1462,item_1462,,item_1462,,68 69 103 155 291 303 365 696 938 2055 3495 4849,item 1462 features: 68 69 103 155 291 303 365 696 938 2055 3495 4849,
1463,item_1463,,item_1463,,74 115 144 151 260,item 1463 features: 74 115 144 151 260,
1464,item_1464,,item_1464,,30 74 75 109 151 990,item 1464 features: 30 74 75 109 151 990,
1466,item_1466,,item_1466,,69 75 91 115 148 155 179 208 247 423 581 611 692 696 717 861 862 1048 2083 8196,item 1466 features: 69 75 91 115 148 155 179 208 247 423 581 611 692 696 717 861 862 1048 2083 8196,
1468,item_1468,,item_1468,,77 80 109 115 5859 5860,item 1468 features: 77 80 109 115 5859 5860,
1469,item_1469,,item_1469,,0 5 112 695,item 1469 features: 0 5 112 695,
1470,item_1470,,item_1470,,22 74 77 112 115 148 179 247 251 303 327 423 630 691,item 1470 features: 22 74 77 112 115 148 179 247 251 303 327 423 630 691,
1482,item_1482,,item_1482,,16 22 36 112 272,item 1482 features: 16 22 36 112 272,
1485,item_1485,,item_1485,,112 115 156 176 179 247 1332 2257,item 1485 features: 112 115 156 176 179 247 1332 2257,
1486,item_1486,,item_1486,,23 91 147 156 164 176 179 291 437 611 706 819 1044 1046 2453 3227 4458 6789 7559 7572,item 1486 features: 23 91 147 156 164 176 179 291 437 611 706 819 1044 1046 2453 3227 4458 6789 7559 7572,
1487,item_1487,,item_1487,,22 109 262 270 286 295 307 408 861 5740 5741 5742 5748 5749 5750 5752 7935 8021 8024,item 1487 features: 22 109 262 270 286 295 307 408 861 5740 5741 5742 5748 5749 5750 5752 7935 8021 8024,
1488,item_1488,,item_1488,,23 68 69 100 106 155 176 179 192 260 303 321 422 611 650 666 1048 1668 1787 2969 3045 3964 4673 4958 5614,item 1488 features: 23 68 69 100 106 155 176 179 192 260 303 321 422 611 650 666 1048 1668 1787 2969 3045 3964 4673 4958 5614,
1489,item_1489,,item_1489,,156 176 199 291 447 706 863 867 1044 1046 1060 1397 2453 3227 4458 4692 4693,item 1489 features: 156 176 199 291 447 706 863 867 1044 1046 1060 1397 2453 3227 4458 4692 4693,
1490,item_1490,,item_1490,,12 14 22 23 30 69 75 86 105 115 147 148 155 158 253 260 291 321 611 661 691 710 717 766 857 865 1346 1650 1651 1655 1784 2055 3214 3281 3283 3284 5872 5886 5903 5904 5905 5907 5908 5909 5919 5922 5925 5926 6090 6605,item 1490 features: 12 14 22 23 30 69 75 86 105 115 147 148 155 158 253 260 291 321 611 661 691 710 717 766 857 865 1346 1650 1651 1655 1784 2055 3214 3281 3283 3284 5872 5886 5903 5904 5905 5907 5908 5909 5919 5922 5925 5926 6090 6605,
1491,item_1491,,item_1491,,16 22 36 86 99 112 173 453 456 604 851 1045 1051 4702,item 1491 features: 16 22 36 86 99 112 173 453 456 604 851 1045 1051 4702,
1493,item_1493,,item_1493,,16 36 86 99 112 150 456 1045,item 1493 features: 16 36 86 99 112 150 456 1045,
1497,item_1497,,item_1497,,22 36 46 96 133,item 1497 features: 22 36 46 96 133,
1498,item_1498,,item_1498,,11 79 112 115 148 692 693 696 865 1347,item 1498 features: 11 79 112 115 148 692 693 696 865 1347,
1499,item_1499,,item_1499,,36 112 133,item 1499 features: 36 112 133,
1500,item_1500,,item_1500,,22 23 262 295 819 820 824,item 1500 features: 22 23 262 295 819 820 824,
1502,item_1502,,item_1502,,11 12 16 84 86 150 263 450 454 474 693 1140 1980 2158 5133,item 1502 features: 11 12 16 84 86 150 263 450 454 474 693 1140 1980 2158 5133,
1507,item_1507,,item_1507,,77 112 115 148 158 197 1692 2582 4677 4678,item 1507 features: 77 112 115 148 158 197 1692 2582 4677 4678,
1509,item_1509,,item_1509,,147 154 5080 5877,item 1509 features: 147 154 5080 5877,
1510,item_1510,,item_1510,,109 143 149 314 1503,item 1510 features: 109 143 149 314 1503,
1512,item_1512,,item_1512,,74 321 4614,item 1512 features: 74 321 4614,
1514,item_1514,,item_1514,,69 74 75 109 144 145 157 179 226 239 242 303 662 4073,item 1514 features: 69 74 75 109 144 145 157 179 226 239 242 303 662 4073,
1515,item_1515,,item_1515,,96 97 160 189 191 258 310 422 520 2324 2329 2427 2589 3518 5788,item 1515 features: 96 97 160 189 191 258 310 422 520 2324 2329 2427 2589 3518 5788,
1516,item_1516,,item_1516,,69 74 75 79 103 109 148 176 197 291 303 399 706 829 830 954 1335 1338 1339 1342 2055 3494 6917 7154,item 1516 features: 69 74 75 79 103 109 148 176 197 291 303 399 706 829 830 954 1335 1338 1339 1342 2055 3494 6917 7154,
1517,item_1517,,item_1517,,81 133 147 208 260 407 507 574 696 836 842 1050 1179 3117 3355 4988 5866 5873 6754 7696,item 1517 features: 81 133 147 208 260 407 507 574 696 836 842 1050 1179 3117 3355 4988 5866 5873 6754 7696,
1518,item_1518,,item_1518,,69 71 75 77 80 112 144 145 203 206 209 210 228 696 1601,item 1518 features: 69 71 75 77 80 112 144 145 203 206 209 210 228 696 1601,
1519,item_1519,,item_1519,,69 79 81 133 155 179 208 212 421 507 696 717 842 1050 1179 7865,item 1519 features: 69 79 81 133 155 179 208 212 421 507 696 717 842 1050 1179 7865,
1521,item_1521,,item_1521,,69 79 100 155 179 260 291 507 574 611 696 839 842 844 1050 1203 1960 3548 3549 5866 6692 6952,item 1521 features: 69 79 100 155 179 260 291 507 574 611 696 839 842 844 1050 1203 1960 3548 3549 5866 6692 6952,
1522,item_1522,,item_1522,,57 74 75 136 284 689 1052 1546 4734,item 1522 features: 57 74 75 136 284 689 1052 1546 4734,
1523,item_1523,,item_1523,,23 81 133 179 199 208 260 399 507 588 611 696 842 1143 1179 1223 2032 2999 3214 4816 4821 4824 5692 7156 7159 7168,item 1523 features: 23 81 133 179 199 208 260 399 507 588 611 696 842 1143 1179 1223 2032 2999 3214 4816 4821 4824 5692 7156 7159 7168,
1524,item_1524,,item_1524,,22 23 46 79 81 112 133 171 179 208 285 507 519 520 549 574 591 696 717 842 2999 3105 3114 4673 5690 5692,item 1524 features: 22 23 46 79 81 112 133 171 179 208 285 507 519 520 549 574 591 696 717 842 2999 3105 3114 4673 5690 5692,
1525,item_1525,,item_1525,,133 507 696 842 1050 1669,item 1525 features: 133 507 696 842 1050 1669,
1528,item_1528,,item_1528,,22 36 112 126 130 176 197 565 801 1000 1679 8336,item 1528 features: 22 36 112 126 130 176 197 565 801 1000 1679 8336,
1529,item_1529,,item_1529,,16 22 36 96 126 130 163 169 197 199 260 268 801 1684 6288,item 1529 features: 16 22 36 96 126 130 163 169 197 199 260 268 801 1684 6288,
1530,item_1530,,item_1530,,22 36 147 179 288 339 798 1263 2453 3535 3973 3974 3975 5744 5747 7084 7420,item 1530 features: 22 36 147 179 288 339 798 1263 2453 3535 3973 3974 3975 5744 5747 7084 7420,
1531,item_1531,,item_1531,,126 130 260 801,item 1531 features: 126 130 260 801,
1532,item_1532,,item_1532,,22 69 155 574 611 691 1048 5863,item 1532 features: 22 69 155 574 611 691 1048 5863,
1533,item_1533,,item_1533,,147 155 208 423 938,item 1533 features: 147 155 208 423 938,
1535,item_1535,,item_1535,,22 46 77 80 112 115 147 148 251 260 377 634 691 5540,item 1535 features: 22 46 77 80 112 115 147 148 251 260 377 634 691 5540,
1536,item_1536,,item_1536,,22 69 71 84 155 158 200 201 202 204 205 208 2391 2394 2635 2888 4025 5133 5688 5691 5692 5864,item 1536 features: 22 69 71 84 155 158 200 201 202 204 205 208 2391 2394 2635 2888 4025 5133 5688 5691 5692 5864,
1537,item_1537,,item_1537,,23 75 77 80 139 143 144 145 157 625,item 1537 features: 23 75 77 80 139 143 144 145 157 625,
1538,item_1538,,item_1538,,22 46 112 169 171 176 191 194 197 199 270 285 295 303 377 507 512 513 514 515 532 533 534 606 1837 2032 2196 2225 3195 5010 5012 5013 5014 5015 5016 5811 7633,item 1538 features: 22 46 112 169 171 176 191 194 197 199 270 285 295 303 377 507 512 513 514 515 532 533 534 606 1837 2032 2196 2225 3195 5010 5012 5013 5014 5015 5016 5811 7633,
1540,item_1540,,item_1540,,16 22 23 26 27 69 74 75 76 101 112 122 139 142 199 260 286 5592 5599 5826 6177 6679,item 1540 features: 16 22 23 26 27 69 74 75 76 101 112 122 139 142 199 260 286 5592 5599 5826 6177 6679,
1542,item_1542,,item_1542,,4 16 22 36 46 86 99 112 150 169 197 285 290 296 319 321 405 487 1109 4123 4447,item 1542 features: 4 16 22 36 46 86 99 112 150 169 197 285 290 296 319 321 405 487 1109 4123 4447,
1543,item_1543,,item_1543,,0 3 4 87 144 173 282 320 663 1559 2562 2721 3030 3033 3034 7678,item 1543 features: 0 3 4 87 144 173 282 320 663 1559 2562 2721 3030 3033 3034 7678,
1544,item_1544,,item_1544,,22 69 74 75 77 80 109 112 135 139 169 303 975 1324 1424 1647 1837 4121 4122 4289 4298 4300 4338 4588 4591 6685 8404,item 1544 features: 22 69 74 75 77 80 109 112 135 139 169 303 975 1324 1424 1647 1837 4121 4122 4289 4298 4300 4338 4588 4591 6685 8404,
1545,item_1545,,item_1545,,0 68 69 320 347,item 1545 features: 0 68 69 320 347,
1546,item_1546,,item_1546,,69 74 75 109 135 139 141 143 144 170 242 260 634 698 2071 5049 5625 7435,item 1546 features: 69 74 75 109 135 139 141 143 144 170 242 260 634 698 2071 5049 5625 7435,
1547,item_1547,,item_1547,,22 74 77 80 112 251 323 1209 8053,item 1547 features: 22 74 77 80 112 251 323 1209 8053,
1548,item_1548,,item_1548,,14 22 23 68 69 75 109 112 155 192 235 242 251 404 611 706 717 862 1046 1049 1107 1272 1346 1650 1651 2153 2991 5879 6282 6320,item 1548 features: 14 22 23 68 69 75 109 112 155 192 235 242 251 404 611 706 717 862 1046 1049 1107 1272 1346 1650 1651 2153 2991 5879 6282 6320,
1550,item_1550,,item_1550,,11 12 13 16 18 19 20 30 44 79 150 693 1140 1363 1603 1898 4372 4373,item 1550 features: 11 12 13 16 18 19 20 30 44 79 150 693 1140 1363 1603 1898 4372 4373,
1552,item_1552,,item_1552,,144 145 203 4211 7526,item 1552 features: 144 145 203 4211 7526,
1554,item_1554,,item_1554,,16 22 36 77 94 150 158 162 260 330 606 721 5414 6430 6634 6635 6636 6637,item 1554 features: 16 22 36 77 94 150 158 162 260 330 606 721 5414 6430 6634 6635 6636 6637,
1556,item_1556,,item_1556,,16 18 19 30 44 70 112 150 154 163 173 263 272 303 330 1109 1161 2044 2153 6407 6687,item 1556 features: 16 18 19 30 44 70 112 150 154 163 173 263 272 303 330 1109 1161 2044 2153 6407 6687,
1558,item_1558,,item_1558,,16 27 29 36 46 77 109 112 150 162 193 235 263 330 716 1109 1305 1655 3652 4729 6407 6414 6687,item 1558 features: 16 27 29 36 46 77 109 112 150 162 193 235 263 330 716 1109 1305 1655 3652 4729 6407 6414 6687,
1559,item_1559,,item_1559,,16 1372,item 1559 features: 16 1372,
1560,item_1560,,item_1560,,14 16 22 36 70 94 150 166 173 176 197 487,item 1560 features: 14 16 22 36 70 94 150 166 173 176 197 487,
1566,item_1566,,item_1566,,69 135 144 293 602 6634,item 1566 features: 69 135 144 293 602 6634,
1568,item_1568,,item_1568,,74 77 179 291 377 717 862 1272 1408 1650 1662 5836,item 1568 features: 74 77 179 291 377 717 862 1272 1408 1650 1662 5836,
1573,item_1573,,item_1573,,69 74 75 144 145 1247 6695,item 1573 features: 69 74 75 144 145 1247 6695,
1577,item_1577,,item_1577,,1 109 140 242 314,item 1577 features: 1 109 140 242 314,
1579,item_1579,,item_1579,,27 101 109 1522,item 1579 features: 27 101 109 1522,
1580,item_1580,,item_1580,,77 112 247 4677 4678,item 1580 features: 77 112 247 4677 4678,
1581,item_1581,,item_1581,,11 14 22 23 36 69 74 75 77 79 80 94 101 109 115 136 148 191 199 235 242 247 251 260 323 404 408 422 447 602 606 691 765 950 1048 1093 1263 1324 1568 1578 1772 1775 2624 2837 3196 3197 3198 3199 3200 3201 3202 3203 3204 3205 3206 4121 4122 4738 5519 5520 5543 5741 5744 5747 5753 5754 5874 5926 6693 6781 7154 7785 8374,item 1581 features: 11 14 22 23 36 69 74 75 77 79 80 94 101 109 115 136 148 191 199 235 242 247 251 260 323 404 408 422 447 602 606 691 765 950 1048 1093 1263 1324 1568 1578 1772 1775 2624 2837 3196 3197 3198 3199 3200 3201 3202 3203 3204 3205 3206 4121 4122 4738 5519 5520 5543 5741 5744 5747 5753 5754 5874 5926 6693 6781 7154 7785 8374,
1582,item_1582,,item_1582,,22 27 36 110 112 162 163 194 455 507 651 706 5826,item 1582 features: 22 27 36 110 112 162 163 194 455 507 651 706 5826,
1583,item_1583,,item_1583,,115 260 498 4121 4122,item 1583 features: 115 260 498 4121 4122,
1585,item_1585,,item_1585,,22 36 112 133 291 507 830 3494 7720,item 1585 features: 22 36 112 133 291 507 830 3494 7720,
1586,item_1586,,item_1586,,22 27 36 96 112 133 173 197 199 285 333 338 403 419 455 507 519 651 965 1458 2581,item 1586 features: 22 27 36 96 112 133 173 197 199 285 333 338 403 419 455 507 519 651 965 1458 2581,
1587,item_1587,,item_1587,,22 69 74 75 101 112 115 148 489 572 690 717 850 965 1554 1578 4278,item 1587 features: 22 69 74 75 101 112 115 148 489 572 690 717 850 965 1554 1578 4278,
1595,item_1595,,item_1595,,69 75 109 135 144 145 303 717 5136,item 1595 features: 69 75 109 135 144 145 303 717 5136,
1596,item_1596,,item_1596,,0 1 68 75 144 147 179 320 1603 5620,item 1596 features: 0 1 68 75 144 147 179 320 1603 5620,
1597,item_1597,,item_1597,,101 265,item 1597 features: 101 265,
1598,item_1598,,item_1598,,68 69 74 75 101 139 145 157 358 634 690 1165 1578 2256 2559 3156,item 1598 features: 68 69 74 75 101 139 145 157 358 634 690 1165 1578 2256 2559 3156,
1600,item_1600,,item_1600,,4 57 617,item 1600 features: 4 57 617,
1601,item_1601,,item_1601,,68 69 74 75 1052 1143 5132 8286,item 1601 features: 68 69 74 75 1052 1143 5132 8286,
1603,item_1603,,item_1603,,16 30 69 75 77 80 83 109 112 303 327 7967,item 1603 features: 16 30 69 75 77 80 83 109 112 303 327 7967,
1605,item_1605,,item_1605,,68 69 74 179 242 320 2055 7936,item 1605 features: 68 69 74 179 242 320 2055 7936,
1608,item_1608,,item_1608,,0 157 314 978,item 1608 features: 0 157 314 978,
1609,item_1609,,item_1609,,74 77 141 404 625 6763,item 1609 features: 74 77 141 404 625 6763,
1610,item_1610,,item_1610,,11 12 13 16 18 19 20 77 79 81 84 150 154 242 693 706 1364 1365 1898 2274 5137 5138 7125 7452 8151 8152,item 1610 features: 11 12 13 16 18 19 20 77 79 81 84 150 154 242 693 706 1364 1365 1898 2274 5137 5138 7125 7452 8151 8152,
1611,item_1611,,item_1611,,0 143 314 315,item 1611 features: 0 143 314 315,
1613,item_1613,,item_1613,,67 88 96 97 107 160 191 241 258 309 422 1424 1775 2367 2426 2584 2585 2586 2589 2590 2593 2595 2604 3273 3516 3853 6240 7815 7816 7822,item 1613 features: 67 88 96 97 107 160 191 241 258 309 422 1424 1775 2367 2426 2584 2585 2586 2589 2590 2593 2595 2604 3273 3516 3853 6240 7815 7816 7822,
1614,item_1614,,item_1614,,88 96 97 106 160 179 189 258 309 441 3517 3518 4367 7302 7578 7579 7580,item 1614 features: 88 96 97 106 160 179 189 258 309 441 3517 3518 4367 7302 7578 7579 7580,
1616,item_1616,,item_1616,,74 602 7130,item 1616 features: 74 602 7130,
1617,item_1617,,item_1617,,65 69 99 115 208 226 253 265 611 691 693 1122 1140 2806 2807 2815 3681 3690 3865 4821 5504 5859 5863 7896,item 1617 features: 65 69 99 115 208 226 253 265 611 691 693 1122 1140 2806 2807 2815 3681 3690 3865 4821 5504 5859 5863 7896,
1618,item_1618,,item_1618,,69 96 97 157 358 1520 7994,item 1618 features: 69 96 97 157 358 1520 7994,
1619,item_1619,,item_1619,,23 68 69 76 365 715 825 840 996 1305 3415 4063 4065 8427,item 1619 features: 23 68 69 76 365 715 825 840 996 1305 3415 4063 4065 8427,
1620,item_1620,,item_1620,,69 77 80 112 489 585 662 1346 3494 7936,item 1620 features: 69 77 80 112 489 585 662 1346 3494 7936,
1621,item_1621,,item_1621,,68 100 173 715 844 994 996 999 1302 4129 4130,item 1621 features: 68 100 173 715 844 994 996 999 1302 4129 4130,
1622,item_1622,,item_1622,,105 144 145 157 158 411 949 990 998 4793,item 1622 features: 105 144 145 157 158 411 949 990 998 4793,
1623,item_1623,,item_1623,,22 68 69 74 75 81 101 115 133 155 176 194 197 199 260 291 303 396 404 507 521 585 823 826 830 833 856 1044 1238 1655 1894 2055 2639 3153 3494 3573 4373 4818 4820 4821 7214 7223 7225 7231 7233,item 1623 features: 22 68 69 74 75 81 101 115 133 155 176 194 197 199 260 291 303 396 404 507 521 585 823 826 830 833 856 1044 1238 1655 1894 2055 2639 3153 3494 3573 4373 4818 4820 4821 7214 7223 7225 7231 7233,
1624,item_1624,,item_1624,,68 69 76 144 145 328 611 1541 1600 1651 1664 4063 4621 4827 6692,item 1624 features: 68 69 76 144 145 328 611 1541 1600 1651 1664 4063 4621 4827 6692,
1626,item_1626,,item_1626,,144 235 299 611 1650,item 1626 features: 144 235 299 611 1650,
1627,item_1627,,item_1627,,0 1 68 69 74 75 77 100 136 144 173 260 831 844 934 2957 3577 4706 6500 6502 6503 7505 7995 7996 8147,item 1627 features: 0 1 68 69 74 75 77 100 136 144 173 260 831 844 934 2957 3577 4706 6500 6502 6503 7505 7995 7996 8147,
1628,item_1628,,item_1628,,23 36 68 69 77 112 144 155 169 235 582 697 717 1239 1247 5862,item 1628 features: 23 36 68 69 77 112 144 155 169 235 582 697 717 1239 1247 5862,
1629,item_1629,,item_1629,,78 157 949 4619,item 1629 features: 78 157 949 4619,
1631,item_1631,,item_1631,,68 291 715 996,item 1631 features: 68 291 715 996,
1632,item_1632,,item_1632,,22 26 27 69 101 112 173 455,item 1632 features: 22 26 27 69 101 112 173 455,
1633,item_1633,,item_1633,,68 173 320 715 964 996 3618,item 1633 features: 68 173 320 715 964 996 3618,
1634,item_1634,,item_1634,,16 147 154 1009 6921 7868 7875,item 1634 features: 16 147 154 1009 6921 7868 7875,
1635,item_1635,,item_1635,,22 23 69 115 260 291 492 2026 2027 2029 2030 8244,item 1635 features: 22 23 69 115 260 291 492 2026 2027 2029 2030 8244,
1636,item_1636,,item_1636,,12 24 83 143 1028 4617,item 1636 features: 12 24 83 143 1028 4617,
1637,item_1637,,item_1637,,112 437 788,item 1637 features: 112 437 788,
1638,item_1638,,item_1638,,11 12 21 27 43 142 173 197 291 404 447 604 694 703 862 1786 3071 3072 3304 4374 8066 8068,item 1638 features: 11 12 21 27 43 142 173 197 291 404 447 604 694 703 862 1786 3071 3072 3304 4374 8066 8068,
1639,item_1639,,item_1639,,69 112 115 144 206 284 328 1674,item 1639 features: 69 112 115 144 206 284 328 1674,
1642,item_1642,,item_1642,,0 6 69 112 142 1058 6146,item 1642 features: 0 6 69 112 142 1058 6146,
1646,item_1646,,item_1646,,144 157 169,item 1646 features: 144 157 169,
1649,item_1649,,item_1649,,75 135 139 4506,item 1649 features: 75 135 139 4506,
1654,item_1654,,item_1654,,80 235 1650 1652,item 1654 features: 80 235 1650 1652,
1659,item_1659,,item_1659,,12 30 41 44 96 1365 2002 4311 5382 5383,item 1659 features: 12 30 41 44 96 1365 2002 4311 5382 5383,
1664,item_1664,,item_1664,,0 30 74 75 1601 1605 2697,item 1664 features: 0 30 74 75 1601 1605 2697,
1665,item_1665,,item_1665,,16 57,item 1665 features: 16 57,
1668,item_1668,,item_1668,,144 145 4216,item 1668 features: 144 145 4216,
1669,item_1669,,item_1669,,19 69 75 77 84 112 115 133 262 327 2357 5133 7876,item 1669 features: 19 69 75 77 84 112 115 133 262 327 2357 5133 7876,
1670,item_1670,,item_1670,,314 1499,item 1670 features: 314 1499,
1671,item_1671,,item_1671,,96 97 112 133 199 258 310 519 853 2055 2318 2319 2320 2321 2324 2325 2329 2594 7988,item 1671 features: 96 97 112 133 199 258 310 519 853 2055 2318 2319 2320 2321 2324 2325 2329 2594 7988,
1674,item_1674,,item_1674,,11 13 16 18 19 30 98 150 4373 5577 7722,item 1674 features: 11 13 16 18 19 30 98 150 4373 5577 7722,
1677,item_1677,,item_1677,,69 74 2618,item 1677 features: 69 74 2618,
1680,item_1680,,item_1680,,16 320 347 936 982 7139,item 1680 features: 16 320 347 936 982 7139,
1681,item_1681,,item_1681,,69 112 120 121 147 433 946 3409 6351,item 1681 features: 69 112 120 121 147 433 946 3409 6351,
1684,item_1684,,item_1684,,69 77 100 173 585 959,item 1684 features: 69 77 100 173 585 959,
1688,item_1688,,item_1688,,0 6 16 69 112 142 489 604 1058 2057,item 1688 features: 0 6 16 69 112 142 489 604 1058 2057,
1689,item_1689,,item_1689,,16 70 112 150 162 330 487,item 1689 features: 16 70 112 150 162 330 487,
1690,item_1690,,item_1690,,22 75 77 148 149 169 203 247 251 260 352 395 419 602 634 706 975 978 1238 1324 1325 1578 1930 4755 7078 7938 8219,item 1690 features: 22 75 77 148 149 169 203 247 251 260 352 395 419 602 634 706 975 978 1238 1324 1325 1578 1930 4755 7078 7938 8219,
1691,item_1691,,item_1691,,22 96 113 133 199 507 519 1132 8217,item 1691 features: 22 96 113 133 199 507 519 1132 8217,
1692,item_1692,,item_1692,,16 22 39 75 162 169 270 295 307 1234 1250 2919 5741 5742 6690 6694 6696 6697 6700 8020 8024 8028,item 1692 features: 16 22 39 75 162 169 270 295 307 1234 1250 2919 5741 5742 6690 6694 6696 6697 6700 8020 8024 8028,
1694,item_1694,,item_1694,,16 27 57 70 82 109 142 461 2696,item 1694 features: 16 27 57 70 82 109 142 461 2696,
1695,item_1695,,item_1695,,36 70 82 142 153 448 451 452 459 461 467 470 486,item 1695 features: 36 70 82 142 153 448 451 452 459 461 467 470 486,
1696,item_1696,,item_1696,,22 115 194 252 286 408 1325 1462 1543 1985 3423 3427 4360 4899 5124 5129 5544 6288 6881,item 1696 features: 22 115 194 252 286 408 1325 1462 1543 1985 3423 3427 4360 4899 5124 5129 5544 6288 6881,
1697,item_1697,,item_1697,,22 163 191 197 199 260 309 541 1139 1462 4121 4122 6349,item 1697 features: 22 163 191 197 199 260 309 541 1139 1462 4121 4122 6349,
1700,item_1700,,item_1700,,16 30 31 44 150 263 272 456 1603 6399,item 1700 features: 16 30 31 44 150 263 272 456 1603 6399,
1701,item_1701,,item_1701,,22 36 46 112 291 2453,item 1701 features: 22 36 46 112 291 2453,
1702,item_1702,,item_1702,,14 16 31 36 70 74 77 263 390 1424 3169 6430 6687 7213 7936 7938,item 1702 features: 14 16 31 36 70 74 77 263 390 1424 3169 6430 6687 7213 7936 7938,
1703,item_1703,,item_1703,,14 16 70 77 80 150 299 1161 6400 7187,item 1703 features: 14 16 70 77 80 150 299 1161 6400 7187,
1706,item_1706,,item_1706,,16 36 99 150 263 4033 6215 6216 6218 6687,item 1706 features: 16 36 99 150 263 4033 6215 6216 6218 6687,
1708,item_1708,,item_1708,,30 72 314 315 354 1478,item 1708 features: 30 72 314 315 354 1478,
1710,item_1710,,item_1710,,72 314 315 319 354 1478 1481,item 1710 features: 72 314 315 319 354 1478 1481,
1711,item_1711,,item_1711,,13 16 19 96 154 1363 4372 4373 5134 7696,item 1711 features: 13 16 19 96 154 1363 4372 4373 5134 7696,
1713,item_1713,,item_1713,,69 71 84 110 155 208 242 491 574 602 611 844 963 1203 1334 1448 3546 5520 5521 5522 5531,item 1713 features: 69 71 84 110 155 208 242 491 574 602 611 844 963 1203 1334 1448 3546 5520 5521 5522 5531,
1714,item_1714,,item_1714,,11 13 16 18 19 20 22 23 36 58 75 79 99 112 150 197 247 277 291 507 508 604 691 703 706 711 1221 1769 1851 1902 3950 4374 8066,item 1714 features: 11 13 16 18 19 20 22 23 36 58 75 79 99 112 150 197 247 277 291 507 508 604 691 703 706 711 1221 1769 1851 1902 3950 4374 8066,
1715,item_1715,,item_1715,,12 16 19 36 70 263 489,item 1715 features: 12 16 19 36 70 263 489,
1717,item_1717,,item_1717,,11 16 22 36 46 69 75 77 80 101 105 109 112 115 133 150 158 162 163 165 169 173 191 197 226 242 251 285 293 303 323 404 421 602 693 706 940 1060 1093 1140 1143 1324 1416 1424 1863 2314 2423 2994 4121 4478 4571 5741 5743 5859 5860 6611 7169 7937 7938 8015 8023,item 1717 features: 11 16 22 36 46 69 75 77 80 101 105 109 112 115 133 150 158 162 163 165 169 173 191 197 226 242 251 285 293 303 323 404 421 602 693 706 940 1060 1093 1140 1143 1324 1416 1424 1863 2314 2423 2994 4121 4478 4571 5741 5743 5859 5860 6611 7169 7937 7938 8015 8023,
1718,item_1718,,item_1718,,16 22 36 46 69 96 101 112 133 150 156 173 179 191 197 199 258 262 270 285 291 295 303 310 342 404 405 407 408 507 519 541 606 610 691 877 1025 1424 1462 1717 2231 2235 2316 2322 2327 2328 2447 3074 3137 3423 3430 3496 4077 4122 4201 5543 5550 5788 5826 5971 6611 6951 7773 7774 8016 8024,item 1718 features: 16 22 36 46 69 96 101 112 133 150 156 173 179 191 197 199 258 262 270 285 291 295 303 310 342 404 405 407 408 507 519 541 606 610 691 877 1025 1424 1462 1717 2231 2235 2316 2322 2327 2328 2447 3074 3137 3423 3430 3496 4077 4122 4201 5543 5550 5788 5826 5971 6611 6951 7773 7774 8016 8024,
1719,item_1719,,item_1719,,16 22 36 101 109 112 113 133 147 158 173 191 192 194 197 199 242 262 285 303 404 507 519 850 964 965 1107 1132 2106 3484 4365 5065 5826 5874 7032 7292 7981 8015 8016 8171 8172 8174 8175 8178 8190 8191 8192 8193 8194,item 1719 features: 16 22 36 101 109 112 113 133 147 158 173 191 192 194 197 199 242 262 285 303 404 507 519 850 964 965 1107 1132 2106 3484 4365 5065 5826 5874 7032 7292 7981 8015 8016 8171 8172 8174 8175 8178 8190 8191 8192 8193 8194,
1720,item_1720,,item_1720,,22 69 74 75 197 260 404 654 4121 4122 4434 6431 8228 8251,item 1720 features: 22 69 74 75 197 260 404 654 4121 4122 4434 6431 8228 8251,
1721,item_1721,,item_1721,,22 46 53 105 112 133 158 163 171 176 191 193 194 197 199 242 303 334 404 408 507 519 521 606 706 717 861 945 1107 1137 1138 1402 1802 2317 2442 2615 3272 3535 3783 4835 5290 5742 5746 5826 6287 6615 6618 6834 6835 6836 6837 7132 7223 7224 7988 8015 8016 8019 8364,item 1721 features: 22 46 53 105 112 133 158 163 171 176 191 193 194 197 199 242 303 334 404 408 507 519 521 606 706 717 861 945 1107 1137 1138 1402 1802 2317 2442 2615 3272 3535 3783 4835 5290 5742 5746 5826 6287 6615 6618 6834 6835 6836 6837 7132 7223 7224 7988 8015 8016 8019 8364,
1722,item_1722,,item_1722,,11 16 22 36 46 69 79 81 96 97 109 112 114 115 133 147 156 163 167 169 171 172 173 176 179 191 193 194 197 199 242 258 262 270 285 286 291 303 310 377 379 404 405 407 419 507 512 518 519 537 555 568 580 585 592 606 644 679 706 717 758 798 842 1107 1109 1137 1138 1187 1190 1191 1204 1229 1305 1424 1457 1775 2106 2135 2319 2320 2321 2322 2324 2326 2327 2328 2376 2430 2441 2442 2444 2481 2482 2483 2488 2614 2615 2706 2707 2710 2777 2876 2994 3137 3759 3967 4121 4122 4274 4278 4315 5543 5544 5741 5743 6101 6447 6469 6472 6611 6980 7223 7242 7243 7387 8015 8016 8019 8023 8423,item 1722 features: 11 16 22 36 46 69 79 81 96 97 109 112 114 115 133 147 156 163 167 169 171 172 173 176 179 191 193 194 197 199 242 258 262 270 285 286 291 303 310 377 379 404 405 407 419 507 512 518 519 537 555 568 580 585 592 606 644 679 706 717 758 798 842 1107 1109 1137 1138 1187 1190 1191 1204 1229 1305 1424 1457 1775 2106 2135 2319 2320 2321 2322 2324 2326 2327 2328 2376 2430 2441 2442 2444 2481 2482 2483 2488 2614 2615 2706 2707 2710 2777 2876 2994 3137 3759 3967 4121 4122 4274 4278 4315 5543 5544 5741 5743 6101 6447 6469 6472 6611 6980 7223 7242 7243 7387 8015 8016 8019 8023 8423,
1723,item_1723,,item_1723,,16 22 36 46 69 70 75 77 79 96 99 101 110 112 114 115 128 133 147 150 162 163 164 165 169 171 172 173 176 177 179 191 192 193 194 195 197 199 203 212 242 243 244 258 262 270 285 286 288 291 293 295 296 303 309 334 339 342 377 379 396 399 404 405 407 408 409 421 422 456 505 507 518 519 520 521 537 541 543 544 545 546 548 549 552 568 585 597 604 606 636 638 641 643 644 646 651 659 666 668 679 683 691 696 702 705 706 717 850 851 852 857 881 925 937 940 975 1006 1025 1049 1060 1080 1081 1107 1109 1137 1138 1140 1143 1217 1263 1305 1313 1334 1339 1348 1393 1402 1424 1425 1471 1472 1474 1614 1679 1680 1681 1682 1685 1687 1688 1767 1775 1814 1864 1885 1970 1971 1994 2031 2039 2052 2128 2129 2130 2131 2137 2322 2343 2344 2345 2346 2348 2376 2379 2442 2444 2448 2453 2614 2764 2772 2777 2778 2835 2837 2994 3058 3137 3191 3271 3273 3274 3293 3424 3426 3537 3538 3540 3543 3649 3748 3790 3792 3793 3794 3797 3798 3799 3930 4076 4077 4078 4080 4082 4083 4084 4085 4087 4121 4147 4260 4268 4269 4270 4271 4272 4273 4774 4775 4776 4779 4780 4781 4782 4785 4853 4854 4855 4856 4857 5259 5286 5287 5330 5642 5646 5740 5741 5742 5744 5746 5747 5752 6237 6386 6437 6440 6492 6568 6572 6611 6626 6708 6782 6912 7328 7329 7330 7331 7332 7402 7524 7796 7801 7864 7939 8019 8171 8182 8183 8335,item 1723 features: 16 22 36 46 69 70 75 77 79 96 99 101 110 112 114 115 128 133 147 150 162 163 164 165 169 171 172 173 176 177 179 191 192 193 194 195 197 199 203 212 242 243 244 258 262 270 285 286 288 291 293 295 296 303 309 334 339 342 377 379 396 399 404 405 407 408 409 421 422 456 505 507 518 519 520 521 537 541 543 544 545 546 548 549 552 568 585 597 604 606 636 638 641 643 644 646 651 659 666 668 679 683 691 696 702 705 706 717 850 851 852 857 881 925 937 940 975 1006 1025 1049 1060 1080 1081 1107 1109 1137 1138 1140 1143 1217 1263 1305 1313 1334 1339 1348 1393 1402 1424 1425 1471 1472 1474 1614 1679 1680 1681 1682 1685 1687 1688 1767 1775 1814 1864 1885 1970 1971 1994 2031 2039 2052 2128 2129 2130 2131 2137 2322 2343 2344 2345 2346 2348 2376 2379 2442 2444 2448 2453 2614 2764 2772 2777 2778 2835 2837 2994 3058 3137 3191 3271 3273 3274 3293 3424 3426 3537 3538 3540 3543 3649 3748 3790 3792 3793 3794 3797 3798 3799 3930 4076 4077 4078 4080 4082 4083 4084 4085 4087 4121 4147 4260 4268 4269 4270 4271 4272 4273 4774 4775 4776 4779 4780 4781 4782 4785 4853 4854 4855 4856 4857 5259 5286 5287 5330 5642 5646 5740 5741 5742 5744 5746 5747 5752 6237 6386 6437 6440 6492 6568 6572 6611 6626 6708 6782 6912 7328 7329 7330 7331 7332 7402 7524 7796 7801 7864 7939 8019 8171 8182 8183 8335,
1724,item_1724,,item_1724,,16 22 36 46 68 69 74 77 101 104 109 112 128 135 139 144 145 162 163 164 169 179 191 194 197 199 242 251 262 263 285 288 293 297 303 306 309 310 327 342 395 404 407 408 419 421 447 456 486 521 540 541 563 577 585 602 604 707 714 765 852 975 1046 1239 1240 1245 1246 1334 1424 1877 2321 2324 2329 2446 2448 2615 2639 2835 2837 2945 3001 3176 3178 3179 3180 3181 3182 3185 3186 3191 3217 3219 3423 3428 4244 4436 4441 5205 5213 5525 5741 5744 5747 5748 5750 6376 6377 6496 6634 6635 6636 6638 7032 7033 7034 7988 8187 8249,item 1724 features: 16 22 36 46 68 69 74 77 101 104 109 112 128 135 139 144 145 162 163 164 169 179 191 194 197 199 242 251 262 263 285 288 293 297 303 306 309 310 327 342 395 404 407 408 419 421 447 456 486 521 540 541 563 577 585 602 604 707 714 765 852 975 1046 1239 1240 1245 1246 1334 1424 1877 2321 2324 2329 2446 2448 2615 2639 2835 2837 2945 3001 3176 3178 3179 3180 3181 3182 3185 3186 3191 3217 3219 3423 3428 4244 4436 4441 5205 5213 5525 5741 5744 5747 5748 5750 6376 6377 6496 6634 6635 6636 6638 7032 7033 7034 7988 8187 8249,
1725,item_1725,,item_1725,,16 22 36 46 101 112 115 133 169 179 194 197 303 404 408 519 541 654 691 857 1107 1109 1731 1741 1885 2097 2615 3169 3665 4316 5544 6476 6826 6827 6828 7988 8015 8234,item 1725 features: 16 22 36 46 101 112 115 133 169 179 194 197 303 404 408 519 541 654 691 857 1107 1109 1731 1741 1885 2097 2615 3169 3665 4316 5544 6476 6826 6827 6828 7988 8015 8234,
1726,item_1726,,item_1726,,16 22 36 46 53 68 69 74 75 101 109 112 115 128 135 144 145 147 156 164 169 171 172 173 176 179 191 194 195 197 199 242 244 247 262 285 288 303 344 377 404 408 507 518 549 585 604 606 613 644 654 691 706 831 850 863 964 965 967 975 1048 1082 1083 1137 1138 1238 1424 1425 1679 1681 1682 1683 1687 1784 2097 2467 2615 2969 3154 3216 3219 3337 3448 3782 4121 4122 4166 4278 4668 5741 5743 5745 5748 5865 6431 6440 6496 6634 6635 6636 6637 6638 6645 6754 6783 7032 7632 7723 8015 8016 8188 8189,item 1726 features: 16 22 36 46 53 68 69 74 75 101 109 112 115 128 135 144 145 147 156 164 169 171 172 173 176 179 191 194 195 197 199 242 244 247 262 285 288 303 344 377 404 408 507 518 549 585 604 606 613 644 654 691 706 831 850 863 964 965 967 975 1048 1082 1083 1137 1138 1238 1424 1425 1679 1681 1682 1683 1687 1784 2097 2467 2615 2969 3154 3216 3219 3337 3448 3782 4121 4122 4166 4278 4668 5741 5743 5745 5748 5865 6431 6440 6496 6634 6635 6636 6637 6638 6645 6754 6783 7032 7632 7723 8015 8016 8188 8189,
1729,item_1729,,item_1729,,23 115 147 156 176 291 696 706 833 864 865 867 1044 1046 1076 1397 1581 2055 3227 4458 4693,item 1729 features: 23 115 147 156 176 291 696 706 833 864 865 867 1044 1046 1076 1397 1581 2055 3227 4458 4693,
1730,item_1730,,item_1730,,22 69 191 262 270 295 605 863 3735 5740 5741 5756 6951 6961,item 1730 features: 22 69 191 262 270 295 605 863 3735 5740 5741 5756 6951 6961,
1731,item_1731,,item_1731,,21 112 154 247 253 719 1049 1543 2803 5627,item 1731 features: 21 112 154 247 253 719 1049 1543 2803 5627,
1732,item_1732,,item_1732,,30 147 154 436 437 1009 2674 2675 2676 2681 5050 5868,item 1732 features: 30 147 154 436 437 1009 2674 2675 2676 2681 5050 5868,
1733,item_1733,,item_1733,,94 156 173 861 863 864 1044 2453 3227 4458,item 1733 features: 94 156 173 861 863 864 1044 2453 3227 4458,
1734,item_1734,,item_1734,,22 23 69 101 107 115 147 148 155 179 260 291 321 421 422 611 666 834 950 954 1048 1179 1509 1651 3016 4882 5882,item 1734 features: 22 23 69 101 107 115 147 148 155 179 260 291 321 421 422 611 666 834 950 954 1048 1179 1509 1651 3016 4882 5882,
1735,item_1735,,item_1735,,156 176 199 447 706 861 863 1044 1046 1076 1226 2453 3227 4458 4692,item 1735 features: 156 176 199 447 706 861 863 1044 1046 1076 1226 2453 3227 4458 4692,
1736,item_1736,,item_1736,,77 101 156 176 291 706 867 938 1044 1046 1076 1226 1399 1578 2453 3227 6279 6280 6300,item 1736 features: 77 101 156 176 291 706 867 938 1044 1046 1076 1226 1399 1578 2453 3227 6279 6280 6300,
1737,item_1737,,item_1737,,22 101 295 5811 5814,item 1737 features: 22 101 295 5811 5814,
1738,item_1738,,item_1738,,112 133 288 389 507 6431,item 1738 features: 112 133 288 389 507 6431,
1741,item_1741,,item_1741,,16 22 36 96 133 169 191 260 293 379 404 606 3236 3359,item 1741 features: 16 22 36 96 133 169 191 260 293 379 404 606 3236 3359,
1742,item_1742,,item_1742,,22 23 109 176 179 191 260 447 574 611 717 836 862 863 1044 1048 4458 5878 6900,item 1742 features: 22 23 109 176 179 191 260 447 574 611 717 836 862 863 1044 1048 4458 5878 6900,
1744,item_1744,,item_1744,,507 696 1042 2643 3113 4843,item 1744 features: 507 696 1042 2643 3113 4843,
1746,item_1746,,item_1746,,16 29 36 69 80 112 144 145 147 150 173 199 263 285 286 330 495 598 691 693 1143 1401 1598 2314 2324 2379 4234 4677 6407 6686 6687 7958,item 1746 features: 16 29 36 69 80 112 144 145 147 150 173 199 263 285 286 330 495 598 691 693 1143 1401 1598 2314 2324 2379 4234 4677 6407 6686 6687 7958,
1747,item_1747,,item_1747,,22 96 115 133 173 179 194 199 260 377 519 520 580 585 691 693 853 2314 2315 2316 2317 2318 2319 2320 2321 2322 2323 2325,item 1747 features: 22 96 115 133 173 179 194 199 260 377 519 520 580 585 691 693 853 2314 2315 2316 2317 2318 2319 2320 2321 2322 2323 2325,
1748,item_1748,,item_1748,,11 36 96 97 112 115 133 173 179 196 199 258 285 303 377 379 407 519 568 580 585 691 853 1951 2002 2314 2315 2316 2317 2318 2319 2320 2321 2324 2325 2326 2328 2329 7970,item 1748 features: 11 36 96 97 112 115 133 173 179 196 199 258 285 303 377 379 407 519 568 580 585 691 853 1951 2002 2314 2315 2316 2317 2318 2319 2320 2321 2324 2325 2326 2328 2329 7970,
1751,item_1751,,item_1751,,11 18 79 862 1347 4672,item 1751 features: 11 18 79 862 1347 4672,
1752,item_1752,,item_1752,,69 155 208 247 423 611 5576,item 1752 features: 69 155 208 247 423 611 5576,
1757,item_1757,,item_1757,,75 77 115 251 323 404 717 862 4424,item 1757 features: 75 77 115 251 323 404 717 862 4424,
1758,item_1758,,item_1758,,14 23 69 75 147 148 154 158 235 291 691 733 734 736 738 740 741 752 755 1650 4571 5445 5447 7156,item 1758 features: 14 23 69 75 147 148 154 158 235 291 691 733 734 736 738 740 741 752 755 1650 4571 5445 5447 7156,
1759,item_1759,,item_1759,,74 75 77 115 158 235 323 717 862 3562 5449,item 1759 features: 74 75 77 115 158 235 323 717 862 3562 5449,
1761,item_1761,,item_1761,,23 106 144 157 717 949 1601 1676 4216,item 1761 features: 23 106 144 157 717 949 1601 1676 4216,
1764,item_1764,,item_1764,,14 22 23 24 36 46 68 69 75 112 155 179 197 285 399 574 611 717 1048 1787 2824 4876 5741 6090 6634,item 1764 features: 14 22 23 24 36 46 68 69 75 112 155 179 197 285 399 574 611 717 1048 1787 2824 4876 5741 6090 6634,
1765,item_1765,,item_1765,,22 194 262 270 286 618 1263 1462 5740 5742 5749 8021,item 1765 features: 22 194 262 270 286 618 1263 1462 5740 5742 5749 8021,
1766,item_1766,,item_1766,,16 22 36 512 516 535 536 537,item 1766 features: 16 22 36 512 516 535 536 537,
1767,item_1767,,item_1767,,96 97 291 441 507 826 7822,item 1767 features: 96 97 291 441 507 826 7822,
1768,item_1768,,item_1768,,11 19 20 79 81 88 96 97 133 154 164 173 179 191 258 260 291 377 422 507 519 520 581 691 693 849 1060 1424 1885 2316 2367 2423 2548 2919 4032 4994 5757 7013 7014 7015 7904,item 1768 features: 11 19 20 79 81 88 96 97 133 154 164 173 179 191 258 260 291 377 422 507 519 520 581 691 693 849 1060 1424 1885 2316 2367 2423 2548 2919 4032 4994 5757 7013 7014 7015 7904,
1769,item_1769,,item_1769,,22 112 115 272 1607 2577 6008,item 1769 features: 22 112 115 272 1607 2577 6008,
1770,item_1770,,item_1770,,0 85 154 320 499 762,item 1770 features: 0 85 154 320 499 762,
1771,item_1771,,item_1771,,14 16 22 30 36 39 69 70 74 75 77 80 109 112 115 144 150 173 199 251 263 293 330 332 340 358 379 585 690 721 965 1161 1366 1437 1438 2559 3301 3494 4316 5085 5519 5860 6400 6686 6687 6754 6877 7806 7958 7967,item 1771 features: 14 16 22 30 36 39 69 70 74 75 77 80 109 112 115 144 150 173 199 251 263 293 330 332 340 358 379 585 690 721 965 1161 1366 1437 1438 2559 3301 3494 4316 5085 5519 5860 6400 6686 6687 6754 6877 7806 7958 7967,
1772,item_1772,,item_1772,,72 154 291 354 1274 3293 4663 5162,item 1772 features: 72 154 291 354 1274 3293 4663 5162,
1773,item_1773,,item_1773,,75 77 115 147 154 247 251 303 421 2681 5576 5577 5786 5867,item 1773 features: 75 77 115 147 154 247 251 303 421 2681 5576 5577 5786 5867,
1776,item_1776,,item_1776,,22 23 68 69 79 115 155 158 194 352 422 588 611 613 650 666 1046 1048 1651 1653 1659 1665 1668 1919 2505 4963 6862 6863,item 1776 features: 22 23 68 69 79 115 155 158 194 352 422 588 611 613 650 666 1046 1048 1651 1653 1659 1665 1668 1919 2505 4963 6862 6863,
1777,item_1777,,item_1777,,71 154 206 209 210 214 220 1603 3175,item 1777 features: 71 154 206 209 210 214 220 1603 3175,
1778,item_1778,,item_1778,,22 23 68 69 100 101 105 155 158 203 208 210 213 260 293 323 574 602 611 641 650 691 1651 1667 2635 2902 4214 4791 5262 5688 5689 5690 5691 5692 5869 6976 7938,item 1778 features: 22 23 68 69 100 101 105 155 158 203 208 210 213 260 293 323 574 602 611 641 650 691 1651 1667 2635 2902 4214 4791 5262 5688 5689 5690 5691 5692 5869 6976 7938,
1785,item_1785,,item_1785,,36 69 74 75 77 101 109 135 144 145 169 191 203 242 260 404 765 796 975 1400 1424 1837 2854 3783 4305 4306 4338 4944 6685 6697,item 1785 features: 36 69 74 75 77 101 109 135 144 145 169 191 203 242 260 404 765 796 975 1400 1424 1837 2854 3783 4305 4306 4338 4944 6685 6697,
1786,item_1786,,item_1786,,16 36 75 77 105 150 158 721 1866 3301 4590,item 1786 features: 16 36 75 77 105 150 158 721 1866 3301 4590,
1787,item_1787,,item_1787,,69 74 75 77 101 135 139 149 242 252 1531 2071 2463 5625,item 1787 features: 69 74 75 77 101 135 139 149 242 252 1531 2071 2463 5625,
1788,item_1788,,item_1788,,135 144 157 1165 1531 2053 2919,item 1788 features: 135 144 157 1165 1531 2053 2919,
1789,item_1789,,item_1789,,69 139 141 143 147 149 157 495 634 717 1165 5574,item 1789 features: 69 139 141 143 147 149 157 495 634 717 1165 5574,
1790,item_1790,,item_1790,,14 23 69 252 2559 2968,item 1790 features: 14 23 69 252 2559 2968,
1791,item_1791,,item_1791,,69 74 139 141 143 144 242 1324 2071 3403 4506 5625,item 1791 features: 69 74 139 141 143 144 242 1324 2071 3403 4506 5625,
1792,item_1792,,item_1792,,0 4 139 157 314 315 617 618 2589 6201 7561,item 1792 features: 0 4 139 157 314 315 617 618 2589 6201 7561,
1793,item_1793,,item_1793,,22 77 112 115 585 965,item 1793 features: 22 77 112 115 585 965,
1794,item_1794,,item_1794,,69 71 84 155 158 208 343 365 399 696 717 842 1667 2638 5688 5689 5690 5691 6692,item 1794 features: 69 71 84 155 158 208 343 365 399 696 717 842 1667 2638 5688 5689 5690 5691 6692,
1795,item_1795,,item_1795,,80 135 144 199 203 323 602 1658 6634 6635 6636 6649,item 1795 features: 80 135 144 199 203 323 602 1658 6634 6635 6636 6649,
1796,item_1796,,item_1796,,112 247 253 262 847 1553 2106 4636 4648,item 1796 features: 112 247 253 262 847 1553 2106 4636 4648,
1797,item_1797,,item_1797,,22 36 75 112 158 212 323 404 421 507 696 4121 4122 4123 6430 7823,item 1797 features: 22 36 75 112 158 212 323 404 421 507 696 4121 4122 4123 6430 7823,
1798,item_1798,,item_1798,,69 74 75 77 109 135 139 150 242 260 1394 2071 2195 5625 5626 6634 6635 6636 6637 6688,item 1798 features: 69 74 75 77 109 135 139 150 242 260 1394 2071 2195 5625 5626 6634 6635 6636 6637 6688,
1799,item_1799,,item_1799,,69 101,item 1799 features: 69 101,
1800,item_1800,,item_1800,,22 69 109 176 260 291 717 1543 4121 5544,item 1800 features: 22 69 109 176 260 291 717 1543 4121 5544,
1802,item_1802,,item_1802,,22 194 291 303 404 691 1107 6881,item 1802 features: 22 194 291 303 404 691 1107 6881,
1803,item_1803,,item_1803,,16 36 96 97 133 258 403 7292,item 1803 features: 16 36 96 97 133 258 403 7292,
1804,item_1804,,item_1804,,16 22 36 66 96 97 105 158 1032,item 1804 features: 16 22 36 66 96 97 105 158 1032,
1805,item_1805,,item_1805,,22 36 46 99 133 191 1324,item 1805 features: 22 36 46 99 133 191 1324,
1808,item_1808,,item_1808,,69 74 377 2696 8147,item 1808 features: 69 74 377 2696 8147,
1809,item_1809,,item_1809,,22 36 109 133 176 260 286 288 291 404 521 1044 1049 1139 1450 1837 1985 3423 4458 5124 5544 6288 6990 7166 7720 8348,item 1809 features: 22 36 109 133 176 260 286 288 291 404 521 1044 1049 1139 1450 1837 1985 3423 4458 5124 5544 6288 6990 7166 7720 8348,
1810,item_1810,,item_1810,,22 27 69 74 75 101 260,item 1810 features: 22 27 69 74 75 101 260,
1811,item_1811,,item_1811,,30 69 74 75 83 109 321 1164 1548 6691,item 1811 features: 30 69 74 75 83 109 321 1164 1548 6691,
1812,item_1812,,item_1812,,3 30 72 1062 2387 3033,item 1812 features: 3 30 72 1062 2387 3033,
1814,item_1814,,item_1814,,173 321 2383,item 1814 features: 173 321 2383,
1815,item_1815,,item_1815,,31 44 99 150 263 330 456 895 1123 2240 2926 4372 6399 6413 6418,item 1815 features: 31 44 99 150 263 330 456 895 1123 2240 2926 4372 6399 6413 6418,
1817,item_1817,,item_1817,,22 101 135,item 1817 features: 22 101 135,
1818,item_1818,,item_1818,,235 1674,item 1818 features: 235 1674,
1819,item_1819,,item_1819,,14 77 176 197 260 303 367 396 401 489 585 765 833 940 1769 1802 1841 2639 7214 7216,item 1819 features: 14 77 176 197 260 303 367 396 401 489 585 765 833 940 1769 1802 1841 2639 7214 7216,
1820,item_1820,,item_1820,,69 75 109 145 284 1369 1674,item 1820 features: 69 75 109 145 284 1369 1674,
1821,item_1821,,item_1821,,11 12 25 30 69 74 75 77 80 83 115 176 247 251 260 327 511 651 703 1441 1484 2805 2810 3424,item 1821 features: 11 12 25 30 69 74 75 77 80 83 115 176 247 251 260 327 511 651 703 1441 1484 2805 2810 3424,
1823,item_1823,,item_1823,,0 23 87 320 4460,item 1823 features: 0 23 87 320 4460,
1824,item_1824,,item_1824,,16 22 75 77 80 148 176 251 303 421 495 602 703 707 1607 1775 3143 3144 4437 4605 7898,item 1824 features: 16 22 75 77 80 148 176 251 303 421 495 602 703 707 1607 1775 3143 3144 4437 4605 7898,
1825,item_1825,,item_1825,,16 22 36 101 133 163 179 191 195 260 288 303 339 519 565 606 1324 1325 1565 1707 1708 1709 1863 1864 2453 3137 3359 3423 3424 3435 5544 5743 6990 6991,item 1825 features: 16 22 36 101 133 163 179 191 195 260 288 303 339 519 565 606 1324 1325 1565 1707 1708 1709 1863 1864 2453 3137 3359 3423 3424 3435 5544 5743 6990 6991,
1826,item_1826,,item_1826,,22 36 260 288 291 339 1325 1329 5544 6431,item 1826 features: 22 36 260 288 291 339 1325 1329 5544 6431,
1827,item_1827,,item_1827,,69 74 75 77 80 492 1325 5039 7360 7361,item 1827 features: 69 74 75 77 80 492 1325 5039 7360 7361,
1828,item_1828,,item_1828,,12 16 142 455 461 694 1128,item 1828 features: 12 16 142 455 461 694 1128,
1829,item_1829,,item_1829,,16 57 82 451 486 6233,item 1829 features: 16 57 82 451 486 6233,
1830,item_1830,,item_1830,,0 1 6 11 14 16 22 24 25 43 46 53 57 68 69 71 74 75 90 101 112 115 139 140 142 147 148 153 155 156 169 171 173 176 179 192 193 194 196 197 199 203 242 285 291 303 342 344 356 377 404 409 421 541 604 606 614 664 666 670 692 698 699 704 706 707 709 710 714 850 852 895 1058 1128 1234 1424 1445 1743 1771 1802 2249 2592 2639 2818 3216 3268 3287 3566 3615 3759 3829 4121 4140 4432 4789 4794 4959 5053 5057 5221 6208 6432 6568 7713 7864 8429,item 1830 features: 0 1 6 11 14 16 22 24 25 43 46 53 57 68 69 71 74 75 90 101 112 115 139 140 142 147 148 153 155 156 169 171 173 176 179 192 193 194 196 197 199 203 242 285 291 303 342 344 356 377 404 409 421 541 604 606 614 664 666 670 692 698 699 704 706 707 709 710 714 850 852 895 1058 1128 1234 1424 1445 1743 1771 1802 2249 2592 2639 2818 3216 3268 3287 3566 3615 3759 3829 4121 4140 4432 4789 4794 4959 5053 5057 5221 6208 6432 6568 7713 7864 8429,
1832,item_1832,,item_1832,,12 16 44 980 1109,item 1832 features: 12 16 44 980 1109,
1833,item_1833,,item_1833,,23 69 75 77 80 94 105 109 115 148 158 213 260 323 507 717 833 1383 1384,item 1833 features: 23 69 75 77 80 94 105 109 115 148 158 213 260 323 507 717 833 1383 1384,
1834,item_1834,,item_1834,,1 68 69 74 75 118 140 145 146 169 179 242 260 404 591 718 955 978 1149 1325 2789 4430 5366 5367 5368 5369 5743 6957,item 1834 features: 1 68 69 74 75 118 140 145 146 169 179 242 260 404 591 718 955 978 1149 1325 2789 4430 5366 5367 5368 5369 5743 6957,
1835,item_1835,,item_1835,,0 6 69 72 78 109 119 154 487 706 1131 1273 1348 1764 2393 6140 6551 6552,item 1835 features: 0 6 69 72 78 109 119 154 487 706 1131 1273 1348 1764 2393 6140 6551 6552,
1837,item_1837,,item_1837,,16 22 46 94 112 121 128 169 192 263 268 291 303 433 585 602 651 964 1022 1324 1860 1961 2006 2007 3409 3438 3439 4309 4312 5601 5801 6351 7194 7779 7780 7878 7884,item 1837 features: 16 22 46 94 112 121 128 169 192 263 268 291 303 433 585 602 651 964 1022 1324 1860 1961 2006 2007 3409 3438 3439 4309 4312 5601 5801 6351 7194 7779 7780 7878 7884,
1838,item_1838,,item_1838,,22 36 46 112 118 121 173 176 268 285 303 344 421 433 443 585 627 691 850 1022 1313 1961 2006 2458 2906 3409 3759 5028 5029 5030 5031 5061 5067 5325 5801 6351 6697 7193 7884,item 1838 features: 22 36 46 112 118 121 173 176 268 285 303 344 421 433 443 585 627 691 850 1022 1313 1961 2006 2458 2906 3409 3759 5028 5029 5030 5031 5061 5067 5325 5801 6351 6697 7193 7884,
1839,item_1839,,item_1839,,0 1 16 22 24 68 69 74 75 96 97 101 106 109 118 140 144 148 150 154 161 173 179 192 194 195 199 242 260 303 309 314 319 321 377 404 421 494 520 606 614 670 678 691 693 706 856 964 965 967 1052 1053 1059 1139 1885 2097 2153 2170 2190 2239 2772 2956 3566 3573 3577 3759 5009 5742 6277 6438 6442,item 1839 features: 0 1 16 22 24 68 69 74 75 96 97 101 106 109 118 140 144 148 150 154 161 173 179 192 194 195 199 242 260 303 309 314 319 321 377 404 421 494 520 606 614 670 678 691 693 706 856 964 965 967 1052 1053 1059 1139 1885 2097 2153 2170 2190 2239 2772 2956 3566 3573 3577 3759 5009 5742 6277 6438 6442,
1840,item_1840,,item_1840,,118 120 121 128 147 433 946,item 1840 features: 118 120 121 128 147 433 946,
1841,item_1841,,item_1841,,16 112 199,item 1841 features: 16 112 199,
1842,item_1842,,item_1842,,11 13 16 86 99 453 456 508 2240 7790 8031,item 1842 features: 11 13 16 86 99 453 456 508 2240 7790 8031,
1846,item_1846,,item_1846,,0 4 72 148 354 706 718 1348 1405 2212 6140,item 1846 features: 0 4 72 148 354 706 718 1348 1405 2212 6140,
1849,item_1849,,item_1849,,94 115 148 155 156 247 611 864,item 1849 features: 94 115 148 155 156 247 611 864,
1850,item_1850,,item_1850,,74 75 77 80 148 756 5836,item 1850 features: 74 75 77 80 148 756 5836,
1852,item_1852,,item_1852,,158 247 321 423 1696 1697 2635,item 1852 features: 158 247 321 423 1696 1697 2635,
1853,item_1853,,item_1853,,68 155 213 668 5696 7412 7413,item 1853 features: 68 155 213 668 5696 7412 7413,
1855,item_1855,,item_1855,,23 68 69 154 155 208 343 365 439 611 696 938 955 1651 2813 3113 3114 3495 5614 6149 6692,item 1855 features: 23 68 69 154 155 208 343 365 439 611 696 938 955 1651 2813 3113 3114 3495 5614 6149 6692,
1857,item_1857,,item_1857,,0 1 68 69 112 142 314 716 1058 1601 6111,item 1857 features: 0 1 68 69 112 142 314 716 1058 1601 6111,
1858,item_1858,,item_1858,,6 112 284 4789,item 1858 features: 6 112 284 4789,
1860,item_1860,,item_1860,,23 69 109 690 2559 2975,item 1860 features: 23 69 109 690 2559 2975,
1861,item_1861,,item_1861,,69 154 160 365 696 697 3113 3118 4843 4851 5264 6149 8094 8100,item 1861 features: 69 154 160 365 696 697 3113 3118 4843 4851 5264 6149 8094 8100,
1867,item_1867,,item_1867,,11 22 46 69 75 77 80 112 115 148 176 199 242 247 251 272 399 421 495 691 692 706 855 950 1140 1401 1775 3640 3696 4121 4374 4587 4944 5808 6008 6690 6693 6696 7897 7898 7938 7958 8196,item 1867 features: 11 22 46 69 75 77 80 112 115 148 176 199 242 247 251 272 399 421 495 691 692 706 855 950 1140 1401 1775 3640 3696 4121 4374 4587 4944 5808 6008 6690 6693 6696 7897 7898 7938 7958 8196,
1868,item_1868,,item_1868,,69 77 80 6282 7897 7898,item 1868 features: 69 77 80 6282 7897 7898,
1869,item_1869,,item_1869,,16 69 75 77 80 99 495 1603 7969 7970,item 1869 features: 16 69 75 77 80 99 495 1603 7969 7970,
1870,item_1870,,item_1870,,30 77 154 4138,item 1870 features: 30 77 154 4138,
1871,item_1871,,item_1871,,30 77 143 354 431 813 5090 5134,item 1871 features: 30 77 143 354 431 813 5090 5134,
1872,item_1872,,item_1872,,30 77 80 247 251 756 860 5428,item 1872 features: 30 77 80 247 251 756 860 5428,
1875,item_1875,,item_1875,,22 147 339 798,item 1875 features: 22 147 339 798,
1876,item_1876,,item_1876,,12 16 29 30 77 83 129 150 154 173 179 291 325 327 377 403 7706,item 1876 features: 12 16 29 30 77 83 129 150 154 173 179 291 325 327 377 403 7706,
1877,item_1877,,item_1877,,77 80 247 691,item 1877 features: 77 80 247 691,
1880,item_1880,,item_1880,,96 97 133 258,item 1880 features: 96 97 133 258,
1883,item_1883,,item_1883,,11 22 124 147 194 197 260 404 421 437 447 492 606 651 691 706 717 788 790 792 861 864 3569 5631 5634 6311 6312 6314,item 1883 features: 11 22 124 147 194 197 260 404 421 437 447 492 606 651 691 706 717 788 790 792 861 864 3569 5631 5634 6311 6312 6314,
1884,item_1884,,item_1884,,22 124 437 447 492 787 788 790 794 862 1049 6288,item 1884 features: 22 124 437 447 492 787 788 790 794 862 1049 6288,
1885,item_1885,,item_1885,,22 262 291 295 818 823 828 829 3759 3760 5740 5741 5742 5744 5748 5749,item 1885 features: 22 262 291 295 818 823 828 829 3759 3760 5740 5741 5742 5744 5748 5749,
1886,item_1886,,item_1886,,112 147 303 437 798 855 1116 6954,item 1886 features: 112 147 303 437 798 855 1116 6954,
1887,item_1887,,item_1887,,65 69 135 157 226 265 358 690,item 1887 features: 65 69 135 157 226 265 358 690,
1888,item_1888,,item_1888,,16 22 112 154 404 422 437 862 2115 2225 4037 5203 5585 7711 7726,item 1888 features: 16 22 112 154 404 422 437 862 2115 2225 4037 5203 5585 7711 7726,
1889,item_1889,,item_1889,,144 179 291 717 950 7936,item 1889 features: 144 179 291 717 950 7936,
1890,item_1890,,item_1890,,144 145 320,item 1890 features: 144 145 320,
1893,item_1893,,item_1893,,69 109 135 144 145 157 206 226 239 265 328 717 1165 4108,item 1893 features: 69 109 135 144 145 157 206 226 239 265 328 717 1165 4108,
1894,item_1894,,item_1894,,77 80,item 1894 features: 77 80,
1896,item_1896,,item_1896,,0 12 30 72 75 83 143 363 1028 4232 4624 5555 5568,item 1896 features: 0 12 30 72 75 83 143 363 1028 4232 4624 5555 5568,
1897,item_1897,,item_1897,,68 144 155 208 210 328 1601,item 1897 features: 68 144 155 208 210 328 1601,
1898,item_1898,,item_1898,,16 27 70 82 2055 6397,item 1898 features: 16 27 70 82 2055 6397,
1899,item_1899,,item_1899,,15 16 22 23 69 70 74 75 77 148 158 260 1578,item 1899 features: 15 16 22 23 69 70 74 75 77 148 158 260 1578,
1900,item_1900,,item_1900,,22 23 155 158 173 208 260 291 574 611 826 1049 5693 5865 5866,item 1900 features: 22 23 155 158 173 208 260 291 574 611 826 1049 5693 5865 5866,
1901,item_1901,,item_1901,,18 22 155 208 260 447 636 1049 2991 5865 5868,item 1901 features: 18 22 155 208 260 447 636 1049 2991 5865 5868,
1902,item_1902,,item_1902,,30 69 74 75 77 83 247 1539 1581,item 1902 features: 30 69 74 75 77 83 247 1539 1581,
1911,item_1911,,item_1911,,15 16 397 410 1313 3387 5515 5516,item 1911 features: 15 16 397 410 1313 3387 5515 5516,
1912,item_1912,,item_1912,,15 16 57 70 75 150,item 1912 features: 15 16 57 70 75 150,
1915,item_1915,,item_1915,,23 36 69 155 208 423 611 1050 1581 3214 5869 7163,item 1915 features: 23 36 69 155 208 423 611 1050 1581 3214 5869 7163,
1916,item_1916,,item_1916,,22 101 135 158 260 602 6634 6694,item 1916 features: 22 101 135 158 260 602 6634 6694,
1919,item_1919,,item_1919,,101 1047 6287 8241,item 1919 features: 101 1047 6287 8241,
1920,item_1920,,item_1920,,14 15 16 22 36 70 77 84 99 109 150 166 173 263 299 1109 1161 2181 2182 8217,item 1920 features: 14 15 16 22 36 70 77 84 99 109 150 166 173 263 299 1109 1161 2181 2182 8217,
1921,item_1921,,item_1921,,69 74 75 77 80 112 291 323 662 716 2809 3561 3621 6120 7155 7156 7162,item 1921 features: 69 74 75 77 80 112 291 323 662 716 2809 3561 3621 6120 7155 7156 7162,
1922,item_1922,,item_1922,,96 105 115 158 173 260 507 1869,item 1922 features: 96 105 115 158 173 260 507 1869,
1923,item_1923,,item_1923,,16 22 36 70 80 105 150 158 263 721 1161 2170 5742,item 1923 features: 16 22 36 70 80 105 150 158 263 721 1161 2170 5742,
1925,item_1925,,item_1925,,22 69 74 75 77 80 101 115 148 156 260 408 2615 4121 4122 6690 6697 8217,item 1925 features: 22 69 74 75 77 80 101 115 148 156 260 408 2615 4121 4122 6690 6697 8217,
1926,item_1926,,item_1926,,77 80 115 148 158 693 1425 4588 4590 4593 6699,item 1926 features: 77 80 115 148 158 693 1425 4588 4590 4593 6699,
1928,item_1928,,item_1928,,14 69 74 135 144 145 226 233 239 242 309 4107 4109 6015,item 1928 features: 14 69 74 135 144 145 226 233 239 242 309 4107 4109 6015,
1936,item_1936,,item_1936,,11 12 21 75 154 247 719 1543 8073,item 1936 features: 11 12 21 75 154 247 719 1543 8073,
1938,item_1938,,item_1938,,14 23 329 367 5859 5862 5936,item 1938 features: 14 23 329 367 5859 5862 5936,
1939,item_1939,,item_1939,,14 22 23 70 75 112 158 163 285 291 342 399 407 437 604 1108 1650 2044 2105 2153 5381 5862 5906 5946 6971,item 1939 features: 14 22 23 70 75 112 158 163 285 291 342 399 407 437 604 1108 1650 2044 2105 2153 5381 5862 5906 5946 6971,
1941,item_1941,,item_1941,,22 77 115 133 358 654 1109 1523 1741 3470 3471 3473 3474 3475,item 1941 features: 22 77 115 133 358 654 1109 1523 1741 3470 3471 3473 3474 3475,
1942,item_1942,,item_1942,,11 12 13 16 19 29 30 44 79 83 115 154 691 1363 1898 5133 5136 7015,item 1942 features: 11 12 13 16 19 29 30 44 79 83 115 154 691 1363 1898 5133 5136 7015,
1946,item_1946,,item_1946,,112 156 247 507,item 1946 features: 112 156 247 507,
1947,item_1947,,item_1947,,12 30 43 56 460,item 1947 features: 12 30 43 56 460,
1948,item_1948,,item_1948,,80,item 1948 features: 80,
1949,item_1949,,item_1949,,77 115 148 247 260 507 691 696 4121 4122,item 1949 features: 77 115 148 247 260 507 691 696 4121 4122,
1950,item_1950,,item_1950,,79 112,item 1950 features: 79 112,
1953,item_1953,,item_1953,,22 69 77 109 115 260 291 322 323 4571 4871 4872 4873 7155 7157 7160 7167,item 1953 features: 22 69 77 109 115 260 291 322 323 4571 4871 4872 4873 7155 7157 7160 7167,
1954,item_1954,,item_1954,,79 154 784 2101 7124 7125,item 1954 features: 79 154 784 2101 7124 7125,
1955,item_1955,,item_1955,,22 69 74 75 77 101 148 291 520 1578 3478,item 1955 features: 22 69 74 75 77 101 148 291 520 1578 3478,
1958,item_1958,,item_1958,,69 75 77,item 1958 features: 69 75 77,
1960,item_1960,,item_1960,,14 15 16 23 70 112 165 235 279 1109 4816,item 1960 features: 14 15 16 23 70 112 165 235 279 1109 4816,
1964,item_1964,,item_1964,,69 74 75 77 80 83 107 109 131 148 170 173 176 192 235 242 247 260 421 606 651 3298 4252 4789 6274 6685,item 1964 features: 69 74 75 77 80 83 107 109 131 148 170 173 176 192 235 242 247 260 421 606 651 3298 4252 4789 6274 6685,
1965,item_1965,,item_1965,,75 77 109 269 358 572 690 697 1627 3466 4630 4631 4639 8365,item 1965 features: 75 77 109 269 358 572 690 697 1627 3466 4630 4631 4639 8365,
1966,item_1966,,item_1966,,43 77 115 147 148 244 260 309 691 706 717 1401 2055 5873 7154 7232 8094 8097 8219,item 1966 features: 43 77 115 147 148 244 260 309 691 706 717 1401 2055 5873 7154 7232 8094 8097 8219,
1967,item_1967,,item_1967,,74 75 77 80 109 112 251 404 1389 5540 6689 7714 7898,item 1967 features: 74 75 77 80 109 112 251 404 1389 5540 6689 7714 7898,
1968,item_1968,,item_1968,,22 68 69 74 75 83 101 109 135 144 145 164 169 173 179 193 194 197 210 242 291 303 352 408 521 540 563 634 691 706 1048 1107 1234 1235 1244 1251 1256 1262 1268 1324 1531 1954 2453 4107 4108 5040 5046 5047 5048 5384 5685 5859 5860 5865 5899 6120 6285 6636 6951 7936,item 1968 features: 22 68 69 74 75 83 101 109 135 144 145 164 169 173 179 193 194 197 210 242 291 303 352 408 521 540 563 634 691 706 1048 1107 1234 1235 1244 1251 1256 1262 1268 1324 1531 1954 2453 4107 4108 5040 5046 5047 5048 5384 5685 5859 5860 5865 5899 6120 6285 6636 6951 7936,
1969,item_1969,,item_1969,,11 53 69 71 74 75 77 80 105 148 158 176 193 197 199 242 291 323 325 367 396 407 585 692 706 861 1424 1462 1703 1856 2582 4374 5293 5445 5741 6193 6555 6689 6940 8432,item 1969 features: 11 53 69 71 74 75 77 80 105 148 158 176 193 197 199 242 291 323 325 367 396 407 585 692 706 861 1424 1462 1703 1856 2582 4374 5293 5445 5741 6193 6555 6689 6940 8432,
1970,item_1970,,item_1970,,69 74 75 77 80 105 158 193 251 323 327 421 691 709 1424 4374 8054,item 1970 features: 69 74 75 77 80 105 158 193 251 323 327 421 691 709 1424 4374 8054,
1971,item_1971,,item_1971,,53 69 74 75 77 80 109 176 242 309 706 2055 6282 6434,item 1971 features: 53 69 74 75 77 80 109 176 242 309 706 2055 6282 6434,
1972,item_1972,,item_1972,,69 75 77 80 235 242 260 495 606 651 1164 3298 3783 3899 5027 6685 6688,item 1972 features: 69 75 77 80 235 242 260 495 606 651 1164 3298 3783 3899 5027 6685 6688,
1973,item_1973,,item_1973,,75 109 115 247 291 303 404 504 1373 3223 3676 4816,item 1973 features: 75 109 115 247 291 303 404 504 1373 3223 3676 4816,
1974,item_1974,,item_1974,,11 12 16 19 22 24 25 30 36 46 69 75 77 80 93 105 109 112 115 147 150 158 176 197 242 244 251 263 407 421 521 541 613 662 664 691 692 703 706 711 844 1046 1140 1424 1775 2348 2443 2803 2805 3456 3783 3813 5061 5828 5951 7154 7709 8089 8195 8217,item 1974 features: 11 12 16 19 22 24 25 30 36 46 69 75 77 80 93 105 109 112 115 147 150 158 176 197 242 244 251 263 407 421 521 541 613 662 664 691 692 703 706 711 844 1046 1140 1424 1775 2348 2443 2803 2805 3456 3783 3813 5061 5828 5951 7154 7709 8089 8195 8217,
1975,item_1975,,item_1975,,16 22 36 46 112 169 173 199 379 404 606 1305 5826,item 1975 features: 16 22 36 46 112 169 173 199 379 404 606 1305 5826,
1976,item_1976,,item_1976,,75 77 80 109 115 3825 4678 5457 5877,item 1976 features: 75 77 80 109 115 3825 4678 5457 5877,
1977,item_1977,,item_1977,,22 133 199 260,item 1977 features: 22 133 199 260,
1978,item_1978,,item_1978,,27 69 144 145 214 220 221 222 223 1600 4055 5093,item 1978 features: 27 69 144 145 214 220 221 222 223 1600 4055 5093,
1979,item_1979,,item_1979,,69 75 77 190 2457 4313,item 1979 features: 69 75 77 190 2457 4313,
1980,item_1980,,item_1980,,80 2456 5880 6282,item 1980 features: 80 2456 5880 6282,
1981,item_1981,,item_1981,,22 69 75 77 80 94 101 158 251 323 602 606 850 1048 3790 3791 3795 5865 6634 6635 6640 6642 6644 6649 6697,item 1981 features: 22 69 75 77 80 94 101 158 251 323 602 606 850 1048 3790 3791 3795 5865 6634 6635 6640 6642 6644 6649 6697,
1982,item_1982,,item_1982,,77 112 247 251 285 521 1698 7823,item 1982 features: 77 112 247 251 285 521 1698 7823,
1983,item_1983,,item_1983,,77 80 251 495 1093 1164 1456 4655 4677 4678 4745 6685 7937,item 1983 features: 77 80 251 495 1093 1164 1456 4655 4677 4678 4745 6685 7937,
1984,item_1984,,item_1984,,69 74 75 101 272 3316,item 1984 features: 69 74 75 101 272 3316,
1985,item_1985,,item_1985,,109 143 157 314 354 810,item 1985 features: 109 143 157 314 354 810,
1987,item_1987,,item_1987,,94 109 251 495 541 756 4594,item 1987 features: 94 109 251 495 541 756 4594,
1988,item_1988,,item_1988,,75 77 80 109 173 235 251 303 309 495 950 965 1603 3143 6282 6691 6951 7897 7898,item 1988 features: 75 77 80 109 173 235 251 303 309 495 950 965 1603 3143 6282 6691 6951 7897 7898,
1989,item_1989,,item_1989,,74 75 77 4738 4944 5542 6685 6690 6759 7948,item 1989 features: 74 75 77 4738 4944 5542 6685 6690 6759 7948,
1990,item_1990,,item_1990,,16 69 139 141 143 2024,item 1990 features: 16 69 139 141 143 2024,
1991,item_1991,,item_1991,,22 69 74 75 101 115 148 697 1325 1578 6350 6686 6689 6690 7951 8402,item 1991 features: 22 69 74 75 101 115 148 697 1325 1578 6350 6686 6689 6690 7951 8402,
2000,item_2000,,item_2000,,80,item 2000 features: 80,
2001,item_2001,,item_2001,,69 77 80 973 974 976 2559,item 2001 features: 69 77 80 973 974 976 2559,
2002,item_2002,,item_2002,,22 23 69 109 173 291 2313,item 2002 features: 22 23 69 109 173 291 2313,
2005,item_2005,,item_2005,,30 83 192 1164,item 2005 features: 30 83 192 1164,
2006,item_2006,,item_2006,,68 69 74 75 136 291 1041 5617,item 2006 features: 68 69 74 75 136 291 1041 5617,
2007,item_2007,,item_2007,,68 69 155 192 365 422 508 611 820 1787,item 2007 features: 68 69 155 192 365 422 508 611 820 1787,
2008,item_2008,,item_2008,,23 24 69 75 109 112 115 155 164 867 2803,item 2008 features: 23 24 69 75 109 112 115 155 164 867 2803,
2009,item_2009,,item_2009,,16 30 57 5330 6403,item 2009 features: 16 30 57 5330 6403,
2010,item_2010,,item_2010,,12 30 44 57 65 105 125 150 253 291 1109 1383 8264,item 2010 features: 12 30 44 57 65 105 125 150 253 291 1109 1383 8264,
2011,item_2011,,item_2011,,57 152 2439 7583,item 2011 features: 57 152 2439 7583,
2012,item_2012,,item_2012,,29 30 57 75 152 2674 2675 2676 2677 2678,item 2012 features: 29 30 57 75 152 2674 2675 2676 2677 2678,
2013,item_2013,,item_2013,,30 57 150,item 2013 features: 30 57 150,
2016,item_2016,,item_2016,,22 68 69 74 199 204 2119,item 2016 features: 22 68 69 74 199 204 2119,
2017,item_2017,,item_2017,,69 74 112 136 144 291 342 716 1599 1601 2846 2847 2856 7140,item 2017 features: 69 74 112 136 144 291 342 716 1599 1601 2846 2847 2856 7140,
2018,item_2018,,item_2018,,0 22 23 24 36 68 69 75 76 101 105 109 148 154 155 158 169 173 194 291 293 320 347 354 399 407 408 577 633 715 717 818 822 823 828 830 833 834 836 844 862 996 1109 1302 1305 1402 1668 2105 2554 2742 3574 3964 4701 5447 5791 6276 6573 7827 7828 7846 7847 8010 8041,item 2018 features: 0 22 23 24 36 68 69 75 76 101 105 109 148 154 155 158 169 173 194 291 293 320 347 354 399 407 408 577 633 715 717 818 822 823 828 830 833 834 836 844 862 996 1109 1302 1305 1402 1668 2105 2554 2742 3574 3964 4701 5447 5791 6276 6573 7827 7828 7846 7847 8010 8041,
2019,item_2019,,item_2019,,46 68 69 75 107 109 112 115 144 155 285 328 377 419 611 650 717 1651 1664 4278 7616 7967,item 2019 features: 46 68 69 75 107 109 112 115 144 155 285 328 377 419 611 650 717 1651 1664 4278 7616 7967,
2020,item_2020,,item_2020,,53 68 69 74 75 115 136 291 1052,item 2020 features: 53 68 69 74 75 115 136 291 1052,
2021,item_2021,,item_2021,,68 69 155 291 365 818 820 938 2807 2813 5861 6754,item 2021 features: 68 69 155 291 365 818 820 938 2807 2813 5861 6754,
2024,item_2024,,item_2024,,11 13 16 18 20 79 150,item 2024 features: 11 13 16 18 20 79 150,
2027,item_2027,,item_2027,,1 5 75 140 1302,item 2027 features: 1 5 75 140 1302,
2029,item_2029,,item_2029,,78 106 155 320 1055 1875 2098 3574 4955 4957 4967,item 2029 features: 78 106 155 320 1055 1875 2098 3574 4955 4957 4967,
2033,item_2033,,item_2033,,69 74 75 77 173,item 2033 features: 69 74 75 77 173,
2034,item_2034,,item_2034,,11 12 16 22 24 30 36 46 75 77 80 99 112 115 148 150 176 199 247 251 263 327 421 487 541 596 606 662 691 706 756 1324 1401 1424 1775 2170 2835 3236 3519 3622 3623 3626 7012 8153 8436,item 2034 features: 11 12 16 22 24 30 36 46 75 77 80 99 112 115 148 150 176 199 247 251 263 327 421 487 541 596 606 662 691 706 756 1324 1401 1424 1775 2170 2835 3236 3519 3622 3623 3626 7012 8153 8436,
2035,item_2035,,item_2035,,16 30 44 57 63 367 396 810 1670,item 2035 features: 16 30 44 57 63 367 396 810 1670,
2036,item_2036,,item_2036,,23 67 75 88 96 97 109 160 161 291 1365 1885 2589 6890 7822,item 2036 features: 23 67 75 88 96 97 109 160 161 291 1365 1885 2589 6890 7822,
2037,item_2037,,item_2037,,74 109 144 145 151 159 1866,item 2037 features: 74 109 144 145 151 159 1866,
2038,item_2038,,item_2038,,22 36 46 69 101 112 115 133 163 179 199 285 291 303 507 1025 1107 3423 3424 3425 3426 5543 8015 8016 8019,item 2038 features: 22 36 46 69 101 112 115 133 163 179 199 285 291 303 507 1025 1107 3423 3424 3425 3426 5543 8015 8016 8019,
2039,item_2039,,item_2039,,14 68 69 74 75 77 80 84 109 115 155 173 179 210 260 365 507 692 696 756 1098 2804 3113 3236 3468 4420,item 2039 features: 14 68 69 74 75 77 80 84 109 115 155 173 179 210 260 365 507 692 696 756 1098 2804 3113 3236 3468 4420,
2040,item_2040,,item_2040,,96 97 107 160 173 191 241 258 422 441 519 653 1987 2585 2589 2591 2600 2601 2604 3516 4367 4368 4370 7822,item 2040 features: 96 97 107 160 173 191 241 258 422 441 519 653 1987 2585 2589 2591 2600 2601 2604 3516 4367 4368 4370 7822,
2041,item_2041,,item_2041,,0 1 68 69 72 74 75 109 136 140 161 179 291 314 377 614 717 862 955 1867 2899 3214 4234 4267 4588 4652 4789 5660 6763 6777 8432,item 2041 features: 0 1 68 69 72 74 75 109 136 140 161 179 291 314 377 614 717 862 955 1867 2899 3214 4234 4267 4588 4652 4789 5660 6763 6777 8432,
2042,item_2042,,item_2042,,22 46 96 97 101 112 133 158 197 285 507 717 1219 1272 7223,item 2042 features: 22 46 96 97 101 112 133 158 197 285 507 717 1219 1272 7223,
2043,item_2043,,item_2043,,11 46 77 105 112 115 148 158 244 247 285 585 630 651 691 692 1140 6008,item 2043 features: 11 46 77 105 112 115 148 158 244 247 285 585 630 651 691 692 1140 6008,
2045,item_2045,,item_2045,,74 4372 4373 5090,item 2045 features: 74 4372 4373 5090,
2046,item_2046,,item_2046,,365 696,item 2046 features: 365 696,
2050,item_2050,,item_2050,,69 74 77,item 2050 features: 69 74 77,
2052,item_2052,,item_2052,,14 23 69 74 75 100 190 252 358 2559,item 2052 features: 14 23 69 74 75 100 190 252 358 2559,
2054,item_2054,,item_2054,,0 1 23 68 140 147 614,item 2054 features: 0 1 23 68 140 147 614,
2055,item_2055,,item_2055,,69 75 143 299 321 689,item 2055 features: 69 75 143 299 321 689,
2056,item_2056,,item_2056,,23 69 154 155 179 214 343 365 611 696 697 955 2637 3113 3123 4349 4843 4846 5264 5265 6149 6161 6692 7127,item 2056 features: 23 69 154 155 179 214 343 365 611 696 697 955 2637 3113 3123 4349 4843 4846 5264 5265 6149 6161 6692 7127,
2057,item_2057,,item_2057,,0 68 69 74 75 242 2071 5625,item 2057 features: 0 68 69 74 75 242 2071 5625,
2058,item_2058,,item_2058,,69 74 75 77 80 94 139 148 197 404 950 1400 1482 2071 6690 6759 6760 6761 6762 6763 6771 6772 7140 7154 7718 8217,item 2058 features: 69 74 75 77 80 94 139 148 197 404 950 1400 1482 2071 6690 6759 6760 6761 6762 6763 6771 6772 7140 7154 7718 8217,
2059,item_2059,,item_2059,,22 75 77 88 96 97 258 4606 5755 7826 8396,item 2059 features: 22 75 77 88 96 97 258 4606 5755 7826 8396,
2061,item_2061,,item_2061,,46 507 585 3494 6687 6877,item 2061 features: 46 507 585 3494 6687 6877,
2062,item_2062,,item_2062,,11 12 16 19 43 112 150 169 176 193 197 367 396 706 1234 1238 1424 1844 2170 2435 4374 6021 8117 8151 8152,item 2062 features: 11 12 16 19 43 112 150 169 176 193 197 367 396 706 1234 1238 1424 1844 2170 2435 4374 6021 8117 8151 8152,
2063,item_2063,,item_2063,,16 22 23 36 46 94 96 97 112 121 133 150 176 191 192 199 208 268 291 303 404 408 433 492 592 602 611 651 964 1022 1394 1961 2002 2005 2006 2008 2009 2011 2012 2013 3409 3494 4358 5068 5074 5076 5077 5601 5801 6351 7195 7884,item 2063 features: 16 22 23 36 46 94 96 97 112 121 133 150 176 191 192 199 208 268 291 303 404 408 433 492 592 602 611 651 964 1022 1394 1961 2002 2005 2006 2008 2009 2011 2012 2013 3409 3494 4358 5068 5074 5076 5077 5601 5801 6351 7195 7884,
2065,item_2065,,item_2065,,22 101 602 1263 5745 5746 6634 6635,item 2065 features: 22 101 602 1263 5745 5746 6634 6635,
2066,item_2066,,item_2066,,109 112 144 145 214 220 222 844 1600 4041,item 2066 features: 109 112 144 145 214 220 222 844 1600 4041,
2067,item_2067,,item_2067,,69 74 75 77 80 84 105 158 197 253 291 323 829 830 2888 3493 3494 3676 6940 6941 8432,item 2067 features: 69 74 75 77 80 84 105 158 197 253 291 323 829 830 2888 3493 3494 3676 6940 6941 8432,
2068,item_2068,,item_2068,,75 77 203 251 358 974,item 2068 features: 75 77 203 251 358 974,
2071,item_2071,,item_2071,,11 13 16 19 75 150 3783 8151 8152 8153 8217,item 2071 features: 11 13 16 19 75 150 3783 8151 8152 8153 8217,
2073,item_2073,,item_2073,,16 22 36 99 150 4372 4373,item 2073 features: 16 22 36 99 150 4372 4373,
2075,item_2075,,item_2075,,0 314 6792,item 2075 features: 0 314 6792,
2078,item_2078,,item_2078,,69 74 75 77 80 109 173 662 668 717 1324 2804 6768,item 2078 features: 69 74 75 77 80 109 173 662 668 717 1324 2804 6768,
2079,item_2079,,item_2079,,69 74 75 77 139 141 143 144 147 149 157 173 179 193 303 352 625 634 851 2071 4304 5009 5666 6621 6634 6690 6762,item 2079 features: 69 74 75 77 139 141 143 144 147 149 157 173 179 193 303 352 625 634 851 2071 4304 5009 5666 6621 6634 6690 6762,
2080,item_2080,,item_2080,,16 36 69 74 75 101 135 139 144 145 150 164 173 179 191 242 260 352 521 634 706 1107 1236 1325 2097 2110 2453 4354 5009 5040 5666 6277 6951 6956,item 2080 features: 16 36 69 74 75 101 135 139 144 145 150 164 173 179 191 242 260 352 521 634 706 1107 1236 1325 2097 2110 2453 4354 5009 5040 5666 6277 6951 6956,
2081,item_2081,,item_2081,,11 16 22 36 69 99 105 109 112 115 150 158 163 166 173 176 197 199 263 323 371 379 396 585 1044 1313 2055 2639 2772 4278 5590 5591 7214,item 2081 features: 11 16 22 36 69 99 105 109 112 115 150 158 163 166 173 176 197 199 263 323 371 379 396 585 1044 1313 2055 2639 2772 4278 5590 5591 7214,
2082,item_2082,,item_2082,,14 16 22 23 36 46 69 74 75 77 80 101 102 109 112 115 136 144 164 173 179 189 194 199 203 226 235 239 251 272 291 303 323 377 520 691 862 1107 1489 1490 1578 2022 2624 3216 3279 3285 3663 4274 4275 4276 4277 5743 5747 5752 6431 6626 7428 7783,item 2082 features: 14 16 22 23 36 46 69 74 75 77 80 101 102 109 112 115 136 144 164 173 179 189 194 199 203 226 235 239 251 272 291 303 323 377 520 691 862 1107 1489 1490 1578 2022 2624 3216 3279 3285 3663 4274 4275 4276 4277 5743 5747 5752 6431 6626 7428 7783,
2083,item_2083,,item_2083,,22 68 69 74 75 77 80 101 105 109 127 147 148 150 155 158 173 176 192 197 242 251 253 260 291 303 309 321 323 345 367 396 404 409 422 585 706 717 767 768 770 773 778 844 866 940 1373 1424 1578 1857 2055 2582 3065 3189 3209 3216 3456 3573 3787 3830 3831 3832 3833 3834 3836 3837 3838 4373 4613 5293 5551 6010 6193 6269 6688 6689 6692 6754 6941 7292 7515 7555 8432,item 2083 features: 22 68 69 74 75 77 80 101 105 109 127 147 148 150 155 158 173 176 192 197 242 251 253 260 291 303 309 321 323 345 367 396 404 409 422 585 706 717 767 768 770 773 778 844 866 940 1373 1424 1578 1857 2055 2582 3065 3189 3209 3216 3456 3573 3787 3830 3831 3832 3833 3834 3836 3837 3838 4373 4613 5293 5551 6010 6193 6269 6688 6689 6692 6754 6941 7292 7515 7555 8432,
2084,item_2084,,item_2084,,16 19 22 36 70 75 77 101 112 115 150 158 162 163 166 169 173 191 251 263 309 330 585 670 852 1161 1776 3237 3519 3622 3623 3624 3783 6430 7134 7292,item 2084 features: 16 19 22 36 70 75 77 101 112 115 150 158 162 163 166 169 173 191 251 263 309 330 585 670 852 1161 1776 3237 3519 3622 3623 3624 3783 6430 7134 7292,
2085,item_2085,,item_2085,,22 36 96 133 158 173 191 194 199 260 285 403 407 507 606 651 796 933 1462 3137 6842 7292 7520,item 2085 features: 22 36 96 133 158 173 191 194 199 260 285 403 407 507 606 651 796 933 1462 3137 6842 7292 7520,
2086,item_2086,,item_2086,,16 22 23 36 69 70 77 101 112 162 166 172 173 191 197 242 251 290 379 404 447 516 585 602 690 965 1346 1394 1467 1521 2435 3494 3573 7623 7625 7626,item 2086 features: 16 22 23 36 69 70 77 101 112 162 166 172 173 191 197 242 251 290 379 404 447 516 585 602 690 965 1346 1394 1467 1521 2435 3494 3573 7623 7625 7626,
2088,item_2088,,item_2088,,12 16 36 69 74 75 77 80 109 112 173 179 197 210 367 964 1348 1424 3573 4587 5329 6008 7975,item 2088 features: 12 16 36 69 74 75 77 80 109 112 173 179 197 210 367 964 1348 1424 3573 4587 5329 6008 7975,
2089,item_2089,,item_2089,,11 16 18 22 36 69 74 75 77 81 101 109 115 148 164 166 169 173 176 179 189 191 193 194 195 197 199 203 252 260 309 377 404 408 409 421 585 606 634 658 691 692 861 1046 1048 1138 1139 1140 1143 1241 1246 1250 1394 1408 1578 1646 1894 2055 2423 2453 3359 3413 3790 3791 3792 3793 3797 4994 5519 5743 5748 6120 6697 6705 7192 7214 7763 7785 8221,item 2089 features: 11 16 18 22 36 69 74 75 77 81 101 109 115 148 164 166 169 173 176 179 189 191 193 194 195 197 199 203 252 260 309 377 404 408 409 421 585 606 634 658 691 692 861 1046 1048 1138 1139 1140 1143 1241 1246 1250 1394 1408 1578 1646 1894 2055 2423 2453 3359 3413 3790 3791 3792 3793 3797 4994 5519 5743 5748 6120 6697 6705 7192 7214 7763 7785 8221,
2090,item_2090,,item_2090,,69 75 77 80 158 173 247 251 1048 6274 6685,item 2090 features: 69 75 77 80 158 173 247 251 1048 6274 6685,
2091,item_2091,,item_2091,,22 46 108 109 112 340 358 404 572 690 706 1126 1137 1141 1471 2702 2975 4691 5547 5548 5549,item 2091 features: 22 46 108 109 112 340 358 404 572 690 706 1126 1137 1141 1471 2702 2975 4691 5547 5548 5549,
2095,item_2095,,item_2095,,11 75 77 112 139 148 662 1046 6693 7948 7950,item 2095 features: 11 75 77 112 139 148 662 1046 6693 7948 7950,
2096,item_2096,,item_2096,,314 315 978 1480,item 2096 features: 314 315 978 1480,
2097,item_2097,,item_2097,,68 69 74 75 140 147 173 176 179 242 540 1052 2615 5132,item 2097 features: 68 69 74 75 140 147 173 176 179 242 540 1052 2615 5132,
2098,item_2098,,item_2098,,11 12 13 14 16 19 23 24 25 30 69 75 77 112 115 142 150 158 173 235 291 325 327 691 927 1128 3393 4424 4677 4678 5090 5091 5092 7125,item 2098 features: 11 12 13 14 16 19 23 24 25 30 69 75 77 112 115 142 150 158 173 235 291 325 327 691 927 1128 3393 4424 4677 4678 5090 5091 5092 7125,
2105,item_2105,,item_2105,,0 30 72 314 363 689 5561 5571,item 2105 features: 0 30 72 314 363 689 5561 5571,
2106,item_2106,,item_2106,,12 30 43 74 83 105 154 176 321 689 813 1028 4566 7124,item 2106 features: 12 30 43 74 83 105 154 176 321 689 813 1028 4566 7124,
2107,item_2107,,item_2107,,30 77 83 154 689 4566 5786,item 2107 features: 30 77 83 154 689 4566 5786,
2109,item_2109,,item_2109,,75 77 2618,item 2109 features: 75 77 2618,
2110,item_2110,,item_2110,,74 77 80 143 247 978 1663 2368,item 2110 features: 74 77 80 143 247 978 1663 2368,
2114,item_2114,,item_2114,,68 69 155 158,item 2114 features: 68 69 155 158,
2116,item_2116,,item_2116,,12 31 83 291 377 689 7288,item 2116 features: 12 31 83 291 377 689 7288,
2117,item_2117,,item_2117,,29 30 872 2622 4093 5090 5133 5577,item 2117 features: 29 30 872 2622 4093 5090 5133 5577,
2118,item_2118,,item_2118,,12 25 30 31 154 421 437 2622 4093 5576 5972,item 2118 features: 12 25 30 31 154 421 437 2622 4093 5576 5972,
2119,item_2119,,item_2119,,12 16 30 31 56 456 495 1598 1804 4093,item 2119 features: 12 16 30 31 56 456 495 1598 1804 4093,
2120,item_2120,,item_2120,,12 30 31 44 56 63 5972,item 2120 features: 12 30 31 44 56 63 5972,
2122,item_2122,,item_2122,,68 69 155 208 365 611 696,item 2122 features: 68 69 155 208 365 611 696,
2123,item_2123,,item_2123,,12 30 56 7206,item 2123 features: 12 30 56 7206,
2126,item_2126,,item_2126,,11 133 194 421 1312 2319 2327,item 2126 features: 11 133 194 421 1312 2319 2327,
2127,item_2127,,item_2127,,16 19 30 150 263 1627 3998,item 2127 features: 16 19 30 150 263 1627 3998,
2128,item_2128,,item_2128,,0 87 314 1499 3953,item 2128 features: 0 87 314 1499 3953,
2129,item_2129,,item_2129,,16 141 143 148 150 154 157 314 846 2904,item 2129 features: 16 141 143 148 150 154 157 314 846 2904,
2130,item_2130,,item_2130,,141 143 149 242 263 314 634 846,item 2130 features: 141 143 149 242 263 314 634 846,
2133,item_2133,,item_2133,,16 57 82 142 199 461 3642,item 2133 features: 16 57 82 142 199 461 3642,
2136,item_2136,,item_2136,,77 83 7622,item 2136 features: 77 83 7622,
2144,item_2144,,item_2144,,74 135 169 602 975 1424 1837 4338,item 2144 features: 74 135 169 602 975 1424 1837 4338,
2148,item_2148,,item_2148,,22 112 358,item 2148 features: 22 112 358,
2149,item_2149,,item_2149,,36 121 260 801 1679,item 2149 features: 36 121 260 801 1679,
2151,item_2151,,item_2151,,115 155 208 247 421 611 1048 2083,item 2151 features: 115 155 208 247 421 611 1048 2083,
2152,item_2152,,item_2152,,115 156 179 208 247 611 1581 3227 4693,item 2152 features: 115 156 179 208 247 611 1581 3227 4693,
2153,item_2153,,item_2153,,17 22 23 69 84 110 155 191 242 415 588 611 661 703 1203 1651 1668 3547,item 2153 features: 17 22 23 69 84 110 155 191 242 415 588 611 661 703 1203 1651 1668 3547,
2154,item_2154,,item_2154,,69 71 84 110 155 208 574 611 3236 3355 5690 6398,item 2154 features: 69 71 84 110 155 208 574 611 3236 3355 5690 6398,
2156,item_2156,,item_2156,,23 69 155 343 611 696 717 4830,item 2156 features: 23 69 155 343 611 696 717 4830,
2158,item_2158,,item_2158,,16 29 44 109 263 5133 6397 6406 6413 6414 6416 6417 6418 6419 8031,item 2158 features: 16 29 44 109 263 5133 6397 6406 6413 6414 6416 6417 6418 6419 8031,
2162,item_2162,,item_2162,,11 13 507 641 1312,item 2162 features: 11 13 507 641 1312,
2165,item_2165,,item_2165,,11 12 16 66,item 2165 features: 11 12 16 66,
2166,item_2166,,item_2166,,69 154 208 229 520 574 579 602 697 717 862 1050 1935 1959 2766 3544 3545 3557 3558,item 2166 features: 69 154 208 229 520 574 579 602 697 717 862 1050 1935 1959 2766 3544 3545 3557 3558,
2167,item_2167,,item_2167,,69 75 77 80 105 158 251 323 7904,item 2167 features: 69 75 77 80 105 158 251 323 7904,
2169,item_2169,,item_2169,,69 75 115 365 696 697 842 2055,item 2169 features: 69 75 115 365 696 697 842 2055,
2171,item_2171,,item_2171,,46 112 696,item 2171 features: 46 112 696,
2172,item_2172,,item_2172,,69 154 155 158 365 696 3113 5264 6149,item 2172 features: 69 154 155 158 365 696 3113 5264 6149,
2174,item_2174,,item_2174,,128 147 154 433 1871,item 2174 features: 128 147 154 433 1871,
2180,item_2180,,item_2180,,69 77 251 585 598 3622 3623 3632 7904 7970,item 2180 features: 69 77 251 585 598 3622 3623 3632 7904 7970,
2182,item_2182,,item_2182,,0 68,item 2182 features: 0 68,
2183,item_2183,,item_2183,,0 23 68 78 100 155 320 435 611 4204 7064 7430 7431 7433,item 2183 features: 0 23 68 78 100 155 320 435 611 4204 7064 7430 7431 7433,
2187,item_2187,,item_2187,,69 115 309 321 354,item 2187 features: 69 115 309 321 354,
2188,item_2188,,item_2188,,79 84 154 155 668 697 2300 7412,item 2188 features: 79 84 154 155 668 697 2300 7412,
2194,item_2194,,item_2194,,30 147 437 765 2674 2675 2676,item 2194 features: 30 147 437 765 2674 2675 2676,
2197,item_2197,,item_2197,,11 12 13 16 460 895 1140 1786,item 2197 features: 11 12 13 16 460 895 1140 1786,
2198,item_2198,,item_2198,,112 262 340 358 507 572 690 717,item 2198 features: 112 262 340 358 507 572 690 717,
2199,item_2199,,item_2199,,79 247 284 1674,item 2199 features: 79 247 284 1674,
2200,item_2200,,item_2200,,0 69 140 161 173 179 291 309 614 3756,item 2200 features: 0 69 140 161 173 179 291 309 614 3756,
2201,item_2201,,item_2201,,69 74 75 101 109 148 157 358 690 1578 2109 4174 4246,item 2201 features: 69 74 75 101 109 148 157 358 690 1578 2109 4174 4246,
2202,item_2202,,item_2202,,46 156 562 707 4692,item 2202 features: 46 156 562 707 4692,
2203,item_2203,,item_2203,,22 69 75 112 115 251 404 541 606 1849,item 2203 features: 22 69 75 112 115 251 404 541 606 1849,
2204,item_2204,,item_2204,,22 69 75 149 3156 3157,item 2204 features: 22 69 75 149 3156 3157,
2205,item_2205,,item_2205,,68 69 75 101 146 148 358,item 2205 features: 68 69 75 101 146 148 358,
2206,item_2206,,item_2206,,22 36 46 109 112 169 340 358 404 572 690 1126 1180 3423 3424 3425 3434 3436 4691 5547 6381,item 2206 features: 22 36 46 109 112 169 340 358 404 572 690 1126 1180 3423 3424 3425 3434 3436 4691 5547 6381,
2207,item_2207,,item_2207,,14 15 22 23 70 105 115 194 260 329 717 844 862 1047,item 2207 features: 14 15 22 23 70 105 115 194 260 329 717 844 862 1047,
2208,item_2208,,item_2208,,14 15 16 22 23 36 70 99 105 112 150 158 165 166 230 235 263 285 401 405 407 410 411 421 588 735 736 737 738 741 745 750 1109 1424 2105 3527 5381 5445,item 2208 features: 14 15 16 22 23 36 70 99 105 112 150 158 165 166 230 235 263 285 401 405 407 410 411 421 588 735 736 737 738 741 745 750 1109 1424 2105 3527 5381 5445,
2209,item_2209,,item_2209,,14 15 16 22 23 36 65 70 99 109 148 154 158 164 165 166 291 367 399 401 404 405 421 422 592 717 733 735 736 738 745 752 775 1049 1109 1650 1656 1775 1848 2044 2105 3527 3561 4128 5269 5381 5445 5446 5506 7928 8146,item 2209 features: 14 15 16 22 23 36 65 70 99 109 148 154 158 164 165 166 291 367 399 401 404 405 421 422 592 717 733 735 736 738 745 752 775 1049 1109 1650 1656 1775 1848 2044 2105 3527 3561 4128 5269 5381 5445 5446 5506 7928 8146,
2210,item_2210,,item_2210,,14 15 16 22 23 36 69 70 75 109 112 147 164 165 285 329 735 740 745 749 824 1659 1939 3813 5868 6692,item 2210 features: 14 15 16 22 23 36 69 70 75 109 112 147 164 165 285 329 735 740 745 749 824 1659 1939 3813 5868 6692,
2212,item_2212,,item_2212,,14 16 22 23 24 69 70 75 109 144 147 158 235 407 733 737 738 750 753 1346 1650 2055 2153 3813 5506 6864,item 2212 features: 14 16 22 23 24 69 70 75 109 144 147 158 235 407 733 737 738 750 753 1346 1650 2055 2153 3813 5506 6864,
2213,item_2213,,item_2213,,22 69 115 194 260 447 507 706 1048,item 2213 features: 22 69 115 194 260 447 507 706 1048,
2214,item_2214,,item_2214,,27 86 154 277 1045 6975,item 2214 features: 27 86 154 277 1045 6975,
2215,item_2215,,item_2215,,14 15 16 22 23 24 36 70 75 105 144 150 158 165 230 235 329 354 401 422 588 611 668 702 733 735 736 737 738 739 740 742 743 746 748 750 752 766 767 769 770 771 772 773 779 836 1272 1346 2055 2105 2244 2492 2501 2780 2784 3189 3501 3502 3504 3509 3511 3576 3813 4705 4877 6864 7899 8146,item 2215 features: 14 15 16 22 23 24 36 70 75 105 144 150 158 165 230 235 329 354 401 422 588 611 668 702 733 735 736 737 738 739 740 742 743 746 748 750 752 766 767 769 770 771 772 773 779 836 1272 1346 2055 2105 2244 2492 2501 2780 2784 3189 3501 3502 3504 3509 3511 3576 3813 4705 4877 6864 7899 8146,
2216,item_2216,,item_2216,,69 74 75 80 136 144 291 1600 7140,item 2216 features: 69 74 75 80 136 144 291 1600 7140,
2217,item_2217,,item_2217,,69 74 75 136 291 303 521,item 2217 features: 69 74 75 136 291 303 521,
2219,item_2219,,item_2219,,0 68 69 74 173 179 291 435,item 2219 features: 0 68 69 74 173 179 291 435,
2220,item_2220,,item_2220,,22 23 36 110 133 164 179 194 260 404 507 691 861 867 1046 2999 5868 8146,item 2220 features: 22 23 36 110 133 164 179 194 260 404 507 691 861 867 1046 2999 5868 8146,
2224,item_2224,,item_2224,,30 63 150 157 173 377 617 810 1675 6698,item 2224 features: 30 63 150 157 173 377 617 810 1675 6698,
2226,item_2226,,item_2226,,75 247 340 358 396 541 572 668 690 6434,item 2226 features: 75 247 340 358 396 541 572 668 690 6434,
2227,item_2227,,item_2227,,69 74 75 77 80 109 148 157 176 226 340 358 541 572 602 662 690 691 1140 1221 1233 1324 1441 1775 2559 2615 2835 4053 4057 4227 4246 5828 6445 7506 7895 8198 8204,item 2227 features: 69 74 75 77 80 109 148 157 176 226 340 358 541 572 602 662 690 691 1140 1221 1233 1324 1441 1775 2559 2615 2835 4053 4057 4227 4246 5828 6445 7506 7895 8198 8204,
2228,item_2228,,item_2228,,1 14 24 30 43 68 69 72 74 75 77 80 84 115 136 148 154 155 169 173 179 192 197 199 242 279 291 303 309 321 325 344 345 367 377 606 662 691 717 830 950 955 1052 1238 1424 2055 2804 3010 3011 3527 3621 3691 3697 4373 4651 4758 4911 5617 5860 6694 6784 6785 6786 7140 7180 7937 8147 8432,item 2228 features: 1 14 24 30 43 68 69 72 74 75 77 80 84 115 136 148 154 155 169 173 179 192 197 199 242 279 291 303 309 321 325 344 345 367 377 606 662 691 717 830 950 955 1052 1238 1424 2055 2804 3010 3011 3527 3621 3691 3697 4373 4651 4758 4911 5617 5860 6694 6784 6785 6786 7140 7180 7937 8147 8432,
2229,item_2229,,item_2229,,11 22 46 75 77 101 112 115 148 173 197 203 242 244 247 251 293 396 421 541 585 606 651 662 668 691 692 693 703 1324 1775 2316 2835 3790 3795 5859 5860 6430 6948 6949 7823 8340,item 2229 features: 11 22 46 75 77 101 112 115 148 173 197 203 242 244 247 251 293 396 421 541 585 606 651 662 668 691 692 693 703 1324 1775 2316 2835 3790 3795 5859 5860 6430 6948 6949 7823 8340,
2230,item_2230,,item_2230,,15 23 30 69 74 75 77 80 109 173 179 247 251 293 403 495 521 651 691 885 950 954 955 1539 3143 3144 3898 4372 6282 6685 6754 7897 7898,item 2230 features: 15 23 30 69 74 75 77 80 109 173 179 247 251 293 403 495 521 651 691 885 950 954 955 1539 3143 3144 3898 4372 6282 6685 6754 7897 7898,
2231,item_2231,,item_2231,,14 16 30 36 74 75 77 80 84 105 144 158 242 263 321 323 379 390 691 717 721 931 1109 1424 2418 3573 4563 5085 5414 6686 6688 7125,item 2231 features: 14 16 30 36 74 75 77 80 84 105 144 158 242 263 321 323 379 390 691 717 721 931 1109 1424 2418 3573 4563 5085 5414 6686 6688 7125,
2232,item_2232,,item_2232,,11 12 13 16 19 30 69 75 77 80 83 109 148 154 251 303 321 327 495 691 693 756 927 1161 1352 1703 3143 4594 4677 4916 4917 7107 7904,item 2232 features: 11 12 13 16 19 30 69 75 77 80 83 109 148 154 251 303 321 327 495 691 693 756 927 1161 1352 1703 3143 4594 4677 4916 4917 7107 7904,
2233,item_2233,,item_2233,,11 22 24 46 69 74 75 77 80 105 109 112 115 131 148 158 173 191 242 243 244 247 251 285 293 303 332 342 403 421 577 602 651 709 965 1324 1424 1775 2071 2208 4338 4944 5278 5625 6008 6293 6634 6640 6686 6689 7292,item 2233 features: 11 22 24 46 69 74 75 77 80 105 109 112 115 131 148 158 173 191 242 243 244 247 251 285 293 303 332 342 403 421 577 602 651 709 965 1324 1424 1775 2071 2208 4338 4944 5278 5625 6008 6293 6634 6640 6686 6689 7292,
2234,item_2234,,item_2234,,69 75 77 80 109 251 303 495 651 2055 3143 5836 6283 6685 6688 7154 7897 7898 7914,item 2234 features: 69 75 77 80 109 251 303 495 651 2055 3143 5836 6283 6685 6688 7154 7897 7898 7914,
2245,item_2245,,item_2245,,11 16 30 43 57 63 367 396 460 461 492 706,item 2245 features: 11 16 30 43 57 63 367 396 460 461 492 706,
2249,item_2249,,item_2249,,11 12 13 16 30 65 84 86 150 474 693 1140,item 2249 features: 11 12 13 16 30 65 84 86 150 474 693 1140,
2254,item_2254,,item_2254,,22 96 97 133 197 258 495 507 606 658 2314 3053 3609 3840 3841 3844 3849 3858 3862 3863 4385 4892 6334 6716 6717,item 2254 features: 22 96 97 133 197 258 495 507 606 658 2314 3053 3609 3840 3841 3844 3849 3858 3862 3863 4385 4892 6334 6716 6717,
2255,item_2255,,item_2255,,22 133 339 1325 5741,item 2255 features: 22 133 339 1325 5741,
2259,item_2259,,item_2259,,0 68 146 978 5368,item 2259 features: 0 68 146 978 5368,
2260,item_2260,,item_2260,,14 22 69 74 75 77 80 101 105 109 144 158 169 173 235 242 251 260 291 293 323 404 407 421 606 965 1091 1246 1424 2055 2404 2804 2809 3298 3494 3527 3573 3622 3623 3711 5614 5744 5754 6010 6276 6283 6685 6694 7118 7269 7381,item 2260 features: 14 22 69 74 75 77 80 101 105 109 144 158 169 173 235 242 251 260 291 293 323 404 407 421 606 965 1091 1246 1424 2055 2404 2804 2809 3298 3494 3527 3573 3622 3623 3711 5614 5744 5754 6010 6276 6283 6685 6694 7118 7269 7381,
2261,item_2261,,item_2261,,16 75 158 325,item 2261 features: 16 75 158 325,
2262,item_2262,,item_2262,,74 75 109 149 284 314 1369,item 2262 features: 74 75 109 149 284 314 1369,
2263,item_2263,,item_2263,,22 36 96 112 133 158 191 197 199 507 519 5543,item 2263 features: 22 36 96 112 133 158 191 197 199 507 519 5543,
2265,item_2265,,item_2265,,22 36 69 101 260 262 295 405 4938,item 2265 features: 22 36 69 101 260 262 295 405 4938,
2267,item_2267,,item_2267,,22 46 69 101 147 288 339 532 639 798 1263 1325 2801 5583 5741 5742 5747 5751 5753,item 2267 features: 22 46 69 101 147 288 339 532 639 798 1263 1325 2801 5583 5741 5742 5747 5751 5753,
2268,item_2268,,item_2268,,11 12 13 16 18 19 112 150 176 285 309 541 604 692 711 1424 1804 4374 6693 7722 8151 8152,item 2268 features: 11 12 13 16 18 19 112 150 176 285 309 541 604 692 711 1424 1804 4374 6693 7722 8151 8152,
2269,item_2269,,item_2269,,77 247 251 327 756,item 2269 features: 77 247 251 327 756,
2270,item_2270,,item_2270,,77 148 247 251 598 7946 8219,item 2270 features: 77 148 247 251 598 7946 8219,
2271,item_2271,,item_2271,,12 30 57 63 96 97 1705,item 2271 features: 12 30 57 63 96 97 1705,
2272,item_2272,,item_2272,,16 22 36 115 173 179 260 654 2097 8234,item 2272 features: 16 22 36 115 173 179 260 654 2097 8234,
2279,item_2279,,item_2279,,12 13 18 36,item 2279 features: 12 13 18 36,
2280,item_2280,,item_2280,,147 154 377 437 2249 3287 3568 8239,item 2280 features: 147 154 377 437 2249 3287 3568 8239,
2281,item_2281,,item_2281,,11 13 19 79 158 263 309 506 692 693 1363 2240 7126,item 2281 features: 11 13 19 79 158 263 309 506 692 693 1363 2240 7126,
2282,item_2282,,item_2282,,79 81 112 507 611 717,item 2282 features: 79 81 112 507 611 717,
2284,item_2284,,item_2284,,22 23 69 81 147 507 1403 2002 3416 4311 5382 5383,item 2284 features: 22 23 69 81 147 507 1403 2002 3416 4311 5382 5383,
2285,item_2285,,item_2285,,22 23 34 36 79 81 112 133 154 166 179 507 574 611 1394 2554 6900 7788 8147,item 2285 features: 22 23 34 36 79 81 112 133 154 166 179 507 574 611 1394 2554 6900 7788 8147,
2286,item_2286,,item_2286,,11 23 79 112 115 133 179 208 247 291 377 421 507 519 549 611 696 717 842 852 862 1098 1627 1966 2106 2315 3115 3216 4643 5864 5866 6490 7196 8276,item 2286 features: 11 23 79 112 115 133 179 208 247 291 377 421 507 519 549 611 696 717 842 852 862 1098 1627 1966 2106 2315 3115 3216 4643 5864 5866 6490 7196 8276,
2287,item_2287,,item_2287,,12 16 22 23 30 57 70 150 154 158 253 399 404 456 508 691 735 738 743 748 750 752 754 1663 2105 3539 4830 5447 5448 5450 6589 8146,item 2287 features: 12 16 22 23 30 57 70 150 154 158 253 399 404 456 508 691 735 738 743 748 750 752 754 1663 2105 3539 4830 5447 5448 5450 6589 8146,
2288,item_2288,,item_2288,,29 81 115 208 611 872 2394 2635 4919 5692 6875 6884 7175 7679 7968,item 2288 features: 29 81 115 208 611 872 2394 2635 4919 5692 6875 6884 7175 7679 7968,
2289,item_2289,,item_2289,,22 23 112 133 164 166 507 611 818 1203 2999 3045 3569 4672 8147,item 2289 features: 22 23 112 133 164 166 507 611 818 1203 2999 3045 3569 4672 8147,
2290,item_2290,,item_2290,,11 12 13 16 18 19 20 79 150 447 691 1363 1364 1769 1898 4372 4521 4566 4567 7015 7127 7451,item 2290 features: 11 12 13 16 18 19 20 79 150 447 691 1363 1364 1769 1898 4372 4521 4566 4567 7015 7127 7451,
2291,item_2291,,item_2291,,22 46 79 112 147 179 208 212 244 285 404 422 604 1050 6696 7104 7337 7350,item 2291 features: 22 46 79 112 147 179 208 212 244 285 404 422 604 1050 6696 7104 7337 7350,
2292,item_2292,,item_2292,,57 112 171 199,item 2292 features: 57 112 171 199,
2293,item_2293,,item_2293,,74 75 77 80 105 112 144 158 173 210 293 6695 7967 8433,item 2293 features: 74 75 77 80 105 112 144 158 173 210 293 6695 7967 8433,
2294,item_2294,,item_2294,,16 22 36 46 75 96 112 852 4123 6794,item 2294 features: 16 22 36 46 75 96 112 852 4123 6794,
2295,item_2295,,item_2295,,14 23 144 226 233 239 864 950,item 2295 features: 14 23 144 226 233 239 864 950,
2296,item_2296,,item_2296,,23 65 106 144 157 226 265 379 949 1409 4216 4824 7969,item 2296 features: 23 65 106 144 157 226 265 379 949 1409 4216 4824 7969,
2297,item_2297,,item_2297,,22 23 507 574 1046,item 2297 features: 22 23 507 574 1046,
2298,item_2298,,item_2298,,22 69 75 112 118 120 121 268 433 946 1022 1961,item 2298 features: 22 69 75 112 118 120 121 268 433 946 1022 1961,
2299,item_2299,,item_2299,,0 6 142 153 695 3964 6953,item 2299 features: 0 6 142 153 695 3964 6953,
2300,item_2300,,item_2300,,0 4 12 30 72 87 154 354 432 619 810 1274 1368 4411 5554 5901,item 2300 features: 0 4 12 30 72 87 154 354 432 619 810 1274 1368 4411 5554 5901,
2302,item_2302,,item_2302,,11 12 16 18 21 36 115 154 179 253 697 1140 2361 2362,item 2302 features: 11 12 16 18 21 36 115 154 179 253 697 1140 2361 2362,
2303,item_2303,,item_2303,,12 16 30 31 41 44 263 604 4372,item 2303 features: 12 16 30 31 41 44 263 604 4372,
2304,item_2304,,item_2304,,75 77 80 115 327 495 2613 2908 3762 6685,item 2304 features: 75 77 80 115 327 495 2613 2908 3762 6685,
2305,item_2305,,item_2305,,16 24 30 71 75 77 80 84 109 179 242 244 247 606 630 651 1663 1963 2391 6685,item 2305 features: 16 24 30 71 75 77 80 84 109 179 242 244 247 606 630 651 1663 1963 2391 6685,
2306,item_2306,,item_2306,,30 63 69 75 77 80 109 115 129 136 169 179 235 291 303 325 377 702 756 1352 3825 4677 5617 5786 5836 6685,item 2306 features: 30 63 69 75 77 80 109 115 129 136 169 179 235 291 303 325 377 702 756 1352 3825 4677 5617 5786 5836 6685,
2307,item_2307,,item_2307,,16 29 1351 6401 6402,item 2307 features: 16 29 1351 6401 6402,
2309,item_2309,,item_2309,,96 97 106 173 377 1705 3257 3824 4367 4649 7701,item 2309 features: 96 97 106 173 377 1705 3257 3824 4367 4649 7701,
2310,item_2310,,item_2310,,30 631 1805 2928,item 2310 features: 30 631 1805 2928,
2311,item_2311,,item_2311,,96 97 191 241 291 1090 2367 2584 2585 2586 2597 2598 2604 3516 4368 7746 8075 8076 8077 8079 8080,item 2311 features: 96 97 191 241 291 1090 2367 2584 2585 2586 2597 2598 2604 3516 4368 7746 8075 8076 8077 8079 8080,
2312,item_2312,,item_2312,,77 84 148 247 396 630 756 2259,item 2312 features: 77 84 148 247 396 630 756 2259,
2313,item_2313,,item_2313,,12 16 25 30 69 71 74 75 77 80 84 109 170 176 192 251 291 327 377 691 703 1352 1389 1666 2805 3899 4372 5027 5869 6258 6691 6692 7938,item 2313 features: 12 16 25 30 69 71 74 75 77 80 84 109 170 176 192 251 291 327 377 691 703 1352 1389 1666 2805 3899 4372 5027 5869 6258 6691 6692 7938,
2315,item_2315,,item_2315,,77 176 251,item 2315 features: 77 176 251,
2317,item_2317,,item_2317,,0 68 69 75 144 1276 1371 1601 1957,item 2317 features: 0 68 69 75 144 1276 1371 1601 1957,
2319,item_2319,,item_2319,,0 1 68 69 75 140 314 320 614 1052 6691 8114,item 2319 features: 0 1 68 69 75 140 314 320 614 1052 6691 8114,
2320,item_2320,,item_2320,,36 69 74 75 145 146 263 978 2194,item 2320 features: 36 69 74 75 145 146 263 978 2194,
2321,item_2321,,item_2321,,0 140 157 173 179 309 314,item 2321 features: 0 140 157 173 179 309 314,
2322,item_2322,,item_2322,,0 1 140 614 5090 5091,item 2322 features: 0 1 140 614 5090 5091,
2323,item_2323,,item_2323,,0 1 4 5 6 16 57 142 153 196 303 717 996 1131 2560 4352,item 2323 features: 0 1 4 5 6 16 57 142 153 196 303 717 996 1131 2560 4352,
2327,item_2327,,item_2327,,69 77 80 109 162 251 602 7714 7971,item 2327 features: 69 77 80 109 162 251 602 7714 7971,
2328,item_2328,,item_2328,,16 22 77 99 162 251 592 3236 8217,item 2328 features: 16 22 77 99 162 251 592 3236 8217,
2330,item_2330,,item_2330,,22 23 69 115 147 148 155 173 176 179 208 247 260 291 377 447 507 611 696 867 1046 1048 1049 1581 1659 2453 3223 5743,item 2330 features: 22 23 69 115 147 148 155 173 176 179 208 247 260 291 377 447 507 611 696 867 1046 1048 1049 1581 1659 2453 3223 5743,
2331,item_2331,,item_2331,,22 115 260 492 977 5740 5742 5749 5750,item 2331 features: 22 115 260 492 977 5740 5742 5749 5750,
2333,item_2333,,item_2333,,14 22 23 53 69 75 105 115 118 128 147 155 158 164 169 172 192 194 260 291 339 401 407 574 611 640 691 706 710 717 1048 1659 1775 2105 2453 3045 4675 5045 5445 5868 8146,item 2333 features: 14 22 23 53 69 75 105 115 118 128 147 155 158 164 169 172 192 194 260 291 339 401 407 574 611 640 691 706 710 717 1048 1659 1775 2105 2453 3045 4675 5045 5445 5868 8146,
2334,item_2334,,item_2334,,22 23 81 133 166 244 404 507 581 611 768 770 5865,item 2334 features: 22 23 81 133 166 244 404 507 581 611 768 770 5865,
2337,item_2337,,item_2337,,30 77 80 83 90 91 4372 4373,item 2337 features: 30 77 80 83 90 91 4372 4373,
2338,item_2338,,item_2338,,14 22 23 30 69 74 75 77 80 81 101 107 147 155 179 203 235 379 611 734 735 740 749 1085 1086 1650 1651 1660 1663 1664 1824 2105 3669 3825 4677 4678 5445 5607 5840 6691 6864,item 2338 features: 14 22 23 30 69 74 75 77 80 81 101 107 147 155 179 203 235 379 611 734 735 740 749 1085 1086 1650 1651 1660 1663 1664 1824 2105 3669 3825 4677 4678 5445 5607 5840 6691 6864,
2339,item_2339,,item_2339,,11 29 79 154 208 438 439 1769 1905 3127 3169 4642 4991 4992 4995 4996 7015 7022 7127,item 2339 features: 11 29 79 154 208 438 439 1769 1905 3127 3169 4642 4991 4992 4995 4996 7015 7022 7127,
2340,item_2340,,item_2340,,11 20 22 23 29 30 79 81 84 115 154 179 377 438 439 507 611 696 861 1347 1769 3127 4987 4988 4989 4991 4992 5261 6091 6875 7127 7509 8031,item 2340 features: 11 20 22 23 29 30 79 81 84 115 154 179 377 438 439 507 611 696 861 1347 1769 3127 4987 4988 4989 4991 4992 5261 6091 6875 7127 7509 8031,
2341,item_2341,,item_2341,,11 12 13 19 22 30 44 69 77 80 83 115 148 150 154 179 235 251 260 291 325 377 691 1161 7116,item 2341 features: 11 12 13 19 22 30 44 69 77 80 83 115 148 150 154 179 235 251 260 291 325 377 691 1161 7116,
2343,item_2343,,item_2343,,23 68 69 155 203 321 611 717 862 1651 1668 3045 3813,item 2343 features: 23 68 69 155 203 321 611 717 862 1651 1668 3045 3813,
2344,item_2344,,item_2344,,23 24 68 69 74 75 101 136 148 155 179 191 192 242 291 366 377 422 613 717 733 862 955 1041 1052 1107 1578 1775 2546 2806 3293 3577 4025 4065 4098 4615 4911 5318 5416 5417 5420 5618 5619 5861 6942 7180 7182 7601 8432,item 2344 features: 23 24 68 69 74 75 101 136 148 155 179 191 192 242 291 366 377 422 613 717 733 862 955 1041 1052 1107 1578 1775 2546 2806 3293 3577 4025 4065 4098 4615 4911 5318 5416 5417 5420 5618 5619 5861 6942 7180 7182 7601 8432,
2345,item_2345,,item_2345,,23 69 75 77 80 109 115 148 247 251 291 303 421 521 691 855 1098 1775 3143 4902 5098 5102 5786 5860 6685 6787 7708 7712 7897 7898 7937 8346,item 2345 features: 23 69 75 77 80 109 115 148 247 251 291 303 421 521 691 855 1098 1775 3143 4902 5098 5102 5786 5860 6685 6787 7708 7712 7897 7898 7937 8346,
2346,item_2346,,item_2346,,0 1 46 68 112 173 179 309 314 1058 1316 1503 2055 5308,item 2346 features: 0 1 46 68 112 173 179 309 314 1058 1316 1503 2055 5308,
2348,item_2348,,item_2348,,16 57 66 75 150 242 263 2164 2346 6562 7442 7445,item 2348 features: 16 57 66 75 150 242 263 2164 2346 6562 7442 7445,
2349,item_2349,,item_2349,,147 253 262 270 295,item 2349 features: 147 253 262 270 295,
2350,item_2350,,item_2350,,22 23 68 69 155 179 291 715 823 826 996,item 2350 features: 22 23 68 69 155 179 291 715 823 826 996,
2351,item_2351,,item_2351,,0 5 57 69 75 140 141 147 152 173 179 303 309 614 2696 3087 3088 3089 7894,item 2351 features: 0 5 57 69 75 140 141 147 152 173 179 303 309 614 2696 3087 3088 3089 7894,
2352,item_2352,,item_2352,,0 6 11 22 25 46 68 69 78 85 112 118 142 144 148 153 154 173 176 179 192 242 291 309 320 346 404 409 491 499 541 604 633 695 706 717 719 861 1048 1058 1424 1444 1445 1507 2071 2389 2634 3221 3267 3287 3783 4414 4791 4793 5214 5215 5350 5625 6432 8015 8016,item 2352 features: 0 6 11 22 25 46 68 69 78 85 112 118 142 144 148 153 154 173 176 179 192 242 291 309 320 346 404 409 491 499 541 604 633 695 706 717 719 861 1048 1058 1424 1444 1445 1507 2071 2389 2634 3221 3267 3287 3783 4414 4791 4793 5214 5215 5350 5625 6432 8015 8016,
2353,item_2353,,item_2353,,14 16 22 23 24 30 65 68 69 74 75 77 80 91 94 100 101 109 115 136 144 145 147 148 154 155 158 173 176 192 193 194 235 242 251 260 291 303 323 341 345 351 367 382 396 399 407 421 541 577 606 650 666 668 693 717 766 768 773 818 861 1048 1109 1272 1334 1354 1415 1416 1424 1451 1462 1509 1543 1578 1784 1894 2105 2108 2191 2351 2554 2624 2713 2732 2733 2735 2736 2764 3189 3527 3573 3702 3710 3791 3792 3796 3798 4314 4373 4826 5445 5446 5828 5859 5860 5876 7154 7720 8437,item 2353 features: 14 16 22 23 24 30 65 68 69 74 75 77 80 91 94 100 101 109 115 136 144 145 147 148 154 155 158 173 176 192 193 194 235 242 251 260 291 303 323 341 345 351 367 382 396 399 407 421 541 577 606 650 666 668 693 717 766 768 773 818 861 1048 1109 1272 1334 1354 1415 1416 1424 1451 1462 1509 1543 1578 1784 1894 2105 2108 2191 2351 2554 2624 2713 2732 2733 2735 2736 2764 3189 3527 3573 3702 3710 3791 3792 3796 3798 4314 4373 4826 5445 5446 5828 5859 5860 5876 7154 7720 8437,
2354,item_2354,,item_2354,,0 1 68 69 74 75 109 140 146 161 173 179 197 309 591 614 978 1149 2055 2789 5058 5369 6799,item 2354 features: 0 1 68 69 74 75 109 140 146 161 173 179 197 309 591 614 978 1149 2055 2789 5058 5369 6799,
2356,item_2356,,item_2356,,0 1 30 68 69 72 74 75 109 140 157 173 179 197 291 309 320 321 399 499 614 1855 2696 3756 3823 4311 4695 4789 4794 5383 5617 7689,item 2356 features: 0 1 30 68 69 72 74 75 109 140 157 173 179 197 291 309 320 321 399 499 614 1855 2696 3756 3823 4311 4695 4789 4794 5383 5617 7689,
2357,item_2357,,item_2357,,16 23 53 57 82 142 153 235 461 2055 2696,item 2357 features: 16 23 53 57 82 142 153 235 461 2055 2696,
2358,item_2358,,item_2358,,0 1 69 109 140 173 179 309 314 614,item 2358 features: 0 1 69 109 140 173 179 309 314 614,
2359,item_2359,,item_2359,,0 1 16 57 68 69 74 75 77 109 119 140 142 154 173 179 242 291 309 377 614 663 678 717 1451 1456 2055 2184 2696 3691 4789 5009 5666 6962 7301 7305 7306,item 2359 features: 0 1 16 57 68 69 74 75 77 109 119 140 142 154 173 179 242 291 309 377 614 663 678 717 1451 1456 2055 2184 2696 3691 4789 5009 5666 6962 7301 7305 7306,
2360,item_2360,,item_2360,,16 57 69 75 152 1143,item 2360 features: 16 57 69 75 152 1143,
2361,item_2361,,item_2361,,69 154 206 208 229 231 232 236 1288 3175 7818,item 2361 features: 69 154 206 208 229 231 232 236 1288 3175 7818,
2362,item_2362,,item_2362,,11 12 16 19 30 44 84 150 196 450 453 454 460 474 606 1140 1786 2158 8151 8152 8153,item 2362 features: 11 12 16 19 30 44 84 150 196 450 453 454 460 474 606 1140 1786 2158 8151 8152 8153,
2363,item_2363,,item_2363,,11 12 13 16 24 25 30 43 74 75 77 83 109 154 173 176 193 325 327 355 377 395 421 592 689 691 692 693 703 861 1164 1424 2523 4372 4454,item 2363 features: 11 12 13 16 24 25 30 43 74 75 77 83 109 154 173 176 193 325 327 355 377 395 421 592 689 691 692 693 703 861 1164 1424 2523 4372 4454,
2364,item_2364,,item_2364,,22 69 75 76 77 80 105 109 158 291 293 323 698 766 767 768 769 770 771 772 773 774 775 776 779 780 1305 2512 4004 4571 4828 5445 7155 7156 7160 7164 7710 7968,item 2364 features: 22 69 75 76 77 80 105 109 158 291 293 323 698 766 767 768 769 770 771 772 773 774 775 776 779 780 1305 2512 4004 4571 4828 5445 7155 7156 7160 7164 7710 7968,
2365,item_2365,,item_2365,,12 16 30 41 44 66 150 263 495 508 927 980 988 4426 5972 6189 7291 8012,item 2365 features: 12 16 30 41 44 66 150 263 495 508 927 980 988 4426 5972 6189 7291 8012,
2366,item_2366,,item_2366,,0 29 30 63 69 79 154 439 617,item 2366 features: 0 29 30 63 69 79 154 439 617,
2367,item_2367,,item_2367,,112 156 208 574 644 826 1050 1690 3227 6295 7782,item 2367 features: 112 156 208 574 644 826 1050 1690 3227 6295 7782,
2368,item_2368,,item_2368,,16 22 30 69 75 77 80 84 109 179 192 251 293 303 1143 1355 1356 1357 1358 1359 1360 1603 4050 4051 4052 4253 4571 4871 6692 7160 7897 7898,item 2368 features: 16 22 30 69 75 77 80 84 109 179 192 251 293 303 1143 1355 1356 1357 1358 1359 1360 1603 4050 4051 4052 4253 4571 4871 6692 7160 7897 7898,
2369,item_2369,,item_2369,,12 16 30 83 176 689,item 2369 features: 12 16 30 83 176 689,
2370,item_2370,,item_2370,,0 12 56 78 442 460 1604 7276,item 2370 features: 0 12 56 78 442 460 1604 7276,
2371,item_2371,,item_2371,,14 23 69 75 147 158 235 247 279 862 927 1128 3539 4824,item 2371 features: 14 23 69 75 147 158 235 247 279 862 927 1128 3539 4824,
2372,item_2372,,item_2372,,22 112 272 495 1134 2243,item 2372 features: 22 112 272 495 1134 2243,
2373,item_2373,,item_2373,,22 74 75 77 148 1424,item 2373 features: 22 74 75 77 148 1424,
2374,item_2374,,item_2374,,112 144 716 1599,item 2374 features: 112 144 716 1599,
2376,item_2376,,item_2376,,74 284 314 810 1369 1670,item 2376 features: 74 284 314 810 1369 1670,
2377,item_2377,,item_2377,,68 69 74 75 77 80 109 112 144 145 173 210 2640 2654 5221,item 2377 features: 68 69 74 75 77 80 109 112 144 145 173 210 2640 2654 5221,
2378,item_2378,,item_2378,,68 69 155 611 938 1049 1596 3964,item 2378 features: 68 69 155 611 938 1049 1596 3964,
2380,item_2380,,item_2380,,11 16 22 79 81 112 115 133 147 285 291 309 507 585 5256,item 2380 features: 11 16 22 79 81 112 115 133 147 285 291 309 507 585 5256,
2381,item_2381,,item_2381,,22 75 101 115 147 421 495 5741 6206 6431 6965,item 2381 features: 22 75 101 115 147 421 495 5741 6206 6431 6965,
2382,item_2382,,item_2382,,74 179 260 654 6516,item 2382 features: 74 179 260 654 6516,
2383,item_2383,,item_2383,,112 422 437 788 1174 3355,item 2383 features: 112 422 437 788 1174 3355,
2384,item_2384,,item_2384,,11 12 13 16 19 58 79 98 150 154 253 697 1430,item 2384 features: 11 12 13 16 19 58 79 98 150 154 253 697 1430,
2385,item_2385,,item_2385,,22 23 69 158 260 691 1048 1049 1346 5865 5999 6914,item 2385 features: 22 23 69 158 260 691 1048 1049 1346 5865 5999 6914,
2386,item_2386,,item_2386,,79 291 862 3236 6551 6692,item 2386 features: 79 291 862 3236 6551 6692,
2387,item_2387,,item_2387,,69 74 75 77 80 179 291 691 1578 4556 6282 6691 8088,item 2387 features: 69 74 75 77 80 179 291 691 1578 4556 6282 6691 8088,
2388,item_2388,,item_2388,,0 69 75 314 6011,item 2388 features: 0 69 75 314 6011,
2389,item_2389,,item_2389,,141 143 157 197 697 938 2448 8006,item 2389 features: 141 143 157 197 697 938 2448 8006,
2395,item_2395,,item_2395,,16 36 86 96 99 291 456 695 988 4715,item 2395 features: 16 36 86 96 99 291 456 695 988 4715,
2397,item_2397,,item_2397,,0 141 143 314 623 978,item 2397 features: 0 141 143 314 623 978,
2398,item_2398,,item_2398,,22 23 68 69 76 101 155 320 633 715 819 820 822 823 824 826 856 996 1302 1305 1668 3574 3761 3966,item 2398 features: 22 23 68 69 76 101 155 320 633 715 819 820 822 823 824 826 856 996 1302 1305 1668 3574 3761 3966,
2399,item_2399,,item_2399,,144 145 874 1521 5680,item 2399 features: 144 145 874 1521 5680,
2400,item_2400,,item_2400,,0 6 78 153,item 2400 features: 0 6 78 153,
2401,item_2401,,item_2401,,0 5 57 695 3169,item 2401 features: 0 5 57 695 3169,
2402,item_2402,,item_2402,,75 77 291 323,item 2402 features: 75 77 291 323,
2403,item_2403,,item_2403,,69 144 145 158 3685 4789,item 2403 features: 69 144 145 158 3685 4789,
2404,item_2404,,item_2404,,16 143 157 314 495,item 2404 features: 16 143 157 314 495,
2409,item_2409,,item_2409,,11 67 96 97 160 179 258 291 309 422 581 1060 1424 1885 2032 2427 2589 2590 2609 2919 3517 3518 6887 7013 7014 7988,item 2409 features: 11 67 96 97 160 179 258 291 309 422 581 1060 1424 1885 2032 2427 2589 2590 2609 2919 3517 3518 6887 7013 7014 7988,
2410,item_2410,,item_2410,,68 69 74 75 1052,item 2410 features: 68 69 74 75 1052,
2411,item_2411,,item_2411,,2187 3260,item 2411 features: 2187 3260,
2412,item_2412,,item_2412,,16 75 77 81 109 251 358 1129 4328 4338 6686 7823 7866,item 2412 features: 16 75 77 81 109 251 358 1129 4328 4338 6686 7823 7866,
2414,item_2414,,item_2414,,11 12 13 16 18 19 30 44 77 84 150 154,item 2414 features: 11 12 13 16 18 19 30 44 77 84 150 154,
2415,item_2415,,item_2415,,13 75 112 150 6416,item 2415 features: 13 75 112 150 6416,
2416,item_2416,,item_2416,,135 144 145 191 2189 2919,item 2416 features: 135 144 145 191 2189 2919,
2418,item_2418,,item_2418,,0 27 247 1061 1062 1160,item 2418 features: 0 27 247 1061 1062 1160,
2419,item_2419,,item_2419,,96 112 118 133 2703 2800 3592 3593 3594,item 2419 features: 96 112 118 133 2703 2800 3592 3593 3594,
2420,item_2420,,item_2420,,22 36 46 112 169 197 285 862 1263 2232 5744 5746,item 2420 features: 22 36 46 112 169 197 285 862 1263 2232 5744 5746,
2421,item_2421,,item_2421,,22 39 121 433 4786,item 2421 features: 22 39 121 433 4786,
2422,item_2422,,item_2422,,16 22 36 69 75 112 115 150 1046,item 2422 features: 16 22 36 69 75 112 115 150 1046,
2424,item_2424,,item_2424,,22 112 133 199 303 407 520 964 1311 1424 1775 2586 2587 2589 2593 2608 2772 5067 5079,item 2424 features: 22 112 133 199 303 407 520 964 1311 1424 1775 2586 2587 2589 2593 2608 2772 5067 5079,
2425,item_2425,,item_2425,,22 36 112 379 5544 6435,item 2425 features: 22 36 112 379 5544 6435,
2426,item_2426,,item_2426,,36 46 121 162 303 433 651,item 2426 features: 36 46 121 162 303 433 651,
2427,item_2427,,item_2427,,16 22 23 36 46 75 99 112 121 126 130 133 163 191 194 197 199 268 285 303 408 433 519 549 604 714 801 1022 1689 1723 2006 3409 4231 5031 6351 6352 8015,item 2427 features: 16 22 23 36 46 75 99 112 121 126 130 133 163 191 194 197 199 268 285 303 408 433 519 549 604 714 801 1022 1689 1723 2006 3409 4231 5031 6351 6352 8015,
2428,item_2428,,item_2428,,0 68 69 75 112 115 151 159 2097,item 2428 features: 0 68 69 75 112 115 151 159 2097,
2429,item_2429,,item_2429,,112 121 126 130 162 405 801 2778 3737 6387 6388,item 2429 features: 112 121 126 130 162 405 801 2778 3737 6387 6388,
2430,item_2430,,item_2430,,22 36 77 112 191 251 285 288 297 342 379 1060 1215 1797 2128 2919 3905 3947 3948 3949 4238 4441 5207 5209 5267 5268 6102 6103,item 2430 features: 22 36 77 112 191 251 285 288 297 342 379 1060 1215 1797 2128 2919 3905 3947 3948 3949 4238 4441 5207 5209 5267 5268 6102 6103,
2431,item_2431,,item_2431,,22 36 112 126 130 162 197 199 288 405 549 602 651 801 1324 1679 1680 1689 4308 4921 7888,item 2431 features: 22 36 112 126 130 162 197 199 288 405 549 602 651 801 1324 1679 1680 1689 4308 4921 7888,
2432,item_2432,,item_2432,,22 112 130 801,item 2432 features: 22 112 130 801,
2433,item_2433,,item_2433,,22 112 126 130 801,item 2433 features: 22 112 126 130 801,
2434,item_2434,,item_2434,,23 68 176 352 664 706 715 996 4955 4959,item 2434 features: 23 68 176 352 664 706 715 996 4955 4959,
2439,item_2439,,item_2439,,36 99 263,item 2439 features: 36 99 263,
2440,item_2440,,item_2440,,36 68 69 74 99 109 112 176 191 195 291 419 662 663 667 829 1109 1313 1457 1458 1461 1465 5873,item 2440 features: 36 68 69 74 99 109 112 176 191 195 291 419 662 663 667 829 1109 1313 1457 1458 1461 1465 5873,
2441,item_2441,,item_2441,,22 27 112 3411,item 2441 features: 22 27 112 3411,
2447,item_2447,,item_2447,,70 142 153 284 461,item 2447 features: 70 142 153 284 461,
2448,item_2448,,item_2448,,14 69 135 144 145 158 309 611 1658 4220 4369,item 2448 features: 14 69 135 144 145 158 309 611 1658 4220 4369,
2449,item_2449,,item_2449,,14 16 24 173 291 4877 6872,item 2449 features: 14 16 24 173 291 4877 6872,
2451,item_2451,,item_2451,,69 74 75 77 80 109 112 148 158 173 210 260 309 321 365 403 696 866 2170 3622 3623 3624 7012 7126,item 2451 features: 69 74 75 77 80 109 112 148 158 173 210 260 309 321 365 403 696 866 2170 3622 3623 3624 7012 7126,
2452,item_2452,,item_2452,,14 23 75 77 80 84 105 115 158 173 235 291 756 1383 1384 5449 5861 5862,item 2452 features: 14 23 75 77 80 84 105 115 158 173 235 291 756 1383 1384 5449 5861 5862,
2457,item_2457,,item_2457,,11 12 13 16 24 84 196 460 693 895 1140 1786 2158 7125,item 2457 features: 11 12 13 16 24 84 196 460 693 895 1140 1786 2158 7125,
2460,item_2460,,item_2460,,22 36 112 121 173 291 433 4309 5330 7881,item 2460 features: 22 36 112 121 173 291 433 4309 5330 7881,
2467,item_2467,,item_2467,,69 155 321 354 358 611 690 2975,item 2467 features: 69 155 321 354 358 611 690 2975,
2468,item_2468,,item_2468,,68 100 155 357,item 2468 features: 68 100 155 357,
2469,item_2469,,item_2469,,68 71 155 321 354 1703 7277,item 2469 features: 68 71 155 321 354 1703 7277,
2471,item_2471,,item_2471,,155 321 611 717 862 1164 1703 2966 5614 5863,item 2471 features: 155 321 611 717 862 1164 1703 2966 5614 5863,
2472,item_2472,,item_2472,,68 84 100 155 320 611 1055 2965 2968 2974 7430,item 2472 features: 68 84 100 155 320 611 1055 2965 2968 2974 7430,
2474,item_2474,,item_2474,,68 71 78 100 155 320 611,item 2474 features: 68 71 78 100 155 320 611,
2475,item_2475,,item_2475,,69 77 101 135 975 4282 4293,item 2475 features: 69 77 101 135 975 4282 4293,
2476,item_2476,,item_2476,,16 36 150 263 975,item 2476 features: 16 36 150 263 975,
2477,item_2477,,item_2477,,22 96 97 112 115 133 158 191 195 203 285 403 407 507 606 796 1203 1763 1801 5329 5543 6429 6439,item 2477 features: 22 96 97 112 115 133 158 191 195 203 285 403 407 507 606 796 1203 1763 1801 5329 5543 6429 6439,
2478,item_2478,,item_2478,,22 75 135 148 162 384 975 1325,item 2478 features: 22 75 135 148 162 384 975 1325,
2479,item_2479,,item_2479,,14 22 23 39 379 401,item 2479 features: 14 22 23 39 379 401,
2480,item_2480,,item_2480,,69 135 251 260,item 2480 features: 69 135 251 260,
2481,item_2481,,item_2481,,22 36 96 97 112 115 133 167 176 191 199 258 293 404 519 541 606 796 925 1188 2127 2367 2448 4728 6182 6364 7563,item 2481 features: 22 36 96 97 112 115 133 167 176 191 199 258 293 404 519 541 606 796 925 1188 2127 2367 2448 4728 6182 6364 7563,
2482,item_2482,,item_2482,,12 14 16 19 22 36 69 70 74 75 77 80 101 110 112 115 142 147 162 169 171 173 176 194 196 197 203 395 403 404 541 606 857 902 1128 1130 1240 1324 1348 1500 1885 2125 2198 2201 2202 2203 2204 2205 2289 2821 2846 2847 2849 2850 2945 4141 4169 4170 4316 4754 7864,item 2482 features: 12 14 16 19 22 36 69 70 74 75 77 80 101 110 112 115 142 147 162 169 171 173 176 194 196 197 203 395 403 404 541 606 857 902 1128 1130 1240 1324 1348 1500 1885 2125 2198 2201 2202 2203 2204 2205 2289 2821 2846 2847 2849 2850 2945 4141 4169 4170 4316 4754 7864,
2483,item_2483,,item_2483,,16 36 75 141 143 150 162 975 2195 2354 2371 4287,item 2483 features: 16 36 75 141 143 150 162 975 2195 2354 2371 4287,
2484,item_2484,,item_2484,,79 81 154 438 439,item 2484 features: 79 81 154 438 439,
2486,item_2486,,item_2486,,22 69 74 75 77 291 698 7171,item 2486 features: 22 69 74 75 77 291 698 7171,
2488,item_2488,,item_2488,,69 74 135 144 145 303 563 978 1424 1837 7526,item 2488 features: 69 74 135 144 145 303 563 978 1424 1837 7526,
2489,item_2489,,item_2489,,133 154 4121 4392,item 2489 features: 133 154 4121 4392,
2492,item_2492,,item_2492,,97 133 310 1109 4395 5788,item 2492 features: 97 133 310 1109 4395 5788,
2493,item_2493,,item_2493,,96 133 310 581 696 2593 4121 4382 4388,item 2493 features: 96 133 310 581 696 2593 4121 4382 4388,
2494,item_2494,,item_2494,,22 115 133 173 260 519 691 693 853 2314 2315 2316 2320 2321 2322 2325 2326 2327 2328,item 2494 features: 22 115 133 173 260 519 691 693 853 2314 2315 2316 2320 2321 2322 2325 2326 2327 2328,
2498,item_2498,,item_2498,,2 14 23 142 148 153 154 158 717 1128 1650 3169 5445 8146,item 2498 features: 2 14 23 142 148 153 154 158 717 1128 1650 3169 5445 8146,
2503,item_2503,,item_2503,,29 30 74 83 154 1604 2079 5093 5094,item 2503 features: 29 30 74 83 154 1604 2079 5093 5094,
2504,item_2504,,item_2504,,30 63 69 75 77 80 84 158 235 1703 2888 3370 5294 6139,item 2504 features: 30 63 69 75 77 80 84 158 235 1703 2888 3370 5294 6139,
2507,item_2507,,item_2507,,30 83 4617,item 2507 features: 30 83 4617,
2508,item_2508,,item_2508,,69 155 358 572 690,item 2508 features: 69 155 358 572 690,
2509,item_2509,,item_2509,,69 75 77 80 148 179 598 662 1324 2804 3823 6688 6940 7213,item 2509 features: 69 75 77 80 148 179 598 662 1324 2804 3823 6688 6940 7213,
2512,item_2512,,item_2512,,69 75 695,item 2512 features: 69 75 695,
2515,item_2515,,item_2515,,75 77 1325 2026,item 2515 features: 75 77 1325 2026,
2518,item_2518,,item_2518,,96 133 258 4121 4122,item 2518 features: 96 133 258 4121 4122,
2521,item_2521,,item_2521,,11 96 97 6466 6467,item 2521 features: 11 96 97 6466 6467,
2523,item_2523,,item_2523,,22 77 162 1214 2938,item 2523 features: 22 77 162 1214 2938,
2524,item_2524,,item_2524,,22 69 101 135 144 145 158 6636,item 2524 features: 22 69 101 135 144 145 158 6636,
2528,item_2528,,item_2528,,69 71 84 115 155 158 208 321 611 963,item 2528 features: 69 71 84 115 155 158 208 321 611 963,
2531,item_2531,,item_2531,,16 154 321 456 1164 2383 2971,item 2531 features: 16 154 321 456 1164 2383 2971,
2535,item_2535,,item_2535,,22 96 97 98 133 258 4381 6695 7988,item 2535 features: 22 96 97 98 133 258 4381 6695 7988,
2537,item_2537,,item_2537,,147 154 6403,item 2537 features: 147 154 6403,
2538,item_2538,,item_2538,,69 74 75 144 145 214 220 222 299 911 3641 7213,item 2538 features: 69 74 75 144 145 214 220 222 299 911 3641 7213,
2539,item_2539,,item_2539,,147 154 437 1009 1012 2676 2681 3610,item 2539 features: 147 154 437 1009 1012 2676 2681 3610,
2540,item_2540,,item_2540,,23 46 112 270 291 847,item 2540 features: 23 46 112 270 291 847,
2541,item_2541,,item_2541,,22 23 194 199 262 270 295 1462 5740 5742 5748,item 2541 features: 22 23 194 199 262 270 295 1462 5740 5742 5748,
2542,item_2542,,item_2542,,22 46 96 101 112 133 194 197 507 519 757 2323 4383 7988,item 2542 features: 22 46 96 101 112 133 194 197 507 519 757 2323 4383 7988,
2543,item_2543,,item_2543,,22 36 75 112 115 142 199 262 270 285 295 765 6332 8025 8382,item 2543 features: 22 36 75 112 115 142 199 262 270 285 295 765 6332 8025 8382,
2544,item_2544,,item_2544,,22 69 75 109 112 262 270 285 291 605 610 618 847 1180 8020 8024 8382,item 2544 features: 22 69 75 109 112 262 270 285 291 605 610 618 847 1180 8020 8024 8382,
2545,item_2545,,item_2545,,30 77 109 115 192 251 495 592 1143 1401 2115 3143,item 2545 features: 30 77 109 115 192 251 495 592 1143 1401 2115 3143,
2547,item_2547,,item_2547,,69 74 94 101 109 135 192 243 437 602 1775 6634 6635 6636,item 2547 features: 69 74 94 101 109 135 192 243 437 602 1775 6634 6635 6636,
2548,item_2548,,item_2548,,0 30 69 75 139 141 143 144 157 173 831 4944 5302 6146 6688,item 2548 features: 0 30 69 75 139 141 143 144 157 173 831 4944 5302 6146 6688,
2549,item_2549,,item_2549,,69 74 75 140 146 495 591 978 1149 2789 3306 5366 5367 5368 5369 5373,item 2549 features: 69 74 75 140 146 495 591 978 1149 2789 3306 5366 5367 5368 5369 5373,
2550,item_2550,,item_2550,,22 23 46 81 112 133 171 179 194 285 291 507 1655 1938 5123,item 2550 features: 22 23 46 81 112 133 171 179 194 285 291 507 1655 1938 5123,
2551,item_2551,,item_2551,,154 408 436 437 3520 5600 5867,item 2551 features: 154 408 436 437 3520 5600 5867,
2552,item_2552,,item_2552,,68 69 74 75 146 303 321 591 662 978 1149 2789 5367 5368 5369 8195,item 2552 features: 68 69 74 75 146 303 321 591 662 978 1149 2789 5367 5368 5369 8195,
2553,item_2553,,item_2553,,69 139 141 143 149 157 179 314 625 978 1165,item 2553 features: 69 139 141 143 149 157 179 314 625 978 1165,
2554,item_2554,,item_2554,,0 1 68 69 74 75 139 140 148 173 179 242 260 320 321 396 634 706 1052 1771 2071 2589 4121 4122 5625 5665 7708,item 2554 features: 0 1 68 69 74 75 139 140 148 173 179 242 260 320 321 396 634 706 1052 1771 2071 2589 4121 4122 5625 5665 7708,
2555,item_2555,,item_2555,,69 74 75 146 591 978 1149 2789 3306 5366 5367 5368 5369 5370,item 2555 features: 69 74 75 146 591 978 1149 2789 3306 5366 5367 5368 5369 5370,
2556,item_2556,,item_2556,,46 69 101 112 115 120 121 128 147 192 268 303 433 602 946 1022 1961 3459 3479 5029 5801 6351 7781,item 2556 features: 46 69 101 112 115 120 121 128 147 192 268 303 433 602 946 1022 1961 3459 3479 5029 5801 6351 7781,
2557,item_2557,,item_2557,,0 4 11 12 72 87 154 272 315 354 502 1405 4249 5893 5894,item 2557 features: 0 4 11 12 72 87 154 272 315 354 502 1405 4249 5893 5894,
2558,item_2558,,item_2558,,11 22 69 79 147 155 156 170 194 199 212 247 260 404 421 437 447 495 521 574 606 691 696 717 1046 1231 1325 2324 2360 5519 5520 5521 6708,item 2558 features: 11 22 69 79 147 155 156 170 194 199 212 247 260 404 421 437 447 495 521 574 606 691 696 717 1046 1231 1325 2324 2360 5519 5520 5521 6708,
2559,item_2559,,item_2559,,16 30 41 44 2397 7696,item 2559 features: 16 30 41 44 2397 7696,
2560,item_2560,,item_2560,,12 22 23 79 112 115 133 154 179 199 291 377 507 519 611 691 696 852 3113 3115 5866,item 2560 features: 12 22 23 79 112 115 133 154 179 199 291 377 507 519 611 691 696 852 3113 3115 5866,
2561,item_2561,,item_2561,,3 617 2561 4799,item 2561 features: 3 617 2561 4799,
2562,item_2562,,item_2562,,36 67 96 97 109 133 147 160 173 179 191 242 258 310 379 520 1059 1313 1775 2202 2226 2425 2426 2584 2585 2595 2599 2600 3273 4367 4504 4791 4793 5788 6249 7756,item 2562 features: 36 67 96 97 109 133 147 160 173 179 191 242 258 310 379 520 1059 1313 1775 2202 2226 2425 2426 2584 2585 2595 2599 2600 3273 4367 4504 4791 4793 5788 6249 7756,
2564,item_2564,,item_2564,,115 260 358 572,item 2564 features: 115 260 358 572,
2565,item_2565,,item_2565,,208 226 265 611 1122 2887 2894 3681 3684,item 2565 features: 208 226 265 611 1122 2887 2894 3681 3684,
2566,item_2566,,item_2566,,12 30 43 63 83 84 109 154 173 192 355 672 689 1164 2524 2723 2731 4091 4566 4567 4570 7676 7677,item 2566 features: 12 30 43 63 83 84 109 154 173 192 355 672 689 1164 2524 2723 2731 4091 4566 4567 4570 7676 7677,
2567,item_2567,,item_2567,,96 97 151 258 260 585 1719 5699 5700 5702 5706 5707 5709,item 2567 features: 96 97 151 258 260 585 1719 5699 5700 5702 5706 5707 5709,
2568,item_2568,,item_2568,,11 12 84 247 327 630 691 756 1962 1963,item 2568 features: 11 12 84 247 327 630 691 756 1962 1963,
2569,item_2569,,item_2569,,0 6 69 1348,item 2569 features: 0 6 69 1348,
2570,item_2570,,item_2570,,23 69 71 84 103 148 155 208 247 611 691 696 844 955 2811 6692 7154,item 2570 features: 23 69 71 84 103 148 155 208 247 611 691 696 844 955 2811 6692 7154,
2571,item_2571,,item_2571,,22 36 46 112 133 179 197 285 507 519 520 580 585 591 641 2315 2316 2327 5855,item 2571 features: 22 36 46 112 133 179 197 285 507 519 520 580 585 591 641 2315 2316 2327 5855,
2572,item_2572,,item_2572,,22 36 46 96 112 115 133 194 377 507 519 568 580 641 691 853 1312 2316 2317 2318 2319 2320 2321 2322 2323 2324 2325 2326 2327 2328,item 2572 features: 22 36 46 96 112 115 133 194 377 507 519 568 580 641 691 853 1312 2316 2317 2318 2319 2320 2321 2322 2323 2324 2325 2326 2327 2328,
2573,item_2573,,item_2573,,11 22 69 75 77 79 80 99 105 112 115 148 158 169 173 176 197 242 244 247 251 293 303 310 396 404 421 447 507 541 606 691 706 1140 1154 1324 1400 1775 1887 2343 5333 6362 7613 8098,item 2573 features: 11 22 69 75 77 79 80 99 105 112 115 148 158 169 173 176 197 242 244 247 251 293 303 310 396 404 421 447 507 541 606 691 706 1140 1154 1324 1400 1775 1887 2343 5333 6362 7613 8098,
2576,item_2576,,item_2576,,22 23 69 81 109 115 133 179 192 194 208 251 260 310 507 588 611 842 861 864 1651 2999 4738 4950 5868 6398 7006 7865,item 2576 features: 22 23 69 81 109 115 133 179 192 194 208 251 260 310 507 588 611 842 861 864 1651 2999 4738 4950 5868 6398 7006 7865,
2577,item_2577,,item_2577,,30 68 69 71 81 84 100 154 155 208 247 260 321 343 365 611 696 697 717 4759 5690 6692,item 2577 features: 30 68 69 71 81 84 100 154 155 208 247 260 321 343 365 611 696 697 717 4759 5690 6692,
2578,item_2578,,item_2578,,80 139 148,item 2578 features: 80 139 148,
2579,item_2579,,item_2579,,22 36 112 286 295 538 3149 3984 3985,item 2579 features: 22 36 112 286 295 538 3149 3984 3985,
2581,item_2581,,item_2581,,1 68 69 74 75,item 2581 features: 1 68 69 74 75,
2582,item_2582,,item_2582,,22 75 112 115 148 421,item 2582 features: 22 75 112 115 148 421,
2584,item_2584,,item_2584,,77 251 325 327 495,item 2584 features: 77 251 325 327 495,
2585,item_2585,,item_2585,,11 13 16 19 75 77 112 193 330 691 703 4424 6693,item 2585 features: 11 13 16 19 75 77 112 193 330 691 703 4424 6693,
2588,item_2588,,item_2588,,30 147 321 492 1544 1600,item 2588 features: 30 147 321 492 1544 1600,
2590,item_2590,,item_2590,,96 97 160 191 241 242 244 309 422 581 1424 1775 1885 2367 2584 2585 2586 2587 2588 2589 2590 2591 2592 2593 2594 2595 2597 2598 2601 2603 2604 2607 2608,item 2590 features: 96 97 160 191 241 242 244 309 422 581 1424 1775 1885 2367 2584 2585 2586 2587 2588 2589 2590 2591 2592 2593 2594 2595 2597 2598 2601 2603 2604 2607 2608,
2593,item_2593,,item_2593,,14 23 69 70 158 235 260 291 592 1384,item 2593 features: 14 23 69 70 158 235 260 291 592 1384,
2595,item_2595,,item_2595,,16 57 82,item 2595 features: 16 57 82,
2597,item_2597,,item_2597,,21 22 112 176 291 437 698,item 2597 features: 21 22 112 176 291 437 698,
2598,item_2598,,item_2598,,16 23 69 74 75 81 96 97 106 107 144 157 173 179 258 291 309 949 1498 2108 2352 2453 2764 4156 4216 4367 4424 4944 5617 6687 6691 6699 6890 7822 8432,item 2598 features: 16 23 69 74 75 81 96 97 106 107 144 157 173 179 258 291 309 949 1498 2108 2352 2453 2764 4156 4216 4367 4424 4944 5617 6687 6691 6699 6890 7822 8432,
2599,item_2599,,item_2599,,11 12 18 30 69 75 77 80 109 115 148 169 176 193 244 247 251 303 421 489 630 691 692 1140 1775 2052 3367 4344 4374 6113 6114 6115 6120 6416 6573 7107 7154 7421 7752 7825,item 2599 features: 11 12 18 30 69 75 77 80 109 115 148 169 176 193 244 247 251 303 421 489 630 691 692 1140 1775 2052 3367 4344 4374 6113 6114 6115 6120 6416 6573 7107 7154 7421 7752 7825,
2600,item_2600,,item_2600,,68 69 154 155 158 208 247 321 354 365 423 437 611 696 844 864 1164 1417 2388 2635 5865 5958,item 2600 features: 68 69 154 155 158 208 247 321 354 365 423 437 611 696 844 864 1164 1417 2388 2635 5865 5958,
2601,item_2601,,item_2601,,11 12 13 22 77 109 115 148 154 193 247 251 260 309 487 630 691 702 756 1400 2083 3223 3783 3823 5542 7126,item 2601 features: 11 12 13 22 77 109 115 148 154 193 247 251 260 309 487 630 691 702 756 1400 2083 3223 3783 3823 5542 7126,
2602,item_2602,,item_2602,,14 22 23 36 69 79 81 109 133 147 155 170 179 194 199 279 291 407 421 507 592 611 735 749 830 833 842 865 1049 1272 1462 2002 3153 3416 3527 3539 3676 4819 5382 5383 5445 5446 5955 6754 8146,item 2602 features: 14 22 23 36 69 79 81 109 133 147 155 170 179 194 199 279 291 407 421 507 592 611 735 749 830 833 842 865 1049 1272 1462 2002 3153 3416 3527 3539 3676 4819 5382 5383 5445 5446 5955 6754 8146,
2603,item_2603,,item_2603,,11 12 13 16 24 30 31 44 56 63 105 147 148 150 154 158 263 291 303 330 421 456 508 691 980 1089 1109 1383 1769 2274 2369 2696 2723 4373 4426 4427 5331 5447 5557 5972 6780 6876 7452,item 2603 features: 11 12 13 16 24 30 31 44 56 63 105 147 148 150 154 158 263 291 303 330 421 456 508 691 980 1089 1109 1383 1769 2274 2369 2696 2723 4373 4426 4427 5331 5447 5557 5972 6780 6876 7452,
2604,item_2604,,item_2604,,69 75 77 80 92 115 148 173 176 247 303 630 706 756 851 950 957 965 1539 1691 3924 4374 5742 5786 5950 6115 6116 6121 6122 6927 7124 7712 7897 7898,item 2604 features: 69 75 77 80 92 115 148 173 176 247 303 630 706 756 851 950 957 965 1539 1691 3924 4374 5742 5786 5950 6115 6116 6121 6122 6927 7124 7712 7897 7898,
2605,item_2605,,item_2605,,30 430 3884,item 2605 features: 30 430 3884,
2606,item_2606,,item_2606,,0 4 30 240 617 1348 1879 3169,item 2606 features: 0 4 30 240 617 1348 1879 3169,
2607,item_2607,,item_2607,,23 29 144 145 147 157 173 214 220 221 222 223 291 949 1276 1295 1371 1600 1601 1603 1957 2696 2776 3169 3783 4789 4794,item 2607 features: 23 29 144 145 147 157 173 214 220 221 222 223 291 949 1276 1295 1371 1600 1601 1603 1957 2696 2776 3169 3783 4789 4794,
2608,item_2608,,item_2608,,69 77 92 105 115 148 155 247 423 611 650 691 717 765 855 1383 1665 1696 1697 1769 5950 6116 7127 7679 7712,item 2608 features: 69 77 92 105 115 148 155 247 423 611 650 691 717 765 855 1383 1665 1696 1697 1769 5950 6116 7127 7679 7712,
2609,item_2609,,item_2609,,11 12 13 14 18 19 22 29 30 36 44 63 77 79 80 83 84 154 173 179 291 321 325 377 507 592 689 756 1161 1603 1963 3288 3380 5134,item 2609 features: 11 12 13 14 18 19 22 29 30 36 44 63 77 79 80 83 84 154 173 179 291 321 325 377 507 592 689 756 1161 1603 1963 3288 3380 5134,
2610,item_2610,,item_2610,,8 16 30 57 65 75 82 136 147 150 152 173 367 396 399 451 495 862 1601 2195 2683 2687 2696 5447,item 2610 features: 8 16 30 57 65 75 82 136 147 150 152 173 367 396 399 451 495 862 1601 2195 2683 2687 2696 5447,
2611,item_2611,,item_2611,,0 14 23 69 75 77 80 109 115 136 235 251 291 323 363 377 435 1578 1875 2624 3964 4371 5554,item 2611 features: 0 14 23 69 75 77 80 109 115 136 235 251 291 323 363 377 435 1578 1875 2624 3964 4371 5554,
2612,item_2612,,item_2612,,148 154,item 2612 features: 148 154,
2613,item_2613,,item_2613,,157 314 315 1165,item 2613 features: 157 314 315 1165,
2614,item_2614,,item_2614,,77 80 112 139 242 270 285,item 2614 features: 77 80 112 139 242 270 285,
2618,item_2618,,item_2618,,0 68 87 127 320 499 501,item 2618 features: 0 68 87 127 320 499 501,
2619,item_2619,,item_2619,,0 68 69 74 75 80 109 147 148 190 309 437 1060 2654 3576 4772 4899 5836 6951,item 2619 features: 0 68 69 74 75 80 109 147 148 190 309 437 1060 2654 3576 4772 4899 5836 6951,
2620,item_2620,,item_2620,,16 22 36 46 69 97 101 110 112 138 147 156 162 163 165 169 171 172 173 176 179 191 192 194 195 197 199 242 252 263 285 288 293 303 309 339 404 419 513 521 549 550 562 602 606 618 636 637 638 640 642 643 647 648 651 652 653 655 656 658 659 706 940 1109 1217 1234 1236 1238 1246 1258 1263 1324 1332 1772 1818 2032 2052 2153 2441 2615 2835 2907 3137 3307 3359 3749 3764 5171 5275 5744 5745 5747 5758 5859 5860 5865 5874 6248 6329 6330 6331 6365 6440 6611 6634 6636 6637 6638 6645 6740 7068 7069 7386 7393 7631 7635 7988 8278,item 2620 features: 16 22 36 46 69 97 101 110 112 138 147 156 162 163 165 169 171 172 173 176 179 191 192 194 195 197 199 242 252 263 285 288 293 303 309 339 404 419 513 521 549 550 562 602 606 618 636 637 638 640 642 643 647 648 651 652 653 655 656 658 659 706 940 1109 1217 1234 1236 1238 1246 1258 1263 1324 1332 1772 1818 2032 2052 2153 2441 2615 2835 2907 3137 3307 3359 3749 3764 5171 5275 5744 5745 5747 5758 5859 5860 5865 5874 6248 6329 6330 6331 6365 6440 6611 6634 6636 6637 6638 6645 6740 7068 7069 7386 7393 7631 7635 7988 8278,
2621,item_2621,,item_2621,,74 75 96 97 161 242 284 1369,item 2621 features: 74 75 96 97 161 242 284 1369,
2623,item_2623,,item_2623,,22 69 75 101 115 176 194 260 288 291 299 367 404 447 691 862 1046 1471 2108 2453 3693 4158 5743,item 2623 features: 22 69 75 101 115 176 194 260 288 291 299 367 404 447 691 862 1046 1471 2108 2453 3693 4158 5743,
2624,item_2624,,item_2624,,22 36 43 53 69 109 133 158 176 193 194 199 280 323 379 404 407 592 662 706 1107 1142 1462 1985 2835 4140 6288 7032 7223 7224 7227 7228 7229,item 2624 features: 22 36 43 53 69 109 133 158 176 193 194 199 280 323 379 404 407 592 662 706 1107 1142 1462 1985 2835 4140 6288 7032 7223 7224 7227 7228 7229,
2632,item_2632,,item_2632,,77 115 148 247 423 1581 2258 5786,item 2632 features: 77 115 148 247 423 1581 2258 5786,
2634,item_2634,,item_2634,,84 155 208 377 668 895 1441 2814 6298 7412,item 2634 features: 84 155 208 377 668 895 1441 2814 6298 7412,
2637,item_2637,,item_2637,,24 69 74 112 176 4372 4373,item 2637 features: 24 69 74 112 176 4372 4373,
2638,item_2638,,item_2638,,22 36 69 74 75 101 115 179 260 382 404 409 606 1044 1139 1775 2377 2453 3415 4121 4122 4140,item 2638 features: 22 36 69 74 75 101 115 179 260 382 404 409 606 1044 1139 1775 2377 2453 3415 4121 4122 4140,
2639,item_2639,,item_2639,,11 13 18 19 20 7722,item 2639 features: 11 13 18 19 20 7722,
2640,item_2640,,item_2640,,69 101 284 1674 6322,item 2640 features: 69 101 284 1674 6322,
2643,item_2643,,item_2643,,11 13 22 36 99 604 693 1140 2772 5330,item 2643 features: 11 13 22 36 99 604 693 1140 2772 5330,
2644,item_2644,,item_2644,,68 69 74 75 146 179 242 252 260 303 654 861 862 978 1052 1462 2615 4122 4430 5666 8224,item 2644 features: 68 69 74 75 146 179 242 252 260 303 654 861 862 978 1052 1462 2615 4122 4430 5666 8224,
2648,item_2648,,item_2648,,11 13 14 16 19 22 24 30 36 44 63 70 75 77 80 82 105 112 115 147 150 154 158 162 173 251 263 285 321 325 327 330 390 391 395 403 409 604 691 1109 1161 1447 1449 1767 2696 2937 4889 5025 5085 5330 5449 5999 6112 6400 6407 6687 6846 7967 8025 8147 8260 8261 8262,item 2648 features: 11 13 14 16 19 22 24 30 36 44 63 70 75 77 80 82 105 112 115 147 150 154 158 162 173 251 263 285 321 325 327 330 390 391 395 403 409 604 691 1109 1161 1447 1449 1767 2696 2937 4889 5025 5085 5330 5449 5999 6112 6400 6407 6687 6846 7967 8025 8147 8260 8261 8262,
2649,item_2649,,item_2649,,120 121 433,item 2649 features: 120 121 433,
2651,item_2651,,item_2651,,2 14 23 142 158 235 242 1128,item 2651 features: 2 14 23 142 158 235 242 1128,
2652,item_2652,,item_2652,,11 12 13 22 69 75 77 80 109 112 115 176 179 247 251 327 377 507 630 691 696 756 1424 1963 6017 6125 7126,item 2652 features: 11 12 13 22 69 75 77 80 109 112 115 176 179 247 251 327 377 507 630 691 696 756 1424 1963 6017 6125 7126,
2653,item_2653,,item_2653,,14 15 23 70 235 260 611 2512 6894,item 2653 features: 14 15 23 70 235 260 611 2512 6894,
2655,item_2655,,item_2655,,69 75 77 80 158 291 323 325,item 2655 features: 69 75 77 80 158 291 323 325,
2656,item_2656,,item_2656,,14 23 70 75 77 158 235 260 325 327 407,item 2656 features: 14 23 70 75 77 158 235 260 325 327 407,
2661,item_2661,,item_2661,,12 30 83 154 689,item 2661 features: 12 30 83 154 689,
2662,item_2662,,item_2662,,11 12 13 18 19 20 150 453 508 1140 1426 8151,item 2662 features: 11 12 13 18 19 20 150 453 508 1140 1426 8151,
2663,item_2663,,item_2663,,112 126 130 801,item 2663 features: 112 126 130 801,
2667,item_2667,,item_2667,,19 112 487 585,item 2667 features: 19 112 487 585,
2668,item_2668,,item_2668,,141 143 157 314 5309,item 2668 features: 141 143 157 314 5309,
2673,item_2673,,item_2673,,36 69 75 77 109 355 885 999 3573 4459,item 2673 features: 36 69 75 77 109 355 885 999 3573 4459,
2678,item_2678,,item_2678,,12 30 147 154 421 433 2390 5505 6395 6875 7875,item 2678 features: 12 30 147 154 421 433 2390 5505 6395 6875 7875,
2679,item_2679,,item_2679,,70,item 2679 features: 70,
2680,item_2680,,item_2680,,14 15 23 74 75 101 163 179 235 1492 1650 2044 2153 3561 3812 5907 5917 5920 5921 5928 5932 5934 5943,item 2680 features: 14 15 23 74 75 101 163 179 235 1492 1650 2044 2153 3561 3812 5907 5917 5920 5921 5928 5932 5934 5943,
2681,item_2681,,item_2681,,155 343 696 697 844 1037 1038 1039 1040,item 2681 features: 155 343 696 697 844 1037 1038 1039 1040,
2683,item_2683,,item_2683,,11 13 18 19 77 79 109 112 247 251 272 285 447 604 691 693 717 1140 1221 4234 5963 6430 6693 6696 7070,item 2683 features: 11 13 18 19 77 79 109 112 247 251 272 285 447 604 691 693 717 1140 1221 4234 5963 6430 6693 6696 7070,
2684,item_2684,,item_2684,,69 75 77 80 291 293 321 323 698 829 2383 2971 3494 5293,item 2684 features: 69 75 77 80 291 293 321 323 698 829 2383 2971 3494 5293,
2685,item_2685,,item_2685,,14 69 74 75 77 80 109 148 158 173 251 260 323 585 606 937 1324 1424 5860 6283 6754 6940 7268 7292 8147,item 2685 features: 14 69 74 75 77 80 109 148 158 173 251 260 323 585 606 937 1324 1424 5860 6283 6754 6940 7268 7292 8147,
2686,item_2686,,item_2686,,75 80 144 158 235 251 4696,item 2686 features: 75 80 144 158 235 251 4696,
2687,item_2687,,item_2687,,69 74 75 77 80 99 109 3630 6433 6917 8218,item 2687 features: 69 74 75 77 80 99 109 3630 6433 6917 8218,
2688,item_2688,,item_2688,,30 46 69 74 75 112 143 150 1663 7253,item 2688 features: 30 46 69 74 75 112 143 150 1663 7253,
2690,item_2690,,item_2690,,14 15 16 23 70 158 329 407 735 736 738 743 745 862 2780 3561 3676 4832,item 2690 features: 14 15 16 23 70 158 329 407 735 736 738 743 745 862 2780 3561 3676 4832,
2691,item_2691,,item_2691,,14 15 16 17 23 27 70 150 263 717 745 5506 6394,item 2691 features: 14 15 16 17 23 27 70 150 263 717 745 5506 6394,
2693,item_2693,,item_2693,,135 975 4226,item 2693 features: 135 975 4226,
2694,item_2694,,item_2694,,8 14 15 16 23 30 57 70 75 77 147 235 329 390 461 738 745 746 1128 1758 3210 3211 3212 5381 6394 6403 6864,item 2694 features: 8 14 15 16 23 30 57 70 75 77 147 235 329 390 461 738 745 746 1128 1758 3210 3211 3212 5381 6394 6403 6864,
2695,item_2695,,item_2695,,22 96 133 165 258 260 507 1462 1775 2615 3496 4122 4380 5543 6712 6715,item 2695 features: 22 96 133 165 258 260 507 1462 1775 2615 3496 4122 4380 5543 6712 6715,
2696,item_2696,,item_2696,,75 79 84 190 421 717 1606 4789,item 2696 features: 75 79 84 190 421 717 1606 4789,
2700,item_2700,,item_2700,,112 208 1134 3676 6696 6697,item 2700 features: 112 208 1134 3676 6696 6697,
2703,item_2703,,item_2703,,0 53 69 74 75 80 101 109 135 144 145 194 260 409 495 540 598 706 1048 1060 1456 1578 2350 2446 2453 2919 3794 3799 4107 5746 5755 6957,item 2703 features: 0 53 69 74 75 80 101 109 135 144 145 194 260 409 495 540 598 706 1048 1060 1456 1578 2350 2446 2453 2919 3794 3799 4107 5746 5755 6957,
2704,item_2704,,item_2704,,16 30 57 495,item 2704 features: 16 30 57 495,
2706,item_2706,,item_2706,,43 75 77 80 176 192 8115 8116 8117 8118,item 2706 features: 43 75 77 80 176 192 8115 8116 8117 8118,
2707,item_2707,,item_2707,,69 109 144 145 284 1674 2633,item 2707 features: 69 109 144 145 284 1674 2633,
2708,item_2708,,item_2708,,16 39 162 487 6686 7450 7904,item 2708 features: 16 39 162 487 6686 7450 7904,
2709,item_2709,,item_2709,,70 379 487,item 2709 features: 70 379 487,
2712,item_2712,,item_2712,,11 13 16 18 19 20 79 112 150 447 507 604 1140 1364 1898,item 2712 features: 11 13 16 18 19 20 79 112 150 447 507 604 1140 1364 1898,
2715,item_2715,,item_2715,,12 30 56 325 1598,item 2715 features: 12 30 56 325 1598,
2716,item_2716,,item_2716,,11 12 13 14 16 19 29 30 31 41 44 63 83 84 150 154 158 176 263 291 325 330 456 691 1373 1769 2262 2274 2941 3378 4426 5134 5445 5762 5972 5976 5997 6302 6870 7696 8316 8317 8318,item 2716 features: 11 12 13 14 16 19 29 30 31 41 44 63 83 84 150 154 158 176 263 291 325 330 456 691 1373 1769 2262 2274 2941 3378 4426 5134 5445 5762 5972 5976 5997 6302 6870 7696 8316 8317 8318,
2717,item_2717,,item_2717,,4 12 16 19 30 150 283 325 403 592 756 2440 6396 6405 7642,item 2717 features: 4 12 16 19 30 150 283 325 403 592 756 2440 6396 6405 7642,
2718,item_2718,,item_2718,,11 12 13 16 99 150 173 593 693 895 1140 2158,item 2718 features: 11 12 13 16 99 150 173 593 693 895 1140 2158,
2719,item_2719,,item_2719,,11 12 13 16 18 19 30 31 36 43 44 77 79 83 105 150 154 158 199 251 263 291 325 355 691 693 703 756 1047 1140 1161 1272 1383 1769 2055 2262 2274 3566 3899 4426 5137 5972 6693 6877 7008,item 2719 features: 11 12 13 16 18 19 30 31 36 43 44 77 79 83 105 150 154 158 199 251 263 291 325 355 691 693 703 756 1047 1140 1161 1272 1383 1769 2055 2262 2274 3566 3899 4426 5137 5972 6693 6877 7008,
2720,item_2720,,item_2720,,46 75 139 141 143 144 145 148 149 157 173 176 242 404 634 706 1165 2350 4340 5040 6360,item 2720 features: 46 75 139 141 143 144 145 148 149 157 173 176 242 404 634 706 1165 2350 4340 5040 6360,
2724,item_2724,,item_2724,,1 74 142 147 153 260,item 2724 features: 1 74 142 147 153 260,
2725,item_2725,,item_2725,,0 5 16 72 320 487 499 2331 5270,item 2725 features: 0 5 16 72 320 487 499 2331 5270,
2726,item_2726,,item_2726,,68 69 74 75 194 242 320 706 1052 1424 4122 6689 7559,item 2726 features: 68 69 74 75 194 242 320 706 1052 1424 4122 6689 7559,
2727,item_2727,,item_2727,,0 1 46 68 69 74 75 109 139 157 169 303 314 319 404 606 633 634 990 1053 1165 1771 1885 2340 2341 2342 7853 7854 7855 7856 7857,item 2727 features: 0 1 46 68 69 74 75 109 139 157 169 303 314 319 404 606 633 634 990 1053 1165 1771 1885 2340 2341 2342 7853 7854 7855 7856 7857,
2728,item_2728,,item_2728,,22 36 46 69 101 112 144 285 303 844 1552 4315 5061 5063 5064,item 2728 features: 22 36 46 69 101 112 144 285 303 844 1552 4315 5061 5063 5064,
2729,item_2729,,item_2729,,53 69 112 115 151 159 176 194 408 706 4078,item 2729 features: 53 69 112 115 151 159 176 194 408 706 4078,
2730,item_2730,,item_2730,,11 53 69 74 75 77 109 151 159 706 3879 5786,item 2730 features: 11 53 69 74 75 77 109 151 159 706 3879 5786,
2731,item_2731,,item_2731,,22 69 101 112 151 194 964 965 2097 3406 5699 5710 6522,item 2731 features: 22 69 101 112 151 194 964 965 2097 3406 5699 5710 6522,
2732,item_2732,,item_2732,,22 69 101 112 151 252,item 2732 features: 22 69 101 112 151 252,
2733,item_2733,,item_2733,,22 69 101 147 495,item 2733 features: 22 69 101 147 495,
2734,item_2734,,item_2734,,11 12 13,item 2734 features: 11 12 13,
2735,item_2735,,item_2735,,11 12 16 84 86 263 277 450 454 474 691 1140 1786 1980 2152 2158 3566 6399 6406,item 2735 features: 11 12 16 84 86 263 277 450 454 474 691 1140 1786 1980 2152 2158 3566 6399 6406,
2736,item_2736,,item_2736,,70 109 492,item 2736 features: 70 109 492,
2737,item_2737,,item_2737,,16 22 69 74 75 77 80 105 109 150 258 323 327 1373 5293 6867 6870 7449,item 2737 features: 16 22 69 74 75 77 80 105 109 150 258 323 327 1373 5293 6867 6870 7449,
2738,item_2738,,item_2738,,16 27 70 82 109 486,item 2738 features: 16 27 70 82 109 486,
2739,item_2739,,item_2739,,16 69 70 109 173 1136 1424 3521 3524 3525 6691,item 2739 features: 16 69 70 109 173 1136 1424 3521 3524 3525 6691,
2742,item_2742,,item_2742,,11 12 13 16 18 19 25 29 30 36 43 44 58 75 79 96 97 105 112 115 150 158 176 199 260 291 327 367 396 404 507 691 693 706 711 1143 1769 1896 1897 1903 2150 2696 4373 4452 4457 4587 6571 6582 8116 8117 8120 8152,item 2742 features: 11 12 13 16 18 19 25 29 30 36 43 44 58 75 79 96 97 105 112 115 150 158 176 199 260 291 327 367 396 404 507 691 693 706 711 1143 1769 1896 1897 1903 2150 2696 4373 4452 4457 4587 6571 6582 8116 8117 8120 8152,
2743,item_2743,,item_2743,,15 16 22 23 27 70 82 109 448 486 2696,item 2743 features: 15 16 22 23 27 70 82 109 448 486 2696,
2744,item_2744,,item_2744,,16 57 70 82 451 461 486 2696,item 2744 features: 16 57 70 82 451 461 486 2696,
2745,item_2745,,item_2745,,85 499 2718 3992 6963,item 2745 features: 85 499 2718 3992 6963,
2747,item_2747,,item_2747,,23 106 144 145 157 193 377 949 4216,item 2747 features: 23 106 144 145 157 193 377 949 4216,
2749,item_2749,,item_2749,,22 69 74 75 77 80 109 193 1048 1424 4372 4374 6689,item 2749 features: 22 69 74 75 77 80 109 193 1048 1424 4372 4374 6689,
2750,item_2750,,item_2750,,22 77 148 247,item 2750 features: 22 77 148 247,
2751,item_2751,,item_2751,,22 23 75 112 115 247 592 1650 1704 1769 2044 3820 4816 4832 4836 6320 7244 7783,item 2751 features: 22 23 75 112 115 247 592 1650 1704 1769 2044 3820 4816 4832 4836 6320 7244 7783,
2752,item_2752,,item_2752,,69 75 77 80 115 148 179 247 260 691 1400 2175 3735 4817 5879 6690,item 2752 features: 69 75 77 80 115 148 179 247 260 691 1400 2175 3735 4817 5879 6690,
2753,item_2753,,item_2753,,115 247 2803 7782,item 2753 features: 115 247 2803 7782,
2755,item_2755,,item_2755,,22 29 30 69 75 77 79 80 84 115 247 691 2701,item 2755 features: 22 29 30 69 75 77 79 80 84 115 247 691 2701,
2756,item_2756,,item_2756,,11 12 14 19 22 36 46 69 75 77 79 80 112 115 148 171 173 176 179 195 242 247 251 285 291 293 342 377 396 421 507 541 549 604 606 691 693 696 703 706 709 852 862 1107 1334 1703 2343 2345 2446 2804 2846 2847 2859 3621 4944 4971 5865 6023 6029 6551 6689 6763 7602 7710 8432,item 2756 features: 11 12 14 19 22 36 46 69 75 77 79 80 112 115 148 171 173 176 179 195 242 247 251 285 291 293 342 377 396 421 507 541 549 604 606 691 693 696 703 706 709 852 862 1107 1334 1703 2343 2345 2446 2804 2846 2847 2859 3621 4944 4971 5865 6023 6029 6551 6689 6763 7602 7710 8432,
2759,item_2759,,item_2759,,75 77 80 84 109 112 115 148 173 179 243 247 251 303 602 691 756 1324 1962 2055 3825 4278 4944 5872 6688,item 2759 features: 75 77 80 84 109 112 115 148 173 179 243 247 251 303 602 691 756 1324 1962 2055 3825 4278 4944 5872 6688,
2760,item_2760,,item_2760,,6 85 112 1058,item 2760 features: 6 85 112 1058,
2761,item_2761,,item_2761,,0 6 85 112 142 153 499 1058 2719 3267 3268,item 2761 features: 0 6 85 112 142 153 499 1058 2719 3267 3268,
2763,item_2763,,item_2763,,1 68 69 74 75 109 139 141 143 144 145 149 157 260 303 404 495 662 697 1165 1531 2637 4944 6688 6691 7948,item 2763 features: 1 68 69 74 75 109 139 141 143 144 145 149 157 260 303 404 495 662 697 1165 1531 2637 4944 6688 6691 7948,
2765,item_2765,,item_2765,,79 112 208 340 358 404 572 690 1221 8388,item 2765 features: 79 112 208 340 358 404 572 690 1221 8388,
2766,item_2766,,item_2766,,43 53 75 105 115 147 148 158 176 194 247 280 404 421 507 521 691 696 706 798 1107 1142 1238 2170 2835 3917 3967 4078 4140 6508 6509 6510 6511 6512 6984 7123 7223 7224 7227 7228 7230 7234 7235 7236 7237 7238 7239 7240 7241 7353 7354,item 2766 features: 43 53 75 105 115 147 148 158 176 194 247 280 404 421 507 521 691 696 706 798 1107 1142 1238 2170 2835 3917 3967 4078 4140 6508 6509 6510 6511 6512 6984 7123 7223 7224 7227 7228 7230 7234 7235 7236 7237 7238 7239 7240 7241 7353 7354,
2767,item_2767,,item_2767,,69 147,item 2767 features: 69 147,
2768,item_2768,,item_2768,,69 203 358 3191 3950 6729,item 2768 features: 69 203 358 3191 3950 6729,
2770,item_2770,,item_2770,,11 16 19 21 75 150 154 456 2683 8151 8152 8153,item 2770 features: 11 16 19 21 75 150 154 456 2683 8151 8152 8153,
2771,item_2771,,item_2771,,112 115 156 173 706 861 1069 1076 1332 2055 2615 3093 3099 3100 3106 3107 4692,item 2771 features: 112 115 156 173 706 861 1069 1076 1332 2055 2615 3093 3099 3100 3106 3107 4692,
2772,item_2772,,item_2772,,112 115 156 562 654 1332 1395 4692 5276 5743 8224 8406,item 2772 features: 112 115 156 562 654 1332 1395 4692 5276 5743 8224 8406,
2774,item_2774,,item_2774,,23 68 69 75 142 148 153 158 176 179 192 235 320 352 404 574 663 664 665 667 678 681 684 686 844 1109 1143 1272 1302 1451 1666 2153 2696 2846 2847 2855 3189 3527 3561 4819 4956 4958 4972 5862 6027,item 2774 features: 23 68 69 75 142 148 153 158 176 179 192 235 320 352 404 574 663 664 665 667 678 681 684 686 844 1109 1143 1272 1302 1451 1666 2153 2696 2846 2847 2855 3189 3527 3561 4819 4956 4958 4972 5862 6027,
2776,item_2776,,item_2776,,14 22 26 27 57 75 82 109 142 260 309 448 452 461 665 1325 8363,item 2776 features: 14 22 26 27 57 75 82 109 142 260 309 448 452 461 665 1325 8363,
2777,item_2777,,item_2777,,69 74 75 77 80 158 585 1652 3494 6695 8227,item 2777 features: 69 74 75 77 80 158 585 1652 3494 6695 8227,
2782,item_2782,,item_2782,,14 17 23 69 75 101 144 158 235 323 329 407 733 739 742 836 2055 3563 4587 5903 5906 5907 5908 5910 5930 5931,item 2782 features: 14 17 23 69 75 101 144 158 235 323 329 407 733 739 742 836 2055 3563 4587 5903 5906 5907 5908 5910 5930 5931,
2788,item_2788,,item_2788,,16 22 36 69 74 75 77 80 109 150 158 162 165 173 242 251 260 403 602 651 658 939 1161,item 2788 features: 16 22 36 69 74 75 77 80 109 150 158 162 165 173 242 251 260 403 602 651 658 939 1161,
2790,item_2790,,item_2790,,314,item 2790 features: 314,
2792,item_2792,,item_2792,,0 1 5 6 53 57 68 69 74 75 76 109 139 140 141 142 147 152 153 154 173 179 195 196 197 199 242 260 291 309 320 377 419 435 446 494 505 613 662 666 673 679 717 862 1154 1292 1475 1476 1477 1600 1793 1957 2074 2696 2846 2847 2854 3577 4424 4926 6691 6881 6941 6953 7305 7306 7558 7613 7875 8095 8096 8101 8147,item 2792 features: 0 1 5 6 53 57 68 69 74 75 76 109 139 140 141 142 147 152 153 154 173 179 195 196 197 199 242 260 291 309 320 377 419 435 446 494 505 613 662 666 673 679 717 862 1154 1292 1475 1476 1477 1600 1793 1957 2074 2696 2846 2847 2854 3577 4424 4926 6691 6881 6941 6953 7305 7306 7558 7613 7875 8095 8096 8101 8147,
2793,item_2793,,item_2793,,0 6 112 142 153 1058,item 2793 features: 0 6 112 142 153 1058,
2794,item_2794,,item_2794,,69 77 109 112 144 145 262 342,item 2794 features: 69 77 109 112 144 145 262 342,
2797,item_2797,,item_2797,,4 314 315 319,item 2797 features: 4 314 315 319,
2798,item_2798,,item_2798,,0 68 87 109 157 314 320 1158 1875 3881,item 2798 features: 0 68 87 109 157 314 320 1158 1875 3881,
2799,item_2799,,item_2799,,0 30 69 74 75 81 179 321 885 1164 1408 1603 1605 2079 2696 2699 4424 4425 5100 5108 8426,item 2799 features: 0 30 69 74 75 81 179 321 885 1164 1408 1603 1605 2079 2696 2699 4424 4425 5100 5108 8426,
2800,item_2800,,item_2800,,75 112 3424,item 2800 features: 75 112 3424,
2802,item_2802,,item_2802,,0 4 53 72 78 109 319 321 354 695 1273 1348 2212 2716 4789 6140 6552,item 2802 features: 0 4 53 72 78 109 319 321 354 695 1273 1348 2212 2716 4789 6140 6552,
2803,item_2803,,item_2803,,68 69 76 144 145 291 487 840 844 1601 4041 7093,item 2803 features: 68 69 76 144 145 291 487 840 844 1601 4041 7093,
2804,item_2804,,item_2804,,68 69 74 173 3577,item 2804 features: 68 69 74 173 3577,
2805,item_2805,,item_2805,,22 53 69 74 75 77 80 101 136 140 144 145 173 179 189 260 377 404 408 614 634 691 967 1044 1052 1107 1489 5743 6507 7893 8015,item 2805 features: 22 53 69 74 75 77 80 101 136 140 144 145 173 179 189 260 377 404 408 614 634 691 967 1044 1052 1107 1489 5743 6507 7893 8015,
2806,item_2806,,item_2806,,69 75 77 80 109 115 148 197 247 260 691 1336 1337 1340 1341 1543,item 2806 features: 69 75 77 80 109 115 148 197 247 260 691 1336 1337 1340 1341 1543,
2807,item_2807,,item_2807,,120 121 128 433 946 2727 5036,item 2807 features: 120 121 128 433 946 2727 5036,
2808,item_2808,,item_2808,,0 1 68 69 74 75 136 144 155 173 179 291 344 703 1052 2576 2654 2804 3577 3696 4818 4830 5553 5605 6941,item 2808 features: 0 1 68 69 74 75 136 144 155 173 179 291 344 703 1052 2576 2654 2804 3577 3696 4818 4830 5553 5605 6941,
2809,item_2809,,item_2809,,0 5 88 140 173 179 291 309,item 2809 features: 0 5 88 140 173 179 291 309,
2810,item_2810,,item_2810,,14 16 23 29 30 69 70 75 77 164 179 235 309 379 611 717 733 734 735 736 737 739 740 743 744 746 749 750 755 862 1087 1282 1299 1300 1384 1603 1606 1608 1650 1660 1662 2700 3561 6429 6876 8146,item 2810 features: 14 16 23 29 30 69 70 75 77 164 179 235 309 379 611 717 733 734 735 736 737 739 740 743 744 746 749 750 755 862 1087 1282 1299 1300 1384 1603 1606 1608 1650 1660 1662 2700 3561 6429 6876 8146,
2811,item_2811,,item_2811,,14 23 101 367 575 588 611 733 734 735 737 739 740 741 744 746 750 751 754 755 1176 1448 1652 1894 2553 2554 2555 2557 3546 3556,item 2811 features: 14 23 101 367 575 588 611 733 734 735 737 739 740 741 744 746 750 751 754 755 1176 1448 1652 1894 2553 2554 2555 2557 3546 3556,
2813,item_2813,,item_2813,,0 4 12 154 157 315 502 617,item 2813 features: 0 4 12 154 157 315 502 617,
2814,item_2814,,item_2814,,0 157 314 315 617 810 1675,item 2814 features: 0 157 314 315 617 810 1675,
2815,item_2815,,item_2815,,30 314 315 617 810 5090,item 2815 features: 30 314 315 617 810 5090,
2816,item_2816,,item_2816,,11 53 115 176 197 253 395 404 447 581 670 680 692 703 706 711 1157 2396 2625 2722 3267 8066 8068 8069 8071 8072 8073,item 2816 features: 11 53 115 176 197 253 395 404 447 581 670 680 692 703 706 711 1157 2396 2625 2722 3267 8066 8068 8069 8071 8072 8073,
2817,item_2817,,item_2817,,157 314 810 1165 1479 6698,item 2817 features: 157 314 810 1165 1479 6698,
2818,item_2818,,item_2818,,16 121 433,item 2818 features: 16 121 433,
2820,item_2820,,item_2820,,162 192,item 2820 features: 162 192,
2821,item_2821,,item_2821,,112 121 128 147 433,item 2821 features: 112 121 128 147 433,
2828,item_2828,,item_2828,,16 23 57 82 150 263 291 399 498 735 1313 2153 5445 5447,item 2828 features: 16 23 57 82 150 263 291 399 498 735 1313 2153 5445 5447,
2829,item_2829,,item_2829,,16 22 36 112 162 163 251 285 489 1161 6686 6687 8217,item 2829 features: 16 22 36 112 162 163 251 285 489 1161 6686 6687 8217,
2830,item_2830,,item_2830,,69 75 77 80 112 325 716 3019 3390,item 2830 features: 69 75 77 80 112 325 716 3019 3390,
2831,item_2831,,item_2831,,57 82 147 163 291 1143 2055 2153 2696 3817 4818 4830,item 2831 features: 57 82 147 163 291 1143 2055 2153 2696 3817 4818 4830,
2833,item_2833,,item_2833,,75 77 112 148 158 327 691 717 829 927 1650 4210 4819 4826 7107,item 2833 features: 75 77 112 148 158 327 691 717 829 927 1650 4210 4819 4826 7107,
2834,item_2834,,item_2834,,14 17 22 23 36 65 69 74 75 77 94 101 109 112 155 158 164 179 203 235 291 293 303 327 510 602 735 740 749 766 767 772 775 1650 3561 5446 5869 6634 7967,item 2834 features: 14 17 22 23 36 65 69 74 75 77 94 101 109 112 155 158 164 179 203 235 291 293 303 327 510 602 735 740 749 766 767 772 775 1650 3561 5446 5869 6634 7967,
2835,item_2835,,item_2835,,0 4 69 87 157 320 502 1520 6964,item 2835 features: 0 4 69 87 157 320 502 1520 6964,
2837,item_2837,,item_2837,,30 72 354,item 2837 features: 30 72 354,
2839,item_2839,,item_2839,,0 1 68 69 74 75 112 146,item 2839 features: 0 1 68 69 74 75 112 146,
2840,item_2840,,item_2840,,22 112 121 128 155 291 433 1843 3409 6351 7202 7204,item 2840 features: 22 112 121 128 155 291 433 1843 3409 6351 7202 7204,
2841,item_2841,,item_2841,,11 115 170 199 242 421 1046 1543 3614 5519 5520 5521 5526 5534 5538,item 2841 features: 11 115 170 199 242 421 1046 1543 3614 5519 5520 5521 5526 5534 5538,
2843,item_2843,,item_2843,,12 75 83 247 495 1598,item 2843 features: 12 75 83 247 495 1598,
2847,item_2847,,item_2847,,69 75 161 1369 2633,item 2847 features: 69 75 161 1369 2633,
2848,item_2848,,item_2848,,0 4 6 69 78 142 153 706 1348,item 2848 features: 0 4 6 69 78 142 153 706 1348,
2849,item_2849,,item_2849,,63 75 129 291 377 869 1384,item 2849 features: 63 75 129 291 377 869 1384,
2850,item_2850,,item_2850,,0 69 78 320 435 1703 2900 3708,item 2850 features: 0 69 78 320 435 1703 2900 3708,
2851,item_2851,,item_2851,,14 15 16 17 23 27 30 36 57 82 86 99 109 150 158 173 196 199 291 407 733 735 738 1109 2941 2944 5381 6868,item 2851 features: 14 15 16 17 23 27 30 36 57 82 86 99 109 150 158 173 196 199 291 407 733 735 738 1109 2941 2944 5381 6868,
2852,item_2852,,item_2852,,16 22 36 75 77 80 112 150 158 162 251 263 285 293 1416 1424 6686 6687 7213 7864,item 2852 features: 16 22 36 75 77 80 112 150 158 162 251 263 285 293 1416 1424 6686 6687 7213 7864,
2853,item_2853,,item_2853,,16 22 36 69 75 77 109 112 162 251 286 495 1161 1324 6687 7171,item 2853 features: 16 22 36 69 75 77 109 112 162 251 286 495 1161 1324 6687 7171,
2854,item_2854,,item_2854,,69 77 112 115 133 148 179 194 247 291 377 421 507 519 520 585 691 693 706 1107 1704 2083 2315 2316 2319 2324 2803 5860 5861 5862 7783,item 2854 features: 69 77 112 115 133 148 179 194 247 291 377 421 507 519 520 585 691 693 706 1107 1704 2083 2315 2316 2319 2324 2803 5860 5861 5862 7783,
2857,item_2857,,item_2857,,22 69 75 115 321 492 1838 3355,item 2857 features: 22 69 75 115 321 492 1838 3355,
2858,item_2858,,item_2858,,69 79 151,item 2858 features: 69 79 151,
2859,item_2859,,item_2859,,22 75 90 291 495 765 950 1049 5869 6951 7154,item 2859 features: 22 75 90 291 495 765 950 1049 5869 6951 7154,
2860,item_2860,,item_2860,,16 22 154 362 437 2115,item 2860 features: 16 22 154 362 437 2115,
2861,item_2861,,item_2861,,22 69 75 77 80 101 158 303 309 323 2055 3573 4598 6283,item 2861 features: 22 69 75 77 80 101 158 303 309 323 2055 3573 4598 6283,
2863,item_2863,,item_2863,,115 193 585 965 3143 3236 7007,item 2863 features: 115 193 585 965 3143 3236 7007,
2864,item_2864,,item_2864,,75 115 421 691 2871 6430,item 2864 features: 75 115 421 691 2871 6430,
2865,item_2865,,item_2865,,115 148 247 1204 8228 8410,item 2865 features: 115 148 247 1204 8228 8410,
2867,item_2867,,item_2867,,22 260 2583 8231,item 2867 features: 22 260 2583 8231,
2869,item_2869,,item_2869,,22 69 965,item 2869 features: 22 69 965,
2870,item_2870,,item_2870,,22 46 69 75 112 120 121 128 293 408 433 691 946 5028 5029 5031,item 2870 features: 22 46 69 75 112 120 121 128 293 408 433 691 946 5028 5029 5031,
2871,item_2871,,item_2871,,36 121 126 130 169 197 199 260 404 521 801 1679 1680 1684,item 2871 features: 36 121 126 130 169 197 199 260 404 521 801 1679 1680 1684,
2875,item_2875,,item_2875,,69 75 80 112 120 121 433 1961 5134,item 2875 features: 69 75 80 112 120 121 433 1961 5134,
2876,item_2876,,item_2876,,1 68 140 314 320,item 2876 features: 1 68 140 314 320,
2878,item_2878,,item_2878,,22 260 487,item 2878 features: 22 260 487,
2881,item_2881,,item_2881,,0 3 23 69 87 320 1054 1560 4221 4789 4790,item 2881 features: 0 3 23 69 87 320 1054 1560 4221 4789 4790,
2883,item_2883,,item_2883,,0 87 314 320 502 1158,item 2883 features: 0 87 314 320 502 1158,
2886,item_2886,,item_2886,,16 22 36 133 163 199 255 260 284 290 404 850 1222 1313 3494 5628 7625 7626,item 2886 features: 16 22 36 133 163 199 255 260 284 290 404 850 1222 1313 3494 5628 7625 7626,
2888,item_2888,,item_2888,,69 144 270 285,item 2888 features: 69 144 270 285,
2889,item_2889,,item_2889,,25 30 80 112 325 327 1352 1663 3019,item 2889 features: 25 30 80 112 325 327 1352 1663 3019,
2890,item_2890,,item_2890,,11 18 66 263,item 2890 features: 11 18 66 263,
2891,item_2891,,item_2891,,0 4 12 87 109 154 314 315 319 320,item 2891 features: 0 4 12 87 109 154 314 315 319 320,
2893,item_2893,,item_2893,,96 130 258 801 5800,item 2893 features: 96 130 258 801 5800,
2896,item_2896,,item_2896,,11 12 14 16 19 23 25 30 69 74 75 77 84 105 112 148 158 199 235 251 285 325 327 342 399 509 691 703 927 1049 1128 1384 1443 2528 2683 3019 4374 7140 8146,item 2896 features: 11 12 14 16 19 23 25 30 69 74 75 77 84 105 112 148 158 199 235 251 285 325 327 342 399 509 691 703 927 1049 1128 1384 1443 2528 2683 3019 4374 7140 8146,
2897,item_2897,,item_2897,,154 247 256 1009 2618 4501 6015 6018 8429 8431,item 2897 features: 154 247 256 1009 2618 4501 6015 6018 8429 8431,
2901,item_2901,,item_2901,,69 155 203 328 404 611 672 691 720 844 4904 6880,item 2901 features: 69 155 203 328 404 611 672 691 720 844 4904 6880,
2902,item_2902,,item_2902,,23 68 74 203 717 1650 2175,item 2902 features: 23 68 74 203 717 1650 2175,
2903,item_2903,,item_2903,,23 115 291 423 588 1047 1650 3223 4820,item 2903 features: 23 115 291 423 588 1047 1650 3223 4820,
2904,item_2904,,item_2904,,23 69 96 97 106 179 309 824 955 1424 2553 5935 7302 7311 7822,item 2904 features: 23 69 96 97 106 179 309 824 955 1424 2553 5935 7302 7311 7822,
2905,item_2905,,item_2905,,22 262 291 295 6724,item 2905 features: 22 262 291 295 6724,
2906,item_2906,,item_2906,,69 75 77 80 109 203 251 323 829 1047 1661 2493,item 2906 features: 69 75 77 80 109 203 251 323 829 1047 1661 2493,
2907,item_2907,,item_2907,,23 68 69 76 155 179 291 715 818 820 833 996 1046 1302,item 2907 features: 23 68 69 76 155 179 291 715 818 820 833 996 1046 1302,
2909,item_2909,,item_2909,,314,item 2909 features: 314,
2915,item_2915,,item_2915,,69 75 77 354,item 2915 features: 69 75 77 354,
2916,item_2916,,item_2916,,11 13 16 19 150 456 691 1364,item 2916 features: 11 13 16 19 150 456 691 1364,
2917,item_2917,,item_2917,,14 23 36 69 74 105 144 148 158 203 213 237 588 602 611 1383 1658 4832 5445 6636 8146,item 2917 features: 14 23 36 69 74 105 144 148 158 203 213 237 588 602 611 1383 1658 4832 5445 6636 8146,
2918,item_2918,,item_2918,,11 12 16 21 23 29 69 150 154 247 321 327 354 691 862 865 1164 1824 4567 5865 6551,item 2918 features: 11 12 16 21 23 29 69 150 154 247 321 327 354 691 862 865 1164 1824 4567 5865 6551,
2920,item_2920,,item_2920,,12 47 83 154 421 689 2622 4093,item 2920 features: 12 47 83 154 421 689 2622 4093,
2922,item_2922,,item_2922,,11 12 16 21 23 30 147 150 154 176 192 208 242 291 421 588 711 861 1272 2155 2625 2674 2675 2676 2681 5445 5862 5867 8068,item 2922 features: 11 12 16 21 23 30 147 150 154 176 192 208 242 291 421 588 711 861 1272 2155 2625 2674 2675 2676 2681 5445 5862 5867 8068,
2923,item_2923,,item_2923,,22 23 68 69 84 100 101 155 158 208 260 291 611 697 826 844 1048 1383 3036 3037 3038 3039 3040 3041 3042 3043 5865,item 2923 features: 22 23 68 69 84 100 101 155 158 208 260 291 611 697 826 844 1048 1383 3036 3037 3038 3039 3040 3041 3042 3043 5865,
2924,item_2924,,item_2924,,68 69 127 155 320 321 435 521 611 1703 2055 2712 6090,item 2924 features: 68 69 127 155 320 321 435 521 611 1703 2055 2712 6090,
2925,item_2925,,item_2925,,0 68 69 78 109 173 320 2093 2095 3874 3875,item 2925 features: 0 68 69 78 109 173 320 2093 2095 3874 3875,
2926,item_2926,,item_2926,,22 69 75 115 179 260 2097,item 2926 features: 22 69 75 115 179 260 2097,
2928,item_2928,,item_2928,,22 36 96 97 105 158 258 260 5280 8217,item 2928 features: 22 36 96 97 105 158 258 260 5280 8217,
2933,item_2933,,item_2933,,69 77 154 1871,item 2933 features: 69 77 154 1871,
2934,item_2934,,item_2934,,0 6 57 140 614 1849,item 2934 features: 0 6 57 140 614 1849,
2935,item_2935,,item_2935,,12 24 71 150 321,item 2935 features: 12 24 71 150 321,
2936,item_2936,,item_2936,,77 115 179 190 247 1090 1600 7936,item 2936 features: 77 115 179 190 247 1090 1600 7936,
2937,item_2937,,item_2937,,80 139 173 377,item 2937 features: 80 139 173 377,
2938,item_2938,,item_2938,,16 69 75 77 80 101 169 598 606 3616 3783 8217 8219,item 2938 features: 16 69 75 77 80 101 169 598 606 3616 3783 8217 8219,
2939,item_2939,,item_2939,,22 46 340 572 690 7770,item 2939 features: 22 46 340 572 690 7770,
2940,item_2940,,item_2940,,16 30 69 74 77 80 83 101 203 377 2170 3236 3301 4944 5744 5747 5754 6685 6688 8217,item 2940 features: 16 30 69 74 77 80 83 101 203 377 2170 3236 3301 4944 5744 5747 5754 6685 6688 8217,
2948,item_2948,,item_2948,,14 16 22 23 24 36 46 69 75 112 115 148 169 172 173 179 203 263 285 303 329 401 407 408 411 641 679 696 717 1107 1775 1814 2106 2128 3455 3569 3906 4269 4270 4274 4275 4278 4279 4971 5741 5743 5909 5923 6320 6568 6626 7723 7864 8369,item 2948 features: 14 16 22 23 24 36 46 69 75 112 115 148 169 172 173 179 203 263 285 303 329 401 407 408 411 641 679 696 717 1107 1775 1814 2106 2128 3455 3569 3906 4269 4270 4274 4275 4278 4279 4971 5741 5743 5909 5923 6320 6568 6626 7723 7864 8369,
2949,item_2949,,item_2949,,16 30 36 77 150 158 244 263 721 926 6686,item 2949 features: 16 30 36 77 150 158 244 263 721 926 6686,
2950,item_2950,,item_2950,,0 4 30 72 157 314 315 354 1405 1478 1481,item 2950 features: 0 4 30 72 157 314 315 354 1405 1478 1481,
2951,item_2951,,item_2951,,74 75 80 147 251 3236 3456 3783 6113 6119 6123 6128 7948 7949,item 2951 features: 74 75 80 147 251 3236 3456 3783 6113 6119 6123 6128 7948 7949,
2952,item_2952,,item_2952,,16 36 69 75 77 80 83 109 131 158 293 303 662 813 923 930 943 2450 3026 6286 6429 6686 6948,item 2952 features: 16 36 69 75 77 80 83 109 131 158 293 303 662 813 923 930 943 2450 3026 6286 6429 6686 6948,
2953,item_2953,,item_2953,,0 30 69 74 75 77 80 321 6940,item 2953 features: 0 30 69 74 75 77 80 321 6940,
2957,item_2957,,item_2957,,69 75 495 1603 4818 4819 4830,item 2957 features: 69 75 495 1603 4818 4819 4830,
2958,item_2958,,item_2958,,12 15 16 70 263 272,item 2958 features: 12 15 16 70 263 272,
2959,item_2959,,item_2959,,16 263 7213,item 2959 features: 16 263 7213,
2960,item_2960,,item_2960,,11 43 147 4767,item 2960 features: 11 43 147 4767,
2961,item_2961,,item_2961,,21 147 154 192 437 2249 2634 3287 3568,item 2961 features: 21 147 154 192 437 2249 2634 3287 3568,
2963,item_2963,,item_2963,,12 16 30 242 284 460 461 2696 2700,item 2963 features: 12 16 30 242 284 460 461 2696 2700,
2964,item_2964,,item_2964,,22 69 75 355 404 421 950 1046 3898 5523 5524,item 2964 features: 22 69 75 355 404 421 950 1046 3898 5523 5524,
2965,item_2965,,item_2965,,11 79 94 112 179 208 212 507 696 1050 1769 3045 3550 3552 4003 5051 7124 7197,item 2965 features: 11 79 94 112 179 208 212 507 696 1050 1769 3045 3550 3552 4003 5051 7124 7197,
2966,item_2966,,item_2966,,12 16 24 109 154 399 895 1484 3646 4722 8031 8033 8035 8038,item 2966 features: 12 16 24 109 154 399 895 1484 3646 4722 8031 8033 8035 8038,
2967,item_2967,,item_2967,,14 23 65 69 74 75 109 136 144 189 226 233 239 265 291 693 830 950 955 1489 4108 5617,item 2967 features: 14 23 65 69 74 75 109 136 144 189 226 233 239 265 291 693 830 950 955 1489 4108 5617,
2968,item_2968,,item_2968,,22 69 115 148 155 179 208 247 253 423 591 611 691 696 953 970 1447 1448 2083 2820 5576 5860 5863 7679,item 2968 features: 22 69 115 148 155 179 208 247 253 423 591 611 691 696 953 970 1447 1448 2083 2820 5576 5860 5863 7679,
2969,item_2969,,item_2969,,14 23 69 74 75 80 115 144 158 203 213 399 611 717 1272 1451 1650 1657 1804 5449 5863,item 2969 features: 14 23 69 74 75 80 115 144 158 203 213 399 611 717 1272 1451 1650 1657 1804 5449 5863,
2970,item_2970,,item_2970,,11 30 69 75 77 80 109 115 147 148 192 199 247 260 272 286 303 404 408 421 495 521 630 662 683 691 717 950 1046 1328 1401 2055 2249 2701 2831 5027 5519 5520 5532 6756 7140 7948 7957 7968,item 2970 features: 11 30 69 75 77 80 109 115 147 148 192 199 247 260 272 286 303 404 408 421 495 521 630 662 683 691 717 950 1046 1328 1401 2055 2249 2701 2831 5027 5519 5520 5532 6756 7140 7948 7957 7968,
2972,item_2972,,item_2972,,69 75 84 247 260 358 572 690 717,item 2972 features: 69 75 84 247 260 358 572 690 717,
2975,item_2975,,item_2975,,16 63 69 144 154 433 1961 5136 5137 5138 5139 5140 5142 5144 5146 5154 5161,item 2975 features: 16 63 69 144 154 433 1961 5136 5137 5138 5139 5140 5142 5144 5146 5154 5161,
2977,item_2977,,item_2977,,16 36 81 147 291 456 818 826 833 1051 1313 1467 3494,item 2977 features: 16 36 81 147 291 456 818 826 833 1051 1313 1467 3494,
2978,item_2978,,item_2978,,14 20 22 46 99 112 133 158 291 507 717 818 5128 7788,item 2978 features: 14 20 22 46 99 112 133 158 291 507 717 818 5128 7788,
2984,item_2984,,item_2984,,0 4 314 319 1058,item 2984 features: 0 4 314 319 1058,
2985,item_2985,,item_2985,,5 57 8412,item 2985 features: 5 57 8412,
2986,item_2986,,item_2986,,0 105 144 145 157 158 282 949 990 1383 1875 7676 7677 7678,item 2986 features: 0 105 144 145 157 158 282 949 990 1383 1875 7676 7677 7678,
2987,item_2987,,item_2987,,12 16 30 31 263 330 4405 6415,item 2987 features: 12 16 30 31 263 330 4405 6415,
2988,item_2988,,item_2988,,0 3 6 112 142 1058 7275,item 2988 features: 0 3 6 112 142 1058 7275,
2989,item_2989,,item_2989,,5 319 1317,item 2989 features: 5 319 1317,
2990,item_2990,,item_2990,,16 30 314 315 617 810,item 2990 features: 16 30 314 315 617 810,
2991,item_2991,,item_2991,,0 4 5 57 72 87 314 319 1053 1368 3964,item 2991 features: 0 4 5 57 72 87 314 319 1053 1368 3964,
2992,item_2992,,item_2992,,4 5 57 72 1272 1274 1419 1598 2639 2696 3952 5092 5093 5096,item 2992 features: 4 5 57 72 1272 1274 1419 1598 2639 2696 3952 5092 5093 5096,
2993,item_2993,,item_2993,,0 69 75 144 145 1276 1371 1957 4789,item 2993 features: 0 69 75 144 145 1276 1371 1957 4789,
2994,item_2994,,item_2994,,0 5 57 152 280 615 4789,item 2994 features: 0 5 57 152 280 615 4789,
2995,item_2995,,item_2995,,12 72 75 321 460,item 2995 features: 12 72 75 321 460,
2996,item_2996,,item_2996,,12 13 19 44 70 83 154 330 355 421 689 693 1961 2804 2818 4094 4232 4450 4816 5786 6406 6408 6412,item 2996 features: 12 13 19 44 70 83 154 330 355 421 689 693 1961 2804 2818 4094 4232 4450 4816 5786 6406 6408 6412,
2998,item_2998,,item_2998,,16 19 36 65 75 96 150 253 508 727 984 988 1869 4837,item 2998 features: 16 19 36 65 75 96 150 253 508 727 984 988 1869 4837,
2999,item_2999,,item_2999,,12 16 30 41 44 57 63 367,item 2999 features: 12 16 30 41 44 57 63 367,
3000,item_3000,,item_3000,,148 179 247 1128 1581,item 3000 features: 148 179 247 1128 1581,
3002,item_3002,,item_3002,,14 17 22 23 24 36 68 69 75 77 100 101 105 109 144 145 147 155 158 169 173 192 199 235 242 260 291 354 367 392 393 394 398 406 407 409 415 598 697 717 733 734 738 739 740 741 844 862 913 1049 1272 1651 2055 2105 3539 4373 4724 4727 4816 4830 4874 4875 5445 5446 5506 5508 7722,item 3002 features: 14 17 22 23 24 36 68 69 75 77 100 101 105 109 144 145 147 155 158 169 173 192 199 235 242 260 291 354 367 392 393 394 398 406 407 409 415 598 697 717 733 734 738 739 740 741 844 862 913 1049 1272 1651 2055 2105 3539 4373 4724 4727 4816 4830 4874 4875 5445 5446 5506 5508 7722,
3003,item_3003,,item_3003,,22 69 100 155 191 214 510 574 717 844 862 1050 1203 2579 3548 3557 5866,item 3003 features: 22 69 100 155 191 214 510 574 717 844 862 1050 1203 2579 3548 3557 5866,
3005,item_3005,,item_3005,,14 15 16 17 22 36 70 150 242 291 390 391 400 402,item 3005 features: 14 15 16 17 22 36 70 150 242 291 390 391 400 402,
3006,item_3006,,item_3006,,11 12 14 15 16 19 24 30 36 43 69 70 75 77 80 105 109 150 158 163 173 192 196 199 260 263 330 367 410 421 541 606 706 1108 1161 1305 1325 1403 3022 3102 3463 3797 4314 7159 7864 8115 8147,item 3006 features: 11 12 14 15 16 19 24 30 36 43 69 70 75 77 80 105 109 150 158 163 173 192 196 199 260 263 330 367 410 421 541 606 706 1108 1161 1305 1325 1403 3022 3102 3463 3797 4314 7159 7864 8115 8147,
3007,item_3007,,item_3007,,14 15 16 17 23 30 44 70 75 105 115 150 158 173 176 197 199 244 260 291 303 367 396 404 410 461 541 592 668 692 698 711 717 765 771 862 940 1044 1272 1324 1633 1769 1802 1894 2055 2061 2639 2833 3189 3525 5381 5445 6972 6998 7214 7215 7217 7926,item 3007 features: 14 15 16 17 23 30 44 70 75 105 115 150 158 173 176 197 199 244 260 291 303 367 396 404 410 461 541 592 668 692 698 711 717 765 771 862 940 1044 1272 1324 1633 1769 1802 1894 2055 2061 2639 2833 3189 3525 5381 5445 6972 6998 7214 7215 7217 7926,
3008,item_3008,,item_3008,,147 154 179 1009 3610 5576 5578 5867 7875,item 3008 features: 147 154 179 1009 3610 5576 5578 5867 7875,
3010,item_3010,,item_3010,,16 70 81 5401,item 3010 features: 16 70 81 5401,
3011,item_3011,,item_3011,,22 69 71 84 94 155 179 208 963 2635 2888 5688 5690 6113 6114 6132,item 3011 features: 22 69 71 84 94 155 179 208 963 2635 2888 5688 5690 6113 6114 6132,
3014,item_3014,,item_3014,,16 22 36 70 77 173 263 7823,item 3014 features: 16 22 36 70 77 173 263 7823,
3015,item_3015,,item_3015,,0 68 72 118 119 194 320,item 3015 features: 0 68 72 118 119 194 320,
3016,item_3016,,item_3016,,11 13 16 19 96 150 631 698 1363 1805 1903 4426 4427 7696 7699,item 3016 features: 11 13 16 19 96 150 631 698 1363 1805 1903 4426 4427 7696 7699,
3021,item_3021,,item_3021,,11 13 16 19 150 1603 1604 8151 8152 8153,item 3021 features: 11 13 16 19 150 1603 1604 8151 8152 8153,
3022,item_3022,,item_3022,,69 74 75 112 491 4067,item 3022 features: 69 74 75 112 491 4067,
3025,item_3025,,item_3025,,22 46 69 101 112 115 147 156 164 179 247 291 303 379 423 562 577 862 863 867 1046 1332 2453 2639 3424 4121 4692 5544 6960 7426,item 3025 features: 22 46 69 101 112 115 147 156 164 179 247 291 303 379 423 562 577 862 863 867 1046 1332 2453 2639 3424 4121 4692 5544 6960 7426,
3030,item_3030,,item_3030,,13 19 112 115 173 421 495 1312 1598 2055 2314 2315 2324 2328 8153,item 3030 features: 13 19 112 115 173 421 495 1312 1598 2055 2314 2315 2324 2328 8153,
3031,item_3031,,item_3031,,36 86 112 121 128 268 433 585 1022 2006 3409 6351 7887,item 3031 features: 36 86 112 121 128 268 433 585 1022 2006 3409 6351 7887,
3035,item_3035,,item_3035,,79 112 147 191 212 636 5050 5865 5868 5871 6696,item 3035 features: 79 112 147 191 212 636 5050 5865 5868 5871 6696,
3036,item_3036,,item_3036,,115 151 208 247 260 611 691 1441,item 3036 features: 115 151 208 247 260 611 691 1441,
3039,item_3039,,item_3039,,79 115 148 404 421,item 3039 features: 79 115 148 404 421,
3040,item_3040,,item_3040,,77 247,item 3040 features: 77 247,
3042,item_3042,,item_3042,,69 75 77 109 115 135 541 945 6688 7417,item 3042 features: 69 75 77 109 115 135 541 945 6688 7417,
3043,item_3043,,item_3043,,16 22 135 150 169 260 975 3074,item 3043 features: 16 22 135 150 169 260 975 3074,
3044,item_3044,,item_3044,,69 74 75 77 80 139 404 861 975 1775 4944 6685 6688 6689 6690 6691,item 3044 features: 69 74 75 77 80 139 404 861 975 1775 4944 6685 6688 6689 6690 6691,
3045,item_3045,,item_3045,,22 101 135 203 260 975,item 3045 features: 22 101 135 203 260 975,
3046,item_3046,,item_3046,,16 975 2422,item 3046 features: 16 975 2422,
3048,item_3048,,item_3048,,80 975,item 3048 features: 80 975,
3049,item_3049,,item_3049,,57 74 75 152 540,item 3049 features: 57 74 75 152 540,
3051,item_3051,,item_3051,,69 75 136 541 7864 8369,item 3051 features: 69 75 136 541 7864 8369,
3053,item_3053,,item_3053,,57 152 446 1163,item 3053 features: 57 152 446 1163,
3055,item_3055,,item_3055,,16 30 69 74 75 109 115 151 197 235 1441 1627 8214 8215 8216,item 3055 features: 16 30 69 74 75 109 115 151 197 235 1441 1627 8214 8215 8216,
3056,item_3056,,item_3056,,22 133 169 176 194 195 197 199 258 260 404 408 507 606 658 6703,item 3056 features: 22 133 169 176 194 195 197 199 258 260 404 408 507 606 658 6703,
3057,item_3057,,item_3057,,11 12 13 16 84 150 263 693 1140 2152 4428,item 3057 features: 11 12 13 16 84 150 263 693 1140 2152 4428,
3059,item_3059,,item_3059,,23 68 127 320 347 7284 7431 8002,item 3059 features: 23 68 127 320 347 7284 7431 8002,
3060,item_3060,,item_3060,,1 53 68 69 74 75 136 140 155 242 291 309 614 865 1052 2593 3489 4233 5617 5666 8147,item 3060 features: 1 53 68 69 74 75 136 140 155 242 291 309 614 865 1052 2593 3489 4233 5617 5666 8147,
3062,item_3062,,item_3062,,68 69 74 75 100 109 291 585 828 844 994 2576 3760 6781,item 3062 features: 68 69 74 75 100 109 291 585 828 844 994 2576 3760 6781,
3063,item_3063,,item_3063,,23 68 69 112 144 155 574 717 839 844 862 1204 5862,item 3063 features: 23 68 69 112 144 155 574 717 839 844 862 1204 5862,
3067,item_3067,,item_3067,,14 15 22 23 164 235 405 735 738 740 4831,item 3067 features: 14 15 22 23 164 235 405 735 738 740 4831,
3068,item_3068,,item_3068,,46 68 69 74 75 112 136 144 145 148 189 197 285 291 377 716 717 862 1091 2846 2847 3621 4234 5743 6023 6386 6391 6760 6761 6762 6763 7602 7959 8432,item 3068 features: 46 68 69 74 75 112 136 144 145 148 189 197 285 291 377 716 717 862 1091 2846 2847 3621 4234 5743 6023 6386 6391 6760 6761 6762 6763 7602 7959 8432,
3069,item_3069,,item_3069,,16 36 70 299 6430 7970,item 3069 features: 16 36 70 299 6430 7970,
3070,item_3070,,item_3070,,0 36 69 74 75 77 109 144 145 197 242 247 1532 1540 2071 3143 3214 3689 4107 4108 4412 5625 7653,item 3070 features: 0 36 69 74 75 77 109 144 145 197 242 247 1532 1540 2071 3143 3214 3689 4107 4108 4412 5625 7653,
3071,item_3071,,item_3071,,14 15 16 22 23 70 105 154 158 165 230 235 283 329 574 735 737 738 739 742 746 751 836 2032 2784 3045 3153 3189 3500 3503 3505 3507 3512 3933 3958 4817 4873 6394 6971,item 3071 features: 14 15 16 22 23 70 105 154 158 165 230 235 283 329 574 735 737 738 739 742 746 751 836 2032 2784 3045 3153 3189 3500 3503 3505 3507 3512 3933 3958 4817 4873 6394 6971,
3072,item_3072,,item_3072,,69 74 109 112 144 145,item 3072 features: 69 74 109 112 144 145,
3073,item_3073,,item_3073,,22 77 191 4025,item 3073 features: 22 77 191 4025,
3074,item_3074,,item_3074,,14 15 16 23 57 70 75 158 260 291 588 602 717 733 735 736 737 738 739 741 745 750 751 836 862 898 1091 1599 2491 3214 3673 4816 4818 4837 4840,item 3074 features: 14 15 16 23 57 70 75 158 260 291 588 602 717 733 735 736 737 738 739 741 745 750 751 836 862 898 1091 1599 2491 3214 3673 4816 4818 4837 4840,
3075,item_3075,,item_3075,,16 75 77 158 251 1373,item 3075 features: 16 75 77 158 251 1373,
3076,item_3076,,item_3076,,16 22 36 69 77 80 109 158 242 263 592 721 1161 2450 2644 3026 6430 8217,item 3076 features: 16 22 36 69 77 80 109 158 242 263 592 721 1161 2450 2644 3026 6430 8217,
3077,item_3077,,item_3077,,6 72 78 321 1164 1272,item 3077 features: 6 72 78 321 1164 1272,
3078,item_3078,,item_3078,,147 154 197 422 436 437 1009 2681 3610 4079 5576 5577 5867 6993 7875 8351 8352,item 3078 features: 147 154 197 422 436 437 1009 2681 3610 4079 5576 5577 5867 6993 7875 8351 8352,
3080,item_3080,,item_3080,,77 80 158 322 6685,item 3080 features: 77 80 158 322 6685,
3081,item_3081,,item_3081,,12 21 79 154 421 422 437 864,item 3081 features: 12 21 79 154 421 422 437 864,
3082,item_3082,,item_3082,,16 147 154 263 437 1009 1012 2681 7875,item 3082 features: 16 147 154 263 437 1009 1012 2681 7875,
3084,item_3084,,item_3084,,11 12 13 16 30 77 80 84 109 112 150 173 179 247 251 325 327 377 403 541 598 606 651 691 703 756 1161,item 3084 features: 11 12 13 16 30 77 80 84 109 112 150 173 179 247 251 325 327 377 403 541 598 606 651 691 703 756 1161,
3086,item_3086,,item_3086,,22 69 75 105 109 115 158 173 197 260 291 323 698 829 1985 4210 7214,item 3086 features: 22 69 75 105 109 115 158 173 197 260 291 323 698 829 1985 4210 7214,
3087,item_3087,,item_3087,,11 22 36 109 158 164 339 407 1046 5519 5520 5522 5523 5524 5525 6690,item 3087 features: 11 22 36 109 158 164 339 407 1046 5519 5520 5522 5523 5524 5525 6690,
3088,item_3088,,item_3088,,22 112 284 285 850 1222 3494 3759 6611 6612,item 3088 features: 22 112 284 285 850 1222 3494 3759 6611 6612,
3090,item_3090,,item_3090,,22 75 101 115 6212 6431,item 3090 features: 22 75 101 115 6212 6431,
3091,item_3091,,item_3091,,112 115 243 691 703 2443,item 3091 features: 112 115 243 691 703 2443,
3092,item_3092,,item_3092,,68 76 172 291 641 715 996 4461,item 3092 features: 68 76 172 291 641 715 996 4461,
3094,item_3094,,item_3094,,23 68 69 76 155 715 1787,item 3094 features: 23 68 69 76 155 715 1787,
3096,item_3096,,item_3096,,69 75 358 690 973 974 1790 5964 5965 5966,item 3096 features: 69 75 358 690 973 974 1790 5964 5965 5966,
3097,item_3097,,item_3097,,69 155 208 611 1048 5863,item 3097 features: 69 155 208 611 1048 5863,
3098,item_3098,,item_3098,,23 68 69 81 109 291 404 819 955 1603 5551 8341,item 3098 features: 23 68 69 81 109 291 404 819 955 1603 5551 8341,
3099,item_3099,,item_3099,,23 68 69 155 194 320 365 408 577 606 611 715 717 822 825 827 836 996 2453 4065 4462 4719 5551 8338,item 3099 features: 23 68 69 155 194 320 365 408 577 606 611 715 717 822 825 827 836 996 2453 4065 4462 4719 5551 8338,
3100,item_3100,,item_3100,,46 69 71 84 92 106 112 115 155 177 179 208 247 303 342 365 377 399 507 574 611 696 839 955 1060 2620 2803 2806 2807 5546 5863 5864 6008 6015 6045 6342 6960 7140 7783,item 3100 features: 46 69 71 84 92 106 112 115 155 177 179 208 247 303 342 365 377 399 507 574 611 696 839 955 1060 2620 2803 2806 2807 5546 5863 5864 6008 6015 6045 6342 6960 7140 7783,
3104,item_3104,,item_3104,,23 36 68 69 112 194 697 710 715 996 3574 3964 4971,item 3104 features: 23 36 68 69 112 194 697 710 715 996 3574 3964 4971,
3105,item_3105,,item_3105,,23 68 69 715 996 3619,item 3105 features: 23 68 69 715 996 3619,
3106,item_3106,,item_3106,,22 46 69 75 77 80 101 112,item 3106 features: 22 46 69 75 77 80 101 112,
3107,item_3107,,item_3107,,25 69 112 115 148 155 208 247 549 574 611 696 717 862 2083 2803 2808 2811 3355 5862 5863 5864 5869 6015,item 3107 features: 25 69 112 115 148 155 208 247 549 574 611 696 717 862 2083 2803 2808 2811 3355 5862 5863 5864 5869 6015,
3110,item_3110,,item_3110,,112 418 437 489 651 1181 1182 5629,item 3110 features: 112 418 437 489 651 1181 1182 5629,
3111,item_3111,,item_3111,,0 6 25 78 85 112 142 173 291 489 695 1058 1547,item 3111 features: 0 6 25 78 85 112 142 173 291 489 695 1058 1547,
3112,item_3112,,item_3112,,12 30 78 83 141 143 358 3876 4617 4620 4622 4623,item 3112 features: 12 30 78 83 141 143 358 3876 4617 4620 4622 4623,
3113,item_3113,,item_3113,,74 75 142 152 153,item 3113 features: 74 75 142 152 153,
3114,item_3114,,item_3114,,14 23 70 75 703 735 736 737 740 741 747 754 1939 3502 4825 4831,item 3114 features: 14 23 70 75 703 735 736 737 740 741 747 754 1939 3502 4825 4831,
3115,item_3115,,item_3115,,22 69 252 284 1222 1674 6322 7038 7039 7040 7042,item 3115 features: 22 69 252 284 1222 1674 6322 7038 7039 7040 7042,
3116,item_3116,,item_3116,,11 12 13 16 22 24 27 36 86 150 154 263 447 691 1140 1786 4372 4373,item 3116 features: 11 12 13 16 22 24 27 36 86 150 154 263 447 691 1140 1786 4372 4373,
3117,item_3117,,item_3117,,69 77 80 701 706,item 3117 features: 69 77 80 701 706,
3118,item_3118,,item_3118,,11 12 13 16 18 19 30 44 53 69 74 75 77 83 112 154 158 176 193 199 260 291 321 356 421 541 670 692 698 699 703 704 711 1164 1769 3169 4373 5225 6942 6947,item 3118 features: 11 12 13 16 18 19 30 44 53 69 74 75 77 83 112 154 158 176 193 199 260 291 321 356 421 541 670 692 698 699 703 704 711 1164 1769 3169 4373 5225 6942 6947,
3119,item_3119,,item_3119,,0 1 27 46 68 69 74 75 109 112 140 173 291 309 604 614 717 865 990 4791 4793 5600 6960,item 3119 features: 0 1 27 46 68 69 74 75 109 112 140 173 291 309 604 614 717 865 990 4791 4793 5600 6960,
3120,item_3120,,item_3120,,11 17 22 23 36 69 77 79 105 115 118 148 154 155 158 253 260 262 291 399 407 408 437 481 520 691 692 697 706 861 864 2446 2554 3065 3214 4817 4825 4833 4840 5916 5923 5933 5934 6551 8146 8196 8197 8266,item 3120 features: 11 17 22 23 36 69 77 79 105 115 118 148 154 155 158 253 260 262 291 399 407 408 437 481 520 691 692 697 706 861 864 2446 2554 3065 3214 4817 4825 4833 4840 5916 5923 5933 5934 6551 8146 8196 8197 8266,
3121,item_3121,,item_3121,,75 77 291 323 1373 2105 3561 4822 5381,item 3121 features: 75 77 291 323 1373 2105 3561 4822 5381,
3123,item_3123,,item_3123,,16 22 36 97 150 272 1110 2096,item 3123 features: 16 22 36 97 150 272 1110 2096,
3126,item_3126,,item_3126,,14 16 75 77 80 158 173 263 1384 3301 7970,item 3126 features: 14 16 75 77 80 158 173 263 1384 3301 7970,
3128,item_3128,,item_3128,,14 46 112 144 145 158 235 611 1658 4220 4369 5663 7162 7967,item 3128 features: 14 46 112 144 145 158 235 611 1658 4220 4369 5663 7162 7967,
3129,item_3129,,item_3129,,19 24 75 77 193 325 327 927 4374,item 3129 features: 19 24 75 77 193 325 327 927 4374,
3130,item_3130,,item_3130,,74 112 716 1601 2846 2847 3621 4819 4838 6036 7140,item 3130 features: 74 112 716 1601 2846 2847 3621 4819 4838 6036 7140,
3136,item_3136,,item_3136,,22 46 75 101 115 191 197 242 244 419 447 641 644 691 693 857 940 1424 1837 2097 2834 2835 2836 2837,item 3136 features: 22 46 75 101 115 191 197 242 244 419 447 641 644 691 693 857 940 1424 1837 2097 2834 2835 2836 2837,
3138,item_3138,,item_3138,,16 75 150 260 293 507 2423 4593 6213 6430 6431,item 3138 features: 16 75 150 260 293 507 2423 4593 6213 6430 6431,
3140,item_3140,,item_3140,,16 198 975,item 3140 features: 16 198 975,
3141,item_3141,,item_3141,,150 975 8408,item 3141 features: 150 975 8408,
3142,item_3142,,item_3142,,16 22 30 36 77 150 162 179 377 1161,item 3142 features: 16 22 30 36 77 150 162 179 377 1161,
3147,item_3147,,item_3147,,11 16 36 86 99 150 277 408 456 519 1045 1313 1365 2153 5590,item 3147 features: 11 16 36 86 99 150 277 408 456 519 1045 1313 1365 2153 5590,
3148,item_3148,,item_3148,,144 145 719 3689,item 3148 features: 144 145 719 3689,
3149,item_3149,,item_3149,,0 1 68 69 75 77 87 140 157 173 179 309 314 502 614 1368 7310,item 3149 features: 0 1 68 69 75 77 87 140 157 173 179 309 314 502 614 1368 7310,
3151,item_3151,,item_3151,,5 75 284 1369,item 3151 features: 5 75 284 1369,
3152,item_3152,,item_3152,,0 68 69 74 75 193,item 3152 features: 0 68 69 74 75 193,
3153,item_3153,,item_3153,,74 77 109 112 1531 5221 5838 7710,item 3153 features: 74 77 109 112 1531 5221 5838 7710,
3154,item_3154,,item_3154,,112 115 156 208 706 1690 4901,item 3154 features: 112 115 156 208 706 1690 4901,
3155,item_3155,,item_3155,,22 46 112 148 251 602 1775 3476 6634 6635,item 3155 features: 22 46 112 148 251 602 1775 3476 6634 6635,
3160,item_3160,,item_3160,,68 112 173 320 1058,item 3160 features: 68 112 173 320 1058,
3161,item_3161,,item_3161,,11 16 22 36 70 75 105 109 115 150 158 176 197 203 260 263 293 323 332 396 421 521 598 602 692 693 975 1109 1263 1394 1433 2071 2339 3236 3823 5625 5741 5744 5748 5755 5782 5826 5828 6634 6638 6695 6951 7214 7873 7874 8023 8197 8202 8207 8217 8220,item 3161 features: 11 16 22 36 70 75 105 109 115 150 158 176 197 203 260 263 293 323 332 396 421 521 598 602 692 693 975 1109 1263 1394 1433 2071 2339 3236 3823 5625 5741 5744 5748 5755 5782 5826 5828 6634 6638 6695 6951 7214 7873 7874 8023 8197 8202 8207 8217 8220,
3162,item_3162,,item_3162,,2 23 69 75 105 109 142 153 158 195 196 199 235 407 422 662 663 671 1128 1168 1600 1650 3527 3561 3639 4789 4796 7782 8146,item 3162 features: 2 23 69 75 105 109 142 153 158 195 196 199 235 407 422 662 663 671 1128 1168 1600 1650 3527 3561 3639 4789 4796 7782 8146,
3163,item_3163,,item_3163,,0 4 105 157 240 617 618 3169,item 3163 features: 0 4 105 157 240 617 618 3169,
3164,item_3164,,item_3164,,22 69 74 75 77 80 101 148 173 291 303 408 585 863 865 1048 1052 1578 4121 4122 4820 4835,item 3164 features: 22 69 74 75 77 80 101 148 173 291 303 408 585 863 865 1048 1052 1578 4121 4122 4820 4835,
3165,item_3165,,item_3165,,0 3 23 87 127 158 242 291 320 347 501 611 1875 4223 4789,item 3165 features: 0 3 23 87 127 158 242 291 320 347 501 611 1875 4223 4789,
3166,item_3166,,item_3166,,68 87 242 291 419 715 996 1305,item 3166 features: 68 87 242 291 419 715 996 1305,
3167,item_3167,,item_3167,,0 23 24 68 69 74 75 76 101 109 148 155 169 172 179 192 193 194 197 242 260 291 320 354 377 404 440 585 611 696 697 715 717 733 818 819 822 826 862 865 934 994 996 1033 1035 1036 1091 1302 1305 1325 1411 1424 1509 1518 1919 1934 2055 2067 2080 2081 2082 2957 3490 3574 3696 3761 3946 4468 4615 4717 4817 4823 5905 5910 5912 5914 5917 5920 5925 5926 5932 6090 6781 7963 8041,item 3167 features: 0 23 24 68 69 74 75 76 101 109 148 155 169 172 179 192 193 194 197 242 260 291 320 354 377 404 440 585 611 696 697 715 717 733 818 819 822 826 862 865 934 994 996 1033 1035 1036 1091 1302 1305 1325 1411 1424 1509 1518 1919 1934 2055 2067 2080 2081 2082 2957 3490 3574 3696 3761 3946 4468 4615 4717 4817 4823 5905 5910 5912 5914 5917 5920 5925 5926 5932 6090 6781 7963 8041,
3169,item_3169,,item_3169,,11 12 13 16 65 84 105 150 447 450 454 474 1383 2152 2158 8314,item 3169 features: 11 12 13 16 65 84 105 150 447 450 454 474 1383 2152 2158 8314,
3172,item_3172,,item_3172,,30 141 157 617 810,item 3172 features: 30 141 157 617 810,
3173,item_3173,,item_3173,,0 69 143 157 314 938 4588 6347 7267,item 3173 features: 0 69 143 157 314 938 4588 6347 7267,
3174,item_3174,,item_3174,,0 69 75 141 149 157 314 2637 5786 6346,item 3174 features: 0 69 75 141 149 157 314 2637 5786 6346,
3175,item_3175,,item_3175,,141 143 157 176 197 314 541 938 978 1375 4140 6689 8007,item 3175 features: 141 143 157 176 197 314 541 938 978 1375 4140 6689 8007,
3176,item_3176,,item_3176,,0 1 69 75 140,item 3176 features: 0 1 69 75 140,
3177,item_3177,,item_3177,,69 139 141 143 157 260,item 3177 features: 69 139 141 143 157 260,
3178,item_3178,,item_3178,,30 63 144 157 173 617 810 1675,item 3178 features: 30 63 144 157 173 617 810 1675,
3180,item_3180,,item_3180,,11 12 13 16 19 43 96 154 367 592,item 3180 features: 11 12 13 16 19 43 96 154 367 592,
3182,item_3182,,item_3182,,77 112 162 271 424,item 3182 features: 77 112 162 271 424,
3183,item_3183,,item_3183,,23 74 109 262 291 605 2101 5740 5747 6688 6692 7142 7146,item 3183 features: 23 74 109 262 291 605 2101 5740 5747 6688 6692 7142 7146,
3184,item_3184,,item_3184,,12 14 23 25 75 142 3019 3395 5576,item 3184 features: 12 14 23 25 75 142 3019 3395 5576,
3185,item_3185,,item_3185,,43 69 74 75 77 80 112 193 235 247 303 325 327 604 691 703 2083 3361 4203 7709,item 3185 features: 43 69 74 75 77 80 112 193 235 247 303 325 327 604 691 703 2083 3361 4203 7709,
3187,item_3187,,item_3187,,79 212 1050 1203 1346 3554 3555 5133 5859 5866,item 3187 features: 79 212 1050 1203 1346 3554 3555 5133 5859 5866,
3190,item_3190,,item_3190,,75 148 247 606 717 1650 3214 7155 7156 7157 7158 7178,item 3190 features: 75 148 247 606 717 1650 3214 7155 7156 7157 7158 7178,
3192,item_3192,,item_3192,,22 69 77 80 251 299 342 3044 7213 7936 7938,item 3192 features: 22 69 77 80 251 299 342 3044 7213 7936 7938,
3193,item_3193,,item_3193,,14 16 22 70 150 169 260 379 404 602 975 4281 4329 4346 4347 6146,item 3193 features: 14 16 22 70 150 169 260 379 404 602 975 4281 4329 4346 4347 6146,
3195,item_3195,,item_3195,,135 260 975,item 3195 features: 135 260 975,
3202,item_3202,,item_3202,,12 16 30 66 96,item 3202 features: 12 16 30 66 96,
3204,item_3204,,item_3204,,16 30 63 77 109 129 235 592 6410,item 3204 features: 16 30 63 77 109 129 235 592 6410,
3208,item_3208,,item_3208,,11 16 367 396 492,item 3208 features: 11 16 367 396 492,
3209,item_3209,,item_3209,,22 69 74 492,item 3209 features: 22 69 74 492,
3214,item_3214,,item_3214,,16 22 69 77 251 404 602 975 1324 4121 4122 4284 4285 6634,item 3214 features: 16 22 69 77 251 404 602 975 1324 4121 4122 4284 4285 6634,
3215,item_3215,,item_3215,,69 74 75 77 135 139 146 978 5291 5385,item 3215 features: 69 74 75 77 135 139 146 978 5291 5385,
3217,item_3217,,item_3217,,68 69 74 75 495 1052 1323 6690 8344,item 3217 features: 68 69 74 75 495 1052 1323 6690 8344,
3218,item_3218,,item_3218,,22 69 101 408 492,item 3218 features: 22 69 101 408 492,
3220,item_3220,,item_3220,,973 974 976 1084,item 3220 features: 973 974 976 1084,
3221,item_3221,,item_3221,,27 157 314,item 3221 features: 27 157 314,
3223,item_3223,,item_3223,,11 12 13 16 29 30 44 61 77 83 150 193 327 355 703 1161 1164 1424 2722 2725 4092 4374 4566 6694,item 3223 features: 11 12 13 16 29 30 44 61 77 83 150 193 327 355 703 1161 1164 1424 2722 2725 4092 4374 4566 6694,
3225,item_3225,,item_3225,,30 63 83 689 2794 5611,item 3225 features: 30 63 83 689 2794 5611,
3226,item_3226,,item_3226,,16 30,item 3226 features: 16 30,
3227,item_3227,,item_3227,,29 30 63 75 871 872 7287,item 3227 features: 29 30 63 75 871 872 7287,
3229,item_3229,,item_3229,,11 12 13 16 19 24 30 77 84 86 112 115 150 176 196 263 283 409 541 1140 1375 1424 1441 1442 1443 1444 3519 5037 6405 7823,item 3229 features: 11 12 13 16 19 24 30 77 84 86 112 115 150 176 196 263 283 409 541 1140 1375 1424 1441 1442 1443 1444 3519 5037 6405 7823,
3230,item_3230,,item_3230,,16 22 36 96 97 112 133 169 191 195 258 285 293 407 519 606 1005 1324 1345 3137 3480 3770 5543 6627 7211 7212 7557,item 3230 features: 16 22 36 96 97 112 133 169 191 195 258 285 293 407 519 606 1005 1324 1345 3137 3480 3770 5543 6627 7211 7212 7557,
3231,item_3231,,item_3231,,16 36 57 75 82 112 150 263 291 456 2153 2369 2696 2701 7972,item 3231 features: 16 36 57 75 82 112 150 263 291 456 2153 2369 2696 2701 7972,
3232,item_3232,,item_3232,,0 1 68 69 74 75 118 119 140 404 706 1456 1987 2097,item 3232 features: 0 1 68 69 74 75 118 119 140 404 706 1456 1987 2097,
3233,item_3233,,item_3233,,12 69 75 112 147 6969,item 3233 features: 12 69 75 112 147 6969,
3236,item_3236,,item_3236,,77 157 5666,item 3236 features: 77 157 5666,
3237,item_3237,,item_3237,,16 57 82 112 142 150 152 1601 5329 8358,item 3237 features: 16 57 82 112 142 150 152 1601 5329 8358,
3238,item_3238,,item_3238,,16 27 97,item 3238 features: 16 27 97,
3239,item_3239,,item_3239,,99 115 260 286 693 2314 5743,item 3239 features: 99 115 260 286 693 2314 5743,
3243,item_3243,,item_3243,,22 75 77 115 148 260 421 6431 6689 8195 8198 8200,item 3243 features: 22 75 77 115 148 260 421 6431 6689 8195 8198 8200,
3245,item_3245,,item_3245,,11 13 16 19 20 75 79 112 150 193 199 1424 3236,item 3245 features: 11 13 16 19 20 75 79 112 150 193 199 1424 3236,
3246,item_3246,,item_3246,,22 75 77 101 112 147 148 156 179 246 433 1578 3236 4278 8232,item 3246 features: 22 75 77 101 112 147 148 156 179 246 433 1578 3236 4278 8232,
3247,item_3247,,item_3247,,22 46 101 112 176 199 641 2052 2316 3332 3333,item 3247 features: 22 46 101 112 176 199 641 2052 2316 3332 3333,
3248,item_3248,,item_3248,,100 155 179 214 260 574 844 862 1050 1203 1960 3548 3549 5869 6565,item 3248 features: 100 155 179 214 260 574 844 862 1050 1203 1960 3548 3549 5869 6565,
3249,item_3249,,item_3249,,23 68 69 100 147 155 179 260 365 611 696 844 938 2654 3123 3576 4843 4846 4847 5614 8023,item 3249 features: 23 68 69 100 147 155 179 260 365 611 696 844 938 2654 3123 3576 4843 4846 4847 5614 8023,
3250,item_3250,,item_3250,,22 69 74 75 100 101 109 148 340 358 408 690 844 1109 1313 1578 2559 6568 8198,item 3250 features: 22 69 74 75 100 101 109 148 340 358 408 690 844 1109 1313 1578 2559 6568 8198,
3251,item_3251,,item_3251,,14 23 30 46 68 69 74 75 77 80 84 109 115 136 144 145 148 155 169 173 176 179 210 235 242 244 247 251 291 303 309 321 323 365 377 404 421 668 696 717 756 865 950 1140 1239 1424 1578 1601 1775 2128 2624 2654 3153 3561 3823 3964 4136 4817 4820 4823 5963 6656 7126,item 3251 features: 14 23 30 46 68 69 74 75 77 80 84 109 115 136 144 145 148 155 169 173 176 179 210 235 242 244 247 251 291 303 309 321 323 365 377 404 421 668 696 717 756 865 950 1140 1239 1424 1578 1601 1775 2128 2624 2654 3153 3561 3823 3964 4136 4817 4820 4823 5963 6656 7126,
3252,item_3252,,item_3252,,46 96 97 133 179 258 260 520 568 580 693 2321,item 3252 features: 46 96 97 133 179 258 260 520 568 580 693 2321,
3253,item_3253,,item_3253,,14 22 46 69 74 75 77 80 101 112 135 136 144 145 148 169 173 176 195 197 210 242 303 377 385 399 403 404 598 606 651 658 707 714 717 964 975 1052 1234 1235 1236 1241 1247 1248 1249 1250 1256 1349 3783 3792 3800 5701 5708 6386 6659 7823,item 3253 features: 14 22 46 69 74 75 77 80 101 112 135 136 144 145 148 169 173 176 195 197 210 242 303 377 385 399 403 404 598 606 651 658 707 714 717 964 975 1052 1234 1235 1236 1241 1247 1248 1249 1250 1256 1349 3783 3792 3800 5701 5708 6386 6659 7823,
3254,item_3254,,item_3254,,69 155 358 690 973 974 976 1967 2559 5437,item 3254 features: 69 155 358 690 973 974 976 1967 2559 5437,
3255,item_3255,,item_3255,,0 23 68 69 75 100 109 144 155 192 199 291 299 320 365 419 422 611 697 844 911 942 955 1044 1302 1424 1668 1919 2829 2846 2847 3044 3576 3945 4065 4458 4817 4823 5551 5810 6026 6038 6443 6444 6754 6800 8041 8048,item 3255 features: 0 23 68 69 75 100 109 144 155 192 199 291 299 320 365 419 422 611 697 844 911 942 955 1044 1302 1424 1668 1919 2829 2846 2847 3044 3576 3945 4065 4458 4817 4823 5551 5810 6026 6038 6443 6444 6754 6800 8041 8048,
3256,item_3256,,item_3256,,0 1 23 43 53 68 69 72 75 85 87 106 109 148 154 155 164 172 173 179 192 194 197 242 291 309 314 320 377 422 469 499 501 540 613 661 662 663 665 666 679 717 826 862 1095 1158 1302 1424 1510 1524 1525 1668 1820 1852 1875 1919 1987 2160 2173 2174 2287 2453 2601 2654 2822 2827 2906 3138 3139 3218 3293 3574 3576 3943 3966 4222 4260 4468 4789 4790 4899 4955 4957 4965 4968 4970 4972 4973 4976 4977 5553 6025 6799 6800 6951 6953 6954 6961 7140 7279 7890 7988 8016 8040 8042 8043 8044 8045 8046 8047 8048 8049 8284,item 3256 features: 0 1 23 43 53 68 69 72 75 85 87 106 109 148 154 155 164 172 173 179 192 194 197 242 291 309 314 320 377 422 469 499 501 540 613 661 662 663 665 666 679 717 826 862 1095 1158 1302 1424 1510 1524 1525 1668 1820 1852 1875 1919 1987 2160 2173 2174 2287 2453 2601 2654 2822 2827 2906 3138 3139 3218 3293 3574 3576 3943 3966 4222 4260 4468 4789 4790 4899 4955 4957 4965 4968 4970 4972 4973 4976 4977 5553 6025 6799 6800 6951 6953 6954 6961 7140 7279 7890 7988 8016 8040 8042 8043 8044 8045 8046 8047 8048 8049 8284,
3257,item_3257,,item_3257,,74 75 77 101 148 1578,item 3257 features: 74 75 77 101 148 1578,
3258,item_3258,,item_3258,,11 16 22 30 36 46 69 77 101 109 112 115 118 148 163 164 166 167 169 171 172 173 176 191 194 195 197 199 242 247 253 258 262 270 285 291 293 295 303 367 379 390 404 408 419 421 422 439 515 547 600 601 605 606 610 644 666 668 691 706 796 852 895 1005 1006 1023 1046 1071 1107 1137 1143 1263 1313 1324 1348 1462 1495 1680 1681 1894 2031 2032 2033 2034 2035 2036 2037 2038 2039 2040 2041 2042 2043 2044 2045 2046 2047 2048 2049 2050 2051 2052 2343 2795 2834 2969 2994 3137 3359 3664 3666 3667 3668 3718 3763 3776 3777 3778 3779 4315 4324 4564 4895 4896 5521 5522 5524 5583 5740 5741 5742 5744 5750 5754 5756 6432 6611 6626 6951 7032 7354 7637 7942 8016 8018 8217 8355,item 3258 features: 11 16 22 30 36 46 69 77 101 109 112 115 118 148 163 164 166 167 169 171 172 173 176 191 194 195 197 199 242 247 253 258 262 270 285 291 293 295 303 367 379 390 404 408 419 421 422 439 515 547 600 601 605 606 610 644 666 668 691 706 796 852 895 1005 1006 1023 1046 1071 1107 1137 1143 1263 1313 1324 1348 1462 1495 1680 1681 1894 2031 2032 2033 2034 2035 2036 2037 2038 2039 2040 2041 2042 2043 2044 2045 2046 2047 2048 2049 2050 2051 2052 2343 2795 2834 2969 2994 3137 3359 3664 3666 3667 3668 3718 3763 3776 3777 3778 3779 4315 4324 4564 4895 4896 5521 5522 5524 5583 5740 5741 5742 5744 5750 5754 5756 6432 6611 6626 6951 7032 7354 7637 7942 8016 8018 8217 8355,
3259,item_3259,,item_3259,,11 12 16 24 31 36 75 77 80 84 99 109 158 176 192 199 235 244 251 327 592 598 703 717 885 1067 1384 1385 1667 3236 3298 3502 3534 3800 4560 4677 6401 7106 7320 7933 7934,item 3259 features: 11 12 16 24 31 36 75 77 80 84 99 109 158 176 192 199 235 244 251 327 592 598 703 717 885 1067 1384 1385 1667 3236 3298 3502 3534 3800 4560 4677 6401 7106 7320 7933 7934,
3261,item_3261,,item_3261,,69 77 112 115 507 696 1400,item 3261 features: 69 77 112 115 507 696 1400,
3263,item_3263,,item_3263,,100 365 696,item 3263 features: 100 365 696,
3265,item_3265,,item_3265,,135 139 144 145 563 4557,item 3265 features: 135 139 144 145 563 4557,
3266,item_3266,,item_3266,,69 75 80 97 135 144 145 161 179 260 602 765 1424 2097 2854,item 3266 features: 69 75 80 97 135 144 145 161 179 260 602 765 1424 2097 2854,
3268,item_3268,,item_3268,,16 77 263 975 986,item 3268 features: 16 77 263 975 986,
3270,item_3270,,item_3270,,16 96 354 628 1705 1903 7455,item 3270 features: 16 96 354 628 1705 1903 7455,
3271,item_3271,,item_3271,,69 74 75 109 144 145 151 159 260 5422,item 3271 features: 69 74 75 109 144 145 151 159 260 5422,
3272,item_3272,,item_3272,,8 57 460 4404 7582 7584 7585,item 3272 features: 8 57 460 4404 7582 7584 7585,
3273,item_3273,,item_3273,,11 18 79 112 340 358 690 1221 7127,item 3273 features: 11 18 79 112 340 358 690 1221 7127,
3276,item_3276,,item_3276,,133 179 507,item 3276 features: 133 179 507,
3277,item_3277,,item_3277,,12 13 16 18 36 99 115 150 272 421 3573,item 3277 features: 12 13 16 18 36 99 115 150 272 421 3573,
3278,item_3278,,item_3278,,0 5 16 27 57 69 82 152 1601 2439 2696,item 3278 features: 0 5 16 27 57 69 82 152 1601 2439 2696,
3280,item_3280,,item_3280,,0 14 15 16 22 39 57 84 150 262 270 291 295 307 408 1939 8020 8383,item 3280 features: 0 14 15 16 22 39 57 84 150 262 270 291 295 307 408 1939 8020 8383,
3281,item_3281,,item_3281,,23 69 74 75 79 109 144 145 148 151 159 176 247,item 3281 features: 23 69 74 75 79 109 144 145 148 151 159 176 247,
3284,item_3284,,item_3284,,0 1 53 68 69 74 75 101 109 118 136 140 147 148 194 260 614 691 1052 1578 4233 4374 5903 5904 5908,item 3284 features: 0 1 53 68 69 74 75 101 109 118 136 140 147 148 194 260 614 691 1052 1578 4233 4374 5903 5904 5908,
3291,item_3291,,item_3291,,0 68 69 155 320 321 1957,item 3291 features: 0 68 69 155 320 321 1957,
3293,item_3293,,item_3293,,0 4 69 105 240 291 319 617 626 1348 1561 2212 3486 7676,item 3293 features: 0 4 69 105 240 291 319 617 626 1348 1561 2212 3486 7676,
3294,item_3294,,item_3294,,69 74 75 77 5743,item 3294 features: 69 74 75 77 5743,
3298,item_3298,,item_3298,,69 74 75 112 176 285 291 421 692 703 765 1060 1091 1769 2803 2804 2811 2820 7782 7783 8147,item 3298 features: 69 74 75 112 176 285 291 421 692 703 765 1060 1091 1769 2803 2804 2811 2820 7782 7783 8147,
3299,item_3299,,item_3299,,74 75 80 144 235 625 949 1603 4216,item 3299 features: 74 75 80 144 235 625 949 1603 4216,
3300,item_3300,,item_3300,,22 69 74 77 94 101 203 291 293 975 1060 2175 4571 4829 4911 6636 6638 7156,item 3300 features: 22 69 74 77 94 101 203 291 293 975 1060 2175 4571 4829 4911 6636 6638 7156,
3301,item_3301,,item_3301,,14 15 16 17 22 23 27 401 405 510 588 661 1346 2779 3547 3730 4698,item 3301 features: 14 15 16 17 22 23 27 401 405 510 588 661 1346 2779 3547 3730 4698,
3303,item_3303,,item_3303,,0 1 6 46 69 112 140 142 153 176 706 1058 1128 1302 1348 1601 2212 5053 6140 6432 6552,item 3303 features: 0 1 6 46 69 112 140 142 153 176 706 1058 1128 1302 1348 1601 2212 5053 6140 6432 6552,
3304,item_3304,,item_3304,,69 208 260 309 507 574 691 696 717 724 842 2055 3355 7172 7177,item 3304 features: 69 208 260 309 507 574 691 696 717 724 842 2055 3355 7172 7177,
3310,item_3310,,item_3310,,67 96 97 109 147 160 173 179 242 258 291 309 519 1987 2097 2587 2588 2589 2591 2597 4367 7309 7313,item 3310 features: 67 96 97 109 147 160 173 179 242 258 291 309 519 1987 2097 2587 2588 2589 2591 2597 4367 7309 7313,
3311,item_3311,,item_3311,,208 507 696 697 842 1050 2643 2786 3113 3116 3118 4835 4843 4844 5866 7553,item 3311 features: 208 507 696 697 842 1050 2643 2786 3113 3116 3118 4835 4843 4844 5866 7553,
3312,item_3312,,item_3312,,101,item 3312 features: 101,
3314,item_3314,,item_3314,,79 109 112 285 340 358 404 572 690 1180 1221 1232 2975 4373 4927 5650,item 3314 features: 79 109 112 285 340 358 404 572 690 1180 1221 1232 2975 4373 4927 5650,
3315,item_3315,,item_3315,,115 148 507 692 2582,item 3315 features: 115 148 507 692 2582,
3317,item_3317,,item_3317,,69 74 112 2618 5653 8428,item 3317 features: 69 74 112 2618 5653 8428,
3318,item_3318,,item_3318,,69 74 75 291 2618 4501 5653 7140,item 3318 features: 69 74 75 291 2618 4501 5653 7140,
3320,item_3320,,item_3320,,11 69 74 75 323 6694,item 3320 features: 11 69 74 75 323 6694,
3323,item_3323,,item_3323,,80 109 139 303 7708 7968,item 3323 features: 80 109 139 303 7708 7968,
3324,item_3324,,item_3324,,0 4 87 140 157 314 320 502,item 3324 features: 0 4 87 140 157 314 320 502,
3325,item_3325,,item_3325,,97 163 258 260 273 274 275 276 537 635 2191 4009 4017 4018 4019 7710,item 3325 features: 97 163 258 260 273 274 275 276 537 635 2191 4009 4017 4018 4019 7710,
3326,item_3326,,item_3326,,96 97 258 291 377 1705 2315 3299 7696,item 3326 features: 96 97 258 291 377 1705 2315 3299 7696,
3327,item_3327,,item_3327,,16 36 94 96 192 293 592 651 1313 2445 4026 4030 4899,item 3327 features: 16 36 94 96 192 293 592 651 1313 2445 4026 4030 4899,
3329,item_3329,,item_3329,,0 69 75 87 109 140 157 314 358 502 614 1504 7514,item 3329 features: 0 69 75 87 109 140 157 314 358 502 614 1504 7514,
3331,item_3331,,item_3331,,14 23 30 75 110 144 154 235 1384 1603 1650 1656 3731 5146 6875,item 3331 features: 14 23 30 75 110 144 154 235 1384 1603 1650 1656 3731 5146 6875,
3332,item_3332,,item_3332,,12 30 63 71 84 144 235,item 3332 features: 12 30 63 71 84 144 235,
3334,item_3334,,item_3334,,69 154 155 321 354 611 1164 2383 2640 5614 5615 6015 7277,item 3334 features: 69 154 155 321 354 611 1164 2383 2640 5614 5615 6015 7277,
3336,item_3336,,item_3336,,79 96 176 507 1044 4458 5869 7783,item 3336 features: 79 96 176 507 1044 4458 5869 7783,
3340,item_3340,,item_3340,,16 36 70 96 99 109 112 150 173 179 199 242 263 272 330 390 585 598 651 850 964 965 1424 2096 3422 6527 6686,item 3340 features: 16 36 70 96 99 109 112 150 173 179 199 242 263 272 330 390 585 598 651 850 964 965 1424 2096 3422 6527 6686,
3341,item_3341,,item_3341,,16 30 46 77 162 592 756 1352 6120,item 3341 features: 16 30 46 77 162 592 756 1352 6120,
3344,item_3344,,item_3344,,13 44 150 1805 2928 4426,item 3344 features: 13 44 150 1805 2928 4426,
3346,item_3346,,item_3346,,11 12 13 14 16 19 36 44 63 65 69 77 80 83 115 129 150 154 251 260 291 303 325 327 355 691 756 1161 4088 4677 4678 5600 5743 6593,item 3346 features: 11 12 13 14 16 19 36 44 63 65 69 77 80 83 115 129 150 154 251 260 291 303 325 327 355 691 756 1161 4088 4677 4678 5600 5743 6593,
3347,item_3347,,item_3347,,0 314 319,item 3347 features: 0 314 319,
3348,item_3348,,item_3348,,0 16 141 143 157 193 314 634 662 717 2904 7568,item 3348 features: 0 16 141 143 157 193 314 634 662 717 2904 7568,
3350,item_3350,,item_3350,,22 69 75 77 115 139 148 169 197 260 303 404 520 606 691 709 861 5786 6689 6702 7341,item 3350 features: 22 69 75 77 115 139 148 169 197 260 303 404 520 606 691 709 861 5786 6689 6702 7341,
3351,item_3351,,item_3351,,22 69 101 252 260 340 358 408 572 690 1180 1214 2975 6380,item 3351 features: 22 69 101 252 260 340 358 408 572 690 1180 1214 2975 6380,
3352,item_3352,,item_3352,,22 69 74 75 101 115 148 194 260 706 1046 1324 1578 6689 6697 8267,item 3352 features: 22 69 74 75 101 115 148 194 260 706 1046 1324 1578 6689 6697 8267,
3353,item_3353,,item_3353,,22 1325,item 3353 features: 22 1325,
3354,item_3354,,item_3354,,22 36 69 74 75 77 80 101 135 139 144 145 148 169 191 197 242 293 395 404 408 563 577 602 975 1046 1048 1324 1424 1578 2071 2348 2441 4338 5786 6634 6636 6638 6642 6645 6689 6695 8198,item 3354 features: 22 36 69 74 75 77 80 101 135 139 144 145 148 169 191 197 242 293 395 404 408 563 577 602 975 1046 1048 1324 1424 1578 2071 2348 2441 4338 5786 6634 6636 6638 6642 6645 6689 6695 8198,
3355,item_3355,,item_3355,,0 12 30 56 72 75 192 320 321 354 1417 1418 1598 3504 8148 8149 8150,item 3355 features: 0 12 30 56 72 75 192 320 321 354 1417 1418 1598 3504 8148 8149 8150,
3356,item_3356,,item_3356,,69 101 109 135 139 242 260 975 1048 1955,item 3356 features: 69 101 109 135 139 242 260 975 1048 1955,
3358,item_3358,,item_3358,,22 69 74 75 77 79 80 105 109 115 148 158 247 260 323 696 1424 3231 3298 3420 4562,item 3358 features: 22 69 74 75 77 79 80 105 109 115 148 158 247 260 323 696 1424 3231 3298 3420 4562,
3359,item_3359,,item_3359,,14 75 80 4338,item 3359 features: 14 75 80 4338,
3360,item_3360,,item_3360,,69 74,item 3360 features: 69 74,
3364,item_3364,,item_3364,,147 154 421 422 2681,item 3364 features: 147 154 421 422 2681,
3366,item_3366,,item_3366,,77 80 235 885 5836,item 3366 features: 77 80 235 885 5836,
3368,item_3368,,item_3368,,69 77 83 154 1603,item 3368 features: 69 77 83 154 1603,
3370,item_3370,,item_3370,,36 86 112 164 456 498 1045 1449 1464 4721,item 3370 features: 36 86 112 164 456 498 1045 1449 1464 4721,
3372,item_3372,,item_3372,,16 36 77 80 251 3026,item 3372 features: 16 36 77 80 251 3026,
3373,item_3373,,item_3373,,69 74 291 4121,item 3373 features: 69 74 291 4121,
3374,item_3374,,item_3374,,22 23 176 404 492 574 977 2029 6901 6902,item 3374 features: 22 23 176 404 492 574 977 2029 6901 6902,
3376,item_3376,,item_3376,,100 574 602 696 842 844 1050 1960 3549 5866,item 3376 features: 100 574 602 696 842 844 1050 1960 3549 5866,
3387,item_3387,,item_3387,,16 36 69 74 77 150 162 165 303 721 769 774 776 3026 4677 4678 4998 7317 7318,item 3387 features: 16 36 69 74 77 150 162 165 303 721 769 774 776 3026 4677 4678 4998 7317 7318,
3388,item_3388,,item_3388,,27 69 75 144 145 147 173 260 455 965 1365 6485,item 3388 features: 27 69 75 144 145 147 173 260 455 965 1365 6485,
3389,item_3389,,item_3389,,77 115 489 6429,item 3389 features: 77 115 489 6429,
3390,item_3390,,item_3390,,75 112 115 197 487,item 3390 features: 75 112 115 197 487,
3391,item_3391,,item_3391,,145 214 220 221 222 223 1276 1600 5090,item 3391 features: 145 214 220 221 222 223 1276 1600 5090,
3392,item_3392,,item_3392,,112 696,item 3392 features: 112 696,
3395,item_3395,,item_3395,,69 71 84 155 206 208 210 211 231 1117 4203 5688,item 3395 features: 69 71 84 155 206 208 210 211 231 1117 4203 5688,
3396,item_3396,,item_3396,,79 112 507,item 3396 features: 79 112 507,
3397,item_3397,,item_3397,,16 70 291 8147,item 3397 features: 16 70 291 8147,
3399,item_3399,,item_3399,,14 16 36 44 70 99 150 173 196 263 330 6397 6399 6406 6413 6414 6417 6418 6693 7967,item 3399 features: 14 16 36 44 70 99 150 173 196 263 330 6397 6399 6406 6413 6414 6417 6418 6693 7967,
3401,item_3401,,item_3401,,12 16 30 44 57 65 82 150 263 456 862 1919 2696 2772 3153,item 3401 features: 12 16 30 44 57 65 82 150 263 456 862 1919 2696 2772 3153,
3404,item_3404,,item_3404,,147 154 422 437 1009 2681 5136 5576 5577 5578,item 3404 features: 147 154 422 437 1009 2681 5136 5576 5577 5578,
3406,item_3406,,item_3406,,106 144 241 321 611 949 1660 1662 2368 4204 4212 4217 4218,item 3406 features: 106 144 241 321 611 949 1660 1662 2368 4204 4212 4217 4218,
3408,item_3408,,item_3408,,11 69 77 115 148 156 176 192 242 244 247 396 541 585 606 666 668 670 691 706 717 1539 1581 1894 2055 3236 3790 3791 3793 3794 3796 3798 3799 3803 3805 3807 4587 7154,item 3408 features: 11 69 77 115 148 156 176 192 242 244 247 396 541 585 606 666 668 670 691 706 717 1539 1581 1894 2055 3236 3790 3791 3793 3794 3796 3798 3799 3803 3805 3807 4587 7154,
3409,item_3409,,item_3409,,69 75 77 80 109 158 242 323 662 1047 2401 2804 2809 4571 5022 5030 6636 6695 7118 7368,item 3409 features: 69 75 77 80 109 158 242 323 662 1047 2401 2804 2809 4571 5022 5030 6636 6695 7118 7368,
3410,item_3410,,item_3410,,69 77 80 158,item 3410 features: 69 77 80 158,
3411,item_3411,,item_3411,,69 74 75 77 80 158 242 251 260 323 2071 4025 4594 5625 5865 6685,item 3411 features: 69 74 75 77 80 158 242 251 260 323 2071 4025 4594 5625 5865 6685,
3412,item_3412,,item_3412,,77 1164 6690,item 3412 features: 77 1164 6690,
3413,item_3413,,item_3413,,11 22 69 77 80 81 115 148 158 169 170 191 199 212 247 251 260 404 421 606 691 706 717 1047 1143 2500 4121 6696,item 3413 features: 11 22 69 77 80 81 115 148 158 169 170 191 199 212 247 251 260 404 421 606 691 706 717 1047 1143 2500 4121 6696,
3414,item_3414,,item_3414,,14 23 30 69 71 74 75 77 80 84 109 115 136 173 192 197 210 235 251 323 377 651 693 885 999 1578 1581 1603 2170 2624 3236 3783 4136 4587 5647 6113 6114 6115 6116 6119 6124 6685 6691 6877 6889 7968 8269,item 3414 features: 14 23 30 69 71 74 75 77 80 84 109 115 136 173 192 197 210 235 251 323 377 651 693 885 999 1578 1581 1603 2170 2624 3236 3783 4136 4587 5647 6113 6114 6115 6116 6119 6124 6685 6691 6877 6889 7968 8269,
3415,item_3415,,item_3415,,22 23 68 69 75 77 100 135 144 145 147 155 169 179 210 235 260 309 328 377 435 611 717 844 1500 1601 1603 1650 1660 1664 2055 2846 2847 3134 3175 4571 4791 4911 5617 5622 5865 7156 7162,item 3415 features: 22 23 68 69 75 77 100 135 144 145 147 155 169 179 210 235 260 309 328 377 435 611 717 844 1500 1601 1603 1650 1660 1664 2055 2846 2847 3134 3175 4571 4791 4911 5617 5622 5865 7156 7162,
3416,item_3416,,item_3416,,69 74 75 77 80 84 105 115 148 158 176 197 242 251 260 323 404 606 4134 6190 6429 6685,item 3416 features: 69 74 75 77 80 84 105 115 148 158 176 197 242 251 260 323 404 606 4134 6190 6429 6685,
3420,item_3420,,item_3420,,23 27 28 291 417 733 736 739 745,item 3420 features: 23 27 28 291 417 733 736 739 745,
3422,item_3422,,item_3422,,22 69 75 77 112 115 148 247 251 487 596 1607 1692 5880,item 3422 features: 22 69 75 77 112 115 148 247 251 487 596 1607 1692 5880,
3424,item_3424,,item_3424,,22 36 46 112 133 169 179 180 181 182 183 184 185 186 242 379 404 606 613 1217 1237 1240 1242 1245 2370 3191,item 3424 features: 22 36 46 112 133 169 179 180 181 182 183 184 185 186 242 379 404 606 613 1217 1237 1240 1242 1245 2370 3191,
3426,item_3426,,item_3426,,133 260 4121 4122,item 3426 features: 133 260 4121 4122,
3428,item_3428,,item_3428,,12 56 57 460 2626,item 3428 features: 12 56 57 460 2626,
3431,item_3431,,item_3431,,14 15 16 17 22 23 70 150 263 404 735 741 747 748 1049 2079 3957 4818 4821 4826 4830 5093 5099,item 3431 features: 14 15 16 17 22 23 70 150 263 404 735 741 747 748 1049 2079 3957 4818 4821 4826 4830 5093 5099,
3432,item_3432,,item_3432,,11 22 36 46 69 75 77 80 101 109 112 115 124 147 148 169 170 173 197 242 247 251 285 332 404 697 698 862 1047 1049 1238 1334 2055 2500 3236 4316 5519 5520 5524 5535 5752,item 3432 features: 11 22 36 46 69 75 77 80 101 109 112 115 124 147 148 169 170 173 197 242 247 251 285 332 404 697 698 862 1047 1049 1238 1334 2055 2500 3236 4316 5519 5520 5524 5535 5752,
3434,item_3434,,item_3434,,27 75 77 80,item 3434 features: 27 75 77 80,
3435,item_3435,,item_3435,,79 81 507 1902 4379,item 3435 features: 79 81 507 1902 4379,
3436,item_3436,,item_3436,,46 75 96 97 112 133 147 176 191 194 199 285 303 310 408 507 519 520 568 580 691 693 706 717 830 2055 2318 2319 2320 2322 2323 2326 5544 5788 5826 6429 7599,item 3436 features: 46 75 96 97 112 133 147 176 191 194 199 285 303 310 408 507 519 520 568 580 691 693 706 717 830 2055 2318 2319 2320 2322 2323 2326 5544 5788 5826 6429 7599,
3437,item_3437,,item_3437,,22 46 112 115 309 340 358 408 409 572 690 1140 1221 2975 4364 6309 6310 6445,item 3437 features: 22 46 112 115 309 340 358 408 409 572 690 1140 1221 2975 4364 6309 6310 6445,
3438,item_3438,,item_3438,,112 133 158 199 507 691 1312 7014,item 3438 features: 112 133 158 199 507 691 1312 7014,
3439,item_3439,,item_3439,,88 96 97 107 147 160 191 242 244 258 291 303 309 422 441 519 662 811 1424 1586 1775 1987 2032 2367 2584 2585 2586 2587 2588 2589 2590 2591 2592 2593 2595 2597 2598 2599 2601 2603 2604 2607 2608 2609 3516 3840 3841 3842 3843 3845 3846 3851 3854 3859 3861 3863 3866 3867 3869 3870 4367 4946 7013 7014 7822 7954 7998,item 3439 features: 88 96 97 107 147 160 191 242 244 258 291 303 309 422 441 519 662 811 1424 1586 1775 1987 2032 2367 2584 2585 2586 2587 2588 2589 2590 2591 2592 2593 2595 2597 2598 2599 2601 2603 2604 2607 2608 2609 3516 3840 3841 3842 3843 3845 3846 3851 3854 3859 3861 3863 3866 3867 3869 3870 4367 4946 7013 7014 7822 7954 7998,
3440,item_3440,,item_3440,,13 46 74 75 79 96 112 115 133 179 197 199 309 407 507 520 585 691 693 1312 2316 2319 3840 3844 3871 3872 3873 7599 7605,item 3440 features: 13 46 74 75 79 96 112 115 133 179 197 199 309 407 507 520 585 691 693 1312 2316 2319 3840 3844 3871 3872 3873 7599 7605,
3441,item_3441,,item_3441,,11 22 23 36 46 75 109 112 115 139 147 164 171 173 176 179 192 194 197 272 285 291 303 309 342 395 404 407 408 416 421 422 437 447 495 507 521 540 577 578 580 592 604 691 706 714 829 852 863 867 1046 1049 1107 1109 1120 1398 1450 2061 2106 2323 2324 2326 2327 2328 2453 3001 3146 3176 3177 3178 3179 3180 3181 3216 3315 3569 4078 4079 5740 5747 5749 5752 5868 8015 8016 8019,item 3441 features: 11 22 23 36 46 75 109 112 115 139 147 164 171 173 176 179 192 194 197 272 285 291 303 309 342 395 404 407 408 416 421 422 437 447 495 507 521 540 577 578 580 592 604 691 706 714 829 852 863 867 1046 1049 1107 1109 1120 1398 1450 2061 2106 2323 2324 2326 2327 2328 2453 3001 3146 3176 3177 3178 3179 3180 3181 3216 3315 3569 4078 4079 5740 5747 5749 5752 5868 8015 8016 8019,
3443,item_3443,,item_3443,,133 291 310 520 1775,item 3443 features: 133 291 310 520 1775,
3444,item_3444,,item_3444,,22 23 69 155 176 194 291 691 702 818 863 1046 1048 1107 2453 4675 5882,item 3444 features: 22 23 69 155 176 194 291 691 702 818 863 1046 1048 1107 2453 4675 5882,
3445,item_3445,,item_3445,,12 30 72 141 143 314,item 3445 features: 12 30 72 141 143 314,
3446,item_3446,,item_3446,,4 30 157 173 314 315 617 810,item 3446 features: 4 30 157 173 314 315 617 810,
3447,item_3447,,item_3447,,141 143 179 314,item 3447 features: 141 143 179 314,
3450,item_3450,,item_3450,,22 26 27 142 153 448 452 459 461 1325,item 3450 features: 22 26 27 142 153 448 452 459 461 1325,
3451,item_3451,,item_3451,,69 74 75 101 109 115 158 173 260 521 585 7292,item 3451 features: 69 74 75 101 109 115 158 173 260 521 585 7292,
3452,item_3452,,item_3452,,46 69 74 75 77 109 112 144 145 173 179 379 844 1601 1603 4234,item 3452 features: 46 69 74 75 77 109 112 144 145 173 179 379 844 1601 1603 4234,
3455,item_3455,,item_3455,,1 11 53 68 69 74 75 77 91 100 101 109 136 144 145 147 148 150 169 173 179 197 242 260 291 303 309 404 408 634 691 717 862 918 950 1052 1099 1100 1107 1221 1272 1456 1498 2055 2083 2213 3060 3223 3527 3576 3577 4911 5434 5617 5750 5861 6181 6685 6940 7140 7180 7936 7937 8023,item 3455 features: 1 11 53 68 69 74 75 77 91 100 101 109 136 144 145 147 148 150 169 173 179 197 242 260 291 303 309 404 408 634 691 717 862 918 950 1052 1099 1100 1107 1221 1272 1456 1498 2055 2083 2213 3060 3223 3527 3576 3577 4911 5434 5617 5750 5861 6181 6685 6940 7140 7180 7936 7937 8023,
3456,item_3456,,item_3456,,148 154 169 262 784 847 2359 8025,item 3456 features: 148 154 169 262 784 847 2359 8025,
3457,item_3457,,item_3457,,16 22 36 112 162 263 272 1237 1775 1795 1799 2007 2208 2450 2937 3502 3654 5025 5027 5121 6238 6686 6687 6700,item 3457 features: 16 22 36 112 162 263 272 1237 1775 1795 1799 2007 2208 2450 2937 3502 3654 5025 5027 5121 6238 6686 6687 6700,
3458,item_3458,,item_3458,,11 12 13 16 19 30 36 75 77 94 109 112 115 147 150 242 247 286 404 689 691 717 1484 2803 4834 4928 6687 6690 8152 8153,item 3458 features: 11 12 13 16 19 30 36 75 77 94 109 112 115 147 150 242 247 286 404 689 691 717 1484 2803 4834 4928 6687 6690 8152 8153,
3459,item_3459,,item_3459,,22 79 94 147 172 179 191 212 260 447 574 696 770 783 785 864 867 1049 1050 1966 2175 2360 3045 4835 5688 5866 5868 6692,item 3459 features: 22 79 94 147 172 179 191 212 260 447 574 696 770 783 785 864 867 1049 1050 1966 2175 2360 3045 4835 5688 5866 5868 6692,
3460,item_3460,,item_3460,,22 23 34 36 79 81 133 154 166 179 507 574 602 611 842 1175 1176 1177 1178 1179 1394 3415 3557,item 3460 features: 22 23 34 36 79 81 133 154 166 179 507 574 602 611 842 1175 1176 1177 1178 1179 1394 3415 3557,
3461,item_3461,,item_3461,,179 251 2456 5403 5540 5786 7157 7162 7714 7897 7898,item 3461 features: 179 251 2456 5403 5540 5786 7157 7162 7714 7897 7898,
3462,item_3462,,item_3462,,14 22 23 30 36 46 69 74 75 77 107 109 112 144 155 164 166 169 179 226 235 265 291 327 377 574 575 611 716 717 766 772 780 836 862 1176 1203 1352 1448 1660 1664 2244 3415 3546 3673 4121 4122 4234 4621 4824 5519 5520 5876 6692 7869 7902 8147,item 3462 features: 14 22 23 30 36 46 69 74 75 77 107 109 112 144 155 164 166 169 179 226 235 265 291 327 377 574 575 611 716 717 766 772 780 836 862 1176 1203 1352 1448 1660 1664 2244 3415 3546 3673 4121 4122 4234 4621 4824 5519 5520 5876 6692 7869 7902 8147,
3465,item_3465,,item_3465,,46 112 120 121 128 150 268 433 1022 1961 5801 6351,item 3465 features: 46 112 120 121 128 150 268 433 1022 1961 5801 6351,
3466,item_3466,,item_3466,,96 97 133 258 286 303 310 507 604 1324 2315 2328 3502 4393 5788 6429,item 3466 features: 96 97 133 258 286 303 310 507 604 1324 2315 2328 3502 4393 5788 6429,
3467,item_3467,,item_3467,,77 80 1049,item 3467 features: 77 80 1049,
3468,item_3468,,item_3468,,12 30 57 63 460 1604 2692,item 3468 features: 12 30 57 63 460 1604 2692,
3469,item_3469,,item_3469,,22 46 94 112 121 268 285 293 408 433 602 627 1022 1324 1961 2006 3409 5801 6351 7884 7886,item 3469 features: 22 46 94 112 121 268 285 293 408 433 602 627 1022 1324 1961 2006 3409 5801 6351 7884 7886,
3470,item_3470,,item_3470,,22 112 121 192 268 291 303 433 585 602 651 964 1022 1324 1961 2001 2006 2016 3409 5801 6351 7882 7884,item 3470 features: 22 112 121 192 268 291 303 433 585 602 651 964 1022 1324 1961 2001 2006 2016 3409 5801 6351 7882 7884,
3471,item_3471,,item_3471,,29 30 63 79 154 437 1009 1600 1605 1627 1905 4225 4643 5576 6416,item 3471 features: 29 30 63 79 154 437 1009 1600 1605 1627 1905 4225 4643 5576 6416,
3473,item_3473,,item_3473,,11 12 13 16 30 43 44 56 150 263 367 396 691 4405 4426 5139 6882,item 3473 features: 11 12 13 16 30 43 44 56 150 263 367 396 691 4405 4426 5139 6882,
3474,item_3474,,item_3474,,30 44 150 2274 5972 5973,item 3474 features: 30 44 150 2274 5972 5973,
3475,item_3475,,item_3475,,11 12 13 16 18 19 30 36 44 79 83 84 115 150 154 303 367 372 396 456 693 1161 2274 3378 4372 4426 4427 5972 7124 7696,item 3475 features: 11 12 13 16 18 19 30 36 44 79 83 84 115 150 154 303 367 372 396 456 693 1161 2274 3378 4372 4426 4427 5972 7124 7696,
3476,item_3476,,item_3476,,12 13 16 19 29 30 43 44 63 150 154 158 2263 3378 4426 5974 7106 7126,item 3476 features: 12 13 16 19 29 30 43 44 63 150 154 158 2263 3378 4426 5974 7106 7126,
3477,item_3477,,item_3477,,12 16 31 44 150 456 5415,item 3477 features: 12 16 31 44 150 456 5415,
3478,item_3478,,item_3478,,13 16 30 44 66 150 4372 4426 6876,item 3478 features: 13 16 30 44 66 150 4372 4426 6876,
3479,item_3479,,item_3479,,12 13 16 30 31 44 96 150 196 263 5136 5137 5156 5157 5160,item 3479 features: 12 13 16 30 31 44 96 150 196 263 5136 5137 5156 5157 5160,
3480,item_3480,,item_3480,,11 12 13 16 24 30 44 91 150 154 179 263 447 460 691 693 866 895 1140 1786 1804 3566 5576 5577 8033,item 3480 features: 11 12 13 16 24 30 44 91 150 154 179 263 447 460 691 693 866 895 1140 1786 1804 3566 5576 5577 8033,
3481,item_3481,,item_3481,,16 44 157 508 980 983 988 1370,item 3481 features: 16 44 157 508 980 983 988 1370,
3483,item_3483,,item_3483,,88 96 97 179 191 258 309 422 581 606 1400 1705 2170 2367 2587 2588 2591 2593 2595 2598 2601 2606 2607 2609 4508 7822 8264,item 3483 features: 88 96 97 179 191 258 309 422 581 606 1400 1705 2170 2367 2587 2588 2591 2593 2595 2598 2601 2606 2607 2609 4508 7822 8264,
3484,item_3484,,item_3484,,23 96 97 133 179 189 258 568 853 2097 2317 2318 2319 2320 2321 2324 2325 2329 2586 2591 7163,item 3484 features: 23 96 97 133 179 189 258 568 853 2097 2317 2318 2319 2320 2321 2324 2325 2329 2586 2591 7163,
3487,item_3487,,item_3487,,121 433 946,item 3487 features: 121 433 946,
3489,item_3489,,item_3489,,112 115 148 247 342 489,item 3489 features: 112 115 148 247 342 489,
3492,item_3492,,item_3492,,22 69 75 77 115 247 251,item 3492 features: 22 69 75 77 115 247 251,
3503,item_3503,,item_3503,,22 23 36 133 2007 2229,item 3503 features: 22 23 36 133 2007 2229,
3504,item_3504,,item_3504,,14 30 235 766 767 771 774 776 777 3381 6403,item 3504 features: 14 30 235 766 767 771 774 776 777 3381 6403,
3506,item_3506,,item_3506,,11 22 69 75 77 79 101 105 115 147 148 154 158 194 260 323 404 408 447 507 581 691 696 717 865 867 940 1048 1425 5874 6689 7021,item 3506 features: 11 22 69 75 77 79 101 105 115 147 148 154 158 194 260 323 404 408 447 507 581 691 696 717 865 867 940 1048 1425 5874 6689 7021,
3509,item_3509,,item_3509,,22 77 101 112 340 358 690 1025 1109 1127 1468 3423 3427 3428 4339 5206,item 3509 features: 22 77 101 112 340 358 690 1025 1109 1127 1468 3423 3427 3428 4339 5206,
3510,item_3510,,item_3510,,0 16 24 30 53 68 69 74 75 85 142 144 147 154 176 192 197 199 242 260 309 320 346 437 662 666 667 668 669 670 672 675 680 695 703 862 1348 2071 2115 2176 2722 4722 5221 5223 5617 5625 8201 8434,item 3510 features: 0 16 24 30 53 68 69 74 75 85 142 144 147 154 176 192 197 199 242 260 309 320 346 437 662 666 667 668 669 670 672 675 680 695 703 862 1348 2071 2115 2176 2722 4722 5221 5223 5617 5625 8201 8434,
3511,item_3511,,item_3511,,11 12 21 25 37 43 437 692 719 788 1157 2803 3287,item 3511 features: 11 12 21 25 37 43 437 692 719 788 1157 2803 3287,
3512,item_3512,,item_3512,,0 17 23 36 68 69 109 155 173 192 260 291 320 343 354 611 666 717 780 826 1520 1919 2055 2062 2066 2068 2069 2070 2083 2084 2085 2086 2087 2088 2637 2696 2708 3169 3574 4075 4461 4463 4465 4957 4963 4965 6090 6505 7990 7991 7992 7993,item 3512 features: 0 17 23 36 68 69 109 155 173 192 260 291 320 343 354 611 666 717 780 826 1520 1919 2055 2062 2066 2068 2069 2070 2083 2084 2085 2086 2087 2088 2637 2696 2708 3169 3574 4075 4461 4463 4465 4957 4963 4965 6090 6505 7990 7991 7992 7993,
3513,item_3513,,item_3513,,23 69 358 690 4933,item 3513 features: 23 69 358 690 4933,
3514,item_3514,,item_3514,,11 12 16 27 36 86 99 109 150 169 263 277 291 453 456 717 1045 1051 1313 1462 1725 3404 3405 4374 6431 6780 7352,item 3514 features: 11 12 16 27 36 86 99 109 150 169 263 277 291 453 456 717 1045 1051 1313 1462 1725 3404 3405 4374 6431 6780 7352,
3515,item_3515,,item_3515,,79 154 247 253 262 6551,item 3515 features: 79 154 247 253 262 6551,
3516,item_3516,,item_3516,,69 74 75 144 145 214 291 2055,item 3516 features: 69 74 75 144 145 214 291 2055,
3517,item_3517,,item_3517,,291 421 2622 4093 5090,item 3517 features: 291 421 2622 4093 5090,
3518,item_3518,,item_3518,,23 69 74 75 101 105 109 115 147 148 155 158 176 192 194 197 265 291 343 365 399 611 696 697 706 710 717 830 862 863 865 955 1046 1325 1578 1769 1984 2055 3113 3114 3116 3131 3495 3964 4843 5265 5529 5861 5862 5863 6692 7277 7412 8146 8147 8360,item 3518 features: 23 69 74 75 101 105 109 115 147 148 155 158 176 192 194 197 265 291 343 365 399 611 696 697 706 710 717 830 862 863 865 955 1046 1325 1578 1769 1984 2055 3113 3114 3116 3131 3495 3964 4843 5265 5529 5861 5862 5863 6692 7277 7412 8146 8147 8360,
3519,item_3519,,item_3519,,70 75 77 115 251 332 756 1352 1939 3692 3825 4571 4677 7157 7158 7159 7160 7179,item 3519 features: 70 75 77 115 251 332 756 1352 1939 3692 3825 4571 4677 7157 7158 7159 7160 7179,
3520,item_3520,,item_3520,,69 75 77 109 115 247 251 260 409 421 630 706 1375 1441 1698 1962 1963 3143 6999 7126 7870,item 3520 features: 69 75 77 109 115 247 251 260 409 421 630 706 1375 1441 1698 1962 1963 3143 6999 7126 7870,
3521,item_3521,,item_3521,,22 23 69 100 115 155 179 189 194 208 407 574 579 717 818 844 863 1046 1050 1462 1959 2635 3544 3545 4756 5689 5691 5693 6015 6299,item 3521 features: 22 23 69 100 115 155 179 189 194 208 407 574 579 717 818 844 863 1046 1050 1462 1959 2635 3544 3545 4756 5689 5691 5693 6015 6299,
3522,item_3522,,item_3522,,16 22 75 77 121 327 433 1961 5137 7107,item 3522 features: 16 22 75 77 121 327 433 1961 5137 7107,
3523,item_3523,,item_3523,,75 77 148 190 397 1060 1090 2742 3825 3828 4125 4571 4677 4678,item 3523 features: 75 77 148 190 397 1060 1090 2742 3825 3828 4125 4571 4677 4678,
3524,item_3524,,item_3524,,22 69 75 77 80 109 158 251 323 602 606 1352 4944 7039 7042,item 3524 features: 22 69 75 77 80 109 158 251 323 602 606 1352 4944 7039 7042,
3526,item_3526,,item_3526,,147 154 192 7875,item 3526 features: 147 154 192 7875,
3527,item_3527,,item_3527,,22 53 68 69 74 75 101 136 144 147 148 173 179 242 260 291 404 408 505 521 585 1048 1052 1324 1568 1578 4789 5666 6940 8147 8358,item 3527 features: 22 53 68 69 74 75 101 136 144 147 148 173 179 242 260 291 404 408 505 521 585 1048 1052 1324 1568 1578 4789 5666 6940 8147 8358,
3528,item_3528,,item_3528,,2 69 112 142 153 461 2634 2803,item 3528 features: 2 69 112 142 153 461 2634 2803,
3529,item_3529,,item_3529,,16 22 36 75 77 101 134 135 144 150 163 191 199 260 263 285 293 521 602 945 975 2206 2207 2208 2209 2210 2211 2212 4291 4302 5744 6634 6635 6636 6637 6688 6695 8232,item 3529 features: 16 22 36 75 77 101 134 135 144 150 163 191 199 260 263 285 293 521 602 945 975 2206 2207 2208 2209 2210 2211 2212 4291 4302 5744 6634 6635 6636 6637 6688 6695 8232,
3530,item_3530,,item_3530,,69 75 109 153 235 284 328 1674 2633 8432,item 3530 features: 69 75 109 153 235 284 328 1674 2633 8432,
3531,item_3531,,item_3531,,30 154 2618 3466 4501 4646,item 3531 features: 30 154 2618 3466 4501 4646,
3532,item_3532,,item_3532,,22 36 96 133 163 199 260 272 333 606 698 3638 4122 6431 6626,item 3532 features: 22 36 96 133 163 199 260 272 333 606 698 3638 4122 6431 6626,
3533,item_3533,,item_3533,,1 68 69 74 75 147 173 176 242 844 2453 3799 5352 8373,item 3533 features: 1 68 69 74 75 147 173 176 242 844 2453 3799 5352 8373,
3534,item_3534,,item_3534,,16 22 36 96 105 115 133 158 173 194 199 258 260 303 367 405 407 421 507 519 520 585 693 853 2314 2315 2316 2320 2322 2325 2328 2772 4122 5544 5788 6514 7292,item 3534 features: 16 22 36 96 105 115 133 158 173 194 199 258 260 303 367 405 407 421 507 519 520 585 693 853 2314 2315 2316 2320 2322 2325 2328 2772 4122 5544 5788 6514 7292,
3535,item_3535,,item_3535,,0 5 26 27 57 1325 8362,item 3535 features: 0 5 26 27 57 1325 8362,
3536,item_3536,,item_3536,,22 67 69 75 88 96 97 109 112 115 133 147 160 163 169 172 173 176 179 191 197 199 241 242 258 260 285 291 303 309 358 377 403 404 407 422 444 519 520 606 650 651 653 654 658 683 706 796 831 851 856 867 1059 1060 1079 1090 1109 1302 1424 1462 1741 1885 1983 1987 1995 2191 2226 2367 2424 2426 2452 2586 2587 2588 2589 2590 2591 2592 2595 2597 2598 2599 2600 2601 2603 2606 2607 2608 2609 3151 3152 3599 3600 3601 3602 3603 3604 3605 3606 3607 3608 3771 3772 3773 3774 3775 4367 5431 5492 5741 5868 5878 6482 6655 7121 7122 7123,item 3536 features: 22 67 69 75 88 96 97 109 112 115 133 147 160 163 169 172 173 176 179 191 197 199 241 242 258 260 285 291 303 309 358 377 403 404 407 422 444 519 520 606 650 651 653 654 658 683 706 796 831 851 856 867 1059 1060 1079 1090 1109 1302 1424 1462 1741 1885 1983 1987 1995 2191 2226 2367 2424 2426 2452 2586 2587 2588 2589 2590 2591 2592 2595 2597 2598 2599 2600 2601 2603 2606 2607 2608 2609 3151 3152 3599 3600 3601 3602 3603 3604 3605 3606 3607 3608 3771 3772 3773 3774 3775 4367 5431 5492 5741 5868 5878 6482 6655 7121 7122 7123,
3537,item_3537,,item_3537,,0 5 27 57 69 82 195 199 766 772,item 3537 features: 0 5 27 57 69 82 195 199 766 772,
3538,item_3538,,item_3538,,22 110 147 155 191 574 575 602 611 717 862 864 1176 1448 1521 1935 3045 3546 3556,item 3538 features: 22 110 147 155 191 574 575 602 611 717 862 864 1176 1448 1521 1935 3045 3546 3556,
3543,item_3543,,item_3543,,22 164 208 574 1667 5688 5689 5691,item 3543 features: 22 164 208 574 1667 5688 5689 5691,
3544,item_3544,,item_3544,,22 36 263 284 5592 5596 5601 6612,item 3544 features: 22 36 263 284 5592 5596 5601 6612,
3547,item_3547,,item_3547,,0 5 27 57 69 152 173 1509 2846 2847 2853 4231 6022 6699 8310,item 3547 features: 0 5 27 57 69 152 173 1509 2846 2847 2853 4231 6022 6699 8310,
3548,item_3548,,item_3548,,69 75 77 80 94 191 251 598,item 3548 features: 69 75 77 80 94 191 251 598,
3549,item_3549,,item_3549,,12 44 263 2274,item 3549 features: 12 44 263 2274,
3550,item_3550,,item_3550,,14 16 36 77 162 193 263 286 8015,item 3550 features: 14 16 36 77 162 193 263 286 8015,
3551,item_3551,,item_3551,,14 23 74 147 158 164 199 235 291 309 401 602 3500 3563 3813,item 3551 features: 14 23 74 147 158 164 199 235 291 309 401 602 3500 3563 3813,
3553,item_3553,,item_3553,,74 75 3449,item 3553 features: 74 75 3449,
3555,item_3555,,item_3555,,30 115 139 141 143 149 157 1389,item 3555 features: 30 115 139 141 143 149 157 1389,
3556,item_3556,,item_3556,,12 16 29 30 43 57 63 84 105 150 291 460 766 767 773 776 777 872 1383 4372,item 3556 features: 12 16 29 30 43 57 63 84 105 150 291 460 766 767 773 776 777 872 1383 4372,
3557,item_3557,,item_3557,,29 30 79 154 885 1009 1769 1905 3127 4026 5261 6091,item 3557 features: 29 30 79 154 885 1009 1769 1905 3127 4026 5261 6091,
3558,item_3558,,item_3558,,74 109 135 144 145 151 5422,item 3558 features: 74 109 135 144 145 151 5422,
3564,item_3564,,item_3564,,11 15 16 19 29 36 70 75 77 99 107 109 150 162 173 179 199 263 293 303 330 421 606 691 1093 1365 1372 2314 3388 3646 3820 5025 6397 6399 6407 6413 6417 6419 6421 6687 8147,item 3564 features: 11 15 16 19 29 36 70 75 77 99 107 109 150 162 173 179 199 263 293 303 330 421 606 691 1093 1365 1372 2314 3388 3646 3820 5025 6397 6399 6407 6413 6417 6419 6421 6687 8147,
3567,item_3567,,item_3567,,112 251 756 1352 7967,item 3567 features: 112 251 756 1352 7967,
3570,item_3570,,item_3570,,16 36 86 99 150 173 263 330 456 585 831 851 965 967 3759 5382,item 3570 features: 16 36 86 99 150 173 263 330 456 585 831 851 965 967 3759 5382,
3573,item_3573,,item_3573,,16 27 30 44 69 74 75 77 80 173 235 242 245 251 260 303 321 756 1710 2312 5600 5625 6594,item 3573 features: 16 27 30 44 69 74 75 77 80 173 235 242 245 251 260 303 321 756 1710 2312 5600 5625 6594,
3574,item_3574,,item_3574,,80,item 3574 features: 80,
3575,item_3575,,item_3575,,23 155 208 611 955 1424 2927 3576 8147,item 3575 features: 23 155 208 611 955 1424 2927 3576 8147,
3576,item_3576,,item_3576,,69 71 81 84 155 321 343 507 611 696 842 955 1404 3575 5936 6895,item 3576 features: 69 71 81 84 155 321 343 507 611 696 842 955 1404 3575 5936 6895,
3577,item_3577,,item_3577,,16 70,item 3577 features: 16 70,
3578,item_3578,,item_3578,,68 69 100 155 320 321 611 1164 1302 2383 2965 4899 5859 5863 6090 6951 6954,item 3578 features: 68 69 100 155 320 321 611 1164 1302 2383 2965 4899 5859 5863 6090 6951 6954,
3579,item_3579,,item_3579,,69 81 84 94 103 155 208 507 611 842 1175 1176 1177 1178 4823 4988 5960,item 3579 features: 69 81 84 94 103 155 208 507 611 842 1175 1176 1177 1178 4823 4988 5960,
3587,item_3587,,item_3587,,22 23 109 147 156 176 194 291 447 574 611 706 867 1044 1046 2453 2635 3227 4458 4692 5878,item 3587 features: 22 23 109 147 156 176 194 291 447 574 611 706 867 1044 1046 2453 2635 3227 4458 4692 5878,
3590,item_3590,,item_3590,,16 70 112 150 173 263,item 3590 features: 16 70 112 150 173 263,
3591,item_3591,,item_3591,,16 39 150 263 330 1109 6397 7904 7968 8217,item 3591 features: 16 39 150 263 330 1109 6397 7904 7968 8217,
3596,item_3596,,item_3596,,12 30 56 154 421 437 861 5133 5138 5577 5580 5972,item 3596 features: 12 30 56 154 421 437 861 5133 5138 5577 5580 5972,
3597,item_3597,,item_3597,,14 15 22 23 24 70 105 110 154 158 329 399 401 404 405 407 734 735 737 738 740 742 747 1920 2044 2348 2496 2497 2501 2504 2507 2512 3045 3189 3415 5450 6320,item 3597 features: 14 15 22 23 24 70 105 110 154 158 329 399 401 404 405 407 734 735 737 738 740 742 747 1920 2044 2348 2496 2497 2501 2504 2507 2512 3045 3189 3415 5450 6320,
3598,item_3598,,item_3598,,12 13 30 41 42 43 44 45 46 47 48 49 50 51 52 53 54 55 59 60 61 64 67,item 3598 features: 12 13 30 41 42 43 44 45 46 47 48 49 50 51 52 53 54 55 59 60 61 64 67,
3600,item_3600,,item_3600,,11 12 16 24 30 31 44 57 66 150 2935 4372 4373 4426 6876,item 3600 features: 11 12 16 24 30 31 44 57 66 150 2935 4372 4373 4426 6876,
3602,item_3602,,item_3602,,16 75 77 80 112 247 251 756,item 3602 features: 16 75 77 80 112 247 251 756,
3605,item_3605,,item_3605,,30 63 77 80 84 109 129 235 325 5381,item 3605 features: 30 63 77 80 84 109 129 235 325 5381,
3606,item_3606,,item_3606,,12 16 77 327 756 1372,item 3606 features: 12 16 77 327 756 1372,
3610,item_3610,,item_3610,,12 16 57 147,item 3610 features: 12 16 57 147,
3613,item_3613,,item_3613,,16 36 94 99 150 163 173 379 404 651 1313 1474 1803 3137 3761 5703 5748 5888 5889,item 3613 features: 16 36 94 99 150 163 173 379 404 651 1313 1474 1803 3137 3761 5703 5748 5888 5889,
3614,item_3614,,item_3614,,101 112 115 191 197 242 288 293 339 641 940 1424 1647 2153 2192 2193 2834 2838 2839 2840 2841,item 3614 features: 101 112 115 191 197 242 288 293 339 641 940 1424 1647 2153 2192 2193 2834 2838 2839 2840 2841,
3615,item_3615,,item_3615,,57 82 173 263,item 3615 features: 57 82 173 263,
3616,item_3616,,item_3616,,22 63 69 80 115 148 179 247 251 260 291 377 630 650 691 696 756 1600 1606 1963,item 3616 features: 22 63 69 80 115 148 179 247 251 260 291 377 630 650 691 696 756 1600 1606 1963,
3617,item_3617,,item_3617,,23 69 115 155 291 321 365 668 5696 7412 7413,item 3617 features: 23 69 115 155 291 321 365 668 5696 7412 7413,
3618,item_3618,,item_3618,,74 75 112 2618 5653 8243,item 3618 features: 74 75 112 2618 5653 8243,
3619,item_3619,,item_3619,,69 75 109 144 145 147 247 303 719 1543 3688 3689 7860,item 3619 features: 69 75 109 144 145 147 247 303 719 1543 3688 3689 7860,
3621,item_3621,,item_3621,,77 80 115 148 173 179 247 260 377 630 691 756,item 3621 features: 77 80 115 148 173 179 247 260 377 630 691 756,
3623,item_3623,,item_3623,,68 69 74 844,item 3623 features: 68 69 74 844,
3624,item_3624,,item_3624,,22 96 97 161 179 258 2097 5826,item 3624 features: 22 96 97 161 179 258 2097 5826,
3625,item_3625,,item_3625,,75 77 80 235 4819,item 3625 features: 75 77 80 235 4819,
3626,item_3626,,item_3626,,22 69 74 75 77 158 323 765 2280,item 3626 features: 22 69 74 75 77 158 323 765 2280,
3634,item_3634,,item_3634,,247 694 1061,item 3634 features: 247 694 1061,
3635,item_3635,,item_3635,,75 77 115 733,item 3635 features: 75 77 115 733,
3636,item_3636,,item_3636,,16 22 53 112 199 272 2096,item 3636 features: 16 22 53 112 199 272 2096,
3637,item_3637,,item_3637,,12 16 67 78 96 157 192 258 363 460 486 1028 7643 7644 7645,item 3637 features: 12 16 67 78 96 157 192 258 363 460 486 1028 7643 7644 7645,
3638,item_3638,,item_3638,,69 139 145 6697,item 3638 features: 69 139 145 6697,
3639,item_3639,,item_3639,,162,item 3639 features: 162,
3641,item_3641,,item_3641,,79 154 696 3127 3169 4642 4645 6692 7127,item 3641 features: 79 154 696 3127 3169 4642 4645 6692 7127,
3642,item_3642,,item_3642,,77 158 251 323 325 1352 1650 5861,item 3642 features: 77 158 251 323 325 1352 1650 5861,
3643,item_3643,,item_3643,,69 75 77 80 84 105 158 247 323 1627 2888 3223 6283,item 3643 features: 69 75 77 80 84 105 158 247 323 1627 2888 3223 6283,
3644,item_3644,,item_3644,,77 80 109 756 3175,item 3644 features: 77 80 109 756 3175,
3645,item_3645,,item_3645,,15 27 57 70 82 263 448 451 486 488,item 3645 features: 15 27 57 70 82 263 448 451 486 488,
3647,item_3647,,item_3647,,22 77 251 662 756 1603 1692 3456 6117 7948,item 3647 features: 22 77 251 662 756 1603 1692 3456 6117 7948,
3648,item_3648,,item_3648,,84 358 423 572 611 690 2559 6445,item 3648 features: 84 358 423 572 611 690 2559 6445,
3649,item_3649,,item_3649,,247 260 572 690 1232 4632,item 3649 features: 247 260 572 690 1232 4632,
3650,item_3650,,item_3650,,23 43 115 148 173 208 260 291 340 358 572 611 690 1009 1221 1232 3950 6445,item 3650 features: 23 43 115 148 173 208 260 291 340 358 572 611 690 1009 1221 1232 3950 6445,
3651,item_3651,,item_3651,,12 16 30 31 36 44 150 263 456 6397,item 3651 features: 12 16 30 31 36 44 150 263 456 6397,
3653,item_3653,,item_3653,,16 36 84 86 263 450 454 474 3565,item 3653 features: 16 36 84 86 263 450 454 474 3565,
3654,item_3654,,item_3654,,0 4 23 179 291 315 617 618 991 3166 3172 3173 3174 7256,item 3654 features: 0 4 23 179 291 315 617 618 991 3166 3172 3173 3174 7256,
3657,item_3657,,item_3657,,11 16 22 30 46 69 74 75 77 80 99 105 109 112 115 147 158 163 169 176 191 192 197 242 244 247 251 293 327 396 404 598 606 630 644 668 697 703 717 862 1140 1324 1343 1659 1703 1992 2071 2124 2125 2126 2127 2153 2170 2394 2448 2803 2818 2834 3236 3424 3783 5711 6292 6823 6824 6825 7718 8195 8203 8217,item 3657 features: 11 16 22 30 46 69 74 75 77 80 99 105 109 112 115 147 158 163 169 176 191 192 197 242 244 247 251 293 327 396 404 598 606 630 644 668 697 703 717 862 1140 1324 1343 1659 1703 1992 2071 2124 2125 2126 2127 2153 2170 2394 2448 2803 2818 2834 3236 3424 3783 5711 6292 6823 6824 6825 7718 8195 8203 8217,
3661,item_3661,,item_3661,,69 74 75 101 135 139 144 145 147 148 169 176 193 195 203 260 293 345 383 386 387 399 651 691 862 975 1239 1325 1424 1837 2052 2055 3162 4338 4944 6076,item 3661 features: 69 74 75 101 135 139 144 145 147 148 169 176 193 195 203 260 293 345 383 386 387 399 651 691 862 975 1239 1325 1424 1837 2052 2055 3162 4338 4944 6076,
3662,item_3662,,item_3662,,16 22 36 46 69 101 112 162 165 169 176 179 191 194 195 197 242 285 288 293 303 339 379 404 407 521 606 638 658 796 853 1243 1254 1324 1424 1425 1943 2009 2649 3137 3359 5275 5413 5438 5743 5826 7629 7634 8337,item 3662 features: 16 22 36 46 69 101 112 162 165 169 176 179 191 194 195 197 242 285 288 293 303 339 379 404 407 521 606 638 658 796 853 1243 1254 1324 1424 1425 1943 2009 2649 3137 3359 5275 5413 5438 5743 5826 7629 7634 8337,
3663,item_3663,,item_3663,,16 22 36 46 69 75 77 80 101 109 112 135 139 147 148 162 169 173 179 191 193 195 197 203 242 247 251 252 285 288 303 339 377 399 404 421 521 532 606 613 636 637 638 639 641 642 643 644 648 652 656 975 1048 1234 1239 1242 1243 1245 1246 1250 1251 1424 1425 1943 3160 3161 3208 3359 3920 3921 4224 5275 5742 5743 5744 5747 5751 5753 5784 6187 6188 7011 7077 7224 7230 8186,item 3663 features: 16 22 36 46 69 75 77 80 101 109 112 135 139 147 148 162 169 173 179 191 193 195 197 203 242 247 251 252 285 288 303 339 377 399 404 421 521 532 606 613 636 637 638 639 641 642 643 644 648 652 656 975 1048 1234 1239 1242 1243 1245 1246 1250 1251 1424 1425 1943 3160 3161 3208 3359 3920 3921 4224 5275 5742 5743 5744 5747 5751 5753 5784 6187 6188 7011 7077 7224 7230 8186,
3664,item_3664,,item_3664,,16 22 36 46 69 75 101 112 115 162 165 169 191 199 242 251 285 288 293 299 549 717 940 1250 1263 1647 2097 2223 2224 2310 2768 2799 3044 3739 4439 5583 5743 5745 5746 6697 7988 8016,item 3664 features: 16 22 36 46 69 75 101 112 115 162 165 169 191 199 242 251 285 288 293 299 549 717 940 1250 1263 1647 2097 2223 2224 2310 2768 2799 3044 3739 4439 5583 5743 5745 5746 6697 7988 8016,
3665,item_3665,,item_3665,,11 14 22 23 53 69 74 75 77 80 101 109 115 136 147 148 169 179 191 194 197 199 235 242 247 251 260 309 323 365 404 409 422 447 507 581 602 691 696 697 717 861 1046 1048 1325 1390 1391 1392 1393 1394 1424 1426 1578 2032 2624 2911 2919 3143 3451 3456 3735 3736 5743 6177 6573 6697 6941 7013 7154 7220 7785 7818 7825 7827 7831 7848 7897 7951 8195 8199 8206,item 3665 features: 11 14 22 23 53 69 74 75 77 80 101 109 115 136 147 148 169 179 191 194 197 199 235 242 247 251 260 309 323 365 404 409 422 447 507 581 602 691 696 697 717 861 1046 1048 1325 1390 1391 1392 1393 1394 1424 1426 1578 2032 2624 2911 2919 3143 3451 3456 3735 3736 5743 6177 6573 6697 6941 7013 7154 7220 7785 7818 7825 7827 7831 7848 7897 7951 8195 8199 8206,
3666,item_3666,,item_3666,,16 22 77 112 495 975 1319 1598 3622 3623 5743 6210 7823,item 3666 features: 16 22 77 112 495 975 1319 1598 3622 3623 5743 6210 7823,
3669,item_3669,,item_3669,,22 77 251 5870,item 3669 features: 22 77 251 5870,
3670,item_3670,,item_3670,,68 69 74 84 435 2804 3933 6658,item 3670 features: 68 69 74 84 435 2804 3933 6658,
3676,item_3676,,item_3676,,12 75 77 115 148 247 260 691 3223 3735 4121 4122 5959 6121 7154,item 3676 features: 12 75 77 115 148 247 260 691 3223 3735 4121 4122 5959 6121 7154,
3679,item_3679,,item_3679,,75 260 291 1325 2026,item 3679 features: 75 260 291 1325 2026,
3687,item_3687,,item_3687,,69 75 112 1500,item 3687 features: 69 75 112 1500,
3688,item_3688,,item_3688,,0 16 22 36 69 75 77 79 80 96 100 110 112 115 133 136 139 144 145 147 148 150 154 155 169 172 176 179 197 208 214 242 247 260 309 358 365 396 404 408 422 507 510 520 541 574 579 602 606 611 636 638 640 645 650 654 668 692 696 717 839 844 862 863 865 1046 1048 1049 1050 1109 1203 1238 1259 1424 1596 1741 1959 1960 2148 2635 2766 2835 3045 3544 3545 3549 3550 3552 3557 3558 4121 4571 5689 5691 5693 5865 6015 6018 6299 6532 6952 7244,item 3688 features: 0 16 22 36 69 75 77 79 80 96 100 110 112 115 133 136 139 144 145 147 148 150 154 155 169 172 176 179 197 208 214 242 247 260 309 358 365 396 404 408 422 507 510 520 541 574 579 602 606 611 636 638 640 645 650 654 668 692 696 717 839 844 862 863 865 1046 1048 1049 1050 1109 1203 1238 1259 1424 1596 1741 1959 1960 2148 2635 2766 2835 3045 3544 3545 3549 3550 3552 3557 3558 4121 4571 5689 5691 5693 5865 6015 6018 6299 6532 6952 7244,
3692,item_3692,,item_3692,,14 23 112 235 927 1047 7107,item 3692 features: 14 23 112 235 927 1047 7107,
3695,item_3695,,item_3695,,16 22 36 39 69 75 77 80 109 150 165 179 367 379 2105 2554 2909 2910 2912 2923 3026 8230,item 3695 features: 16 22 36 39 69 75 77 80 109 150 165 179 367 379 2105 2554 2909 2910 2912 2923 3026 8230,
3696,item_3696,,item_3696,,14 22 23 75 101 158 203 235 863 1650 2554 4817 5869,item 3696 features: 14 22 23 75 101 158 203 235 863 1650 2554 4817 5869,
3697,item_3697,,item_3697,,12 14 22 23 30 69 75 77 80 115 136 154 235 251 323 1272 1578 2553 2624 4373 5445,item 3697 features: 12 14 22 23 30 69 75 77 80 115 136 154 235 251 323 1272 1578 2553 2624 4373 5445,
3698,item_3698,,item_3698,,22 36 69 74 75 77 80 94 101 109 135 139 144 145 148 156 169 173 179 192 194 197 203 242 251 252 260 303 377 404 521 606 612 634 1233 1235 1241 1244 1246 1270 1271 1325 1451 1531 2071 2208 2448 2734 3573 3654 4335 4336 4353 4808 4809 4810 4811 4812 4813 4814 4815 5042 5743 6010 6685 6688 6689 6691 6695 6696 7037 7249 7436,item 3698 features: 22 36 69 74 75 77 80 94 101 109 135 139 144 145 148 156 169 173 179 192 194 197 203 242 251 252 260 303 377 404 521 606 612 634 1233 1235 1241 1244 1246 1270 1271 1325 1451 1531 2071 2208 2448 2734 3573 3654 4335 4336 4353 4808 4809 4810 4811 4812 4813 4814 4815 5042 5743 6010 6685 6688 6689 6691 6695 6696 7037 7249 7436,
3699,item_3699,,item_3699,,251 330,item 3699 features: 251 330,
3700,item_3700,,item_3700,,99 148 155 208 226 260 265 367 404 611 691 693 1122 1140 1376 2806 2815 2887 3236 3840 3865 5504 5859 5863 6015 7818,item 3700 features: 99 148 155 208 226 260 265 367 404 611 691 693 1122 1140 1376 2806 2815 2887 3236 3840 3865 5504 5859 5863 6015 7818,
3701,item_3701,,item_3701,,133 260 507 519 1312 1902,item 3701 features: 133 260 507 519 1312 1902,
3702,item_3702,,item_3702,,22 112 115 176 197 242 244 253 285 309 340 358 541 572 662 690 692 765 1148 1149 1150 1151 1221 1324 6445 8199,item 3702 features: 22 112 115 176 197 242 244 253 285 309 340 358 541 572 662 690 692 765 1148 1149 1150 1151 1221 1324 6445 8199,
3703,item_3703,,item_3703,,22 36 46 112 115 133 179 194 199 262 285 291 310 407 421 507 519 520 568 580 585 691 1046 1450 2253 2315 2316 2319 2320 2322 2323 2325 2326 2327 2328 3569 4397 7607 8171,item 3703 features: 22 36 46 112 115 133 179 194 199 262 285 291 310 407 421 507 519 520 568 580 585 691 1046 1450 2253 2315 2316 2319 2320 2322 2323 2325 2326 2327 2328 3569 4397 7607 8171,
3704,item_3704,,item_3704,,22 88 96 97 109 173 179 244 258 260 291 422 581 585 1424 1505 2032 2586 2587 2592 2595 2598 2606 2607 2609 2919 7013 7014 7822 8074,item 3704 features: 22 88 96 97 109 173 179 244 258 260 291 422 581 585 1424 1505 2032 2586 2587 2592 2595 2598 2606 2607 2609 2919 7013 7014 7822 8074,
3708,item_3708,,item_3708,,11 12 13 16 19 22 30 44 63 69 70 75 77 79 80 83 84 112 150 154 158 251 291 325 327 342 404 691 693 756 927 1161 1352 2700 3375 4587 5647 6115 6116 6121 7107 7752 7904 7967,item 3708 features: 11 12 13 16 19 22 30 44 63 69 70 75 77 79 80 83 84 112 150 154 158 251 291 325 327 342 404 691 693 756 927 1161 1352 2700 3375 4587 5647 6115 6116 6121 7107 7752 7904 7967,
3709,item_3709,,item_3709,,112 115 148 247 765 2083 2803 7783,item 3709 features: 112 115 148 247 765 2083 2803 7783,
3711,item_3711,,item_3711,,0 4 6 16 46 68 69 87 109 112 140 157 173 179 309 314 320 494 495 499 614 716 1058 1598 1601 5009 7303,item 3711 features: 0 4 6 16 46 68 69 87 109 112 140 157 173 179 309 314 320 494 495 499 614 716 1058 1598 1601 5009 7303,
3713,item_3713,,item_3713,,0 23 68 69 127 320 641 715 996 1600 1957 4460 4461 4462 8142,item 3713 features: 0 23 68 69 127 320 641 715 996 1600 1957 4460 4461 4462 8142,
3715,item_3715,,item_3715,,30 77 109 115 173 251 260 495 592 2115,item 3715 features: 30 77 109 115 173 251 260 495 592 2115,
3716,item_3716,,item_3716,,30 44 84 90 94 109 247 303 702 1962 1963 2391 2595 5451 5772 5773 7936 7937,item 3716 features: 30 44 84 90 94 109 247 303 702 1962 1963 2391 2595 5451 5772 5773 7936 7937,
3717,item_3717,,item_3717,,12 22 30 63 69 77 84 109 112 247 303 309 377 592 630 691 2170 2613 3623 3624 3635 4587 4677 6113 7108 7593,item 3717 features: 12 22 30 63 69 77 84 109 112 247 303 309 377 592 630 691 2170 2613 3623 3624 3635 4587 4677 6113 7108 7593,
3718,item_3718,,item_3718,,29 30 63 69 77 80 84 109 235 303 325 1384 1604 1663 3143 6877,item 3718 features: 29 30 63 69 77 80 84 109 235 303 325 1384 1604 1663 3143 6877,
3719,item_3719,,item_3719,,12 16 30 44 66 84 150 158 173 756 1161 1351 1372,item 3719 features: 12 16 30 44 66 84 150 158 173 756 1161 1351 1372,
3720,item_3720,,item_3720,,12 16 31 150 456 1123,item 3720 features: 12 16 31 150 456 1123,
3721,item_3721,,item_3721,,80 112 129 154 158 247 251 592 756 1161,item 3721 features: 80 112 129 154 158 247 251 592 756 1161,
3722,item_3722,,item_3722,,30 44 84 284 1805,item 3722 features: 30 44 84 284 1805,
3723,item_3723,,item_3723,,11 13 90 150 5135,item 3723 features: 11 13 90 150 5135,
3724,item_3724,,item_3724,,12 16 30 56 57 460 756 5577,item 3724 features: 12 16 30 56 57 460 756 5577,
3725,item_3725,,item_3725,,5 30 57 78 4232,item 3725 features: 5 30 57 78 4232,
3726,item_3726,,item_3726,,11 12 13 16 30 31 150 196 456 1484 3033 5447 8031,item 3726 features: 11 12 13 16 30 31 150 196 456 1484 3033 5447 8031,
3729,item_3729,,item_3729,,12 79 460,item 3729 features: 12 79 460,
3730,item_3730,,item_3730,,0 23 69 87 320 501 502 4790,item 3730 features: 0 23 69 87 320 501 502 4790,
3731,item_3731,,item_3731,,22 112 197 333 1775 5544,item 3731 features: 22 112 197 333 1775 5544,
3732,item_3732,,item_3732,,1 12 69 74 75 109 139 143 144 154 4372 4373 4944 6698,item 3732 features: 1 12 69 74 75 109 139 143 144 154 4372 4373 4944 6698,
3735,item_3735,,item_3735,,23 96 97 106 107 173 179 258 309 441 672 818 2604 3214 3517 4367,item 3735 features: 23 96 97 106 107 173 179 258 309 441 672 818 2604 3214 3517 4367,
3737,item_3737,,item_3737,,12 30 44 150 4426 5972,item 3737 features: 12 30 44 150 4426 5972,
3740,item_3740,,item_3740,,11 12 13 16 30 43 44 77 150 691 1109 1786 3566 5136 5137 5159 7106 7454,item 3740 features: 11 12 13 16 30 43 44 77 150 691 1109 1786 3566 5136 5137 5159 7106 7454,
3747,item_3747,,item_3747,,69 75 77 80 247,item 3747 features: 69 75 77 80 247,
3748,item_3748,,item_3748,,69 112 115 1393 5745,item 3748 features: 69 112 115 1393 5745,
3750,item_3750,,item_3750,,115 155 208 611,item 3750 features: 115 155 208 611,
3759,item_3759,,item_3759,,0 23 68 69 87 100 105 127 155 158 197 235 320 347 501 611 717 844 1236 1286 1601 1958 2162 3576 3577 6306,item 3759 features: 0 23 68 69 87 100 105 127 155 158 197 235 320 347 501 611 717 844 1236 1286 1601 1958 2162 3576 3577 6306,
3761,item_3761,,item_3761,,53 78 85 247 1061 3612 6552,item 3761 features: 53 78 85 247 1061 3612 6552,
3763,item_3763,,item_3763,,12 30 43 79 112 115 121 128 147 303 433 3669 3671 5137,item 3763 features: 12 30 43 79 112 115 121 128 147 303 433 3669 3671 5137,
3764,item_3764,,item_3764,,0 1 11 53 68 69 74 75 109 140 147 148 154 173 179 309 320 399 614 634 691 693 717 1052 1107 2615 3577 4911 5617 5723 7315,item 3764 features: 0 1 11 53 68 69 74 75 109 140 147 148 154 173 179 309 320 399 614 634 691 693 717 1052 1107 2615 3577 4911 5617 5723 7315,
3765,item_3765,,item_3765,,12 16 21 150 192 433 4566,item 3765 features: 12 16 21 150 192 433 4566,
3766,item_3766,,item_3766,,0 16 30 74 75 86 109 139 141 143 149 150 157 158 192 242 508 592 662 846 1869 2024,item 3766 features: 0 16 30 74 75 86 109 139 141 143 149 150 157 158 192 242 508 592 662 846 1869 2024,
3767,item_3767,,item_3767,,0 12 30 72 78 83 173 363 377 689 1028 2002 4232 4311 4618 5382 5383,item 3767 features: 0 12 30 72 78 83 173 363 377 689 1028 2002 4232 4311 4618 5382 5383,
3769,item_3769,,item_3769,,6 46 69 85 112 142 153 1058 2760 2761,item 3769 features: 6 46 69 85 112 142 153 1058 2760 2761,
3770,item_3770,,item_3770,,22 69 75 77 80 144 145 158 235 1047 5837 6695,item 3770 features: 22 69 75 77 80 144 145 158 235 1047 5837 6695,
3772,item_3772,,item_3772,,14 22 23 69 74 75 77 80 115 136 147 158 193 235 251 323 421 598 1400 1578 2624 4374 4587 5743 6688 6689 7154 8196,item 3772 features: 14 22 23 69 74 75 77 80 115 136 147 158 193 235 251 323 421 598 1400 1578 2624 4374 4587 5743 6688 6689 7154 8196,
3773,item_3773,,item_3773,,16 27 57 82 449 451 453,item 3773 features: 16 27 57 82 449 451 453,
3774,item_3774,,item_3774,,9 16 57 82 319 449 451 491,item 3774 features: 9 16 57 82 319 449 451 491,
3775,item_3775,,item_3775,,16 154 885 1484 4929 6398 7287 8031,item 3775 features: 16 154 885 1484 4929 6398 7287 8031,
3776,item_3776,,item_3776,,8 9 10 16 57 82 451 3169,item 3776 features: 8 9 10 16 57 82 451 3169,
3778,item_3778,,item_3778,,22 112 492 507,item 3778 features: 22 112 492 507,
3783,item_3783,,item_3783,,16 36 112 115 151,item 3783 features: 16 36 112 115 151,
3785,item_3785,,item_3785,,22 69 101 112 147 244 495 1060 1598 4121 4122 5045,item 3785 features: 22 69 101 112 147 244 495 1060 1598 4121 4122 5045,
3786,item_3786,,item_3786,,101 112 144 147 1263 5746,item 3786 features: 101 112 144 147 1263 5746,
3789,item_3789,,item_3789,,16 30 77 84 109 756,item 3789 features: 16 30 77 84 109 756,
3790,item_3790,,item_3790,,22 96 133 258 4122,item 3790 features: 22 96 133 258 4122,
3793,item_3793,,item_3793,,0 68 320 1058,item 3793 features: 0 68 320 1058,
3796,item_3796,,item_3796,,12 31 56 437,item 3796 features: 12 31 56 437,
3798,item_3798,,item_3798,,69 112 247 694 719 2634 4899 6953 6960 6963 7930 8428,item 3798 features: 69 112 247 694 719 2634 4899 6953 6960 6963 7930 8428,
3799,item_3799,,item_3799,,69 130 260 268 801 3737,item 3799 features: 69 130 260 268 801 3737,
3800,item_3800,,item_3800,,69 75 109 144 145 157 179 291 422 949 1165 1531 3214 7494 7676,item 3800 features: 69 75 109 144 145 157 179 291 422 949 1165 1531 3214 7494 7676,
3801,item_3801,,item_3801,,120 121 128 433 1022,item 3801 features: 120 121 128 433 1022,
3802,item_3802,,item_3802,,16 22 27 36 46 70 86 112 163 165 166 173 191 193 197 285 293 303 379 405 455 456 507 585 648 850 852 862 964 967 1045 1203 1263 1305 1324 1449 1457 1459 1464 2337 2615 5543 5544 5742 5744 6634 6635 6636 6637 6780 7618 8217,item 3802 features: 16 22 27 36 46 70 86 112 163 165 166 173 191 193 197 285 293 303 379 405 455 456 507 585 648 850 852 862 964 967 1045 1203 1263 1305 1324 1449 1457 1459 1464 2337 2615 5543 5544 5742 5744 6634 6635 6636 6637 6780 7618 8217,
3803,item_3803,,item_3803,,11 12 13 16 21 22 23 25 70 104 112 139 147 148 154 285 364 437 604 691 692 693 694 719 864 865 1049 1543 2634 3216 7513 8023 8437,item 3803 features: 11 12 13 16 21 22 23 25 70 104 112 139 147 148 154 285 364 437 604 691 692 693 694 719 864 865 1049 1543 2634 3216 7513 8023 8437,
3804,item_3804,,item_3804,,0 23 68 69 71 78 84 100 127 155 158 320 344 357 435 611 662 666 824 1424 1452 1600 1601 1730 1919 2095 2721 2968 2974 3576 4204 4823 4955 4956 4957 4962 5925 5937 6090 7065 7066 7140 7280 7431,item 3804 features: 0 23 68 69 71 78 84 100 127 155 158 320 344 357 435 611 662 666 824 1424 1452 1600 1601 1730 1919 2095 2721 2968 2974 3576 4204 4823 4955 4956 4957 4962 5925 5937 6090 7065 7066 7140 7280 7431,
3806,item_3806,,item_3806,,63 75 77 129 303 325 377 1584,item 3806 features: 63 75 77 129 303 325 377 1584,
3809,item_3809,,item_3809,,14 17 22 23 36 69 70 77 105 115 158 164 242 260 392 393 394 395 398 401 404 406 407 413 415 588 597 717 825 864 894 1049 1109 2554 2991 4674 6959,item 3809 features: 14 17 22 23 36 69 70 77 105 115 158 164 242 260 392 393 394 395 398 401 404 406 407 413 415 588 597 717 825 864 894 1049 1109 2554 2991 4674 6959,
3810,item_3810,,item_3810,,30 83 291 689 813 1603 1604 6877,item 3810 features: 30 83 291 689 813 1603 1604 6877,
3813,item_3813,,item_3813,,16 29 75 77 80 84 109 235 260 327 1352 1963,item 3813 features: 16 29 75 77 80 84 109 235 260 327 1352 1963,
3816,item_3816,,item_3816,,68 69 74 75 101 242 495 1052 5371,item 3816 features: 68 69 74 75 101 242 495 1052 5371,
3820,item_3820,,item_3820,,11 69 74 75 77 80 109 148 244 260 404 421 709 1046 1400 5743 6689 7710,item 3820 features: 11 69 74 75 77 80 109 148 244 260 404 421 709 1046 1400 5743 6689 7710,
3821,item_3821,,item_3821,,69 74 75 101 148 197 291 377 404 592 641 691 1578 3527 5861 6430 6758 7128 7133,item 3821 features: 69 74 75 101 148 197 291 377 404 592 641 691 1578 3527 5861 6430 6758 7128 7133,
3822,item_3822,,item_3822,,77 112 115 247 717,item 3822 features: 77 112 115 247 717,
3823,item_3823,,item_3823,,12 75 77 115 148 260 1400 8219,item 3823 features: 12 75 77 115 148 260 1400 8219,
3827,item_3827,,item_3827,,105 109 143 144 157 158 1383,item 3827 features: 105 109 143 144 157 158 1383,
3832,item_3832,,item_3832,,74 75,item 3832 features: 74 75,
3833,item_3833,,item_3833,,77 247 251 3825 4677 4678,item 3833 features: 77 247 251 3825 4677 4678,
3835,item_3835,,item_3835,,22 133 169 191 195 258 260 299 404 519 606 698 796 1325 1424 1798 1837 2097 3359 5811 5812 5825,item 3835 features: 22 133 169 191 195 258 260 299 404 519 606 698 796 1325 1424 1798 1837 2097 3359 5811 5812 5825,
3836,item_3836,,item_3836,,22 36 77 105 112 158 169 251 293 323 602 766 772 773 1324 1607 1775 4571 4871 6634 6635 6637 6688 7004 7155 7156 7157 7159 7166,item 3836 features: 22 36 77 105 112 158 169 251 293 323 602 766 772 773 1324 1607 1775 4571 4871 6634 6635 6637 6688 7004 7155 7156 7157 7159 7166,
3838,item_3838,,item_3838,,14 22 24 25 30 46 69 74 75 77 80 112 115 148 155 176 192 194 244 291 395 407 606 706 768 927 1542 1543 1775 1793 2108 2804 3169 4374 6276 6769 7217 7323 7324 7783 8015 8016 8432 8437,item 3838 features: 14 22 24 25 30 46 69 74 75 77 80 112 115 148 155 176 192 194 244 291 395 407 606 706 768 927 1542 1543 1775 1793 2108 2804 3169 4374 6276 6769 7217 7323 7324 7783 8015 8016 8432 8437,
3839,item_3839,,item_3839,,16 22 36 69 75 76 77 81 109 112 148 158 164 165 166 173 176 179 191 193 197 242 286 303 342 377 396 421 456 521 568 1305 1456 2055 2339 2639 3640 4621 5757 6235 6236 6438,item 3839 features: 16 22 36 69 75 76 77 81 109 112 148 158 164 165 166 173 176 179 191 193 197 242 286 303 342 377 396 421 456 521 568 1305 1456 2055 2339 2639 3640 4621 5757 6235 6236 6438,
3840,item_3840,,item_3840,,16 22 36 69 94 96 164 169 173 194 195 199 260 262 270 291 293 295 361 379 404 407 408 519 541 577 585 610 658 683 706 717 796 1139 1234 1238 1244 1462 1772 2937 3137 3216 3359 3735 4077 4078 5671 5748 5788 5826 6383 7558,item 3840 features: 16 22 36 69 94 96 164 169 173 194 195 199 260 262 270 291 293 295 361 379 404 407 408 519 541 577 585 610 658 683 706 717 796 1139 1234 1238 1244 1462 1772 2937 3137 3216 3359 3735 4077 4078 5671 5748 5788 5826 6383 7558,
3841,item_3841,,item_3841,,11 12 24 30 53 69 73 74 75 83 109 150 154 173 176 192 242 321 325 354 355 377 404 670 689 1107 1769 2151 4372 4588 6017 6688 8437,item 3841 features: 11 12 24 30 53 69 73 74 75 83 109 150 154 173 176 192 242 321 325 354 355 377 404 670 689 1107 1769 2151 4372 4588 6017 6688 8437,
3842,item_3842,,item_3842,,12 16 23 24 29 30 43 46 68 69 71 74 75 77 83 84 105 150 154 155 158 169 172 176 191 192 193 196 197 208 242 247 291 303 309 321 343 344 352 354 396 399 422 541 575 611 650 657 662 664 666 668 670 691 697 703 706 837 844 950 963 1034 1143 1164 1176 1447 1448 1576 1703 1769 1802 1919 1948 1949 1951 2055 2313 2389 2592 3048 3049 3050 3051 3052 3053 3054 3055 3056 3057 3546 4566 4567 4612 4817 4821 4827 4836 4840 4899 4956 4957 4958 4959 4971 4972 4973 5375 5557 5565 5617 5618 5686 5904 5905 5911 5912 5913 5914 5917 5920 5924 5942 5947 5998 6017 6019 6090 6551 6552 6662 6691 6907 6908 6909 6910 6942 6951 6954 6967 7711 7937 8057,item 3842 features: 12 16 23 24 29 30 43 46 68 69 71 74 75 77 83 84 105 150 154 155 158 169 172 176 191 192 193 196 197 208 242 247 291 303 309 321 343 344 352 354 396 399 422 541 575 611 650 657 662 664 666 668 670 691 697 703 706 837 844 950 963 1034 1143 1164 1176 1447 1448 1576 1703 1769 1802 1919 1948 1949 1951 2055 2313 2389 2592 3048 3049 3050 3051 3052 3053 3054 3055 3056 3057 3546 4566 4567 4612 4817 4821 4827 4836 4840 4899 4956 4957 4958 4959 4971 4972 4973 5375 5557 5565 5617 5618 5686 5904 5905 5911 5912 5913 5914 5917 5920 5924 5942 5947 5998 6017 6019 6090 6551 6552 6662 6691 6907 6908 6909 6910 6942 6951 6954 6967 7711 7937 8057,
3843,item_3843,,item_3843,,12 16 44 150 263,item 3843 features: 12 16 44 150 263,
3844,item_3844,,item_3844,,16 22 36 46 96 105 109 112 133 158 162 169 196 199 285 323 507 519 606 1130 1305,item 3844 features: 16 22 36 46 96 105 109 112 133 158 162 169 196 199 285 323 507 519 606 1130 1305,
3845,item_3845,,item_3845,,75 141 143 157 949 5665 8370 8378,item 3845 features: 75 141 143 157 949 5665 8370 8378,
3846,item_3846,,item_3846,,69 109 135 139 144 145,item 3846 features: 69 109 135 139 144 145,
3848,item_3848,,item_3848,,69 75 77 139 141 149 242 1044 1849 2071 4662 5625 6685,item 3848 features: 69 75 77 139 141 149 242 1044 1849 2071 4662 5625 6685,
3849,item_3849,,item_3849,,69 74 75 96 97 101 140 161 179 291 309 2772,item 3849 features: 69 74 75 96 97 101 140 161 179 291 309 2772,
3851,item_3851,,item_3851,,69 135 141 144 157,item 3851 features: 69 135 141 144 157,
3852,item_3852,,item_3852,,69 145 808 4149 4153,item 3852 features: 69 145 808 4149 4153,
3853,item_3853,,item_3853,,69 4073 4149,item 3853 features: 69 4073 4149,
3856,item_3856,,item_3856,,144 145,item 3856 features: 144 145,
3858,item_3858,,item_3858,,69 74 75 77 80 135 144 145 179 190 291 377 397 975 1060 1143 1692 3756 3882 4789 5447,item 3858 features: 69 74 75 77 80 135 144 145 179 190 291 377 397 975 1060 1143 1692 3756 3882 4789 5447,
3859,item_3859,,item_3859,,75 146 176 285 303 591 692 857 978 1149 1784 3306 4430 4431 4433 5059 5060 5366 5367 5368 5369 5370 8195 8196 8197 8205 8207,item 3859 features: 75 146 176 285 303 591 692 857 978 1149 1784 3306 4430 4431 4433 5059 5060 5366 5367 5368 5369 5370 8195 8196 8197 8205 8207,
3860,item_3860,,item_3860,,22 68 69 75 270,item 3860 features: 22 68 69 75 270,
3861,item_3861,,item_3861,,13 18 20 79 1898,item 3861 features: 13 18 20 79 1898,
3867,item_3867,,item_3867,,69 74 75 77 80 158 251 872 4871 6754 8255,item 3867 features: 69 74 75 77 80 158 251 872 4871 6754 8255,
3868,item_3868,,item_3868,,69 74 75 77 80 158 2414 4944 6688,item 3868 features: 69 74 75 77 80 158 2414 4944 6688,
3869,item_3869,,item_3869,,75 77 80 247,item 3869 features: 75 77 80 247,
3870,item_3870,,item_3870,,69 75 81 96 97 309 506 2055 3236 4590,item 3870 features: 69 75 81 96 97 309 506 2055 3236 4590,
3871,item_3871,,item_3871,,75 77 80 158 2071 4944 6688,item 3871 features: 75 77 80 158 2071 4944 6688,
3872,item_3872,,item_3872,,16 36 69 74 75 77 80 109 150 975 1366 4944 8413,item 3872 features: 16 36 69 74 75 77 80 109 150 975 1366 4944 8413,
3873,item_3873,,item_3873,,69 75 77 242 2071 5625 7456 8417,item 3873 features: 69 75 77 242 2071 5625 7456 8417,
3874,item_3874,,item_3874,,77 80 247 3622 3623 5865,item 3874 features: 77 80 247 3622 3623 5865,
3877,item_3877,,item_3877,,96 173 309,item 3877 features: 96 173 309,
3878,item_3878,,item_3878,,0 5 57 314 717 2696 3746,item 3878 features: 0 5 57 314 717 2696 3746,
3880,item_3880,,item_3880,,0 68 69 74 75 140 147 614,item 3880 features: 0 68 69 74 75 140 147 614,
3884,item_3884,,item_3884,,0 4 314 315 319 1348 2212 4789,item 3884 features: 0 4 314 315 319 1348 2212 4789,
3885,item_3885,,item_3885,,68 69 74 75 80 109 144 145 148 157 173 179 309 634 949 1048 1165 1676 3328 4107 5127 6145 7305 7306,item 3885 features: 68 69 74 75 80 109 144 145 148 157 173 179 309 634 949 1048 1165 1676 3328 4107 5127 6145 7305 7306,
3886,item_3886,,item_3886,,22 36 108 109 291 717 1313 1462 1471 8023,item 3886 features: 22 36 108 109 291 717 1313 1462 1471 8023,
3887,item_3887,,item_3887,,16 22 36 46 69 75 86 99 110 112 163 169 171 173 176 191 194 195 197 199 253 258 262 288 295 303 377 405 407 408 456 507 512 513 514 515 516 517 518 519 520 521 522 523 524 525 526 527 528 529 530 531 533 536 538 539 540 606 690 711 1015 1809 1810 1811 1812 3193 3194 8021 8063,item 3887 features: 16 22 36 46 69 75 86 99 110 112 163 169 171 173 176 191 194 195 197 199 253 258 262 288 295 303 377 405 407 408 456 507 512 513 514 515 516 517 518 519 520 521 522 523 524 525 526 527 528 529 530 531 533 536 538 539 540 606 690 711 1015 1809 1810 1811 1812 3193 3194 8021 8063,
3888,item_3888,,item_3888,,22 77 86 109 158 242 286 288 291 296 298 300 301 303 309 310 363 6288,item 3888 features: 22 77 86 109 158 242 286 288 291 296 298 300 301 303 309 310 363 6288,
3889,item_3889,,item_3889,,16 22 36 46 69 77 109 112 131 147 150 158 163 166 197 263 285 286 287 288 290 292 293 294 295 297 300 302 306 311 312 717 5544 7137,item 3889 features: 16 22 36 46 69 77 109 112 131 147 150 158 163 166 197 263 285 286 287 288 290 292 293 294 295 297 300 302 306 311 312 717 5544 7137,
3890,item_3890,,item_3890,,0 4 314 319 320 487 618 619 3964 5163 6018 6899,item 3890 features: 0 4 314 319 320 487 618 619 3964 5163 6018 6899,
3891,item_3891,,item_3891,,0 109 157 169 299 314 315 623 1503 1836 6347,item 3891 features: 0 109 157 169 299 314 315 623 1503 1836 6347,
3892,item_3892,,item_3892,,0 314 319,item 3892 features: 0 314 319,
3893,item_3893,,item_3893,,46 507 895 8221,item 3893 features: 46 507 895 8221,
3896,item_3896,,item_3896,,29 30 75 84 115 208 247 340 358 572 611 690 692,item 3896 features: 29 30 75 84 115 208 247 340 358 572 611 690 692,
3897,item_3897,,item_3897,,22 69 101 112 358 572 690 6445,item 3897 features: 22 69 101 112 358 572 690 6445,
3898,item_3898,,item_3898,,77 112 247 358 572 690 7808 8195 8210,item 3898 features: 77 112 247 358 572 690 7808 8195 8210,
3899,item_3899,,item_3899,,69 109 112 172 340 358 572 644 690 2128 2975 3907,item 3899 features: 69 109 112 172 340 358 572 644 690 2128 2975 3907,
3900,item_3900,,item_3900,,11 22 46 75 79 109 112 115 148 170 173 179 199 242 247 404 421 447 507 691 696 697 706 866 957 964 1046 2726 2803 2984 2985 3216 4789 5519 5520 5531 6008 8217,item 3900 features: 11 22 46 75 79 109 112 115 148 170 173 179 199 242 247 404 421 447 507 691 696 697 706 866 957 964 1046 2726 2803 2984 2985 3216 4789 5519 5520 5531 6008 8217,
3903,item_3903,,item_3903,,69 74 75 115 136 148 247 6434 7412,item 3903 features: 69 74 75 115 136 148 247 6434 7412,
3904,item_3904,,item_3904,,22 69 135 975 4288 4292,item 3904 features: 22 69 135 975 4288 4292,
3906,item_3906,,item_3906,,112 121 128 433 1022 1961 3978,item 3906 features: 112 121 128 433 1022 1961 3978,
3908,item_3908,,item_3908,,4 157 314 315,item 3908 features: 4 157 314 315,
3909,item_3909,,item_3909,,4 154 315 437 617 978,item 3909 features: 4 154 315 437 617 978,
3910,item_3910,,item_3910,,11 112 244 358 572 690 692 1432 4372 4373 4609 5668 7508 7805 8195,item 3910 features: 11 112 244 358 572 690 692 1432 4372 4373 4609 5668 7508 7805 8195,
3914,item_3914,,item_3914,,22 46 69 75 79 81 94 101 105 112 133 156 158 197 199 247 285 303 404 423 507 541 604 696 717 1137 1140 1312 2014 4318 5740 5742 5952 8019 8221,item 3914 features: 22 46 69 75 79 81 94 101 105 112 133 156 158 197 199 247 285 303 404 423 507 541 604 696 717 1137 1140 1312 2014 4318 5740 5742 5952 8019 8221,
3915,item_3915,,item_3915,,8 57 63 4404,item 3915 features: 8 57 63 4404,
3919,item_3919,,item_3919,,109 144 157 173 192 495 949 1165 1676 2524 6347,item 3919 features: 109 144 157 173 192 495 949 1165 1676 2524 6347,
3920,item_3920,,item_3920,,12 19 30 461 3153,item 3920 features: 12 19 30 461 3153,
3921,item_3921,,item_3921,,22 69 74 77 112 358 690 6033 6281 7804,item 3921 features: 22 69 74 77 112 358 690 6033 6281 7804,
3922,item_3922,,item_3922,,11 14 16 70 173 179 235 260 327 403 756 1372 3019 6265 6266 6395 6396 6401 6404,item 3922 features: 11 14 16 70 173 179 235 260 327 403 756 1372 3019 6265 6266 6395 6396 6401 6404,
3923,item_3923,,item_3923,,30 63 80 109 129 379 5427 7969,item 3923 features: 30 63 80 109 129 379 5427 7969,
3925,item_3925,,item_3925,,69 74 77 80 210 358 690 2559,item 3925 features: 69 74 77 80 210 358 690 2559,
3926,item_3926,,item_3926,,144 235 1674,item 3926 features: 144 235 1674,
3928,item_3928,,item_3928,,0 68 69 320,item 3928 features: 0 68 69 320,
3929,item_3929,,item_3929,,145 157 179 192 949 3156,item 3929 features: 145 157 179 192 949 3156,
3930,item_3930,,item_3930,,0 5 68 87 320 990 1601,item 3930 features: 0 5 68 87 320 990 1601,
3931,item_3931,,item_3931,,0 5 27 57 152,item 3931 features: 0 5 27 57 152,
3933,item_3933,,item_3933,,77 109 158 260,item 3933 features: 77 109 158 260,
3934,item_3934,,item_3934,,16 27 57 74 82 142 152,item 3934 features: 16 27 57 74 82 142 152,
3935,item_3935,,item_3935,,6 26 27 142 150 153 461 1325,item 3935 features: 6 26 27 142 150 153 461 1325,
3936,item_3936,,item_3936,,30 75 77 80,item 3936 features: 30 75 77 80,
3939,item_3939,,item_3939,,80 251 303 1093 5025 6282 7897 7898,item 3939 features: 80 251 303 1093 5025 6282 7897 7898,
3941,item_3941,,item_3941,,16 22 36 86 99 112 199 263 272 285 407 1045,item 3941 features: 16 22 36 86 99 112 199 263 272 285 407 1045,
3943,item_3943,,item_3943,,0 1 68 69 75 140 320 614,item 3943 features: 0 1 68 69 75 140 320 614,
3944,item_3944,,item_3944,,69 75 109 135 139 662 2071 5625 6690 6695 8220,item 3944 features: 69 75 109 135 139 662 2071 5625 6690 6695 8220,
3945,item_3945,,item_3945,,75 77 135 139,item 3945 features: 75 77 135 139,
3946,item_3946,,item_3946,,30 321,item 3946 features: 30 321,
3947,item_3947,,item_3947,,12 31 150 421 1603 4093 4695,item 3947 features: 12 31 150 421 1603 4093 4695,
3948,item_3948,,item_3948,,11 12 13 16 19 30 44 79 150 154 691 756 1627 4092 5133 5136 5137 6301,item 3948 features: 11 12 13 16 19 30 44 79 150 154 691 756 1627 4092 5133 5136 5137 6301,
3949,item_3949,,item_3949,,11 12 13 16 22 36 44 83 86 150 604 692 2931,item 3949 features: 11 12 13 16 22 36 44 83 86 150 604 692 2931,
3950,item_3950,,item_3950,,12 25 83 176 689 691 692 6689,item 3950 features: 12 25 83 176 689 691 692 6689,
3951,item_3951,,item_3951,,11 12 13 16 19 21 43 193 367 1424 4374,item 3951 features: 11 12 13 16 19 21 43 193 367 1424 4374,
3952,item_3952,,item_3952,,22 69 74 75 77 80 94 158 251 323 602 2071 3573 4944 5625 5837 6433 6640 6685,item 3952 features: 22 69 74 75 77 80 94 158 251 323 602 2071 3573 4944 5625 5837 6433 6640 6685,
3953,item_3953,,item_3953,,22 75 112 158 176 404 3893 4278,item 3953 features: 22 75 112 158 176 404 3893 4278,
3955,item_3955,,item_3955,,6 26 27 69 142 176 452 1325 8359,item 3955 features: 6 26 27 69 142 176 452 1325 8359,
3961,item_3961,,item_3961,,11 12 16 22 77 79 112 115 148 193 247 251 327 630 691 1963 6008 6693,item 3961 features: 11 12 16 22 77 79 112 115 148 193 247 251 327 630 691 1963 6008 6693,
3962,item_3962,,item_3962,,11 12 1484,item 3962 features: 11 12 1484,
3963,item_3963,,item_3963,,11 14 16 22 36 53 65 69 70 74 75 77 80 101 109 115 144 147 148 158 166 169 170 173 176 179 192 193 197 235 242 251 260 293 303 309 321 323 367 377 396 397 404 541 585 602 606 634 662 666 668 683 691 700 706 717 740 749 768 803 1048 1049 1109 1140 1305 1424 1603 1856 2071 2105 2153 2170 2309 2314 2346 2349 2456 2804 2945 3153 3298 3705 3790 3808 3809 3810 3812 3890 4733 4789 4911 4944 5322 5625 5694 5741 5865 5874 6010 6168 6169 6170 6274 6283 6389 6431 6685 7012,item 3963 features: 11 14 16 22 36 53 65 69 70 74 75 77 80 101 109 115 144 147 148 158 166 169 170 173 176 179 192 193 197 235 242 251 260 293 303 309 321 323 367 377 396 397 404 541 585 602 606 634 662 666 668 683 691 700 706 717 740 749 768 803 1048 1049 1109 1140 1305 1424 1603 1856 2071 2105 2153 2170 2309 2314 2346 2349 2456 2804 2945 3153 3298 3705 3790 3808 3809 3810 3812 3890 4733 4789 4911 4944 5322 5625 5694 5741 5865 5874 6010 6168 6169 6170 6274 6283 6389 6431 6685 7012,
3964,item_3964,,item_3964,,11 27 36 69 74 75 77 80 84 100 101 109 147 148 173 176 179 197 199 210 242 247 260 377 396 541 691 696 706 938 941 942 1048 1143 1424 1456 1968 2071 2408 2804 4028 4758 5023 5625 5743 5874 6010 6274 6461 6462 6614 6690 6940 6941 7936 8196,item 3964 features: 11 27 36 69 74 75 77 80 84 100 101 109 147 148 173 176 179 197 199 210 242 247 260 377 396 541 691 696 706 938 941 942 1048 1143 1424 1456 1968 2071 2408 2804 4028 4758 5023 5625 5743 5874 6010 6274 6461 6462 6614 6690 6940 6941 7936 8196,
3965,item_3965,,item_3965,,11 12 14 22 23 24 30 36 68 69 71 74 75 77 80 84 100 101 105 110 115 135 136 147 148 154 155 158 169 176 191 192 194 195 197 208 235 242 244 247 251 252 260 291 293 302 303 321 322 323 396 404 407 408 409 421 422 423 510 520 541 574 577 579 602 606 611 650 662 666 668 670 691 692 693 696 703 706 717 844 862 963 1048 1060 1098 1140 1185 1203 1234 1235 1238 1242 1251 1252 1324 1334 1402 1407 1424 1447 1450 1462 1578 1665 1667 1775 1959 2128 2316 2453 2624 2643 2766 2809 2835 2888 3045 3065 3223 3293 3355 3415 3493 3506 3544 3545 3550 3551 3553 3557 3558 3576 3591 3657 3795 3801 3803 3823 3831 3944 4338 4580 4749 4750 4751 4752 4870 4871 4899 5093 5519 5869 5870 5877 6190 6219 6228 6274 6338 6551 6576 6634 6635 6642 6692 6754 6852 6853 6951 6952 6959 7148 7154 7811 7936 7937 8016 8380,item 3965 features: 11 12 14 22 23 24 30 36 68 69 71 74 75 77 80 84 100 101 105 110 115 135 136 147 148 154 155 158 169 176 191 192 194 195 197 208 235 242 244 247 251 252 260 291 293 302 303 321 322 323 396 404 407 408 409 421 422 423 510 520 541 574 577 579 602 606 611 650 662 666 668 670 691 692 693 696 703 706 717 844 862 963 1048 1060 1098 1140 1185 1203 1234 1235 1238 1242 1251 1252 1324 1334 1402 1407 1424 1447 1450 1462 1578 1665 1667 1775 1959 2128 2316 2453 2624 2643 2766 2809 2835 2888 3045 3065 3223 3293 3355 3415 3493 3506 3544 3545 3550 3551 3553 3557 3558 3576 3591 3657 3795 3801 3803 3823 3831 3944 4338 4580 4749 4750 4751 4752 4870 4871 4899 5093 5519 5869 5870 5877 6190 6219 6228 6274 6338 6551 6576 6634 6635 6642 6692 6754 6852 6853 6951 6952 6959 7148 7154 7811 7936 7937 8016 8380,
3966,item_3966,,item_3966,,0 11 12 14 30 63 68 69 71 74 75 77 80 84 109 115 136 144 147 148 158 173 179 210 260 291 320 321 343 354 377 435 461 662 668 693 696 717 1424 1771 2002 2654 2804 2846 2847 2900 3573 3577 3693 3696 3876 4065 4927 5617 6024 6625 6691 6800 7936,item 3966 features: 0 11 12 14 30 63 68 69 71 74 75 77 80 84 109 115 136 144 147 148 158 173 179 210 260 291 320 321 343 354 377 435 461 662 668 693 696 717 1424 1771 2002 2654 2804 2846 2847 2900 3573 3577 3693 3696 3876 4065 4927 5617 6024 6625 6691 6800 7936,
3967,item_3967,,item_3967,,14 23 69 74 75 77 80 83 107 109 115 136 147 155 173 179 197 235 242 251 260 291 303 323 367 377 1384 1402 1578 1603 1999 2071 2142 2285 2624 2804 3143 3298 3456 3561 4621 5625 5951 6430 6940 6941 7948 7949,item 3967 features: 14 23 69 74 75 77 80 83 107 109 115 136 147 155 173 179 197 235 242 251 260 291 303 323 367 377 1384 1402 1578 1603 1999 2071 2142 2285 2624 2804 3143 3298 3456 3561 4621 5625 5951 6430 6940 6941 7948 7949,
3969,item_3969,,item_3969,,22 69 74 75 77 80 115 148 247 251 260 327 423 630 691 693 895 1048 1234 1402 1539 3783 3823 3898 4453 4454 4746 5583 5747 5753 6114 6119 6124 6688 6694,item 3969 features: 22 69 74 75 77 80 115 148 247 251 260 327 423 630 691 693 895 1048 1234 1402 1539 3783 3823 3898 4453 4454 4746 5583 5747 5753 6114 6119 6124 6688 6694,
3970,item_3970,,item_3970,,4 69 74 75 77 80 90 109 242 247 251 291 706 756 766 769 770 774 1352 1603 2071 2806 3143 4127 4596 5625 5786 6564 6685 6688 7008 7709 7897 7898 7936,item 3970 features: 4 69 74 75 77 80 90 109 242 247 251 291 706 756 766 769 770 774 1352 1603 2071 2806 3143 4127 4596 5625 5786 6564 6685 6688 7008 7709 7897 7898 7936,
3971,item_3971,,item_3971,,11 22 57 69 74 75 77 80 105 109 118 147 148 158 176 193 247 251 260 323 404 602 691 692 768 771 773 1047 1048 1400 1424 1775 1799 1856 2491 2759 3536 3622 3623 4373 4374 4820 4899 5293 5740 5869 6685 6689 6951 6962 7140 7382 8145 8196,item 3971 features: 11 22 57 69 74 75 77 80 105 109 118 147 148 158 176 193 247 251 260 323 404 602 691 692 768 771 773 1047 1048 1400 1424 1775 1799 1856 2491 2759 3536 3622 3623 4373 4374 4820 4899 5293 5740 5869 6685 6689 6951 6962 7140 7382 8145 8196,
3972,item_3972,,item_3972,,11 22 23 53 68 69 74 75 77 81 109 144 145 147 148 154 155 169 173 176 179 189 199 242 260 291 303 309 320 321 377 404 408 422 540 606 613 666 691 706 710 717 826 833 844 862 916 950 958 1048 1235 1236 1238 1240 1241 1249 1408 1459 1489 1578 1769 1858 2453 3067 3758 4021 4314 4373 4574 4575 4581 4615 4789 4911 4935 4948 5377 5378 5553 5740 5741 5747 5748 5757 5877 5879 6614 6720 6721 6940 6951 6957 7127 7383,item 3972 features: 11 22 23 53 68 69 74 75 77 81 109 144 145 147 148 154 155 169 173 176 179 189 199 242 260 291 303 309 320 321 377 404 408 422 540 606 613 666 691 706 710 717 826 833 844 862 916 950 958 1048 1235 1236 1238 1240 1241 1249 1408 1459 1489 1578 1769 1858 2453 3067 3758 4021 4314 4373 4574 4575 4581 4615 4789 4911 4935 4948 5377 5378 5553 5740 5741 5747 5748 5757 5877 5879 6614 6720 6721 6940 6951 6957 7127 7383,
3973,item_3973,,item_3973,,77 251 1603 3153 3640 4871 6282,item 3973 features: 77 251 1603 3153 3640 4871 6282,
3976,item_3976,,item_3976,,14 16 70 109 574,item 3976 features: 14 16 70 109 574,
3977,item_3977,,item_3977,,16 36 86 99 456 1365 1725 1900 2055 6780,item 3977 features: 16 36 86 99 456 1365 1725 1900 2055 6780,
3978,item_3978,,item_3978,,16 36 260 263 585,item 3978 features: 16 36 260 263 585,
3979,item_3979,,item_3979,,16 27 36 86 150 453 456 585 1424 6780,item 3979 features: 16 27 36 86 150 453 456 585 1424 6780,
3982,item_3982,,item_3982,,16 75 77 96 97 105 158 258 1029 3299 4367 4918,item 3982 features: 16 75 77 96 97 105 158 258 1029 3299 4367 4918,
3984,item_3984,,item_3984,,16 22 36 66 99 105 109 112 150 158 173 197 199 242 260 263 291 293 456 520 1109 1895 2055 2314 3095 3821 6687 6780 6782,item 3984 features: 16 22 36 66 99 105 109 112 150 158 173 197 199 242 260 263 291 293 456 520 1109 1895 2055 2314 3095 3821 6687 6780 6782,
3988,item_3988,,item_3988,,69 155 321,item 3988 features: 69 155 321,
3994,item_3994,,item_3994,,16 75 96 97 107 150 173 179 309 450 2683 2685 7703,item 3994 features: 16 75 96 97 107 150 173 179 309 450 2683 2685 7703,
3998,item_3998,,item_3998,,8 16 44 57 70 82 109 303 717 2696,item 3998 features: 8 16 44 57 70 82 109 303 717 2696,
3999,item_3999,,item_3999,,0 23 69 87 320 501 502 1875,item 3999 features: 0 23 69 87 320 501 502 1875,
4000,item_4000,,item_4000,,14 15 23 36 70 109 147 235 390 422 495 661 6781 7958 7960 7962,item 4000 features: 14 15 23 36 70 109 147 235 390 422 495 661 6781 7958 7960 7962,
4005,item_4005,,item_4005,,11 12 13 16 18 19 150 447 604 693 1140 8151 8152 8153,item 4005 features: 11 12 13 16 18 19 150 447 604 693 1140 8151 8152 8153,
4006,item_4006,,item_4006,,16 30 57 82 150 495 1598 1600 2674 2675 2676 2677 2696,item 4006 features: 16 30 57 82 150 495 1598 1600 2674 2675 2676 2677 2696,
4007,item_4007,,item_4007,,77 80 210 1603 6123,item 4007 features: 77 80 210 1603 6123,
4009,item_4009,,item_4009,,11 16 22 29 70 75 112 179 191 251 658 717 1049 7864 8221,item 4009 features: 11 16 22 29 70 75 112 179 191 251 658 717 1049 7864 8221,
4010,item_4010,,item_4010,,46 75 77 109 112 115 148 173 247 285 358 423 690 691 756 4319 6001 7810,item 4010 features: 46 75 77 109 112 115 148 173 247 285 358 423 690 691 756 4319 6001 7810,
4011,item_4011,,item_4011,,0 68 72 87 320 499 663 1348 1421 1422 1600 2212 6140,item 4011 features: 0 68 72 87 320 499 663 1348 1421 1422 1600 2212 6140,
4013,item_4013,,item_4013,,80 90 91 92 94 756 1324 1456 4591,item 4013 features: 80 90 91 92 94 756 1324 1456 4591,
4014,item_4014,,item_4014,,69 77 84 321 5398,item 4014 features: 69 77 84 321 5398,
4015,item_4015,,item_4015,,12 83 325 689,item 4015 features: 12 83 325 689,
4016,item_4016,,item_4016,,14 22 23 30 46 69 75 112 115 158 164 192 291 321 407 421 611 818 865 866 872 1375 1442 1443 1650 2808 3189 3216 3415 3539 3673 4820 5916 7126 7603 7967,item 4016 features: 14 22 23 30 46 69 75 112 115 158 164 192 291 321 407 421 611 818 865 866 872 1375 1442 1443 1650 2808 3189 3216 3415 3539 3673 4820 5916 7126 7603 7967,
4019,item_4019,,item_4019,,72 148 154 321 354 697,item 4019 features: 72 148 154 321 354 697,
4020,item_4020,,item_4020,,23 29 30 422 437 872 2622 5577 5972 7719 8031,item 4020 features: 23 29 30 422 437 872 2622 5577 5972 7719 8031,
4021,item_4021,,item_4021,,154 197 418 421 422 436 437 1174 1182 3977 5766 5867 8025,item 4021 features: 154 197 418 421 422 436 437 1174 1182 3977 5766 5867 8025,
4022,item_4022,,item_4022,,14 22 23 69 74 75 101 105 109 155 158 164 179 192 194 265 407 437 520 611 733 734 735 738 739 740 741 744 750 751 836 863 865 1060 1143 1185 1346 1424 1462 1600 1651 1799 1896 2554 3214 3673 4819 4823 4897 5910 5912 5913 5914 5916 5922 6090 6875 7124,item 4022 features: 14 22 23 69 74 75 101 105 109 155 158 164 179 192 194 265 407 437 520 611 733 734 735 738 739 740 741 744 750 751 836 863 865 1060 1143 1185 1346 1424 1462 1600 1651 1799 1896 2554 3214 3673 4819 4823 4897 5910 5912 5913 5914 5916 5922 6090 6875 7124,
4023,item_4023,,item_4023,,27 91 154 421 422 428 436 437 693 763 864 1174 1557 3520 4587 5600 5867 8025,item 4023 features: 27 91 154 421 422 428 436 437 693 763 864 1174 1557 3520 4587 5600 5867 8025,
4024,item_4024,,item_4024,,27 154 192 437 4263 5600 5867,item 4024 features: 27 154 192 437 4263 5600 5867,
4025,item_4025,,item_4025,,43 69 75 77 118 272 2056 2243 3573,item 4025 features: 43 69 75 77 118 272 2056 2243 3573,
4026,item_4026,,item_4026,,16 22 36 75 84 112 173 251 327 507 598 2435 2789 3627,item 4026 features: 16 22 36 75 84 112 173 251 327 507 598 2435 2789 3627,
4027,item_4027,,item_4027,,69 75 77 80 115 173 323 3676 5875,item 4027 features: 69 75 77 80 115 173 323 3676 5875,
4028,item_4028,,item_4028,,77 80 112 235 495 4588 4590 6686,item 4028 features: 77 80 112 235 495 4588 4590 6686,
4031,item_4031,,item_4031,,22 68 69 74 75 77 115 136 148 176 179 194 291 399 421 1052 1424 2576 5666 7040,item 4031 features: 22 68 69 74 75 77 115 136 148 176 179 194 291 399 421 1052 1424 2576 5666 7040,
4032,item_4032,,item_4032,,22 69 74 75 77 80 109 144 251 323 1047 4789,item 4032 features: 22 69 74 75 77 80 109 144 251 323 1047 4789,
4036,item_4036,,item_4036,,69 75 112 115 146 147 179 591 613 692 978 1046 3268 3783 4930 4936 4937 5828 8195 8197 8201 8202,item 4036 features: 69 75 112 115 146 147 179 591 613 692 978 1046 3268 3783 4930 4936 4937 5828 8195 8197 8201 8202,
4037,item_4037,,item_4037,,77 80,item 4037 features: 77 80,
4038,item_4038,,item_4038,,22 30 69 77 115 147 155 208 247 611 862 866 1048 1098 6015 7875,item 4038 features: 22 30 69 77 115 147 155 208 247 611 862 866 1048 1098 6015 7875,
4040,item_4040,,item_4040,,23 69 154 155 343 365 696 697 717 844 1600 3576 3964 4843 4850 5264 6149,item 4040 features: 23 69 154 155 343 365 696 697 717 844 1600 3576 3964 4843 4850 5264 6149,
4041,item_4041,,item_4041,,112 115 133 507 519 585 1312 2316 2319,item 4041 features: 112 115 133 507 519 585 1312 2316 2319,
4042,item_4042,,item_4042,,69 155 208 365 696 3113,item 4042 features: 69 155 208 365 696 3113,
4045,item_4045,,item_4045,,141 143 314,item 4045 features: 141 143 314,
4046,item_4046,,item_4046,,86 263 277 1045,item 4046 features: 86 263 277 1045,
4048,item_4048,,item_4048,,69 101 112 146 303 342 591 5369,item 4048 features: 69 101 112 146 303 342 591 5369,
4049,item_4049,,item_4049,,14 75 77 235,item 4049 features: 14 75 77 235,
4050,item_4050,,item_4050,,77 96 258 4038 4649,item 4050 features: 77 96 258 4038 4649,
4051,item_4051,,item_4051,,80,item 4051 features: 80,
4053,item_4053,,item_4053,,68 320 611 3957 4461 4462,item 4053 features: 68 320 611 3957 4461 4462,
4056,item_4056,,item_4056,,133 194 197 242 303 404 507 519 606 641 706 1312 2055 6615 6617 6620,item 4056 features: 133 194 197 242 303 404 507 519 606 641 706 1312 2055 6615 6617 6620,
4057,item_4057,,item_4057,,46 77 112 115 148 247 404 447 606 691 717 4571 5881 7937 7938 8218,item 4057 features: 46 77 112 115 148 247 404 447 606 691 717 4571 5881 7937 7938 8218,
4058,item_4058,,item_4058,,96 97 133 1731 1732,item 4058 features: 96 97 133 1731 1732,
4059,item_4059,,item_4059,,11 22 75 79 99 115 147 148 156 158 197 199 212 247 260 293 404 421 447 606 691 717 1325 5542 6015 6018,item 4059 features: 11 22 75 79 99 115 147 148 156 158 197 199 212 247 260 293 404 421 447 606 691 717 1325 5542 6015 6018,
4060,item_4060,,item_4060,,77 146 148 247 691 693 978 1149 3306 4430 4431 5370,item 4060 features: 77 146 148 247 691 693 978 1149 3306 4430 4431 5370,
4064,item_4064,,item_4064,,12 30 56 150 2524 5136,item 4064 features: 12 30 56 150 2524 5136,
4065,item_4065,,item_4065,,79 147 1009 5867,item 4065 features: 79 147 1009 5867,
4067,item_4067,,item_4067,,16 30 36 144 487 936,item 4067 features: 16 30 36 144 487 936,
4071,item_4071,,item_4071,,69 74 146 591 978 1149 2789 5366 5367 5368 5369,item 4071 features: 69 74 146 591 978 1149 2789 5366 5367 5368 5369,
4073,item_4073,,item_4073,,22 23 69 79 94 155 164 179 194 208 396 588 611 691 706 1046 1048 1787 2453 7910,item 4073 features: 22 23 69 79 94 155 164 179 194 208 396 588 611 691 706 1046 1048 1787 2453 7910,
4074,item_4074,,item_4074,,13 16 18 19 20 31 79 98 99 327 988 1364 1898 4567 5577 5607 6436 8151 8152 8153,item 4074 features: 13 16 18 19 20 31 79 98 99 327 988 1364 1898 4567 5577 5607 6436 8151 8152 8153,
4075,item_4075,,item_4075,,11 13 14 16 19 75 96 150 173 291 309 631 757 999 1363 1365 1603 1903 2227 2323 2376 2696 4265 4587 5135 5136 5137 5153 5505 6091 6120 7126 7713,item 4075 features: 11 13 14 16 19 75 96 150 173 291 309 631 757 999 1363 1365 1603 1903 2227 2323 2376 2696 4265 4587 5135 5136 5137 5153 5505 6091 6120 7126 7713,
4077,item_4077,,item_4077,,69 139 141 143 395 1044 2071 2573,item 4077 features: 69 139 141 143 395 1044 2071 2573,
4078,item_4078,,item_4078,,97 133 258 377 422 519 568 581 691 693 853 1060 1424 2032 2316 2317 2318 2319 2320 2321 2323 2324 2325 2329 2919 7013,item 4078 features: 97 133 258 377 422 519 568 581 691 693 853 1060 1424 2032 2316 2317 2318 2319 2320 2321 2323 2324 2325 2329 2919 7013,
4080,item_4080,,item_4080,,14 22 30 46 75 77 79 81 96 112 133 158 179 285 323 507 717 1803 1885 6431 7936,item 4080 features: 14 22 30 46 75 77 79 81 96 112 133 158 179 285 323 507 717 1803 1885 6431 7936,
4082,item_4082,,item_4082,,16 36 77 80 150,item 4082 features: 16 36 77 80 150,
4084,item_4084,,item_4084,,14 36 69 75 77 80 101 112 179 235 342 422 4172 5666 8217,item 4084 features: 14 36 69 75 77 80 101 112 179 235 342 422 4172 5666 8217,
4085,item_4085,,item_4085,,68 69 173 487 715 994 996,item 4085 features: 68 69 173 487 715 994 996,
4087,item_4087,,item_4087,,68 69 74 75 147 495 520 1052 1999 4122 5666 6800,item 4087 features: 68 69 74 75 147 495 520 1052 1999 4122 5666 6800,
4089,item_4089,,item_4089,,14 15 27 30 166 7124,item 4089 features: 14 15 27 30 166 7124,
4090,item_4090,,item_4090,,69 109 112 144 145 197 285 342 5053,item 4090 features: 69 109 112 144 145 197 285 342 5053,
4091,item_4091,,item_4091,,16 22 27 36 77 112 150 162 251 263 286 330 1161 4729 6407 6687 7989,item 4091 features: 16 22 27 36 77 112 150 162 251 263 286 330 1161 4729 6407 6687 7989,
4092,item_4092,,item_4092,,53 69 193 284 323 404 699 707 1674 2633 2788 2790 6322,item 4092 features: 53 69 193 284 323 404 699 707 1674 2633 2788 2790 6322,
4093,item_4093,,item_4093,,16 22 36 162 284 1222 2108 2764,item 4093 features: 16 22 36 162 284 1222 2108 2764,
4094,item_4094,,item_4094,,69 74 75 109 135 139 144 145 148 179 258 260 634 2453 5040 5041 7709 8419,item 4094 features: 69 74 75 109 135 139 144 145 148 179 258 260 634 2453 5040 5041 7709 8419,
4095,item_4095,,item_4095,,69 74 75 291 495 821 833 2805 3494 4818 4830 5136 5869 5873,item 4095 features: 69 74 75 291 495 821 833 2805 3494 4818 4830 5136 5869 5873,
4096,item_4096,,item_4096,,0 1 5 75 140 161 309 314 614,item 4096 features: 0 1 5 75 140 161 309 314 614,
4097,item_4097,,item_4097,,12 14 16 19 65 69 75 77 84 109 150 235 263 456 769 1603 4765 4816 5133 5860 6595,item 4097 features: 12 14 16 19 65 69 75 77 84 109 150 235 263 456 769 1603 4765 4816 5133 5860 6595,
4098,item_4098,,item_4098,,30 147 148 154 7875,item 4098 features: 30 147 148 154 7875,
4099,item_4099,,item_4099,,11 12 13 16 18 19 30 36 44 63 77 83 150 154 263 291 456 1161 1599 5999 6302,item 4099 features: 11 12 13 16 18 19 30 36 44 63 77 83 150 154 263 291 456 1161 1599 5999 6302,
4100,item_4100,,item_4100,,12 30 44 83 4090,item 4100 features: 12 30 44 83 4090,
4102,item_4102,,item_4102,,112 208 340 358 690 1221 2128,item 4102 features: 112 208 340 358 690 1221 2128,
4106,item_4106,,item_4106,,83 154,item 4106 features: 83 154,
4109,item_4109,,item_4109,,46 147 272 666 798 5135,item 4109 features: 46 147 272 666 798 5135,
4112,item_4112,,item_4112,,143 157 314 978 1165,item 4112 features: 143 157 314 978 1165,
4115,item_4115,,item_4115,,0 4 314 315 617 618 621 1835,item 4115 features: 0 4 314 315 617 618 621 1835,
4116,item_4116,,item_4116,,0 4 314 315 319 502 619,item 4116 features: 0 4 314 315 319 502 619,
4117,item_4117,,item_4117,,0 3 4 72 78 87 314 319 320 487 618 619 991 1062 1405 6899,item 4117 features: 0 3 4 72 78 87 314 319 320 487 618 619 991 1062 1405 6899,
4118,item_4118,,item_4118,,0 109 157 192 314 315 978,item 4118 features: 0 109 157 192 314 315 978,
4119,item_4119,,item_4119,,69 75 139 144 495 4505,item 4119 features: 69 75 139 144 495 4505,
4123,item_4123,,item_4123,,69 74 75 112 115 158,item 4123 features: 69 74 75 112 115 158,
4125,item_4125,,item_4125,,14 15 16 23 43 53 57 69 70 74 75 77 105 109 115 150 158 163 173 176 197 199 242 291 303 390 404 410 461 664 668 673 717 885 940 1143 1325 1424 1569 2625 2639 2833 2846 2847 2851 2941 2945 2946 2947 3464 3521 4158 4261 5381 6023 7437 7438 7442,item 4125 features: 14 15 16 23 43 53 57 69 70 74 75 77 105 109 115 150 158 163 173 176 197 199 242 291 303 390 404 410 461 664 668 673 717 885 940 1143 1325 1424 1569 2625 2639 2833 2846 2847 2851 2941 2945 2946 2947 3464 3521 4158 4261 5381 6023 7437 7438 7442,
4126,item_4126,,item_4126,,16 30 143,item 4126 features: 16 30 143,
4127,item_4127,,item_4127,,69 109 115 148 8270,item 4127 features: 69 109 115 148 8270,
4129,item_4129,,item_4129,,12 31 115 148 245 247 421 437 4093,item 4129 features: 12 31 115 148 245 247 421 437 4093,
4130,item_4130,,item_4130,,22 23 46 69 112 147 155 156 197 208 286 574 611 865 1098 1424 1959 3355 3818 4760 4762 5688 5692 6692 6696 7967,item 4130 features: 22 23 46 69 112 147 155 156 197 208 286 574 611 865 1098 1424 1959 3355 3818 4760 4762 5688 5692 6692 6696 7967,
4131,item_4131,,item_4131,,12 21 25 112 142 150 1128 5331,item 4131 features: 12 21 25 112 142 150 1128 5331,
4132,item_4132,,item_4132,,14 17 22 23 94 112 144 717 836 862 1346 1796 1937 3236,item 4132 features: 14 17 22 23 94 112 144 717 836 862 1346 1796 1937 3236,
4136,item_4136,,item_4136,,69 75 77 79 109 112 115 147 148 247 342 1152 1599 7154 7783 7902,item 4136 features: 69 75 77 79 109 112 115 147 148 247 342 1152 1599 7154 7783 7902,
4142,item_4142,,item_4142,,69 74,item 4142 features: 69 74,
4144,item_4144,,item_4144,,115 365 696,item 4144 features: 115 365 696,
4146,item_4146,,item_4146,,12 16 30 31 44 65 196 263 455 456 460,item 4146 features: 12 16 30 31 44 65 196 263 455 456 460,
4148,item_4148,,item_4148,,69 135,item 4148 features: 69 135,
4149,item_4149,,item_4149,,79 154 172 179 208 212 260 696 703 766 770 772 783 785 1050 1347 2722 3548 3818 5501 5691 5864 5871 7509 8090,item 4149 features: 79 154 172 179 208 212 260 696 703 766 770 772 783 785 1050 1347 2722 3548 3818 5501 5691 5864 5871 7509 8090,
4150,item_4150,,item_4150,,36 79 154 212 421 602 696 1098 4370 4987 4994,item 4150 features: 36 79 154 212 421 602 696 1098 4370 4987 4994,
4152,item_4152,,item_4152,,68 69 76 144 145 179 208 210 328 611 672 1601 1651 1788 6875,item 4152 features: 68 69 76 144 145 179 208 210 328 611 672 1601 1651 1788 6875,
4154,item_4154,,item_4154,,74 148 247 978 8195,item 4154 features: 74 148 247 978 8195,
4155,item_4155,,item_4155,,69 72 74 146 321 340 358 978 1149 2789 4174 4932 5366 5367 5368 5369 6997,item 4155 features: 69 72 74 146 321 340 358 978 1149 2789 4174 4932 5366 5367 5368 5369 6997,
4159,item_4159,,item_4159,,46 146 358 692 978 2762 2789 3306 5370 8195,item 4159 features: 46 146 358 692 978 2762 2789 3306 5370 8195,
4160,item_4160,,item_4160,,75 140 161 173 272 309 5305,item 4160 features: 75 140 161 173 272 309 5305,
4161,item_4161,,item_4161,,69 74 75 77 109 135 139 144 145 862 4107 6689 6761 6766 6850 6851,item 4161 features: 69 74 75 77 109 135 139 144 145 862 4107 6689 6761 6766 6850 6851,
4162,item_4162,,item_4162,,75 77 135 139 144 145 291 377 6013,item 4162 features: 75 77 135 139 144 145 291 377 6013,
4163,item_4163,,item_4163,,0 15 17 22 23 68 69 154 155 164 192 194 242 252 320 401 407 419 422 487 641 661 706 715 824 996 1305 1346 1462 1787 2245 3144 3415 3547 3574 8041,item 4163 features: 0 15 17 22 23 68 69 154 155 164 192 194 242 252 320 401 407 419 422 487 641 661 706 715 824 996 1305 1346 1462 1787 2245 3144 3415 3547 3574 8041,
4164,item_4164,,item_4164,,22 69 139 194 286 295 618 847 1532 1538 1539 8024,item 4164 features: 22 69 139 194 286 295 618 847 1532 1538 1539 8024,
4165,item_4165,,item_4165,,144 145 291 2175 7551 7936 7938,item 4165 features: 144 145 291 2175 7551 7936 7938,
4166,item_4166,,item_4166,,77 112 303,item 4166 features: 77 112 303,
4167,item_4167,,item_4167,,79 148 247 574 696 697 2786 3113 3116 4844 5871 6160,item 4167 features: 79 148 247 574 696 697 2786 3113 3116 4844 5871 6160,
4168,item_4168,,item_4168,,0 109 112 314 319 495 1058 1165 1316,item 4168 features: 0 109 112 314 319 495 1058 1165 1316,
4171,item_4171,,item_4171,,12 16 30 83 150 689,item 4171 features: 12 16 30 83 150 689,
4173,item_4173,,item_4173,,69 77 94 115 154 156 179 260 291 697 706 865 1046 1060 1090 1226 1397 1690 2257 2453 3227 4692 4693 6567 6791,item 4173 features: 69 77 94 115 154 156 179 260 291 697 706 865 1046 1060 1090 1226 1397 1690 2257 2453 3227 4692 4693 6567 6791,
4174,item_4174,,item_4174,,77 156 247 630 3515,item 4174 features: 77 156 247 630 3515,
4175,item_4175,,item_4175,,75 146 148 720 978 1348 3306 5301,item 4175 features: 75 146 148 720 978 1348 3306 5301,
4178,item_4178,,item_4178,,16 57 142 153 461 862 1128 1919 2700 3153 3639,item 4178 features: 16 57 142 153 461 862 1128 1919 2700 3153 3639,
4179,item_4179,,item_4179,,8 16 27 57 82 309 451 461 541 769 774 776 777 1109 2696,item 4179 features: 8 16 27 57 82 309 451 461 541 769 774 776 777 1109 2696,
4180,item_4180,,item_4180,,16 57 70 82 142 150 153 165 461 862 1128 2696 3639,item 4180 features: 16 57 70 82 142 150 153 165 461 862 1128 2696 3639,
4181,item_4181,,item_4181,,96 97 133 258 849 5788,item 4181 features: 96 97 133 258 849 5788,
4184,item_4184,,item_4184,,22 115 148 247 260 1502 5868,item 4184 features: 22 115 148 247 260 1502 5868,
4185,item_4185,,item_4185,,69 74 424 605 2844 6690,item 4185 features: 69 74 424 605 2844 6690,
4186,item_4186,,item_4186,,6 24 53 72 74 75 78 112 142 147 321 409 491 716 1058 1375 2385,item 4186 features: 6 24 53 72 74 75 78 112 142 147 321 409 491 716 1058 1375 2385,
4187,item_4187,,item_4187,,11 12 16 19 30 63 69 75 77 84 109 112 176 193 242 247 342 377 604 606 651 1375 1441 1443 1775 1962 1963 2055 2835 4374 4513 6336 7126,item 4187 features: 11 12 16 19 30 63 69 75 77 84 109 112 176 193 242 247 342 377 604 606 651 1375 1441 1443 1775 1962 1963 2055 2835 4374 4513 6336 7126,
4189,item_4189,,item_4189,,22 23 27 28 36 70 166 401 417 1051 4885 4890,item 4189 features: 22 23 27 28 36 70 166 401 417 1051 4885 4890,
4190,item_4190,,item_4190,,14 22 23 235 588,item 4190 features: 14 22 23 235 588,
4191,item_4191,,item_4191,,14 22 23 158 251 367 1047 1140 1650 2492,item 4191 features: 14 22 23 158 251 367 1047 1140 1650 2492,
4192,item_4192,,item_4192,,14 15 16 22 23 27 36 69 70 112 154 455 733 735 736 745 747 3527 5448 5450,item 4192 features: 14 15 16 22 23 27 36 69 70 112 154 455 733 735 736 745 747 3527 5448 5450,
4193,item_4193,,item_4193,,27 68 320 3727 3829,item 4193 features: 27 68 320 3727 3829,
4195,item_4195,,item_4195,,16 22 36 112 133 158 169 173 243 333 404 507 541 606 662 933 964 2879 4148 5543 7292 7503 7522 7624,item 4195 features: 16 22 36 112 133 158 169 173 243 333 404 507 541 606 662 933 964 2879 4148 5543 7292 7503 7522 7624,
4196,item_4196,,item_4196,,77 80 325,item 4196 features: 77 80 325,
4198,item_4198,,item_4198,,75 94 115 144 145 206 256 377 1819 3421 3738 4587 5192 5193 5953 6282 7823,item 4198 features: 75 94 115 144 145 206 256 377 1819 3421 3738 4587 5192 5193 5953 6282 7823,
4199,item_4199,,item_4199,,11 14 22 69 74 75 77 80 84 105 109 148 155 158 176 191 192 195 235 242 260 291 293 323 396 409 541 602 606 666 668 670 691 698 703 706 830 844 1383 1424 1663 1799 1856 1894 2453 3494 3790 3791 3793 3796 4374 4424 4571 4822 4835 4870 4927 5446 6193 6636 7126 7155 7157 7160 7169 7968 8014 8432,item 4199 features: 11 14 22 69 74 75 77 80 84 105 109 148 155 158 176 191 192 195 235 242 260 291 293 323 396 409 541 602 606 666 668 670 691 698 703 706 830 844 1383 1424 1663 1799 1856 1894 2453 3494 3790 3791 3793 3796 4374 4424 4571 4822 4835 4870 4927 5446 6193 6636 7126 7155 7157 7160 7169 7968 8014 8432,
4200,item_4200,,item_4200,,22 69 74 75 77 80 91 179 291 717 835 950 968 1093 1603 3900 4677 4678,item 4200 features: 22 69 74 75 77 80 91 179 291 717 835 950 968 1093 1603 3900 4677 4678,
4201,item_4201,,item_4201,,22 30 75 77 109 115 148 247 251 630 691 765 950 2115 3143 3348 3820 3901 5221 7785,item 4201 features: 22 30 75 77 109 115 148 247 251 630 691 765 950 2115 3143 3348 3820 3901 5221 7785,
4202,item_4202,,item_4202,,11 69 75 77 115 148 176 192 193 194 242 244 247 251 260 404 409 421 604 691 693 706 765 1071 1107 1180 1471 1543 2149 3169 3539 4007 5649 5650 5743 5786 5876 6688 6689 6694 7154 7785 8372,item 4202 features: 11 69 75 77 115 148 176 192 193 194 242 244 247 251 260 404 409 421 604 691 693 706 765 1071 1107 1180 1471 1543 2149 3169 3539 4007 5649 5650 5743 5786 5876 6688 6689 6694 7154 7785 8372,
4203,item_4203,,item_4203,,11 14 30 36 53 69 71 74 75 77 80 105 109 148 158 170 173 176 189 191 192 197 210 235 242 293 321 322 323 404 408 421 602 606 612 613 662 668 691 698 717 804 805 1048 1235 1306 1384 1424 1771 1775 1885 1958 2071 2141 2208 2743 2804 2806 2809 2835 3298 3527 3832 3835 4424 4816 4828 4911 5027 5030 5402 5625 5786 5807 5860 6002 6006 6010 6190 6389 6688 6695 6754 7208 7379 7380 7415 8422,item 4203 features: 11 14 30 36 53 69 71 74 75 77 80 105 109 148 158 170 173 176 189 191 192 197 210 235 242 293 321 322 323 404 408 421 602 606 612 613 662 668 691 698 717 804 805 1048 1235 1306 1384 1424 1771 1775 1885 1958 2071 2141 2208 2743 2804 2806 2809 2835 3298 3527 3832 3835 4424 4816 4828 4911 5027 5030 5402 5625 5786 5807 5860 6002 6006 6010 6190 6389 6688 6695 6754 7208 7379 7380 7415 8422,
4204,item_4204,,item_4204,,11 16 22 29 30 36 43 69 74 75 77 80 84 96 109 115 128 145 147 148 154 170 173 179 242 247 260 279 291 598 606 662 691 693 696 717 1143 1290 1394 1627 2044 2055 2441 2696 2804 2805 2817 3456 3539 3573 3997 4373 4374 4571 4819 4832 4834 5133 5859 5860 7126 7904 7938 7948 7949 8023 8433,item 4204 features: 11 16 22 29 30 36 43 69 74 75 77 80 84 96 109 115 128 145 147 148 154 170 173 179 242 247 260 279 291 598 606 662 691 693 696 717 1143 1290 1394 1627 2044 2055 2441 2696 2804 2805 2817 3456 3539 3573 3997 4373 4374 4571 4819 4832 4834 5133 5859 5860 7126 7904 7938 7948 7949 8023 8433,
4205,item_4205,,item_4205,,22 69 74 75 77 80 101 109 135 139 141 143 144 145 149 157 173 179 192 242 260 326 377 404 421 521 625 634 862 1107 1154 1276 1600 2055 2071 2351 2413 3529 4296 4344 5034 5035 5665 5783 6204 6634 6635 6855 6856 7562 8023,item 4205 features: 22 69 74 75 77 80 101 109 135 139 141 143 144 145 149 157 173 179 192 242 260 326 377 404 421 521 625 634 862 1107 1154 1276 1600 2055 2071 2351 2413 3529 4296 4344 5034 5035 5665 5783 6204 6634 6635 6855 6856 7562 8023,
4206,item_4206,,item_4206,,69 74 75 77 79 80 101 109 115 144 148 158 173 210 260 323 606 668 698 1162 1324 2453 2809 3231 3298 3420 6685 7171,item 4206 features: 69 74 75 77 79 80 101 109 115 144 148 158 173 210 260 323 606 668 698 1162 1324 2453 2809 3231 3298 3420 6685 7171,
4207,item_4207,,item_4207,,0 1 68 69 139 140 141 143 147 149 157 314 540 634 1165 1499 1849 1863 2637 5856 5857 6429 6793,item 4207 features: 0 1 68 69 139 140 141 143 147 149 157 314 540 634 1165 1499 1849 1863 2637 5856 5857 6429 6793,
4208,item_4208,,item_4208,,0 68 69 74 291 715 818 826 833 844 996 1302,item 4208 features: 0 68 69 74 291 715 818 826 833 844 996 1302,
4211,item_4211,,item_4211,,0 87 157 193 314 502 862 1158,item 4211 features: 0 87 157 193 314 502 862 1158,
4215,item_4215,,item_4215,,69 144 151,item 4215 features: 69 144 151,
4216,item_4216,,item_4216,,0 68 69 74 75 96 97 179 291 309 796 856 938,item 4216 features: 0 68 69 74 75 96 97 179 291 309 796 856 938,
4217,item_4217,,item_4217,,36 43 69 74 75 77 80 147 148 173 197 210 242 487 703 844 1162 4459 5607 6489 6940,item 4217 features: 36 43 69 74 75 77 80 147 148 173 197 210 242 487 703 844 1162 4459 5607 6489 6940,
4218,item_4218,,item_4218,,22 69 74 75 77 101 173 260 585 606 695 850 1775 2717 6940 8370,item 4218 features: 22 69 74 75 77 101 173 260 585 606 695 850 1775 2717 6940 8370,
4219,item_4219,,item_4219,,16 22 36 46 70 75 81 109 112 115 150 162 194 199 242 290 291 293 421 487 507 520 568 585 592 965 1401 2314 2323 3494 4316 4571 6844,item 4219 features: 16 22 36 46 70 75 81 109 112 115 150 162 194 199 242 290 291 293 421 487 507 520 568 585 592 965 1401 2314 2323 3494 4316 4571 6844,
4220,item_4220,,item_4220,,11 22 36 46 109 112 113 133 158 164 166 169 191 194 199 285 288 291 303 323 405 507 510 519 830 883 1046 1137 1203 1263 1450 1814 2704 2764 2906 3293 3527 3551 3553 4270 4273 4274 4365 5045 5062 5519 5520 5521 5522 5525 5591 5740 5741 5742 5754 6491 6626 6992 7711 8018 8173,item 4220 features: 11 22 36 46 109 112 113 133 158 164 166 169 191 194 199 285 288 291 303 323 405 507 510 519 830 883 1046 1137 1203 1263 1450 1814 2704 2764 2906 3293 3527 3551 3553 4270 4273 4274 4365 5045 5062 5519 5520 5521 5522 5525 5591 5740 5741 5742 5754 6491 6626 6992 7711 8018 8173,
4222,item_4222,,item_4222,,251 327 703 756 4559,item 4222 features: 251 327 703 756 4559,
4223,item_4223,,item_4223,,29 30 39 63 83 109 592 1604 1963 4927 5134 7967,item 4223 features: 29 30 39 63 83 109 592 1604 1963 4927 5134 7967,
4226,item_4226,,item_4226,,80 210 2559 7414,item 4226 features: 80 210 2559 7414,
4227,item_4227,,item_4227,,63 69 80 109 129 179 377 756 1352,item 4227 features: 63 69 80 109 129 179 377 756 1352,
4228,item_4228,,item_4228,,75 109 139 141 143 144 145 149 157 634 1165 1276 7254,item 4228 features: 75 109 139 141 143 144 145 149 157 634 1165 1276 7254,
4230,item_4230,,item_4230,,16 30 141 143 157 846 4283 4286,item 4230 features: 16 30 141 143 157 846 4283 4286,
4231,item_4231,,item_4231,,30 157 617 1879 2024,item 4231 features: 30 157 617 1879 2024,
4239,item_4239,,item_4239,,11 12 13 16 30 79 154 438 439 599 1769 4993 5576,item 4239 features: 11 12 13 16 30 79 154 438 439 599 1769 4993 5576,
4241,item_4241,,item_4241,,30 79 696,item 4241 features: 30 79 696,
4242,item_4242,,item_4242,,29 30 31 377 872 1599 2622 4093 5576 5577 5578 5972,item 4242 features: 29 30 31 377 872 1599 2622 4093 5576 5577 5578 5972,
4245,item_4245,,item_4245,,11 16 112 150 8151 8152,item 4245 features: 11 16 112 150 8151 8152,
4246,item_4246,,item_4246,,13 16 18 19 112 631,item 4246 features: 13 16 18 19 112 631,
4248,item_4248,,item_4248,,0 23 68 69 85 87 320 353 499 501 767 768 772 774 775 1510 1600 4607 4893 4894 5600 6662 6674,item 4248 features: 0 23 68 69 85 87 320 353 499 501 767 768 772 774 775 1510 1600 4607 4893 4894 5600 6662 6674,
4250,item_4250,,item_4250,,120 121 128 147 433,item 4250 features: 120 121 128 147 433,
4251,item_4251,,item_4251,,0 69 72 85 109 119 154 173 291 320 321 354 421 501 706 955 1058 1274 2295 2967 4065 4663 5162 5553 5686 6140,item 4251 features: 0 69 72 85 109 119 154 173 291 320 321 354 421 501 706 955 1058 1274 2295 2967 4065 4663 5162 5553 5686 6140,
4252,item_4252,,item_4252,,0 69 72 109 499,item 4252 features: 0 69 72 109 499,
4253,item_4253,,item_4253,,0 68 69 72 85 158 192 242 260 320 347 350 499 717 2020 3965 5614 6090,item 4253 features: 0 68 69 72 85 158 192 242 260 320 347 350 499 717 2020 3965 5614 6090,
4254,item_4254,,item_4254,,11 16 77 592 5957,item 4254 features: 11 16 77 592 5957,
4255,item_4255,,item_4255,,0 68 69 72 74 75 85 101 148 155 320 346 358 359 499 1407 1578 5614 5683 6096 7492,item 4255 features: 0 68 69 72 74 75 85 101 148 155 320 346 358 359 499 1407 1578 5614 5683 6096 7492,
4257,item_4257,,item_4257,,69 74 75 77 112 139 146 404 4744,item 4257 features: 69 74 75 77 112 139 146 404 4744,
4264,item_4264,,item_4264,,22 69 101 135 252 260 339 964 1049 1772 4360 5225 6728,item 4264 features: 22 69 101 135 252 260 339 964 1049 1772 4360 5225 6728,
4265,item_4265,,item_4265,,22 36 133 199 260 291 293 310 507 691 706 717 818 821 842 862 1046 1049 2055 3415 4380 5544 6632,item 4265 features: 22 36 133 199 260 291 293 310 507 691 706 717 818 821 842 862 1046 1049 2055 3415 4380 5544 6632,
4267,item_4267,,item_4267,,0 1 4 5 57 87 320 862 2439 4789 4801,item 4267 features: 0 1 4 5 57 87 320 862 2439 4789 4801,
4268,item_4268,,item_4268,,22 36 46 69 77 109 112 147 166 247 285 286 287 288 289 291 292 293 294 301 311 312 334 521 683 706 1263 1424 5740 5742 5745 5746 6440 6881 7339 8401,item 4268 features: 22 36 46 69 77 109 112 147 166 247 285 286 287 288 289 291 292 293 294 301 311 312 334 521 683 706 1263 1424 5740 5742 5745 5746 6440 6881 7339 8401,
4269,item_4269,,item_4269,,22 36 109 112 262 270 285 291 295 303 307 698 2252 3423 3425 5748 8024,item 4269 features: 22 36 109 112 262 270 285 291 295 303 307 698 2252 3423 3425 5748 8024,
4270,item_4270,,item_4270,,12 16 41 44 150 3730,item 4270 features: 12 16 41 44 150 3730,
4272,item_4272,,item_4272,,22 36 46 69 112 156 162 166 193 262 270 285 286 287 288 289 290 292 294 295 307 312 847 1109 1424 8024 8382 8383,item 4272 features: 22 36 46 69 112 156 162 166 193 262 270 285 286 287 288 289 290 292 294 295 307 312 847 1109 1424 8024 8382 8383,
4273,item_4273,,item_4273,,11 16 22 23 36 46 75 86 94 105 112 150 166 171 173 193 197 199 242 262 263 285 286 289 291 293 296 299 302 303 310 367 641 683 1111 1313 1936 3217 3280 5591 7988,item 4273 features: 11 16 22 23 36 46 75 86 94 105 112 150 166 171 173 193 197 199 242 262 263 285 286 289 291 293 296 299 302 303 310 367 641 683 1111 1313 1936 3217 3280 5591 7988,
4274,item_4274,,item_4274,,75 77 2680 4231 6558,item 4274 features: 75 77 2680 4231 6558,
4278,item_4278,,item_4278,,16 75 77 80 109 235 263 379 749 3026 4747 6686 7213 7970 7972,item 4278 features: 16 75 77 80 109 235 263 379 749 3026 4747 6686 7213 7970 7972,
4279,item_4279,,item_4279,,14 77 158 235 251 1384 7967,item 4279 features: 14 77 158 235 251 1384 7967,
4280,item_4280,,item_4280,,16 109 179 5329 6396,item 4280 features: 16 109 179 5329 6396,
4282,item_4282,,item_4282,,12 16 31 44 62 65 66 150 456 4567,item 4282 features: 12 16 31 44 62 65 66 150 456 4567,
4283,item_4283,,item_4283,,21 25 46 75 112 247 253 495 719 1543 1568 2634 2917 8070 8428,item 4283 features: 21 25 46 75 112 247 253 495 719 1543 1568 2634 2917 8070 8428,
4285,item_4285,,item_4285,,75 77 202 204 225 327 5292,item 4285 features: 75 77 202 204 225 327 5292,
4286,item_4286,,item_4286,,11 12 16 30 147 150 154 381 422 437 1009 2151 2674 2675 2676 2681 4763 5425 5867 7875,item 4286 features: 11 12 16 30 147 150 154 381 422 437 1009 2151 2674 2675 2676 2681 4763 5425 5867 7875,
4288,item_4288,,item_4288,,16 22 69 74 75 77 101 135 139 144 145 147 169 173 176 191 260 303 323 404 563 602 863 881 1048 1238 1263 1424 1456 2055 2854 3783 4121 4122 5625 5859 5860 6350 6459 6657 6956 7033 7709 8201 8217 8280 8420,item 4288 features: 16 22 69 74 75 77 101 135 139 144 145 147 169 173 176 191 260 303 323 404 563 602 863 881 1048 1238 1263 1424 1456 2055 2854 3783 4121 4122 5625 5859 5860 6350 6459 6657 6956 7033 7709 8201 8217 8280 8420,
4289,item_4289,,item_4289,,22 69 84 155 158 208 447 574 602 611 717 844 862 865 1048 1373 1667 2635 3558 5688 5689 5690 5691 5693,item 4289 features: 22 69 84 155 158 208 447 574 602 611 717 844 862 865 1048 1373 1667 2635 3558 5688 5689 5690 5691 5693,
4290,item_4290,,item_4290,,11 12 13 16 18 19 22 30 36 44 70 77 79 112 115 150 158 291 323 507 604 691 693 1143 3519 4826 6315 6686 7070,item 4290 features: 11 12 13 16 18 19 22 30 36 44 70 77 79 112 115 150 158 291 323 507 604 691 693 1143 3519 4826 6315 6686 7070,
4291,item_4291,,item_4291,,22 69 75 112 291 323 1047 1576 1653 2491 2492 2504 3093 4816 4817 4832 4837 7720,item 4291 features: 22 69 75 112 291 323 1047 1576 1653 2491 2492 2504 3093 4816 4817 4832 4837 7720,
4293,item_4293,,item_4293,,22 36 96 112 133 158 404 507 1802 3496,item 4293 features: 22 36 96 112 133 158 404 507 1802 3496,
4295,item_4295,,item_4295,,145 214 220 221 222 223 1371,item 4295 features: 145 214 220 221 222 223 1371,
4297,item_4297,,item_4297,,12 30 31 44 150 7201 7288,item 4297 features: 12 30 31 44 150 7201 7288,
4298,item_4298,,item_4298,,69 110 155 158 208 293 365 574 696 842 1203 1667 1789 5688 5691 6090 6654,item 4298 features: 69 110 155 158 208 293 365 574 696 842 1203 1667 1789 5688 5691 6090 6654,
4299,item_4299,,item_4299,,11 12 13 16 30 31 84 150 263 321 460 895 2158 2674 2675 2676,item 4299 features: 11 12 13 16 30 31 84 150 263 321 460 895 2158 2674 2675 2676,
4300,item_4300,,item_4300,,154 365 696 5264 6149,item 4300 features: 154 365 696 5264 6149,
4301,item_4301,,item_4301,,69 155 365 507 696 697 2786 3118 4843 5265,item 4301 features: 69 155 365 507 696 697 2786 3118 4843 5265,
4303,item_4303,,item_4303,,365 696 697 3113,item 4303 features: 365 696 697 3113,
4304,item_4304,,item_4304,,11 69 91 115 148 155 247 404 423 574 611 691 696 861 867 963 966 1048 1543 1651 1653 1659 1665 3113 3522 4673 5690 5863 5864 5865 5958 6015,item 4304 features: 11 69 91 115 148 155 247 404 423 574 611 691 696 861 867 963 966 1048 1543 1651 1653 1659 1665 3113 3522 4673 5690 5863 5864 5865 5958 6015,
4306,item_4306,,item_4306,,16 22 36 68 69 74 75 77 80 100 109 147 150 155 162 166 176 191 244 251 263 272 321 396 598 606 691 692 1161 1424 1697 1775 2007 2820 2966 2972 3801 4025 5951 6554 7039 7904 8217 8220,item 4306 features: 16 22 36 68 69 74 75 77 80 100 109 147 150 155 162 166 176 191 244 251 263 272 321 396 598 606 691 692 1161 1424 1697 1775 2007 2820 2966 2972 3801 4025 5951 6554 7039 7904 8217 8220,
4307,item_4307,,item_4307,,96 97 112 133 169 195 197 258 260 606 796 1234 1424 5705,item 4307 features: 96 97 112 133 169 195 197 258 260 606 796 1234 1424 5705,
4308,item_4308,,item_4308,,16 22 36 96 97 99 133 169 191 293 379 456 598 651 3137 7071,item 4308 features: 16 22 36 96 97 99 133 169 191 293 379 456 598 651 3137 7071,
4309,item_4309,,item_4309,,22 96 112 133 147 258 379 700 7988,item 4309 features: 22 96 112 133 147 258 379 700 7988,
4310,item_4310,,item_4310,,22 36 46 112 133 169 179 258 2345 5523 7952 8217 8235,item 4310 features: 22 36 46 112 133 169 179 258 2345 5523 7952 8217 8235,
4311,item_4311,,item_4311,,22 36 109 112 114 133 163 169 197 258 404 519 1794 2252 4449 6611 6613 8185,item 4311 features: 22 36 109 112 114 133 163 169 197 258 404 519 1794 2252 4449 6611 6613 8185,
4312,item_4312,,item_4312,,74 109 139 141 143 154 157 176 242 354 625 2350 2351 2353 4661 6688 6690 6694 8289,item 4312 features: 74 109 139 141 143 154 157 176 242 354 625 2350 2351 2353 4661 6688 6690 6694 8289,
4313,item_4313,,item_4313,,68 69 74 262 3028 4189 4192 4193,item 4313 features: 68 69 74 262 3028 4189 4192 4193,
4314,item_4314,,item_4314,,22 36 46 101 112 147 165 169 176 179 191 197 252 285 288 339 404 408 521 541 564 606 657 796 1521 1837 1943 1945 2032 3137 3333 5813 5820 5821 5822 5823 5824 6479,item 4314 features: 22 36 46 101 112 147 165 169 176 179 191 197 252 285 288 339 404 408 521 541 564 606 657 796 1521 1837 1943 1945 2032 3137 3333 5813 5820 5821 5822 5823 5824 6479,
4316,item_4316,,item_4316,,11 12 21 29 47 53 63 75 77 83 109 115 147 150 154 176 253 272 327 421 429 437 606 668 670 733 1009 1375 1441 1599 1799 1894 2096 2249 2622 3279 3790 3791 3793 3804 4093 4374 4450 4567 4568 5134 6343 6344 6805 7008 8107 8428 8429,item 4316 features: 11 12 21 29 47 53 63 75 77 83 109 115 147 150 154 176 253 272 327 421 429 437 606 668 670 733 1009 1375 1441 1599 1799 1894 2096 2249 2622 3279 3790 3791 3793 3804 4093 4374 4450 4567 4568 5134 6343 6344 6805 7008 8107 8428 8429,
4318,item_4318,,item_4318,,75 77 115 148 247 613 978 8195 8204,item 4318 features: 75 77 115 148 247 613 978 8195 8204,
4321,item_4321,,item_4321,,75 77 260 291 492 1325 2026,item 4321 features: 75 77 260 291 492 1325 2026,
4322,item_4322,,item_4322,,14 23 69 158 235 733 735 738 739 744 753 1384 6864 7968,item 4322 features: 14 23 69 158 235 733 735 738 739 744 753 1384 6864 7968,
4323,item_4323,,item_4323,,12 14 16 21 23 24 70 75 154 173 260 263 291 329 330 354 481 735 736 738 741 745 747 2032 3501 3504 3509 4818 4830 4877 4880 4888 6394 6867 6871 6872,item 4323 features: 12 14 16 21 23 24 70 75 154 173 260 263 291 329 330 354 481 735 736 738 741 745 747 2032 3501 3504 3509 4818 4830 4877 4880 4888 6394 6867 6871 6872,
4324,item_4324,,item_4324,,14 15 16 17 22 23 30 69 75 76 166 179 321 328 611 734 735 737 740 741 749 766 767 768 769 770 772 774 775 777 778 779 780 6864,item 4324 features: 14 15 16 17 22 23 30 69 75 76 166 179 321 328 611 734 735 737 740 741 749 766 767 768 769 770 772 774 775 777 778 779 780 6864,
4325,item_4325,,item_4325,,69 74 75 97 226 265 404 691 717 1044 1143 6763 6768,item 4325 features: 69 74 75 97 226 265 404 691 717 1044 1143 6763 6768,
4326,item_4326,,item_4326,,14 15 16 22 23 24 36 53 69 70 75 99 105 112 115 147 154 158 165 230 291 329 399 401 404 408 507 691 717 733 735 736 738 741 745 747 865 1109 2105 3527 4121 4879 4885 4899 5592 5907 5921 5928 5929 5933 5934 5941,item 4326 features: 14 15 16 22 23 24 36 53 69 70 75 99 105 112 115 147 154 158 165 230 291 329 399 401 404 408 507 691 717 733 735 736 738 741 745 747 865 1109 2105 3527 4121 4879 4885 4899 5592 5907 5921 5928 5929 5933 5934 5941,
4327,item_4327,,item_4327,,14 15 16 23 162 433 733 734 735 739 741 744 746 748 750 5134 6394 6397 6403 6864,item 4327 features: 14 15 16 23 162 433 733 734 735 739 741 744 746 748 750 5134 6394 6397 6403 6864,
4328,item_4328,,item_4328,,13 14 16 18 22 23 69 79 115 208 260 272 611 691 1134 1143 1698 2096 2243 2577 3058 3059 3169 4424 4817 4818 4824 4830 4832 6699,item 4328 features: 13 14 16 18 22 23 69 79 115 208 260 272 611 691 1134 1143 1698 2096 2243 2577 3058 3059 3169 4424 4817 4818 4824 4830 4832 6699,
4329,item_4329,,item_4329,,422 428 437 599 604 607 1174,item 4329 features: 422 428 437 599 604 607 1174,
4330,item_4330,,item_4330,,74,item 4330 features: 74,
4332,item_4332,,item_4332,,68 69 71 75 77 100 358 365 690 696 1408 2559,item 4332 features: 68 69 71 75 77 100 358 365 690 696 1408 2559,
4333,item_4333,,item_4333,,144 210 328 611 1660 3825 4219 4677 4678 6016 6020 7961,item 4333 features: 144 210 328 611 1660 3825 4219 4677 4678 6016 6020 7961,
4334,item_4334,,item_4334,,22 79 81 260 340 358 408 507 572 611 690 1221,item 4334 features: 22 79 81 260 340 358 408 507 572 611 690 1221,
4335,item_4335,,item_4335,,84 155 321 354 611 3224 4070 5133,item 4335 features: 84 155 321 354 611 3224 4070 5133,
4336,item_4336,,item_4336,,144 157 617,item 4336 features: 144 157 617,
4337,item_4337,,item_4337,,16 75 81 96 150 154 191 195 258 519 606 3137,item 4337 features: 16 75 81 96 150 154 191 195 258 519 606 3137,
4338,item_4338,,item_4338,,22 101 602 6634 6635,item 4338 features: 22 101 602 6634 6635,
4339,item_4339,,item_4339,,69 74 75 77 80 109 115 158 163 169 176 199 242 260 651 1027 1325 1842 1863 2309 2352 2871 2875 3797 4344 6573 7832 7835 7837,item 4339 features: 69 74 75 77 80 109 115 158 163 169 176 199 242 260 651 1027 1325 1842 1863 2309 2352 2871 2875 3797 4344 6573 7832 7835 7837,
4342,item_4342,,item_4342,,69 74 75 77 80 147 4126,item 4342 features: 69 74 75 77 80 147 4126,
4343,item_4343,,item_4343,,75 96 133 197 260 585 964 3840 3844 3848 3852 3853 3860,item 4343 features: 75 96 133 197 260 585 964 3840 3844 3848 3852 3853 3860,
4344,item_4344,,item_4344,,75 81 291 309 377 1143 2055 3153 8432,item 4344 features: 75 81 291 309 377 1143 2055 3153 8432,
4346,item_4346,,item_4346,,154 437,item 4346 features: 154 437,
4347,item_4347,,item_4347,,11 96 97 422 581 1060 1424 2032 2919 7013 7014 7018 7434,item 4347 features: 11 96 97 422 581 1060 1424 2032 2919 7013 7014 7018 7434,
4348,item_4348,,item_4348,,29 30 437 2622 4093 5577 5972 7676,item 4348 features: 29 30 437 2622 4093 5577 5972 7676,
4350,item_4350,,item_4350,,30 144,item 4350 features: 30 144,
4351,item_4351,,item_4351,,11 12 13 16 18 19 20 29 30 44 79 150 154 173 196 263 291 303 330 358 456 460 508 988 1363 1416 4426 5576 5577 5972 6426 6882 7449 7696,item 4351 features: 11 12 13 16 18 19 20 29 30 44 79 150 154 173 196 263 291 303 330 358 456 460 508 988 1363 1416 4426 5576 5577 5972 6426 6882 7449 7696,
4352,item_4352,,item_4352,,96 97 191 258 260 1424 2584 2586 2591 2592 2593 2597 2598 2604 2606 2609,item 4352 features: 96 97 191 258 260 1424 2584 2586 2591 2592 2593 2597 2598 2604 2606 2609,
4353,item_4353,,item_4353,,0 6 69 120 122 142 433 5316 6552,item 4353 features: 0 6 69 120 122 142 433 5316 6552,
4355,item_4355,,item_4355,,12 13 16 30 44 150 176 263 727 980 1156 2274 4426 7450,item 4355 features: 12 13 16 30 44 150 176 263 727 980 1156 2274 4426 7450,
4356,item_4356,,item_4356,,63 75 129 291 377 1384,item 4356 features: 63 75 129 291 377 1384,
4357,item_4357,,item_4357,,0 3 23 87 320 1601,item 4357 features: 0 3 23 87 320 1601,
4358,item_4358,,item_4358,,68 69 74 75,item 4358 features: 68 69 74 75,
4361,item_4361,,item_4361,,0 57 69 154 343 1348,item 4361 features: 0 57 69 154 343 1348,
4363,item_4363,,item_4363,,69 74 75 77 80 158 193 1424 6345 6685 6688,item 4363 features: 69 74 75 77 80 158 193 1424 6345 6685 6688,
4365,item_4365,,item_4365,,77 139 141 143 149 157,item 4365 features: 77 139 141 143 149 157,
4366,item_4366,,item_4366,,79 115 154 179 212 421 668 696 1009 2832 3127 4370 4644 4994,item 4366 features: 79 115 154 179 212 421 668 696 1009 2832 3127 4370 4644 4994,
4367,item_4367,,item_4367,,22 69 74 75 77 80 105 158 260 323 2417 4944,item 4367 features: 22 69 74 75 77 80 105 158 260 323 2417 4944,
4368,item_4368,,item_4368,,12 30 83 154 321 354 689 813 1028 5570 7110,item 4368 features: 12 30 83 154 321 354 689 813 1028 5570 7110,
4369,item_4369,,item_4369,,0 3 29 173 2096,item 4369 features: 0 3 29 173 2096,
4370,item_4370,,item_4370,,24 25 30 53 69 74 75 77 80 154 176 179 192 197 242 321 396 421 641 668 692 1992 5302 6940 6942 6943 6944,item 4370 features: 24 25 30 53 69 74 75 77 80 154 176 179 192 197 242 321 396 421 641 668 692 1992 5302 6940 6942 6943 6944,
4371,item_4371,,item_4371,,63 235 1441 1674,item 4371 features: 63 235 1441 1674,
4377,item_4377,,item_4377,,16 57 82 142 285 342 461 1919 3153 3519 3639 4426 6693,item 4377 features: 16 57 82 142 285 342 461 1919 3153 3519 3639 4426 6693,
4378,item_4378,,item_4378,,12 21 30 460,item 4378 features: 12 21 30 460,
4379,item_4379,,item_4379,,22 79 112 118 121 268 303 433 964 1022 7188,item 4379 features: 22 79 112 118 121 268 303 433 964 1022 7188,
4380,item_4380,,item_4380,,22 109 112,item 4380 features: 22 109 112,
4383,item_4383,,item_4383,,16 112,item 4383 features: 16 112,
4384,item_4384,,item_4384,,74 75 77 80 293 487,item 4384 features: 74 75 77 80 293 487,
4385,item_4385,,item_4385,,0 4 69 87 109 140 154 157 314 320 502 706 1158 1348,item 4385 features: 0 4 69 87 109 140 154 157 314 320 502 706 1158 1348,
4386,item_4386,,item_4386,,112 115 247 421 549 611 863 2990 4673,item 4386 features: 112 115 247 421 549 611 863 2990 4673,
4387,item_4387,,item_4387,,69 74 75 77 80 101 147 148 155 291 404 408 520 585 602 691 706 1048 2610 2804 2806 3189 6634 6635 8147,item 4387 features: 69 74 75 77 80 101 147 148 155 291 404 408 520 585 602 691 706 1048 2610 2804 2806 3189 6634 6635 8147,
4388,item_4388,,item_4388,,0 23 68 69 87 157 291 314 320 343 499 502 715 820 996 1875 2055 2088 2288 4789 4790 4797 4911 5365 5553 5618 5621 7892 8113,item 4388 features: 0 23 68 69 87 157 291 314 320 343 499 502 715 820 996 1875 2055 2088 2288 4789 4790 4797 4911 5365 5553 5618 5621 7892 8113,
4389,item_4389,,item_4389,,4 157 314 315 617 1598,item 4389 features: 4 157 314 315 617 1598,
4390,item_4390,,item_4390,,0 4 23 87 179 278 309 320 422 499 501 661 662 1158 1348 1601 1825 1875 1919 2160 2696 2823 2824 2825 3164 3165 3170 3574 4222 4410 4790 8042 8043,item 4390 features: 0 4 23 87 179 278 309 320 422 499 501 661 662 1158 1348 1601 1825 1875 1919 2160 2696 2823 2824 2825 3164 3165 3170 3574 4222 4410 4790 8042 8043,
4391,item_4391,,item_4391,,69 109 144 145 1165 6799,item 4391 features: 69 109 144 145 1165 6799,
4393,item_4393,,item_4393,,157 299 314 1503,item 4393 features: 157 299 314 1503,
4394,item_4394,,item_4394,,22 69 74 75 77 80 109 147 158 247 251 293 323 495 612 691 2443 3148 4944 5749 6282 6688 6948,item 4394 features: 22 69 74 75 77 80 109 147 158 247 251 293 323 495 612 691 2443 3148 4944 5749 6282 6688 6948,
4397,item_4397,,item_4397,,11 12 21 154 421 695,item 4397 features: 11 12 21 154 421 695,
4398,item_4398,,item_4398,,16 36 70 75 77 150 173 263 2945 3539 3645 4838 6686 6687 6689,item 4398 features: 16 36 70 75 77 150 173 263 2945 3539 3645 4838 6686 6687 6689,
4399,item_4399,,item_4399,,11 12 16 24 43 56 83 154 176 309 325 327 703 706 6915,item 4399 features: 11 12 16 24 43 56 83 154 176 309 325 327 703 706 6915,
4400,item_4400,,item_4400,,77 80 115 148 194 247 691 4611,item 4400 features: 77 80 115 148 194 247 691 4611,
4401,item_4401,,item_4401,,77 247 251 602 630 1456 3825 4677 4678 6634,item 4401 features: 77 247 251 602 630 1456 3825 4677 4678 6634,
4402,item_4402,,item_4402,,11 77 148 247 703 1484 4088 4372 4373,item 4402 features: 11 77 148 247 703 1484 4088 4372 4373,
4403,item_4403,,item_4403,,22 69 115 199 204 262 3029 3354 8272,item 4403 features: 22 69 115 199 204 262 3029 3354 8272,
4404,item_4404,,item_4404,,29 30 77 83 154 689 1164 4091 4566 4567 7937,item 4404 features: 29 30 77 83 154 689 1164 4091 4566 4567 7937,
4405,item_4405,,item_4405,,12 53 83 154 421 689 703 1484 2722 2726,item 4405 features: 12 53 83 154 421 689 703 1484 2722 2726,
4406,item_4406,,item_4406,,23 69 321 495 746,item 4406 features: 23 69 321 495 746,
4407,item_4407,,item_4407,,68 71 78 84 100 155 208 291 320 357 365 435 717 2965 7430 7431 7432,item 4407 features: 68 71 78 84 100 155 208 291 320 357 365 435 717 2965 7430 7431 7432,
4409,item_4409,,item_4409,,22 69 191 208 1203,item 4409 features: 22 69 191 208 1203,
4410,item_4410,,item_4410,,36 86 96 97 112 133 179 199 258 310 358 377 520 585 2318 2328 2376 2937,item 4410 features: 36 86 96 97 112 133 179 199 258 310 358 377 520 585 2318 2328 2376 2937,
4411,item_4411,,item_4411,,22 69 115 154 155 158 242 611 641 864 957 3550 3552 6091,item 4411 features: 22 69 115 154 155 158 242 611 641 864 957 3550 3552 6091,
4412,item_4412,,item_4412,,22 112 339 606 636 638 640 648 656 6440,item 4412 features: 22 112 339 606 636 638 640 648 656 6440,
4413,item_4413,,item_4413,,11 22 36 46 96 112 133 179 197 285 408 711 1025 2322 3423 3430 3706 7223 7953 7988,item 4413 features: 11 22 36 46 96 112 133 179 197 285 408 711 1025 2322 3423 3430 3706 7223 7953 7988,
4414,item_4414,,item_4414,,22 69 75 101 109 358,item 4414 features: 22 69 75 101 109 358,
4416,item_4416,,item_4416,,19 22 36 162 323,item 4416 features: 19 22 36 162 323,
4417,item_4417,,item_4417,,69 74 75 135 144 145 146 303 591 864 978 1149 2615 2789 3476 8195 8200 8208 8339,item 4417 features: 69 74 75 135 144 145 146 303 591 864 978 1149 2615 2789 3476 8195 8200 8208 8339,
4419,item_4419,,item_4419,,69 74 75 291,item 4419 features: 69 74 75 291,
4424,item_4424,,item_4424,,68 69 100 115 144 155 328 1660 1664,item 4424 features: 68 69 100 115 144 155 328 1660 1664,
4427,item_4427,,item_4427,,69 75 84 109 158 291 325,item 4427 features: 69 75 84 109 158 291 325,
4428,item_4428,,item_4428,,22 69 112 512 1223,item 4428 features: 22 69 112 512 1223,
4429,item_4429,,item_4429,,88 96 97 173 179 199 242 377 1424 1775 1885 2584 2586 2587 2592 2595 2603 2604 4367 4368,item 4429 features: 88 96 97 173 179 199 242 377 1424 1775 1885 2584 2586 2587 2592 2595 2603 2604 4367 4368,
4430,item_4430,,item_4430,,69 141 143 157 314 358 690,item 4430 features: 69 141 143 157 314 358 690,
4431,item_4431,,item_4431,,157 1165 5384,item 4431 features: 157 1165 5384,
4432,item_4432,,item_4432,,173 226 265 2887 2890 3680 3682 3683 4056,item 4432 features: 173 226 265 2887 2890 3680 3682 3683 4056,
4434,item_4434,,item_4434,,11 13 19 631 1898 7013 7015 8013,item 4434 features: 11 13 19 631 1898 7013 7015 8013,
4435,item_4435,,item_4435,,0 53 69 74 75 109 140 147 148 161 173 179 190 193 194 291 303 309 399 614 670 691 706 710 717 862 1036 4121 4367 4959 7312,item 4435 features: 0 53 69 74 75 109 140 147 148 161 173 179 190 193 194 291 303 309 399 614 670 691 706 710 717 862 1036 4121 4367 4959 7312,
4436,item_4436,,item_4436,,0 1 68 69 74 75 118 173 242 260 303 495 634 706 710 1052 1107 2071 2188 3159 5625 5743 6783 7341,item 4436 features: 0 1 68 69 74 75 118 173 242 260 303 495 634 706 710 1052 1107 2071 2188 3159 5625 5743 6783 7341,
4437,item_4437,,item_4437,,16 39 46 57 69 70 75 112 142 150 153 390 495 862 1128 1136 1163 1316 1320 1321 1322 2696 2821 3153,item 4437 features: 16 39 46 57 69 70 75 112 142 150 153 390 495 862 1128 1136 1163 1316 1320 1321 1322 2696 2821 3153,
4438,item_4438,,item_4438,,0 1 16 53 69 70 74 75 77 96 109 115 118 135 139 143 147 148 149 169 170 173 176 179 192 195 197 199 242 260 303 321 345 377 390 404 408 541 606 613 634 662 663 667 706 717 850 1052 1067 1147 1424 1703 1762 1863 2071 2125 2350 2734 3187 3189 3403 3502 3506 3796 4315 4344 5625 5665 5946 6172 6173 6174 6175 6176 6177 6178 6179 6180 6185 6186 6431 6691 6881 6941 7016 7154 7575 7827 7829 7832 7836 7864 8201 8371 8373 8374,item 4438 features: 0 1 16 53 69 70 74 75 77 96 109 115 118 135 139 143 147 148 149 169 170 173 176 179 192 195 197 199 242 260 303 321 345 377 390 404 408 541 606 613 634 662 663 667 706 717 850 1052 1067 1147 1424 1703 1762 1863 2071 2125 2350 2734 3187 3189 3403 3502 3506 3796 4315 4344 5625 5665 5946 6172 6173 6174 6175 6176 6177 6178 6179 6180 6185 6186 6431 6691 6881 6941 7016 7154 7575 7827 7829 7832 7836 7864 8201 8371 8373 8374,
4439,item_4439,,item_4439,,16 22 36 75 96 97 99 112 115 133 150 162 179 191 197 199 258 310 404 507 519 520 604 651 691 693 1143 2212 3496 4378 5025 5411 7687 7967,item 4439 features: 16 22 36 75 96 97 99 112 115 133 150 162 179 191 197 199 258 310 404 507 519 520 604 651 691 693 1143 2212 3496 4378 5025 5411 7687 7967,
4440,item_4440,,item_4440,,22 36 96 97 133 191 199 258 260 408 507 520 1225 1325 2251 3496 4122 6429,item 4440 features: 22 36 96 97 133 191 199 258 260 408 507 520 1225 1325 2251 3496 4122 6429,
4441,item_4441,,item_4441,,22 69 74 75 77 101 118 135 139 144 145 147 164 169 203 242 260 293 303 352 404 495 563 602 606 667 706 717 765 1048 1139 1234 1235 1239 1240 1241 1244 1255 1257 1324 1325 1402 1424 1531 1647 1775 1837 2032 2052 2055 2202 2341 2453 2455 2517 2854 3159 3189 3662 3796 4338 4344 5040 5041 5666 5828 6177 6573 6634 6635 6636 6638 6644 6941 6953 6962 7562 7825 7826 7829 7830 7833 7834 7842 7843 7844 7845 7849 7850 7851 7852,item 4441 features: 22 69 74 75 77 101 118 135 139 144 145 147 164 169 203 242 260 293 303 352 404 495 563 602 606 667 706 717 765 1048 1139 1234 1235 1239 1240 1241 1244 1255 1257 1324 1325 1402 1424 1531 1647 1775 1837 2032 2052 2055 2202 2341 2453 2455 2517 2854 3159 3189 3662 3796 4338 4344 5040 5041 5666 5828 6177 6573 6634 6635 6636 6638 6644 6941 6953 6962 7562 7825 7826 7829 7830 7833 7834 7842 7843 7844 7845 7849 7850 7851 7852,
4444,item_4444,,item_4444,,16 112,item 4444 features: 16 112,
4445,item_4445,,item_4445,,69 75 77 80 303 4595 6945,item 4445 features: 69 75 77 80 303 4595 6945,
4447,item_4447,,item_4447,,16 77 247 630 4677,item 4447 features: 16 77 247 630 4677,
4448,item_4448,,item_4448,,16 36 69 75 77 80 94 98 105 115 148 158 251 260 964 1424 1771 6166 6167 6171 6699,item 4448 features: 16 36 69 75 77 80 94 98 105 115 148 158 251 260 964 1424 1771 6166 6167 6171 6699,
4449,item_4449,,item_4449,,173 179 235 325 592 6685,item 4449 features: 173 179 235 325 592 6685,
4450,item_4450,,item_4450,,69 77 80 158 323 5254,item 4450 features: 69 77 80 158 323 5254,
4451,item_4451,,item_4451,,80 109 158 6685,item 4451 features: 80 109 158 6685,
4452,item_4452,,item_4452,,11 14 22 23 36 69 70 75 76 105 115 158 173 260 291 399 403 407 408 421 611 717 862 1651 2105 4835 4840 5445 6864,item 4452 features: 11 14 22 23 36 69 70 75 76 105 115 158 173 260 291 399 403 407 408 421 611 717 862 1651 2105 4835 4840 5445 6864,
4453,item_4453,,item_4453,,23 68 69 154 155 173 321 354 697 706 1164 2055 2554 3415 4878,item 4453 features: 23 68 69 154 155 173 321 354 697 706 1164 2055 2554 3415 4878,
4454,item_4454,,item_4454,,68 74 75 146 591 720 978 1052 1149 2789 3306 4791 5366 5367 5368 5369 5370,item 4454 features: 68 74 75 146 591 720 978 1052 1149 2789 3306 4791 5366 5367 5368 5369 5370,
4455,item_4455,,item_4455,,68 69 74 75 146 591 978 1149 1325 2789 5366 5367 5368 5369 8358,item 4455 features: 68 69 74 75 146 591 978 1149 1325 2789 5366 5367 5368 5369 8358,
4456,item_4456,,item_4456,,0 69 74 118 147 7140,item 4456 features: 0 69 74 118 147 7140,
4457,item_4457,,item_4457,,80 139 709,item 4457 features: 80 139 709,
4458,item_4458,,item_4458,,22 23 69 155 194 242 291 611 636 706 838 1048 1049 1787 2453 5125 8118,item 4458 features: 22 23 69 155 194 242 291 611 636 706 838 1048 1049 1787 2453 5125 8118,
4459,item_4459,,item_4459,,148 709,item 4459 features: 148 709,
4460,item_4460,,item_4460,,69 75 77 80 115 150 189 598 602,item 4460 features: 69 75 77 80 115 150 189 598 602,
4462,item_4462,,item_4462,,30 69 74 75 77 115 148 176 260 303 697 1603 2637 3189 4577 5443 5444 7680,item 4462 features: 30 69 74 75 77 115 148 176 260 303 697 1603 2637 3189 4577 5443 5444 7680,
4463,item_4463,,item_4463,,69 75 77 158 291 717 1143 1373 3720 4822 4829 5861 6409 6951,item 4463 features: 69 75 77 158 291 717 1143 1373 3720 4822 4829 5861 6409 6951,
4464,item_4464,,item_4464,,69 100 155 156 179 208 214 574 579 844 1050 1960 3548 3549 5866 6692,item 4464 features: 69 100 155 156 179 208 214 574 579 844 1050 1960 3548 3549 5866 6692,
4466,item_4466,,item_4466,,144 145 157 1165,item 4466 features: 144 145 157 1165,
4467,item_4467,,item_4467,,9 10 57 82 449 451 1919,item 4467 features: 9 10 57 82 449 451 1919,
4469,item_4469,,item_4469,,68 69 155 365 611,item 4469 features: 68 69 155 365 611,
4470,item_4470,,item_4470,,145 157 242 352 358 1402 2517 5044,item 4470 features: 145 157 242 352 358 1402 2517 5044,
4471,item_4471,,item_4471,,75 77 148 3825 4677,item 4471 features: 75 77 148 3825 4677,
4473,item_4473,,item_4473,,0 1 68 69 75 109 139 141 143 144 149 157 314 316 320 625 634 1147 3215 3403 7314 7864 8369,item 4473 features: 0 1 68 69 75 109 139 141 143 144 149 157 314 316 320 625 634 1147 3215 3403 7314 7864 8369,
4474,item_4474,,item_4474,,16 22 112 199 247 598 641 5883 6696,item 4474 features: 16 22 112 199 247 598 641 5883 6696,
4475,item_4475,,item_4475,,16 30 36 96 109 150 173 179 242 309 1370 1424 1775 1903 2367 4593 4657 7162,item 4475 features: 16 30 36 96 109 150 173 179 242 309 1370 1424 1775 1903 2367 4593 4657 7162,
4476,item_4476,,item_4476,,29 30 75 77 96 98 115 247 258 265 2191 5387 6754,item 4476 features: 29 30 75 77 96 98 115 247 258 265 2191 5387 6754,
4477,item_4477,,item_4477,,22 69 75 77 80 105 109 115 158 176 193 260 323 396 691 1424 2655 2656 2657 4374 4872 7214,item 4477 features: 22 69 75 77 80 105 109 115 158 176 193 260 323 396 691 1424 2655 2656 2657 4374 4872 7214,
4478,item_4478,,item_4478,,22 30 69 75 77 84 115 154 155 208 247 650 717,item 4478 features: 22 30 69 75 77 84 115 154 155 208 247 650 717,
4479,item_4479,,item_4479,,16 22 36 53 112 150 173 199 272 327 1134 2096 3415 5330 5592 5595 5597,item 4479 features: 16 22 36 53 112 150 173 199 272 327 1134 2096 3415 5330 5592 5595 5597,
4480,item_4480,,item_4480,,23 69 147 155 179 399 401 717 1109 1272 1424 2554 2593 5859 5862 5873,item 4480 features: 23 69 147 155 179 399 401 717 1109 1272 1424 2554 2593 5859 5862 5873,
4481,item_4481,,item_4481,,16 22 36 46 112 162 171 285 388 516 537 1646 1803 2961 2962 2963 2964,item 4481 features: 16 22 36 46 112 162 171 285 388 516 537 1646 1803 2961 2962 2963 2964,
4482,item_4482,,item_4482,,11 63 69 74 75 77 80 83 109 112 197 251 303 325 327 442 1352 1401 1604 2901 3391 4677 4678 5836 8437,item 4482 features: 11 63 69 74 75 77 80 83 109 112 197 251 303 325 327 442 1352 1401 1604 2901 3391 4677 4678 5836 8437,
4483,item_4483,,item_4483,,46 77 94 109 112 592 756 4677 4678,item 4483 features: 46 77 94 109 112 592 756 4677 4678,
4484,item_4484,,item_4484,,3027,item 4484 features: 3027,
4485,item_4485,,item_4485,,22 46 69 101 112 115 118 197 247 285 408 421 644 709 717 1048 1400 1793 2441 4944 5544,item 4485 features: 22 46 69 101 112 115 118 197 247 285 408 421 644 709 717 1048 1400 1793 2441 4944 5544,
4486,item_4486,,item_4486,,69 75 77 80 158 173 323 766 769 771 3933,item 4486 features: 69 75 77 80 158 173 323 766 769 771 3933,
4487,item_4487,,item_4487,,22 69 101 293 6100 6104,item 4487 features: 22 69 101 293 6100 6104,
4488,item_4488,,item_4488,,22 36 99 108 112 115 133 142 162 165 171 173 176 179 191 197 199 285 340 358 521 606 654 690 714 1109 1217 1313 1457 1458 1459 1464 1646 1741 1814 1815 1816 1868 2032 2975 6630,item 4488 features: 22 36 99 108 112 115 133 142 162 165 171 173 176 179 191 197 199 285 340 358 521 606 654 690 714 1109 1217 1313 1457 1458 1459 1464 1646 1741 1814 1815 1816 1868 2032 2975 6630,
4489,item_4489,,item_4489,,0 1 5 16 26 27 36 57 68 69 71 75 84 87 109 140 176 192 194 260 291 320 455 481 499 662 663 664 665 686 944 1154 1325 1600 1601 2734 2764 2772 2846 2847 2853 4161 4175 4789 4820 5563 5564 5572 5600 6022 6800 7932 8015 8016 8310,item 4489 features: 0 1 5 16 26 27 36 57 68 69 71 75 84 87 109 140 176 192 194 260 291 320 455 481 499 662 663 664 665 686 944 1154 1325 1600 1601 2734 2764 2772 2846 2847 2853 4161 4175 4789 4820 5563 5564 5572 5600 6022 6800 7932 8015 8016 8310,
4490,item_4490,,item_4490,,69 197 247 1096 1665 7897 7900 7909 7921,item 4490 features: 69 197 247 1096 1665 7897 7900 7909 7921,
4491,item_4491,,item_4491,,69 74 75 77 80 101 135 139 176 197 242 303 421 662 683 709 2071 2456 4593 5625 6697 7154 7951 7955 8400 8415,item 4491 features: 69 74 75 77 80 101 135 139 176 197 242 303 421 662 683 709 2071 2456 4593 5625 6697 7154 7951 7955 8400 8415,
4494,item_4494,,item_4494,,23 68 69 75 76 109 115 144 145 147 155 172 173 179 208 260 291 309 328 377 419 611 696 769 770 772 774 1091 1143 1305 1325 1651 1984 3169 3382 4424 4818 4824 4830 6864,item 4494 features: 23 68 69 75 76 109 115 144 145 147 155 172 173 179 208 260 291 309 328 377 419 611 696 769 770 772 774 1091 1143 1305 1325 1651 1984 3169 3382 4424 4818 4824 4830 6864,
4495,item_4495,,item_4495,,22 291 1985,item 4495 features: 22 291 1985,
4496,item_4496,,item_4496,,23 94 156 176 199 291 447 611 706 867 938 1044 1046 1076 1396 2453 3227 4458 6300,item 4496 features: 23 94 156 176 199 291 447 611 706 867 938 1044 1046 1076 1396 2453 3227 4458 6300,
4497,item_4497,,item_4497,,74 77 80 158 2421 6697,item 4497 features: 74 77 80 158 2421 6697,
4498,item_4498,,item_4498,,22 77 109 158 173 191 199 260 291 323 367 407 818 1449 1459 1462 1985 5543 5544 5859 5860 5876 6288 7720,item 4498 features: 22 77 109 158 173 191 199 260 291 323 367 407 818 1449 1459 1462 1985 5543 5544 5859 5860 5876 6288 7720,
4499,item_4499,,item_4499,,156 260 562 863 867 1044 1226 2615 4458 4692,item 4499 features: 156 260 562 863 867 1044 1226 2615 4458 4692,
4500,item_4500,,item_4500,,68 69 173 715 996,item 4500 features: 68 69 173 715 996,
4501,item_4501,,item_4501,,156 176 291 863 865 1044 3227 4458,item 4501 features: 156 176 291 863 865 1044 3227 4458,
4502,item_4502,,item_4502,,22 69 156 176 199 291 867 1044 1046 1226 1397 2453 3227 4458 4692 4693,item 4502 features: 22 69 156 176 199 291 867 1044 1046 1226 1397 2453 3227 4458 4692 4693,
4503,item_4503,,item_4503,,156 173 176 260 1044 2453 3227 4458 4692 7557 7567,item 4503 features: 156 173 176 260 1044 2453 3227 4458 4692 7557 7567,
4504,item_4504,,item_4504,,22 46 101 110 112 179 288 339 636 638 1247 1254 1646 3234 3766 3910 5275 5438 7683,item 4504 features: 22 46 101 110 112 179 288 339 636 638 1247 1254 1646 3234 3766 3910 5275 5438 7683,
4509,item_4509,,item_4509,,74 291 2101 3354 4213 4911 5617 5623 5624,item 4509 features: 74 291 2101 3354 4213 4911 5617 5623 5624,
4511,item_4511,,item_4511,,11 12 22 24 36 46 69 75 77 79 81 105 112 115 133 148 158 169 170 171 173 176 192 197 199 242 244 247 285 293 303 344 396 404 407 507 541 598 602 606 662 668 691 692 693 696 703 706 1140 1312 1324 1334 1424 1775 1802 2055 2343 2348 2480 2835 2846 2847 3115 3124 3355 4927 5519 5520 5786 6008 6250 6615 6696 6754 7496 8015 8016 8019 8221,item 4511 features: 11 12 22 24 36 46 69 75 77 79 81 105 112 115 133 148 158 169 170 171 173 176 192 197 199 242 244 247 285 293 303 344 396 404 407 507 541 598 602 606 662 668 691 692 693 696 703 706 1140 1312 1324 1334 1424 1775 1802 2055 2343 2348 2480 2835 2846 2847 3115 3124 3355 4927 5519 5520 5786 6008 6250 6615 6696 6754 7496 8015 8016 8019 8221,
4513,item_4513,,item_4513,,16 22 30 75 77 112 115 158 251 507 1161 8217,item 4513 features: 16 22 30 75 77 112 115 158 251 507 1161 8217,
4514,item_4514,,item_4514,,16 22 36 46 105 109 112 113 115 158 162 163 166 173 176 191 194 197 199 242 263 285 286 290 323 333 397 405 447 602 650 717 1132 1222 1263 1383 1394 1521 1563 1856 1986 1996 1997 1998 2123 2202 2868 2870 4144 4145 4670 4671 5132 5285 5543 5740 5742 5745 5746 5865 5874 6637 6992 7624 8229,item 4514 features: 16 22 36 46 105 109 112 113 115 158 162 163 166 173 176 191 194 197 199 242 263 285 286 290 323 333 397 405 447 602 650 717 1132 1222 1263 1383 1394 1521 1563 1856 1986 1996 1997 1998 2123 2202 2868 2870 4144 4145 4670 4671 5132 5285 5543 5740 5742 5745 5746 5865 5874 6637 6992 7624 8229,
4515,item_4515,,item_4515,,11 16 22 36 96 97 115 133 150 169 173 179 191 199 242 258 260 263 291 377 404 447 513 519 520 536 568 580 598 606 691 693 796 853 933 964 965 1818 2315 2316 2317 2318 2319 2320 2321 2322 2324 2325 2327 2329 2764 2977 3003 3004 3783 4317 4571 5607 5673 5788 7762 8217,item 4515 features: 11 16 22 36 96 97 115 133 150 169 173 179 191 199 242 258 260 263 291 377 404 447 513 519 520 536 568 580 598 606 691 693 796 853 933 964 965 1818 2315 2316 2317 2318 2319 2320 2321 2322 2324 2325 2327 2329 2764 2977 3003 3004 3783 4317 4571 5607 5673 5788 7762 8217,
4516,item_4516,,item_4516,,0 4 157 314 315 319 617 619,item 4516 features: 0 4 157 314 315 319 617 619,
4517,item_4517,,item_4517,,22 36 46 69 112 133 147 164 169 179 191 194 195 197 199 242 285 288 303 339 408 549 550 606 636 643 648 649 692 1046 1245 1246 1269 1324 1393 1775 2097 2191 3191 4363 5523 5525 5526 5583 5742 5744,item 4517 features: 22 36 46 69 112 133 147 164 169 179 191 194 195 197 199 242 285 288 303 339 408 549 550 606 636 643 648 649 692 1046 1245 1246 1269 1324 1393 1775 2097 2191 3191 4363 5523 5525 5526 5583 5742 5744,
4518,item_4518,,item_4518,,22 46 112 115 171 176 194 199 285 299 421 706 2338 3044 3424 3426 5375 8226,item 4518 features: 22 46 112 115 171 176 194 199 285 299 421 706 2338 3044 3424 3426 5375 8226,
4520,item_4520,,item_4520,,30 143 150 157,item 4520 features: 30 143 150 157,
4521,item_4521,,item_4521,,22 46 112 115 156 169 171 172 173 179 191 197 285 303 309 342 404 562 565 654 706 863 1006 1044 1048 1064 1065 1066 1067 1068 1069 1070 1075 1076 1077 1078 1137 1138 1263 1393 1395 1690 2615 3424 3476 3922 4458 4668 4669 4692 5282 5284 5583 5742 5745 5746 5747 5752 7982,item 4521 features: 22 46 112 115 156 169 171 172 173 179 191 197 285 303 309 342 404 562 565 654 706 863 1006 1044 1048 1064 1065 1066 1067 1068 1069 1070 1075 1076 1077 1078 1137 1138 1263 1393 1395 1690 2615 3424 3476 3922 4458 4668 4669 4692 5282 5284 5583 5742 5745 5746 5747 5752 7982,
4522,item_4522,,item_4522,,69 691 696 2911,item 4522 features: 69 691 696 2911,
4523,item_4523,,item_4523,,2 16 23 30 70 112 158 235,item 4523 features: 2 16 23 30 70 112 158 235,
4525,item_4525,,item_4525,,15 16 36 69 75 77 80 109 173 191 251 390 404 442 602 606 1093 4944 5025 6695,item 4525 features: 15 16 36 69 75 77 80 109 173 191 251 390 404 442 602 606 1093 4944 5025 6695,
4527,item_4527,,item_4527,,23 68 69 155 611 825 838 865 1048 1787 1847 2245 4716 6320,item 4527 features: 23 68 69 155 611 825 838 865 1048 1787 1847 2245 4716 6320,
4533,item_4533,,item_4533,,144 157 949 3156,item 4533 features: 144 157 949 3156,
4536,item_4536,,item_4536,,14 16 166 936,item 4536 features: 14 16 166 936,
4539,item_4539,,item_4539,,69 74 75 77 136 144 145 2804 3783 7936,item 4539 features: 69 74 75 77 136 144 145 2804 3783 7936,
4541,item_4541,,item_4541,,88 97 160 244 258 260 309 422 1043 1059 1424 1775 1987 2367 2426 2584 2585 2586 2597 2599 2600 2603 2604 2609,item 4541 features: 88 97 160 244 258 260 309 422 1043 1059 1424 1775 1987 2367 2426 2584 2585 2586 2597 2599 2600 2603 2604 2609,
4542,item_4542,,item_4542,,14 23 69 75 77 80 97 115 136 148 155 156 164 176 179 208 214 235 247 251 260 323 377 606 650 696 717 844 862 1044 1050 1076 1294 1539 1578 1581 1600 1690 1691 1693 1700 2055 2453 2620 2624 2661 2662 2835 3227 4458 4587 4693 4758 5130 5576 5865 6568 7372 7556 7679 7864 8372 8377,item 4542 features: 14 23 69 75 77 80 97 115 136 148 155 156 164 176 179 208 214 235 247 251 260 323 377 606 650 696 717 844 862 1044 1050 1076 1294 1539 1578 1581 1600 1690 1691 1693 1700 2055 2453 2620 2624 2661 2662 2835 3227 4458 4587 4693 4758 5130 5576 5865 6568 7372 7556 7679 7864 8372 8377,
4543,item_4543,,item_4543,,69 156 291 339 562 818 867 2453 6790,item 4543 features: 69 156 291 339 562 818 867 2453 6790,
4544,item_4544,,item_4544,,23 69 100 105 147 155 158 321 602 611 691 798 836 838 844 1837 2495 2498 5133 6090 6634,item 4544 features: 23 69 100 105 147 155 158 321 602 611 691 798 836 838 844 1837 2495 2498 5133 6090 6634,
4545,item_4545,,item_4545,,46 112 115 147 156 172 191 242 247 404 447 549 706 836 867 1049 1332 2055 3236 4692 7977,item 4545 features: 46 112 115 147 156 172 191 242 247 404 447 549 706 836 867 1049 1332 2055 3236 4692 7977,
4547,item_4547,,item_4547,,22 101 242 288 564 657 2200,item 4547 features: 22 101 242 288 564 657 2200,
4548,item_4548,,item_4548,,22 69 101 197 343 697 1500 5826,item 4548 features: 22 69 101 197 343 697 1500 5826,
4550,item_4550,,item_4550,,29 30 79 574 2274 3045 3378 3557 5775 5972 5974,item 4550 features: 29 30 79 574 2274 3045 3378 3557 5775 5972 5974,
4551,item_4551,,item_4551,,12 16 30 31 1123 6394 8031,item 4551 features: 12 16 30 31 1123 6394 8031,
4552,item_4552,,item_4552,,22 43 69 74 75 77 80 101 146 147 148 176 179 197 260 309 356 404 408 520 540 591 691 692 693 709 978 1048 1102 1149 1186 1263 1325 1400 1426 1775 2615 2789 3306 3448 3454 3457 3476 3783 4122 4374 4545 5366 5367 5368 5369 5370 5743 5747 6689 6691 6694 6697 7140 8147 8250,item 4552 features: 22 43 69 74 75 77 80 101 146 147 148 176 179 197 260 309 356 404 408 520 540 591 691 692 693 709 978 1048 1102 1149 1186 1263 1325 1400 1426 1775 2615 2789 3306 3448 3454 3457 3476 3783 4122 4374 4545 5366 5367 5368 5369 5370 5743 5747 6689 6691 6694 6697 7140 8147 8250,
4553,item_4553,,item_4553,,30 69 105 118 144 145 155 158 206 309 328 611 1239 1601 1658 2055 2244 4769 5682 6385,item 4553 features: 30 69 105 118 144 145 155 158 206 309 328 611 1239 1601 1658 2055 2244 4769 5682 6385,
4555,item_4555,,item_4555,,16 22 23 36 69 75 101 112 155 166 251 507 836 1048 2441 6320,item 4555 features: 16 22 23 36 69 75 101 112 155 166 251 507 836 1048 2441 6320,
4557,item_4557,,item_4557,,30 77 83 197 284 325 592 1547,item 4557 features: 30 77 83 197 284 325 592 1547,
4558,item_4558,,item_4558,,22 69 75 77 112 251 487 1799,item 4558 features: 22 69 75 77 112 251 487 1799,
4559,item_4559,,item_4559,,72 321 354 487 1164 1274 5162,item 4559 features: 72 321 354 487 1164 1274 5162,
4560,item_4560,,item_4560,,77 80 83 96 109 176 242 284 541 1052 5183 7696,item 4560 features: 77 80 83 96 109 176 242 284 541 1052 5183 7696,
4561,item_4561,,item_4561,,75 77 136 284 1052 1369,item 4561 features: 75 77 136 284 1052 1369,
4562,item_4562,,item_4562,,69 74 75 77 80 148 242 562 1046 1334 5523 5532 8394,item 4562 features: 69 74 75 77 80 148 242 562 1046 1334 5523 5532 8394,
4563,item_4563,,item_4563,,8 57 82 449 453 5090,item 4563 features: 8 57 82 449 453 5090,
4564,item_4564,,item_4564,,9 16 43 57 109 272 367 451 706 3169 8119,item 4564 features: 9 16 43 57 109 272 367 451 706 3169 8119,
4565,item_4565,,item_4565,,5 57 695,item 4565 features: 5 57 695,
4567,item_4567,,item_4567,,3 5 16 57 2560 4789 4791 4799,item 4567 features: 3 5 16 57 2560 4789 4791 4799,
4572,item_4572,,item_4572,,16 30 57 82 152 2693 2696,item 4572 features: 16 30 57 82 152 2693 2696,
4576,item_4576,,item_4576,,104 154 247 253 268 269 2631 4503,item 4576 features: 104 154 247 253 268 269 2631 4503,
4579,item_4579,,item_4579,,147 154 176 242 421 437 2096 2170 2674 2675 2676 3610 4313 4314,item 4579 features: 147 154 176 242 421 437 2096 2170 2674 2675 2676 3610 4313 4314,
4580,item_4580,,item_4580,,16 22 23 70 150 162 173 242 390 391 396 404 409 417,item 4580 features: 16 22 23 70 150 162 173 242 390 391 396 404 409 417,
4581,item_4581,,item_4581,,46 143 147 363,item 4581 features: 46 143 147 363,
4582,item_4582,,item_4582,,14 16 17 22 23 27 36 70 150 162 242 260 291 390 391 392 393 394 395 396 398 400 401 405 406 408 409 411 412 413 415 416 2779 3417 7947,item 4582 features: 14 16 17 22 23 27 36 70 150 162 242 260 291 390 391 392 393 394 395 396 398 400 401 405 406 408 409 411 412 413 415 416 2779 3417 7947,
4583,item_4583,,item_4583,,14 16 23 27 70 150 390 391 394 400 401 402 404 408 409 416 461,item 4583 features: 14 16 23 27 70 150 390 391 394 400 401 402 404 408 409 416 461,
4584,item_4584,,item_4584,,8 14 16 39 57 69 70 82 112 142 150 173 242 403 448 456 459 486 495 975 1316 1598 1601 3519 3642,item 4584 features: 8 14 16 39 57 69 70 82 112 142 150 173 242 403 448 456 459 486 495 975 1316 1598 1601 3519 3642,
4586,item_4586,,item_4586,,128 147 154 433 5423 5786 7875,item 4586 features: 128 147 154 433 5423 5786 7875,
4588,item_4588,,item_4588,,16 22 77 109 150 272 1352 3365 4677 5134 7107,item 4588 features: 16 22 77 109 150 272 1352 3365 4677 5134 7107,
4589,item_4589,,item_4589,,22 251 602 1324 5836,item 4589 features: 22 251 602 1324 5836,
4590,item_4590,,item_4590,,22 29 30 63 69 75 77 109 112 129 251 291 327 1164 1352 1604 3169 4897 7125,item 4590 features: 22 29 30 63 69 75 77 109 112 129 251 291 327 1164 1352 1604 3169 4897 7125,
4591,item_4591,,item_4591,,80 109 4587,item 4591 features: 80 109 4587,
4592,item_4592,,item_4592,,30 75 83 251 325 691 756 1161 1703 2258,item 4592 features: 30 75 83 251 325 691 756 1161 1703 2258,
4593,item_4593,,item_4593,,69 100 155 156 208 247 423 495 611 938 1076 1581 1651 1665 4025 5865 6015 6251,item 4593 features: 69 100 155 156 208 247 423 495 611 938 1076 1581 1651 1665 4025 5865 6015 6251,
4595,item_4595,,item_4595,,22 100 155 191 208 247 574 844 863 1050,item 4595 features: 22 100 155 191 208 247 574 844 863 1050,
4596,item_4596,,item_4596,,69 75 135 143 144 145 157 1165 1813 6626 6799,item 4596 features: 69 75 135 143 144 145 157 1165 1813 6626 6799,
4598,item_4598,,item_4598,,69 75 139 286 307 4265 6691 8021 8022,item 4598 features: 69 75 139 286 307 4265 6691 8021 8022,
4599,item_4599,,item_4599,,112 115 156 208 611 706 867 1046 1581 6296,item 4599 features: 112 115 156 208 611 706 867 1046 1581 6296,
4600,item_4600,,item_4600,,147 437 1009 1600 2681 3610 4313 6641 7875,item 4600 features: 147 437 1009 1600 2681 3610 4313 6641 7875,
4602,item_4602,,item_4602,,23 69 115 155 247 423 600 844 2663 2664 2665,item 4602 features: 23 69 115 155 247 423 600 844 2663 2664 2665,
4603,item_4603,,item_4603,,22 115,item 4603 features: 22 115,
4604,item_4604,,item_4604,,11 79 112 115 133 148 507 604 606 691 706 1312 2316 2319 5643,item 4604 features: 11 79 112 115 133 148 507 604 606 691 706 1312 2316 2319 5643,
4605,item_4605,,item_4605,,96 320,item 4605 features: 96 320,
4606,item_4606,,item_4606,,0 4 154 157 314 315 617 618 619,item 4606 features: 0 4 154 157 314 315 617 618 619,
4609,item_4609,,item_4609,,69 94 155 208 611 938,item 4609 features: 69 94 155 208 611 938,
4611,item_4611,,item_4611,,22 74 77 81 141 143 314 507,item 4611 features: 22 74 77 81 141 143 314 507,
4612,item_4612,,item_4612,,112 115 148 156 247 7783,item 4612 features: 112 115 148 156 247 7783,
4614,item_4614,,item_4614,,3 247 325 1557 2103 2437,item 4614 features: 3 247 325 1557 2103 2437,
4615,item_4615,,item_4615,,144 145 157,item 4615 features: 144 145 157,
4618,item_4618,,item_4618,,69 75 144 155,item 4618 features: 69 75 144 155,
4619,item_4619,,item_4619,,79 112 147 510 1050 1960 3548 3549 3554 3555 5051 5864 5866 5868 5871,item 4619 features: 79 112 147 510 1050 1960 3548 3549 3554 3555 5051 5864 5866 5868 5871,
4621,item_4621,,item_4621,,147 154 437 5133,item 4621 features: 147 154 437 5133,
4623,item_4623,,item_4623,,0 204 247 270 320 499 1061 2119 2919 3992 4113 6951 8028,item 4623 features: 0 204 247 270 320 499 1061 2119 2919 3992 4113 6951 8028,
4624,item_4624,,item_4624,,11 14 22 24 36 53 69 74 75 77 80 91 95 101 105 115 147 158 173 176 191 192 193 197 242 244 260 309 323 367 390 396 404 407 408 421 541 606 634 651 662 691 692 698 703 706 707 709 765 796 1048 1049 1104 1140 1234 1424 1775 1859 2055 2613 2835 2871 2874 3133 3135 3143 3300 3573 3783 3790 4374 5323 5746 5747 5752 5874 6192 6283 6690 6694 6972 7154 7214 7292 7370 7722 8023 8217,item 4624 features: 11 14 22 24 36 53 69 74 75 77 80 91 95 101 105 115 147 158 173 176 191 192 193 197 242 244 260 309 323 367 390 396 404 407 408 421 541 606 634 651 662 691 692 698 703 706 707 709 765 796 1048 1049 1104 1140 1234 1424 1775 1859 2055 2613 2835 2871 2874 3133 3135 3143 3300 3573 3783 3790 4374 5323 5746 5747 5752 5874 6192 6283 6690 6694 6972 7154 7214 7292 7370 7722 8023 8217,
4625,item_4625,,item_4625,,11 16 20 22 36 81 150 158 242 291 404 407 833 1334 4944 5519 5520 5740 5744 5747 5749 5750,item 4625 features: 11 16 20 22 36 81 150 158 242 291 404 407 833 1334 4944 5519 5520 5740 5744 5747 5749 5750,
4626,item_4626,,item_4626,,22 23 68 69 112 155 169 192 291 401 487 520 574 593 594 595 691 706 818 863 865 1046 1107 1655 1936 3045 5543 6613 6951 7217 7720 8015 8016 8018 8436,item 4626 features: 22 23 68 69 112 155 169 192 291 401 487 520 574 593 594 595 691 706 818 863 865 1046 1107 1655 1936 3045 5543 6613 6951 7217 7720 8015 8016 8018 8436,
4627,item_4627,,item_4627,,69 74 75 115 158 321 354 1164 3275 7708,item 4627 features: 69 74 75 115 158 321 354 1164 3275 7708,
4628,item_4628,,item_4628,,14 15 16 17 22 23 36 53 65 69 70 75 109 110 147 176 192 193 194 197 244 260 291 303 329 367 396 401 409 410 411 489 495 541 691 698 700 702 717 735 736 745 752 766 770 832 865 940 1044 1109 1181 1203 1802 1841 2055 2105 2108 2244 2494 2495 2498 2499 2508 2510 2511 2615 2616 2617 2824 2847 3133 3135 3189 3818 4616 5446 5501 5592 5905 5913 6040 6375 6626 7214 7216 7244 7720 7722 8018,item 4628 features: 14 15 16 17 22 23 36 53 65 69 70 75 109 110 147 176 192 193 194 197 244 260 291 303 329 367 396 401 409 410 411 489 495 541 691 698 700 702 717 735 736 745 752 766 770 832 865 940 1044 1109 1181 1203 1802 1841 2055 2105 2108 2244 2494 2495 2498 2499 2508 2510 2511 2615 2616 2617 2824 2847 3133 3135 3189 3818 4616 5446 5501 5592 5905 5913 6040 6375 6626 7214 7216 7244 7720 7722 8018,
4629,item_4629,,item_4629,,11 22 53 69 75 77 101 115 147 148 158 164 173 176 194 195 251 260 303 323 404 407 408 421 447 691 697 706 717 831 865 965 1048 1107 1334 1390 1433 1462 2055 5543 5544 5741 5743 5746 5747 5748 5750 5752 5876 7292 7720,item 4629 features: 11 22 53 69 75 77 101 115 147 148 158 164 173 176 194 195 251 260 303 323 404 407 408 421 447 691 697 706 717 831 865 965 1048 1107 1334 1390 1433 1462 2055 5543 5544 5741 5743 5746 5747 5748 5750 5752 5876 7292 7720,
4630,item_4630,,item_4630,,69 74 101 109 136 577 1048,item 4630 features: 69 74 101 109 136 577 1048,
4632,item_4632,,item_4632,,0 4 43 53 72 75 78 85 109 148 173 192 291 319 320 321 354 499 615 618 619 706 717 1272 1405 1407 1417 3169 4248 4789 5175 5683 5686 6899,item 4632 features: 0 4 43 53 72 75 78 85 109 148 173 192 291 319 320 321 354 499 615 618 619 706 717 1272 1405 1407 1417 3169 4248 4789 5175 5683 5686 6899,
4633,item_4633,,item_4633,,69 75 169 358 572 690 844 973 974 1424 2559 6754 6803,item 4633 features: 69 75 169 358 572 690 844 973 974 1424 2559 6754 6803,
4635,item_4635,,item_4635,,12 22 30 75 158 367 1164 1894 1961 2032 2554,item 4635 features: 12 22 30 75 158 367 1164 1894 1961 2032 2554,
4636,item_4636,,item_4636,,74 75 77 309 2055,item 4636 features: 74 75 77 309 2055,
4637,item_4637,,item_4637,,68 69 71 75 84 136 155 169 172 179 189 192 193 199 208 260 303 321 328 365 377 399 422 439 541 574 611 662 696 700 844 865 955 1325 1424 1651 1703 2368 2369 2576 2747 2750 2806 2807 3576 3965 4021 5869 6692 7140 7450,item 4637 features: 68 69 71 75 84 136 155 169 172 179 189 192 193 199 208 260 303 321 328 365 377 399 422 439 541 574 611 662 696 700 844 865 955 1325 1424 1651 1703 2368 2369 2576 2747 2750 2806 2807 3576 3965 4021 5869 6692 7140 7450,
4638,item_4638,,item_4638,,22 36 112,item 4638 features: 22 36 112,
4640,item_4640,,item_4640,,12 14 16 23 57 69 70 74 84 144 150 152 158 173 235 260 291 321 1384 2153 2696 3577 3812,item 4640 features: 12 14 16 23 57 69 70 74 84 144 150 152 158 173 235 260 291 321 1384 2153 2696 3577 3812,
4641,item_4641,,item_4641,,68 69 74 75 136 179 189 291 331 377 717 1052 1498 2055 5419 5617 7180 7937 8147 8432,item 4641 features: 68 69 74 75 136 179 189 291 331 377 717 1052 1498 2055 5419 5617 7180 7937 8147 8432,
4642,item_4642,,item_4642,,14 23 29 30 63 69 71 74 75 77 80 84 92 100 107 129 144 147 155 179 208 235 293 303 327 328 377 396 422 437 549 574 611 691 703 720 772 844 872 955 1143 1164 1185 1424 1663 1758 2902 3210 3934 4677 4819 4871 4912 5661 5859 5864 6787 6864 6880 7156 7160 8147,item 4642 features: 14 23 29 30 63 69 71 74 75 77 80 84 92 100 107 129 144 147 155 179 208 235 293 303 327 328 377 396 422 437 549 574 611 691 703 720 772 844 872 955 1143 1164 1185 1424 1663 1758 2902 3210 3934 4677 4819 4871 4912 5661 5859 5864 6787 6864 6880 7156 7160 8147,
4643,item_4643,,item_4643,,12 14 16 22 23 30 70 74 75 77 105 142 158 235 242 291 367 390 392 394 395 396 404 406 407 408 409 717 862 1128 3561,item 4643 features: 12 14 16 22 23 30 70 74 75 77 105 142 158 235 242 291 367 390 392 394 395 396 404 406 407 408 409 717 862 1128 3561,
4644,item_4644,,item_4644,,74 75 80 148 190 247 291 309 377 1090 1287 2055 5588 8011,item 4644 features: 74 75 80 148 190 247 291 309 377 1090 1287 2055 5588 8011,
4645,item_4645,,item_4645,,14 23 43 53 69 74 75 77 109 115 147 176 194 235 247 291 367 396 650 706 717 867 1128 1384 1581 1600 3044 3189 3539 3825 4313 4314 4677 4678 4756 4823 5083 5381 6875 6878 7140 7679 8115 8146,item 4645 features: 14 23 43 53 69 74 75 77 109 115 147 176 194 235 247 291 367 396 650 706 717 867 1128 1384 1581 1600 3044 3189 3539 3825 4313 4314 4677 4678 4756 4823 5083 5381 6875 6878 7140 7679 8115 8146,
4646,item_4646,,item_4646,,23 75 142 235 1128 1277 1280 1384 4789 6198,item 4646 features: 23 75 142 235 1128 1277 1280 1384 4789 6198,
4647,item_4647,,item_4647,,22 36 109 112 115 158 199 262 285 291 404 467 549 1424 5404 7030 8173,item 4647 features: 22 36 109 112 115 158 199 262 285 291 404 467 549 1424 5404 7030 8173,
4648,item_4648,,item_4648,,23 24 29 30 75 377 766 767 768 769 770 771 772 773 774 775 776 777 778 780 781 872 1384 1600 1604 1606 1608 2674 2675 2676 2678 2682 3825 4677 4678,item 4648 features: 23 24 29 30 75 377 766 767 768 769 770 771 772 773 774 775 776 777 778 780 781 872 1384 1600 1604 1606 1608 2674 2675 2676 2678 2682 3825 4677 4678,
4649,item_4649,,item_4649,,16 22 36 80 96 112 150 162 165 169 171 176 179 197 263 285 288 292 295 333 404 598 602 651 1500 1774 1782 1837 1862 2032 2978 2979 4146 4436 5543 5743 5811 5815 5816 5817 5818 5819 6369 8221,item 4649 features: 16 22 36 80 96 112 150 162 165 169 171 176 179 197 263 285 288 292 295 333 404 598 602 651 1500 1774 1782 1837 1862 2032 2978 2979 4146 4436 5543 5743 5811 5815 5816 5817 5818 5819 6369 8221,
4650,item_4650,,item_4650,,36 112 158 199 262 288 1217 1330 1424 2009 2764 5544 8173,item 4650 features: 36 112 158 199 262 288 1217 1330 1424 2009 2764 5544 8173,
4651,item_4651,,item_4651,,14 22 23 101 105 110 127 158 226 233 588 717 769 772 773 778 836 1203 1406 2889 3189 3561 3576 4816 4818 4819 5502 5872 5905 5911 5912 5925 8146,item 4651 features: 14 22 23 101 105 110 127 158 226 233 588 717 769 772 773 778 836 1203 1406 2889 3189 3561 3576 4816 4818 4819 5502 5872 5905 5911 5912 5925 8146,
4652,item_4652,,item_4652,,75 77 112 247 7823,item 4652 features: 75 77 112 247 7823,
4654,item_4654,,item_4654,,68 69 74 75 144 145 179 717 950 2546 6953,item 4654 features: 68 69 74 75 144 145 179 717 950 2546 6953,
4655,item_4655,,item_4655,,0 68 69 74 75 101 148 291 520 1052 1149 5369,item 4655 features: 0 68 69 74 75 101 148 291 520 1052 1149 5369,
4656,item_4656,,item_4656,,71 84 155 321 354 1034,item 4656 features: 71 84 155 321 354 1034,
4657,item_4657,,item_4657,,11 109 251 487 6396 6401,item 4657 features: 11 109 251 487 6396 6401,
4662,item_4662,,item_4662,,115 148 247 696 697 1665 1696,item 4662 features: 115 148 247 696 697 1665 1696,
4664,item_4664,,item_4664,,11 12 13 16 21 24 25 29 30 31 43 53 69 74 75 77 80 83 84 86 109 131 147 148 150 154 173 176 192 197 242 247 309 321 325 327 354 355 399 404 409 437 511 668 689 691 692 702 703 765 1140 1164 1375 1401 1403 1433 1441 1443 1444 1484 1663 1703 1769 2032 2523 2696 2722 2804 2805 2810 2816 3143 3286 3287 3347 4025 4093 4311 4372 4374 4566 4587 4610 4677 4944 5382 5383 5786 6015 6017 6395 6401 6693 6694 7110 7715 8068 8069,item 4664 features: 11 12 13 16 21 24 25 29 30 31 43 53 69 74 75 77 80 83 84 86 109 131 147 148 150 154 173 176 192 197 242 247 309 321 325 327 354 355 399 404 409 437 511 668 689 691 692 702 703 765 1140 1164 1375 1401 1403 1433 1441 1443 1444 1484 1663 1703 1769 2032 2523 2696 2722 2804 2805 2810 2816 3143 3286 3287 3347 4025 4093 4311 4372 4374 4566 4587 4610 4677 4944 5382 5383 5786 6015 6017 6395 6401 6693 6694 7110 7715 8068 8069,
4672,item_4672,,item_4672,,11 19 75 112 199 1939 2803 3706,item 4672 features: 11 19 75 112 199 1939 2803 3706,
4676,item_4676,,item_4676,,11 24 30 46 69 75 77 79 80 109 112 115 148 170 176 179 192 197 199 244 247 251 291 293 303 396 399 421 541 602 606 662 664 668 683 691 692 696 703 706 862 950 962 1046 1093 1140 1324 1416 1424 1775 2456 2786 2787 2835 3216 3236 3825 3900 4315 4571 5028 5029 5524 5532 5743 5999 6291 6495 6689 6697 6756 6948 7067 7154 7157 7712 8219,item 4676 features: 11 24 30 46 69 75 77 79 80 109 112 115 148 170 176 179 192 197 199 244 247 251 291 293 303 396 399 421 541 602 606 662 664 668 683 691 692 696 703 706 862 950 962 1046 1093 1140 1324 1416 1424 1775 2456 2786 2787 2835 3216 3236 3825 3900 4315 4571 5028 5029 5524 5532 5743 5999 6291 6495 6689 6697 6756 6948 7067 7154 7157 7712 8219,
4677,item_4677,,item_4677,,14 69 75 235 284 1674 2633 6427,item 4677 features: 14 69 75 235 284 1674 2633 6427,
4678,item_4678,,item_4678,,0 75 109 145 157 161 990 3156,item 4678 features: 0 75 109 145 157 161 990 3156,
4679,item_4679,,item_4679,,68 69 75 140 173 179 309,item 4679 features: 68 69 75 140 173 179 309,
4680,item_4680,,item_4680,,46 115 156 1048,item 4680 features: 46 115 156 1048,
4686,item_4686,,item_4686,,0 69 119 120 122 196 303 433 443 946 1616,item 4686 features: 0 69 119 120 122 196 303 433 443 946 1616,
4687,item_4687,,item_4687,,8 16 57 70 82 451 486,item 4687 features: 8 16 57 70 82 451 486,
4688,item_4688,,item_4688,,16 70 82 486 489,item 4688 features: 16 70 82 486 489,
4689,item_4689,,item_4689,,16 30 150 154 702 1161 5134 5143 7936,item 4689 features: 16 30 150 154 702 1161 5134 5143 7936,
4690,item_4690,,item_4690,,80 83 1604,item 4690 features: 80 83 1604,
4695,item_4695,,item_4695,,69 74 75 139 143,item 4695 features: 69 74 75 139 143,
4696,item_4696,,item_4696,,22 69 74 75 77 80 155 179 291 323 408 3673 6951 6958,item 4696 features: 22 69 74 75 77 80 155 179 291 323 408 3673 6951 6958,
4698,item_4698,,item_4698,,16 22 36 99 108 165 166 173 191 199 290 397 419 487 507 717 1051 1109 1313 1449 1457 1458 1459 1460 1464 1471 3280,item 4698 features: 16 22 36 99 108 165 166 173 191 199 290 397 419 487 507 717 1051 1109 1313 1449 1457 1458 1459 1460 1464 1471 3280,
4699,item_4699,,item_4699,,22 36 147 166 173 191 260 291 419 492 717 1313 1449 1450 1457 1458 1462 1464 1471,item 4699 features: 22 36 147 166 173 191 260 291 419 492 717 1313 1449 1450 1457 1458 1462 1464 1471,
4700,item_4700,,item_4700,,30 69 71 72 109 151 154 321 354 1164 1447 1449 2516 6346,item 4700 features: 30 69 71 72 109 151 154 321 354 1164 1447 1449 2516 6346,
4701,item_4701,,item_4701,,14 23 75 154 235 329 733 734 735 737 740 747 751 1047 1656,item 4701 features: 14 23 75 154 235 329 733 734 735 737 740 747 751 1047 1656,
4704,item_4704,,item_4704,,69 74 75 77 80 109 323 4816 6685 6690 7140,item 4704 features: 69 74 75 77 80 109 323 4816 6685 6690 7140,
4705,item_4705,,item_4705,,53 68 69 74 75 118 136 173 541 606 1052 2055 2453 3573 4122 5436 6177 6678 6680 6681 6682 6683 6684 7010,item 4705 features: 53 68 69 74 75 118 136 173 541 606 1052 2055 2453 3573 4122 5436 6177 6678 6680 6681 6682 6683 6684 7010,
4706,item_4706,,item_4706,,22 36 94 99 108 147 166 173 191 260 270 291 379 419 717 1049 1051 1109 1313 1449 1450 1457 1458 1459 1460 1461 1462 1463 1464 1465 1466 1471 1473 6626 8018,item 4706 features: 22 36 94 99 108 147 166 173 191 260 270 291 379 419 717 1049 1051 1109 1313 1449 1450 1457 1458 1459 1460 1461 1462 1463 1464 1465 1466 1471 1473 6626 8018,
4708,item_4708,,item_4708,,69 75 76 77 84 105 147 155 158 247 321 328 365 423 611 1305 2392 4022 4571 6368 6636 6637 7115 7938 8433,item 4708 features: 69 75 76 77 84 105 147 155 158 247 321 328 365 423 611 1305 2392 4022 4571 6368 6636 6637 7115 7938 8433,
4709,item_4709,,item_4709,,23 69 101 2459,item 4709 features: 23 69 101 2459,
4710,item_4710,,item_4710,,22 23 291 487 602 1176 1448 3045 3546 3550 3552 6971,item 4710 features: 22 23 291 487 602 1176 1448 3045 3546 3550 3552 6971,
4712,item_4712,,item_4712,,81 96 97 115 173 179 258 260 377 519 693 2316 3299,item 4712 features: 81 96 97 115 173 179 258 260 377 519 693 2316 3299,
4713,item_4713,,item_4713,,69 422 1060 1424 1885 2032 2919 7013 7014 7019,item 4713 features: 69 422 1060 1424 1885 2032 2919 7013 7014 7019,
4716,item_4716,,item_4716,,69 75 79 309 377 696 1887 1892 1893 4677 4678 7008 8432,item 4716 features: 69 75 79 309 377 696 1887 1892 1893 4677 4678 7008 8432,
4717,item_4717,,item_4717,,69 75 77 235 4424 4818,item 4717 features: 69 75 77 235 4424 4818,
4719,item_4719,,item_4719,,69 75 77 80 84 154 173 179 210 291 325 327 377 733 1809 2888 3698 4587 5837 5842,item 4719 features: 69 75 77 80 84 154 173 179 210 291 325 327 377 733 1809 2888 3698 4587 5837 5842,
4720,item_4720,,item_4720,,23 156 179 208 291 611 706 938 1076 6300,item 4720 features: 23 156 179 208 291 611 706 938 1076 6300,
4722,item_4722,,item_4722,,69 74 75 77 291 765 1650 4437 5905 5909 5923 5948 7785,item 4722 features: 69 74 75 77 291 765 1650 4437 5905 5909 5923 5948 7785,
4723,item_4723,,item_4723,,22 69 74 75 77 148 173 179 247 260 291 303 321 377 696 830 833 3494,item 4723 features: 22 69 74 75 77 148 173 179 247 260 291 303 321 377 696 830 833 3494,
4724,item_4724,,item_4724,,30 69 75 77 80 109 139 148 154 197 242 309 2055 2071 2352 2920 3143 3399 5539 5625 6690,item 4724 features: 30 69 75 77 80 109 139 148 154 197 242 309 2055 2071 2352 2920 3143 3399 5539 5625 6690,
4725,item_4725,,item_4725,,115 148 242 247 260 507 691 693 1505 1873 5133 6116,item 4725 features: 115 148 242 247 260 507 691 693 1505 1873 5133 6116,
4726,item_4726,,item_4726,,23 68 69 75 100 155 321 352 611 706 1048 1668 2966 2969 3964 5614 5863 6090 6951,item 4726 features: 23 68 69 75 100 155 321 352 611 706 1048 1668 2966 2969 3964 5614 5863 6090 6951,
4729,item_4729,,item_4729,,14 15 22 23 30 70 154 158 163 196 329 367 405 407 735 738 740 903 1109 1272 1492 1767 2554 2917 3503 3814 5445 5903 5904 5906 5908 5909 5913 5915 5916 5919 5923 5934 5948 6867 8146,item 4729 features: 14 15 22 23 30 70 154 158 163 196 329 367 405 407 735 738 740 903 1109 1272 1492 1767 2554 2917 3503 3814 5445 5903 5904 5906 5908 5909 5913 5915 5916 5919 5923 5934 5948 6867 8146,
4730,item_4730,,item_4730,,0 23 68 69 81 148 155 164 291 320 404 691 715 820 996,item 4730 features: 0 23 68 69 81 148 155 164 291 320 404 691 715 820 996,
4731,item_4731,,item_4731,,14 22 23 75 115 158 260 367 401 407 717 862 1046 1048 1659 2105 4816 5903 5904 5906 5907 5908 5909 5910 5911 8146,item 4731 features: 14 22 23 75 115 158 260 367 401 407 717 862 1046 1048 1659 2105 4816 5903 5904 5906 5907 5908 5909 5910 5911 8146,
4732,item_4732,,item_4732,,251 303 3622 3623 6117,item 4732 features: 251 303 3622 3623 6117,
4733,item_4733,,item_4733,,77 80 702 6113 6114 6117 6120 6123,item 4733 features: 77 80 702 6113 6114 6117 6120 6123,
4736,item_4736,,item_4736,,14 16 36 69 74 75 77 80 109 112 144 176 235 251 263 303 327 330 404 421 437 456 697 716 1161 1772 2055 2362 2450 3958 6105 6106 6107 6108 7958 7967 7969,item 4736 features: 14 16 36 69 74 75 77 80 109 112 144 176 235 251 263 303 327 330 404 421 437 456 697 716 1161 1772 2055 2362 2450 3958 6105 6106 6107 6108 7958 7967 7969,
4739,item_4739,,item_4739,,80 251 325,item 4739 features: 80 251 325,
4740,item_4740,,item_4740,,11 12 14 22 24 30 36 69 74 75 77 80 83 115 150 158 176 193 251 291 321 323 325 327 399 421 507 691 693 703 1272 1373 3300 3374 6694 7709 7904,item 4740 features: 11 12 14 22 24 30 36 69 74 75 77 80 83 115 150 158 176 193 251 291 321 323 325 327 399 421 507 691 693 703 1272 1373 3300 3374 6694 7709 7904,
4742,item_4742,,item_4742,,11 19 36 77 112 115 148 247 251 285 604 680 693 3169 5446 6690 7783,item 4742 features: 11 19 36 77 112 115 148 247 251 285 604 680 693 3169 5446 6690 7783,
4743,item_4743,,item_4743,,11 30 69 71 80 84 696 756 4246,item 4743 features: 11 30 69 71 80 84 696 756 4246,
4744,item_4744,,item_4744,,0 16 29 30 68 69 71 74 75 77 84 109 143 193 242 321 354 355 812 1154 1164 1663 3276 4913 4914 4915 5563 5564 5573 6688 7554 8023,item 4744 features: 0 16 29 30 68 69 71 74 75 77 84 109 143 193 242 321 354 355 812 1154 1164 1663 3276 4913 4914 4915 5563 5564 5573 6688 7554 8023,
4745,item_4745,,item_4745,,68 69 74 75 109 136 158 176 291 323 521 691 717 1052 3527 3772 6762 6763 7180 7351 7601,item 4745 features: 68 69 74 75 109 136 158 176 291 323 521 691 717 1052 3527 3772 6762 6763 7180 7351 7601,
4746,item_4746,,item_4746,,1 22 68 69 74 75 101 118 136 140 148 173 194 242 260 320 404 408 495 520 614 634 907 917 1052 1771 2055 2453 3972 5132 5149 5666 6014 6781 8147,item 4746 features: 1 22 68 69 74 75 101 118 136 140 148 173 194 242 260 320 404 408 495 520 614 634 907 917 1052 1771 2055 2453 3972 5132 5149 5666 6014 6781 8147,
4747,item_4747,,item_4747,,11 22 46 69 74 75 77 101 112 146 147 148 179 242 251 291 404 408 409 691 717 862 864 1046 1048 1450 5519 5520 5521 5522 5544 6953,item 4747 features: 11 22 46 69 74 75 77 101 112 146 147 148 179 242 251 291 404 408 409 691 717 862 864 1046 1048 1450 5519 5520 5521 5522 5544 6953,
4748,item_4748,,item_4748,,11 12 19 22 25 30 43 46 53 57 69 74 75 84 109 112 115 150 156 164 176 179 193 199 285 291 303 404 409 421 437 585 691 693 705 709 717 765 818 821 830 833 852 965 1048 1093 1098 1401 1424 2803 2807 2808 2811 3216 3278 3494 3527 5050 5221 5224 5447 6015 7126 7140 7783,item 4748 features: 11 12 19 22 25 30 43 46 53 57 69 74 75 84 109 112 115 150 156 164 176 179 193 199 285 291 303 404 409 421 437 585 691 693 705 709 717 765 818 821 830 833 852 965 1048 1093 1098 1401 1424 2803 2807 2808 2811 3216 3278 3494 3527 5050 5221 5224 5447 6015 7126 7140 7783,
4749,item_4749,,item_4749,,11 13 14 19 22 36 46 69 74 75 77 80 101 109 112 115 170 199 203 242 247 251 252 262 291 321 327 487 593 691 698 830 927 1046 1334 1599 1603 1799 3216 3235 3494 4122 5519 5520 5521 5523 5528 5530 5537 7107 8023 8147 8436,item 4749 features: 11 13 14 19 22 36 46 69 74 75 77 80 101 109 112 115 170 199 203 242 247 251 252 262 291 321 327 487 593 691 698 830 927 1046 1334 1599 1603 1799 3216 3235 3494 4122 5519 5520 5521 5523 5528 5530 5537 7107 8023 8147 8436,
4750,item_4750,,item_4750,,11 12 21 109 154 197 421 703 865 1157 8066,item 4750 features: 11 12 21 109 154 197 421 703 865 1157 8066,
4751,item_4751,,item_4751,,16 36 86 99 109 112 277 456 491 604 1045 3908 4374 6815,item 4751 features: 16 36 86 99 109 112 277 456 491 604 1045 3908 4374 6815,
4752,item_4752,,item_4752,,11 14 16 22 30 69 74 75 77 80 84 100 105 109 150 154 158 173 176 242 291 322 323 399 592 866 885 1424 2144 2405 2412 2804 2806 2809 2811 2817 3065 3573 3694 3831 4065 4571 4944 6685 6940 7157 7175,item 4752 features: 11 14 16 22 30 69 74 75 77 80 84 100 105 109 150 154 158 173 176 242 291 322 323 399 592 866 885 1424 2144 2405 2412 2804 2806 2809 2811 2817 3065 3573 3694 3831 4065 4571 4944 6685 6940 7157 7175,
4753,item_4753,,item_4753,,22 69 101 265 358 572 690 6382 6445,item 4753 features: 22 69 101 265 358 572 690 6382 6445,
4754,item_4754,,item_4754,,22 23 69 84 94 100 101 110 147 154 155 176 179 189 191 197 208 229 260 396 510 574 579 602 636 650 692 717 844 862 864 1049 1176 1203 1278 1304 1596 1935 1959 2766 3045 3175 3544 3545 3550 3552 3557 3558 4559 4764 4818 4825 5394 5688 5689 5691 5693 5786 5859 5864 6398 6634 7163 7818,item 4754 features: 22 23 69 84 94 100 101 110 147 154 155 176 179 189 191 197 208 229 260 396 510 574 579 602 636 650 692 717 844 862 864 1049 1176 1203 1278 1304 1596 1935 1959 2766 3045 3175 3544 3545 3550 3552 3557 3558 4559 4764 4818 4825 5394 5688 5689 5691 5693 5786 5859 5864 6398 6634 7163 7818,
4756,item_4756,,item_4756,,22 69 74 75 77 80 101 139 147 148 404 408 634 691 1048 1052 1325 2071 4121 4122 5625,item 4756 features: 22 69 74 75 77 80 101 139 147 148 404 408 634 691 1048 1052 1325 2071 4121 4122 5625,
4757,item_4757,,item_4757,,22 69 101 260 340 358 1109 8199,item 4757 features: 22 69 101 260 340 358 1109 8199,
4758,item_4758,,item_4758,,68 69 76 105 155 158 173 715 831 996 1049 1603 3759 4065,item 4758 features: 68 69 76 105 155 158 173 715 831 996 1049 1603 3759 4065,
4759,item_4759,,item_4759,,20 81 507 1364,item 4759 features: 20 81 507 1364,
4762,item_4762,,item_4762,,22 46 53 101 109 112 194 262 303 404 492 691 706 977 3533 7636 7637 7638,item 4762 features: 22 46 53 101 109 112 194 262 303 404 492 691 706 977 3533 7636 7637 7638,
4765,item_4765,,item_4765,,16 36 69 75 77 286 379 766 767 768 772,item 4765 features: 16 36 69 75 77 286 379 766 767 768 772,
4766,item_4766,,item_4766,,0 75 115 140 148 614,item 4766 features: 0 75 115 140 148 614,
4767,item_4767,,item_4767,,22 77 158 262 404 481 717 818 862 1143 1185 1775 3539 4818 4820 4828 4829 4835 5445,item 4767 features: 22 77 158 262 404 481 717 818 862 1143 1185 1775 3539 4818 4820 4828 4829 4835 5445,
4768,item_4768,,item_4768,,30 58 152,item 4768 features: 30 58 152,
4771,item_4771,,item_4771,,68 69 74 75 109 145 151 159,item 4771 features: 68 69 74 75 109 145 151 159,
4773,item_4773,,item_4773,,148 247 421 602 717 3223 5862 5863 5872 5875 6634,item 4773 features: 148 247 421 602 717 3223 5862 5863 5872 5875 6634,
4774,item_4774,,item_4774,,22 69 75 77 80 109 158 323 7155 7156 7157 7160,item 4774 features: 22 69 75 77 80 109 158 323 7155 7156 7157 7160,
4775,item_4775,,item_4775,,22 69 112 246 248 249 253,item 4775 features: 22 69 112 246 248 249 253,
4780,item_4780,,item_4780,,0 68 69 109 155 199 291 320 715 996 1302 2072,item 4780 features: 0 68 69 109 155 199 291 320 715 996 1302 2072,
4781,item_4781,,item_4781,,27 154 408 422 437 1009 1174 4140 5600 7719,item 4781 features: 27 154 408 422 437 1009 1174 4140 5600 7719,
4783,item_4783,,item_4783,,16 22 115 148 191 195 260 293 796 975 1324 3359,item 4783 features: 16 22 115 148 191 195 260 293 796 975 1324 3359,
4784,item_4784,,item_4784,,16 36 75 109 150 162 975 1325 2371 4303,item 4784 features: 16 36 75 109 150 162 975 1325 2371 4303,
4785,item_4785,,item_4785,,5 57 152,item 4785 features: 5 57 152,
4786,item_4786,,item_4786,,0 1 68 69 75 87 109 141 144 149 156 157 179 197 242 303 314 320 404 634 662 733 1048 1158 1165 1348 2055 2125 3253 3254 4338 5665 6517 6799 7891 8371,item 4786 features: 0 1 68 69 75 87 109 141 144 149 156 157 179 197 242 303 314 320 404 634 662 733 1048 1158 1165 1348 2055 2125 3253 3254 4338 5665 6517 6799 7891 8371,
4787,item_4787,,item_4787,,0 22 26 27 69 74 75 77 101 112 135 139 144 169 191 286 404 537 602 1244 2446 3154 5416 5687 6386 6731 6733 6734 6735 6736 6737 6738 6739 6740 6741 6742 6743 7219 8024,item 4787 features: 0 22 26 27 69 74 75 77 101 112 135 139 144 169 191 286 404 537 602 1244 2446 3154 5416 5687 6386 6731 6733 6734 6735 6736 6737 6738 6739 6740 6741 6742 6743 7219 8024,
4789,item_4789,,item_4789,,75 77 112 115 148 154 7125,item 4789 features: 75 77 112 115 148 154 7125,
4793,item_4793,,item_4793,,12 13 16 24 30 62 63 69 75 77 80 83 94 154 158 176 235 355 399 664 689 691 864 1047 1164 1703 1769 2493 2804 3394 3617 3899 4677 6282 7127 7785,item 4793 features: 12 13 16 24 30 62 63 69 75 77 80 83 94 154 158 176 235 355 399 664 689 691 864 1047 1164 1703 1769 2493 2804 3394 3617 3899 4677 6282 7127 7785,
4795,item_4795,,item_4795,,16 36 109 150 263 456 506 508 727 1869 2055,item 4795 features: 16 36 109 150 263 456 506 508 727 1869 2055,
4796,item_4796,,item_4796,,23 30 68 69 71 79 84 154 155 158 208 291 320 321 354 439 611 955 1164 1416 1950 3324,item 4796 features: 23 30 68 69 71 79 84 154 155 158 208 291 320 321 354 439 611 955 1164 1416 1950 3324,
4797,item_4797,,item_4797,,11 53 68 69 71 74 75 81 84 100 105 106 148 154 155 158 164 176 189 192 208 226 242 247 260 265 303 320 321 343 352 365 399 404 422 423 574 611 650 668 696 697 706 710 717 844 865 955 1095 1348 1448 1497 1651 1668 1858 2300 2620 2635 2636 2637 2638 2639 2640 2641 2642 2643 2644 2645 2646 2647 2648 2846 2847 2874 3941 3965 4231 4966 6022 6024 6043 6650 6651 6692 7154 7277 7416 8147 8421,item 4797 features: 11 53 68 69 71 74 75 81 84 100 105 106 148 154 155 158 164 176 189 192 208 226 242 247 260 265 303 320 321 343 352 365 399 404 422 423 574 611 650 668 696 697 706 710 717 844 865 955 1095 1348 1448 1497 1651 1668 1858 2300 2620 2635 2636 2637 2638 2639 2640 2641 2642 2643 2644 2645 2646 2647 2648 2846 2847 2874 3941 3965 4231 4966 6022 6024 6043 6650 6651 6692 7154 7277 7416 8147 8421,
4798,item_4798,,item_4798,,22 23 69 75 105 154 155 158 208 291 321 354 367 407 422 611 766 772 775 818 1048 1651 1659 2383 2389 2780 5446 5903 5904 5905 5906 5908 5909 5911 5912 5913 5922 5924 5940 5941 6900,item 4798 features: 22 23 69 75 105 154 155 158 208 291 321 354 367 407 422 611 766 772 775 818 1048 1651 1659 2383 2389 2780 5446 5903 5904 5905 5906 5908 5909 5911 5912 5913 5922 5924 5940 5941 6900,
4799,item_4799,,item_4799,,17 22 23 69 100 101 109 115 148 155 158 172 176 192 197 208 242 247 260 291 293 399 401 407 408 415 422 481 510 574 577 581 602 611 636 641 661 668 703 706 812 844 855 1048 1049 1098 1203 1424 1596 1651 1775 2032 2764 2766 2819 2991 3045 3547 3795 3818 4674 5501 6634 6635 6637 7412,item 4799 features: 17 22 23 69 100 101 109 115 148 155 158 172 176 192 197 208 242 247 260 291 293 399 401 407 408 415 422 481 510 574 577 581 602 611 636 641 661 668 703 706 812 844 855 1048 1049 1098 1203 1424 1596 1651 1775 2032 2764 2766 2819 2991 3045 3547 3795 3818 4674 5501 6634 6635 6637 7412,
4800,item_4800,,item_4800,,69 100 155 189 192 208 247 365 407 423 574 611 696 717 844 862 865 938 955 1462 1581 2635 2813 3576 4350 4816 4819 4833 4840 5692 6692 6854 7936,item 4800 features: 69 100 155 189 192 208 247 365 407 423 574 611 696 717 844 862 865 938 955 1462 1581 2635 2813 3576 4350 4816 4819 4833 4840 5692 6692 6854 7936,
4801,item_4801,,item_4801,,22 23 68 69 71 84 115 148 154 155 158 176 244 247 260 293 343 404 407 422 541 575 611 666 668 691 703 706 717 855 862 1176 1203 1448 1775 1935 2765 3546 3556 4872 5859 5862 6015 6977 7147 7412 8109,item 4801 features: 22 23 68 69 71 84 115 148 154 155 158 176 244 247 260 293 343 404 407 422 541 575 611 666 668 691 703 706 717 855 862 1176 1203 1448 1775 1935 2765 3546 3556 4872 5859 5862 6015 6977 7147 7412 8109,
4802,item_4802,,item_4802,,16 22 36 86 99 112 162 163 169 173 199 285 379 407 456 651 964 1313 1772 2114 8111,item 4802 features: 16 22 36 86 99 112 162 163 169 173 199 285 379 407 456 651 964 1313 1772 2114 8111,
4803,item_4803,,item_4803,,11 12 13 16 18 19 21 24 25 35 44 53 58 86 104 150 154 176 192 197 242 244 253 256 342 390 395 447 450 456 581 664 670 680 691 692 693 706 711 712 719 720 848 1111 1140 1348 1471 1505 1784 1837 1898 2151 2152 2158 2249 2259 2273 2396 2533 2631 2722 2917 3267 3726 4280 4311 4454 5383 6970 7149 7150 7319 8068 8069 8070 8073,item 4803 features: 11 12 13 16 18 19 21 24 25 35 44 53 58 86 104 150 154 176 192 197 242 244 253 256 342 390 395 447 450 456 581 664 670 680 691 692 693 706 711 712 719 720 848 1111 1140 1348 1471 1505 1784 1837 1898 2151 2152 2158 2249 2259 2273 2396 2533 2631 2722 2917 3267 3726 4280 4311 4454 5383 6970 7149 7150 7319 8068 8069 8070 8073,
4804,item_4804,,item_4804,,74 144 226 239,item 4804 features: 74 144 226 239,
4805,item_4805,,item_4805,,23 106 144 157 179 377 949 1676 4216,item 4805 features: 23 106 144 157 179 377 949 1676 4216,
4807,item_4807,,item_4807,,75 77,item 4807 features: 75 77,
4808,item_4808,,item_4808,,74 75 77 80 139 149 197 242 291 367 404 706 717 5786 6759 6760 6762 6776,item 4808 features: 74 75 77 80 139 149 197 242 291 367 404 706 717 5786 6759 6760 6762 6776,
4810,item_4810,,item_4810,,157 173 192 291 377 1676,item 4810 features: 157 173 192 291 377 1676,
4811,item_4811,,item_4811,,22 77 975 5786 7714,item 4811 features: 22 77 975 5786 7714,
4813,item_4813,,item_4813,,36 130 801 2018 6694,item 4813 features: 36 130 801 2018 6694,
4815,item_4815,,item_4815,,22 46 121 268 433 1961 2001 5801,item 4815 features: 22 46 121 268 433 1961 2001 5801,
4816,item_4816,,item_4816,,0 22 46 75 163 169 176 199 262 270 286 295 307 521 978 1325 1649 1814 1837 2032 2116 2118 2196 3423 3427 4266 5741 5742 5745 5748 5811 8021 8024,item 4816 features: 0 22 46 75 163 169 176 199 262 270 286 295 307 521 978 1325 1649 1814 1837 2032 2116 2118 2196 3423 3427 4266 5741 5742 5745 5748 5811 8021 8024,
4817,item_4817,,item_4817,,22 36 96 112 133 199 258 285 507 519 2251 2255 3314 5543 5826 8217,item 4817 features: 22 36 96 112 133 199 258 285 507 519 2251 2255 3314 5543 5826 8217,
4818,item_4818,,item_4818,,22 36 96 112 113 133 179 199 285 404 706 2252 2772 4122 5742 5744,item 4818 features: 22 36 96 112 113 133 179 199 285 404 706 2252 2772 4122 5742 5744,
4819,item_4819,,item_4819,,16 22 36 46 69 70 74 77 80 94 101 112 115 133 147 156 162 163 165 169 171 173 179 189 191 194 195 197 199 242 251 252 285 290 293 296 303 342 358 377 379 399 404 405 407 408 419 513 518 519 520 521 536 541 549 585 602 606 613 636 637 638 641 642 644 651 654 656 658 717 796 852 862 933 937 945 1093 1107 1109 1217 1234 1237 1238 1239 1241 1246 1247 1263 1324 1334 1348 1424 1451 1741 1793 1837 2052 2097 2105 2343 2345 2346 2348 2349 2436 2518 2519 2520 2701 2924 3137 3236 3359 3429 3783 3967 4166 4278 4315 4316 4333 4338 4807 5543 5544 5703 5741 5742 5744 5748 5754 5874 6214 6611 6634 7038 7039 7040 7041 7042 7223 7321 7386 7388 7389 7390 7391 7419 7500 7988 8015 8016,item 4819 features: 16 22 36 46 69 70 74 77 80 94 101 112 115 133 147 156 162 163 165 169 171 173 179 189 191 194 195 197 199 242 251 252 285 290 293 296 303 342 358 377 379 399 404 405 407 408 419 513 518 519 520 521 536 541 549 585 602 606 613 636 637 638 641 642 644 651 654 656 658 717 796 852 862 933 937 945 1093 1107 1109 1217 1234 1237 1238 1239 1241 1246 1247 1263 1324 1334 1348 1424 1451 1741 1793 1837 2052 2097 2105 2343 2345 2346 2348 2349 2436 2518 2519 2520 2701 2924 3137 3236 3359 3429 3783 3967 4166 4278 4315 4316 4333 4338 4807 5543 5544 5703 5741 5742 5744 5748 5754 5874 6214 6611 6634 7038 7039 7040 7041 7042 7223 7321 7386 7388 7389 7390 7391 7419 7500 7988 8015 8016,
4820,item_4820,,item_4820,,11 22 46 69 79 81 96 112 115 133 156 171 173 176 179 194 197 199 244 247 258 262 285 291 303 310 327 377 404 407 408 421 507 519 520 580 606 691 693 696 842 1107 1312 1424 1802 2229 2230 2231 2238 2316 2317 2319 2322 2343 2441 2444 2639 3216 4076 7029 8015 8019 8364,item 4820 features: 11 22 46 69 79 81 96 112 115 133 156 171 173 176 179 194 197 199 244 247 258 262 285 291 303 310 327 377 404 407 408 421 507 519 520 580 606 691 693 696 842 1107 1312 1424 1802 2229 2230 2231 2238 2316 2317 2319 2322 2343 2441 2444 2639 3216 4076 7029 8015 8019 8364,
4821,item_4821,,item_4821,,22 36 43 46 53 69 75 77 96 101 109 112 115 133 135 144 148 163 169 173 179 191 194 195 197 199 242 285 288 293 303 377 379 407 495 507 519 520 580 585 606 641 706 717 850 853 1107 1262 2044 2315 2321 2322 2323 2431 2479 2580 2821 2835 3092 3096 3812 3819 3822 4121 4122 4140 4278 5543 5741 5860 5877 6323 6431 7775 8016,item 4821 features: 22 36 43 46 53 69 75 77 96 101 109 112 115 133 135 144 148 163 169 173 179 191 194 195 197 199 242 285 288 293 303 377 379 407 495 507 519 520 580 585 606 641 706 717 850 853 1107 1262 2044 2315 2321 2322 2323 2431 2479 2580 2821 2835 3092 3096 3812 3819 3822 4121 4122 4140 4278 5543 5741 5860 5877 6323 6431 7775 8016,
4822,item_4822,,item_4822,,22 69 75 101 1325,item 4822 features: 22 69 75 101 1325,
4823,item_4823,,item_4823,,16 22 36 133 173 179 191 195 260 404 606 654 1046 1324 1425 3359 3497 5544 5743 5781 5782 8015 8228,item 4823 features: 16 22 36 133 173 179 191 195 260 404 606 654 1046 1324 1425 3359 3497 5544 5743 5781 5782 8015 8228,
4824,item_4824,,item_4824,,22 36 112 133 179 285 654 1137 1263 1393 1679 1680 1683 3337 5544 5583 5743 5745 5746 7988 8224,item 4824 features: 22 36 112 133 179 285 654 1137 1263 1393 1679 1680 1683 3337 5544 5583 5743 5745 5746 7988 8224,
4825,item_4825,,item_4825,,11 16 22 36 69 70 75 79 81 96 97 109 112 133 144 162 163 165 169 173 179 191 193 194 195 197 199 242 258 260 263 293 303 310 377 379 404 405 456 507 519 520 541 602 606 648 831 935 964 1051 1237 1263 1424 1679 1688 1778 1885 2462 2469 2587 2593 2615 3137 3360 3496 3531 3759 4316 4737 4958 5740 5741 5744 5750 5754 5946 7033 7762 8217 8220,item 4825 features: 11 16 22 36 69 70 75 79 81 96 97 109 112 133 144 162 163 165 169 173 179 191 193 194 195 197 199 242 258 260 263 293 303 310 377 379 404 405 456 507 519 520 541 602 606 648 831 935 964 1051 1237 1263 1424 1679 1688 1778 1885 2462 2469 2587 2593 2615 3137 3360 3496 3531 3759 4316 4737 4958 5740 5741 5744 5750 5754 5946 7033 7762 8217 8220,
4826,item_4826,,item_4826,,22 46 69 101 112 115 148 179 195 242 251 549 641 691 852 1048 1107 1334 1400 2343 2345 2346 2348 5743,item 4826 features: 22 46 69 101 112 115 148 179 195 242 251 549 641 691 852 1048 1107 1334 1400 2343 2345 2346 2348 5743,
4827,item_4827,,item_4827,,14 16 22 30 36 46 65 69 74 75 77 80 97 109 112 115 144 150 199 242 244 251 263 507 519 598 852 1110 1424 2376 3783 7936,item 4827 features: 14 16 22 30 36 46 65 69 74 75 77 80 97 109 112 115 144 150 199 242 244 251 263 507 519 598 852 1110 1424 2376 3783 7936,
4830,item_4830,,item_4830,,112 146 148 591 720 978 1149 1784 3306 5301 5366 5369 5370 5372 8196,item 4830 features: 112 146 148 591 720 978 1149 1784 3306 5301 5366 5369 5370 5372 8196,
4832,item_4832,,item_4832,,22 162 262 291 295 408 3358 8383,item 4832 features: 22 162 262 291 295 408 3358 8383,
4833,item_4833,,item_4833,,74 77 210 358 690 2559 4053 6754,item 4833 features: 74 77 210 358 690 2559 4053 6754,
4836,item_4836,,item_4836,,14 23 69 75 77 80 115 136 235 251 323 1578 2624,item 4836 features: 14 23 69 75 77 80 115 136 235 251 323 1578 2624,
4838,item_4838,,item_4838,,12 16 44 150 4088,item 4838 features: 12 16 44 150 4088,
4850,item_4850,,item_4850,,14 16 19 29 36 44 70 77 79 112 150 173 235 263 291 327 330 403 756 1352 2055 6397 6400 6406 6407 6687 7107,item 4850 features: 14 16 19 29 36 44 70 77 79 112 150 173 235 263 291 327 330 403 756 1352 2055 6397 6400 6406 6407 6687 7107,
4856,item_4856,,item_4856,,135 975 1555,item 4856 features: 135 975 1555,
4862,item_4862,,item_4862,,22 69 101 112 285 491 692 5055,item 4862 features: 22 69 101 112 285 491 692 5055,
4864,item_4864,,item_4864,,29 30 63 83 154 689 1604 1744 1747 5139,item 4864 features: 29 30 63 83 154 689 1604 1744 1747 5139,
4866,item_4866,,item_4866,,30 71 84 321 354 813 3752,item 4866 features: 30 71 84 321 354 813 3752,
4867,item_4867,,item_4867,,72 87 320 354 1601 1758,item 4867 features: 72 87 320 354 1601 1758,
4868,item_4868,,item_4868,,22 115 521 2055 2771,item 4868 features: 22 115 521 2055 2771,
4869,item_4869,,item_4869,,30 63 109 129 154 173 291 810 1604 6875 6892,item 4869 features: 30 63 109 129 154 173 291 810 1604 6875 6892,
4871,item_4871,,item_4871,,30 63 157 173 617 810 1675 3169 3460,item 4871 features: 30 63 157 173 617 810 1675 3169 3460,
4873,item_4873,,item_4873,,80 251 487 691,item 4873 features: 80 251 487 691,
4875,item_4875,,item_4875,,69 284 437 1674,item 4875 features: 69 284 437 1674,
4876,item_4876,,item_4876,,11 12 13 16 19 22 36 75 77 80 99 112 147 148 150 154 158 251 285 291 323 327 421 456 717 1049 1109 1272 1451 1656 2105 3527 5445 5446 5447 7107 7752 7787 7788,item 4876 features: 11 12 13 16 19 22 36 75 77 80 99 112 147 148 150 154 158 251 285 291 323 327 421 456 717 1049 1109 1272 1451 1656 2105 3527 5445 5446 5447 7107 7752 7787 7788,
4877,item_4877,,item_4877,,22 147 163 197 199 260 286 309 339 541 1462 3428 6349,item 4877 features: 22 147 163 197 199 260 286 309 339 541 1462 3428 6349,
4878,item_4878,,item_4878,,6 112 119 1058 6954 6960,item 4878 features: 6 112 119 1058 6954 6960,
4879,item_4879,,item_4879,,69 139 141 143 157,item 4879 features: 69 139 141 143 157,
4881,item_4881,,item_4881,,12 16 30 285 321 323 706 1164 1272 5447 6140,item 4881 features: 12 16 30 285 321 323 706 1164 1272 5447 6140,
4882,item_4882,,item_4882,,22 43 69 74 75 77 80 101 147 148 173 176 179 194 260 291 408 520 954 1048 1052 1424 1578 4121 5892 6781 7221,item 4882 features: 22 43 69 74 75 77 80 101 147 148 173 176 179 194 260 291 408 520 954 1048 1052 1424 1578 4121 5892 6781 7221,
4883,item_4883,,item_4883,,22 23 36 81 84 110 133 166 179 208 321 507 574 575 611 842 1175 1176 1177 1178 1394 1448 3546 5903,item 4883 features: 22 23 36 81 84 110 133 166 179 208 321 507 574 575 611 842 1175 1176 1177 1178 1394 1448 3546 5903,
4885,item_4885,,item_4885,,72 154 173 321 343 354 697 2619 5167,item 4885 features: 72 154 173 321 343 354 697 2619 5167,
4886,item_4886,,item_4886,,69 72 321 354 1092 2383,item 4886 features: 69 72 321 354 1092 2383,
4887,item_4887,,item_4887,,79 154 321 343 438 439 2359,item 4887 features: 79 154 321 343 438 439 2359,
4888,item_4888,,item_4888,,68 72 320 499,item 4888 features: 68 72 320 499,
4889,item_4889,,item_4889,,72 321 354 1274 5162,item 4889 features: 72 321 354 1274 5162,
4890,item_4890,,item_4890,,88 96 97 107 258 291 377 441 2367 2586 2593 2597 2603 2604 4368 7822,item 4890 features: 88 96 97 107 258 291 377 441 2367 2586 2593 2597 2603 2604 4368 7822,
4892,item_4892,,item_4892,,16 19 20 30 44 79 196 263 508 895 1363 1903 4426,item 4892 features: 16 19 20 30 44 79 196 263 508 895 1363 1903 4426,
4893,item_4893,,item_4893,,22 69 101 135 144 690 1325 1520 1775 2559 2959 4344,item 4893 features: 22 69 101 135 144 690 1325 1520 1775 2559 2959 4344,
4897,item_4897,,item_4897,,22 36 163 286,item 4897 features: 22 36 163 286,
4898,item_4898,,item_4898,,29 30 79 154 421 439 1905 3127 4644 4646 6888,item 4898 features: 29 30 79 154 421 439 1905 3127 4644 4646 6888,
4899,item_4899,,item_4899,,75 77 173 179 247 756 1692,item 4899 features: 75 77 173 179 247 756 1692,
4901,item_4901,,item_4901,,22 262 270 286 295 408 618 3358 8021 8024 8383,item 4901 features: 22 262 270 286 295 408 618 3358 8021 8024 8383,
4902,item_4902,,item_4902,,96 120 121 128 147 433 4788 6346,item 4902 features: 96 120 121 128 147 433 4788 6346,
4903,item_4903,,item_4903,,0 247 499 503 1061 1062,item 4903 features: 0 247 499 503 1061 1062,
4907,item_4907,,item_4907,,112 154 272 2243 6688 6690 6692 6696,item 4907 features: 112 154 272 2243 6688 6690 6692 6696,
4908,item_4908,,item_4908,,74 75 358 2559,item 4908 features: 74 75 358 2559,
4909,item_4909,,item_4909,,16 27 57 82 162 263 330 342 1601 2696,item 4909 features: 16 27 57 82 162 263 330 342 1601 2696,
4912,item_4912,,item_4912,,22 69 75 77 80 101 251 632,item 4912 features: 22 69 75 77 80 101 251 632,
4915,item_4915,,item_4915,,112 247 262 269 4629 5576,item 4915 features: 112 247 262 269 4629 5576,
4920,item_4920,,item_4920,,68 69 84 115 155 179 208 247 260 321 495 611,item 4920 features: 68 69 84 115 155 179 208 247 260 321 495 611,
4923,item_4923,,item_4923,,16 57 69 75 77 112 142 235 291 325 327 1352 2915 2916,item 4923 features: 16 57 69 75 77 112 142 235 291 325 327 1352 2915 2916,
4924,item_4924,,item_4924,,8 14 15 16 36 57 70 75 82 150 162 263 390 391 410 461 486 1313 1325 2007 5510 7364,item 4924 features: 8 14 15 16 36 57 70 75 82 150 162 263 390 391 410 461 486 1313 1325 2007 5510 7364,
4925,item_4925,,item_4925,,2 14 23 24 25 46 69 74 75 105 112 142 144 153 154 155 158 235 285 291 407 435 468 588 611 717 834 837 848 862 864 1098 1108 1109 1128 1384 1600 1650 1658 2105 2153 2639 3500 3527 3561 3816 3821 4205 4507 8146,item 4925 features: 2 14 23 24 25 46 69 74 75 105 112 142 144 153 154 155 158 235 285 291 407 435 468 588 611 717 834 837 848 862 864 1098 1108 1109 1128 1384 1600 1650 1658 2105 2153 2639 3500 3527 3561 3816 3821 4205 4507 8146,
4926,item_4926,,item_4926,,16 22 36 46 69 99 108 109 112 147 165 173 191 260 285 290 291 303 419 487 866 1049 1051 1109 1313 1449 1450 1457 1458 1459 1460 1461 1462 1464 1465 1466 1467 1470 1471 1473 1936 3293 3551 3583 5543 5861 6626 7217 7246 7247 8016 8018,item 4926 features: 16 22 36 46 69 99 108 109 112 147 165 173 191 260 285 290 291 303 419 487 866 1049 1051 1109 1313 1449 1450 1457 1458 1459 1460 1461 1462 1464 1465 1466 1467 1470 1471 1473 1936 3293 3551 3583 5543 5861 6626 7217 7246 7247 8016 8018,
4927,item_4927,,item_4927,,14 77 109 158 251 260,item 4927 features: 14 77 109 158 251 260,
4928,item_4928,,item_4928,,22 69 74 75 77 80 109 158 163 242 279 291 322 323 606 698 768 778 821 833 1091 1143 1451 3132 3527 4870 4871 5293 5712 6596 6597 7155 7161 7163 7179,item 4928 features: 22 69 74 75 77 80 109 158 163 242 279 291 322 323 606 698 768 778 821 833 1091 1143 1451 3132 3527 4870 4871 5293 5712 6596 6597 7155 7161 7163 7179,
4929,item_4929,,item_4929,,16 22 36 86 99 173 456 592 967 7293,item 4929 features: 16 22 36 86 99 173 456 592 967 7293,
4932,item_4932,,item_4932,,30 77 115 148,item 4932 features: 30 77 115 148,
4933,item_4933,,item_4933,,14 23 144 226 233 239 766 772 4789,item 4933 features: 14 23 144 226 233 239 766 772 4789,
4934,item_4934,,item_4934,,23 112 197 247 291,item 4934 features: 23 112 197 247 291,
4935,item_4935,,item_4935,,22 69 101 112 151 169 651 3406 5699,item 4935 features: 22 69 101 112 151 169 651 3406 5699,
4937,item_4937,,item_4937,,77 80 379 6118 6754 7968,item 4937 features: 77 80 379 6118 6754 7968,
4938,item_4938,,item_4938,,0 68 69 72 85 142 147 197 319 320 346 354 408 499 501 695 717 1063 1325 1410 2294 2716 2717 2718 2720 2940 3494 3648 5683 5685 6730 6954 8358,item 4938 features: 0 68 69 72 85 142 147 197 319 320 346 354 408 499 501 695 717 1063 1325 1410 2294 2716 2717 2718 2720 2940 3494 3648 5683 5685 6730 6954 8358,
4939,item_4939,,item_4939,,16 57 70 82 486,item 4939 features: 16 57 70 82 486,
4940,item_4940,,item_4940,,16 82 86 179 486,item 4940 features: 16 82 86 179 486,
4941,item_4941,,item_4941,,0 87 157 320 501 1875,item 4941 features: 0 87 157 320 501 1875,
4942,item_4942,,item_4942,,16 70 82 86 109 486 488 492,item 4942 features: 16 70 82 86 109 486 488 492,
4943,item_4943,,item_4943,,16 27 57 451,item 4943 features: 16 27 57 451,
4944,item_4944,,item_4944,,69 75 77 80 150 179 251 293 606,item 4944 features: 69 75 77 80 150 179 251 293 606,
4945,item_4945,,item_4945,,11 16 36 57 70 82 86 109 150 173 263 367 456 486 492 2885 3169,item 4945 features: 11 16 36 57 70 82 86 109 150 173 263 367 456 486 492 2885 3169,
4946,item_4946,,item_4946,,13 16 19 31 53 70 75 77 109 150 487 1221 2627 2629 8436,item 4946 features: 13 16 19 31 53 70 75 77 109 150 487 1221 2627 2629 8436,
4950,item_4950,,item_4950,,72 154 321 354 439 1274 5162,item 4950 features: 72 154 321 354 439 1274 5162,
4951,item_4951,,item_4951,,0 4 72 438 619 1348,item 4951 features: 0 4 72 438 619 1348,
4952,item_4952,,item_4952,,23 69 79 115 179 247 260 365 377 507 611 696 842 2786 3113,item 4952 features: 23 69 79 115 179 247 260 365 377 507 611 696 842 2786 3113,
4953,item_4953,,item_4953,,69 105 155 192 208 365 377 611 696 697 3114 3495 5863,item 4953 features: 69 105 155 192 208 365 377 611 696 697 3114 3495 5863,
4954,item_4954,,item_4954,,208 226 265 611 717 2887 3539 3681 5504,item 4954 features: 208 226 265 611 717 2887 3539 3681 5504,
4955,item_4955,,item_4955,,23 69 79 148 179 247 260 291 365 377 507 611 696 1581 2097 2588 3113,item 4955 features: 23 69 79 148 179 247 260 291 365 377 507 611 696 1581 2097 2588 3113,
4956,item_4956,,item_4956,,72 320 321 354 5162,item 4956 features: 72 320 321 354 5162,
4957,item_4957,,item_4957,,16 27 142 154 461 694 717 6626 6707,item 4957 features: 16 27 142 154 461 694 717 6626 6707,
4958,item_4958,,item_4958,,3 7 9 57 82 315 449 451 3884 7688,item 4958 features: 3 7 9 57 82 315 449 451 3884 7688,
4960,item_4960,,item_4960,,11 12 13 16 18 19 691 711 1140 1599 1769 1900,item 4960 features: 11 12 13 16 18 19 691 711 1140 1599 1769 1900,
4961,item_4961,,item_4961,,3 14 15 16 23 57 70 82 109 150 303 461 486 487 488 2696 4789 6865,item 4961 features: 3 14 15 16 23 57 70 82 109 150 303 461 486 487 488 2696 4789 6865,
4962,item_4962,,item_4962,,10 57 82 109 196 449 451,item 4962 features: 10 57 82 109 196 449 451,
4963,item_4963,,item_4963,,0 12 14 15 16 23 27 30 36 57 70 75 82 84 86 109 142 196 199 256 291 329 390 461 486 766 767 769 772 773 774 775 776 777 778 779 786 1567 2362 2364 2918 3153 4732,item 4963 features: 0 12 14 15 16 23 27 30 36 57 70 75 82 84 86 109 142 196 199 256 291 329 390 461 486 766 767 769 772 773 774 775 776 777 778 779 786 1567 2362 2364 2918 3153 4732,
4964,item_4964,,item_4964,,5 16 27 57 82 150 152 195 242 665 671 1416 1601 2696 3015 8311,item 4964 features: 5 16 27 57 82 150 152 195 242 665 671 1416 1601 2696 3015 8311,
4965,item_4965,,item_4965,,16 57 70 82 303 486 488 489 2696,item 4965 features: 16 57 70 82 303 486 488 489 2696,
4966,item_4966,,item_4966,,8 16 57 82 173 263 1135 4409,item 4966 features: 8 16 57 82 173 263 1135 4409,
4967,item_4967,,item_4967,,1 158 247 1053,item 4967 features: 1 158 247 1053,
4971,item_4971,,item_4971,,0 1 5 8 57 140 614,item 4971 features: 0 1 5 8 57 140 614,
4972,item_4972,,item_4972,,11 18 22 23 46 69 74 75 101 112 115 147 148 171 176 194 247 251 262 285 291 421 495 592 691 717 719 848 862 1049 1098 1272 1424 2083 2639 3044 5445 5446 5904 5906 6316 6780 7609 7782 7783 7929 8144 8171 8198,item 4972 features: 11 18 22 23 46 69 74 75 101 112 115 147 148 171 176 194 247 251 262 285 291 421 495 592 691 717 719 848 862 1049 1098 1272 1424 2083 2639 3044 5445 5446 5904 5906 6316 6780 7609 7782 7783 7929 8144 8171 8198,
4973,item_4973,,item_4973,,46 77 176 197 251 309 549 598 3623 3624 3625 7718,item 4973 features: 46 77 176 197 251 309 549 598 3623 3624 3625 7718,
4974,item_4974,,item_4974,,0 30 72 157 314 810 1368 5173 5174,item 4974 features: 0 30 72 157 314 810 1368 5173 5174,
4975,item_4975,,item_4975,,22 69 75 130 147 150 169 284 424 516 701 801 1184 3290 3674 3679 3876 4068 8025,item 4975 features: 22 69 75 130 147 150 169 284 424 516 701 801 1184 3290 3674 3679 3876 4068 8025,
4976,item_4976,,item_4976,,69 71 74 75 77 80 91 156 247 279 399 423 717 1539 1663 3898 4424 6685 7897 7898 8147,item 4976 features: 69 71 74 75 77 80 91 156 247 279 399 423 717 1539 1663 3898 4424 6685 7897 7898 8147,
4977,item_4977,,item_4977,,11 22 69 74 75 77 80 94 101 148 179 189 191 210 251 291 309 421 598 602 691 1048 3456 3622 3623 5746 5748 6638,item 4977 features: 11 22 69 74 75 77 80 94 101 148 179 189 191 210 251 291 309 421 598 602 691 1048 3456 3622 3623 5746 5748 6638,
4978,item_4978,,item_4978,,75 80 158,item 4978 features: 75 80 158,
4979,item_4979,,item_4979,,69 74 75 77 80 109 179 199 325 355 1655 3783 4021 5221 6272 6282 6695,item 4979 features: 69 74 75 77 80 109 179 199 325 355 1655 3783 4021 5221 6272 6282 6695,
4981,item_4981,,item_4981,,22 46 69 75 94 112 115 147 189 197 247 285 291 327 342 377 399 703 829 861 1581 2806 3216 3494 3818 4424 4816 5583 6958 7602 7783,item 4981 features: 22 46 69 75 94 112 115 147 189 197 247 285 291 327 342 377 399 703 829 861 1581 2806 3216 3494 3818 4424 4816 5583 6958 7602 7783,
4982,item_4982,,item_4982,,22 69 74 75 77 80 109 115 173 179 203 251 260 1655 2804,item 4982 features: 22 69 74 75 77 80 109 115 173 179 203 251 260 1655 2804,
4983,item_4983,,item_4983,,14 16 22 23 27 36 70 108 166 260 401 1051 3654,item 4983 features: 14 16 22 23 27 36 70 108 166 260 401 1051 3654,
4990,item_4990,,item_4990,,22 36 46 108 147 340 358 572 690 717 1468 1471,item 4990 features: 22 36 46 108 147 340 358 572 690 717 1468 1471,
4991,item_4991,,item_4991,,30 69 83 84 154 192 689 813 4566 4567 7126,item 4991 features: 30 69 83 84 154 192 689 813 4566 4567 7126,
4993,item_4993,,item_4993,,11 13 19 112 309 5090 8151 8152 8227,item 4993 features: 11 13 19 112 309 5090 8151 8152 8227,
4994,item_4994,,item_4994,,77 235 721 2282 6523,item 4994 features: 77 235 721 2282 6523,
4996,item_4996,,item_4996,,0 87 140 314 502,item 4996 features: 0 87 140 314 502,
4997,item_4997,,item_4997,,22 69 74 75 77 105 109 144 158 203 260 291 323 585 833 3573 4424 4816 4820 8023 8432,item 4997 features: 22 69 74 75 77 105 109 144 158 203 260 291 323 585 833 3573 4424 4816 4820 8023 8432,
5001,item_5001,,item_5001,,22 112 133 151 507,item 5001 features: 22 112 133 151 507,
5002,item_5002,,item_5002,,69 74 75 77 101 135 139 148 157 169 358 602 690 1324 1424 1578 1837 2453 2854 3159 4543 5040,item 5002 features: 69 74 75 77 101 135 139 148 157 169 358 602 690 1324 1424 1578 1837 2453 2854 3159 4543 5040,
5005,item_5005,,item_5005,,0 23 68 69 76 169 194 320 365 422 633 641 696 710 715 819 820 821 824 996 1302 1305 1668 1919 3574 4468 4615 8041 8391,item 5005 features: 0 23 68 69 76 169 194 320 365 422 633 641 696 710 715 819 820 821 824 996 1302 1305 1668 1919 3574 4468 4615 8041 8391,
5006,item_5006,,item_5006,,0 3 4 69 72 78 87 154 197 279 319 320 321 354 419 499 618 619 662 991 1348 1403 1405 1853 2561 2601 3032 3169 4119 4185 4186 4789 4791 4793 5900 5902 6899 6964,item 5006 features: 0 3 4 69 72 78 87 154 197 279 319 320 321 354 419 499 618 619 662 991 1348 1403 1405 1853 2561 2601 3032 3169 4119 4185 4186 4789 4791 4793 5900 5902 6899 6964,
5007,item_5007,,item_5007,,0 68 69 72 85 142 192 320 346 499 666 3648 6662 6674,item 5007 features: 0 68 69 72 85 142 192 320 346 499 666 3648 6662 6674,
5008,item_5008,,item_5008,,0 4 23 87 109 320 501 662 1875 4222 4789 4790 6090 7140,item 5008 features: 0 4 23 87 109 320 501 662 1875 4222 4789 4790 6090 7140,
5009,item_5009,,item_5009,,0 69 72 85 109 192 291 320 321 354 499 764 1274 2639 5162,item 5009 features: 0 69 72 85 109 192 291 320 321 354 499 764 1274 2639 5162,
5010,item_5010,,item_5010,,23 24 36 68 69 100 106 147 154 155 164 176 179 189 192 197 242 260 309 321 352 354 421 422 521 611 834 836 844 861 863 1046 1048 1775 2591 2592 2906 4956 4958 4961 7897 7898 8350,item 5010 features: 23 24 36 68 69 100 106 147 154 155 164 176 179 189 192 197 242 260 309 321 352 354 421 422 521 611 834 836 844 861 863 1046 1048 1775 2591 2592 2906 4956 4958 4961 7897 7898 8350,
5011,item_5011,,item_5011,,11 13 16 19 20 30 112 158 717 1221 1904 3999 4373 6696,item 5011 features: 11 13 16 19 20 30 112 158 717 1221 1904 3999 4373 6696,
5012,item_5012,,item_5012,,22 46 69 75 77 112 115 147 148 242 303 342 549 852 1334 1400 2343 2345 2348 2349 4067 5880,item 5012 features: 22 46 69 75 77 112 115 147 148 242 303 342 549 852 1334 1400 2343 2345 2348 2349 4067 5880,
5013,item_5013,,item_5013,,30 96 441 1805 4021,item 5013 features: 30 96 441 1805 4021,
5015,item_5015,,item_5015,,30 74 77 83 154,item 5015 features: 30 74 77 83 154,
5020,item_5020,,item_5020,,22 23 69 115 203 611,item 5020 features: 22 23 69 115 203 611,
5023,item_5023,,item_5023,,16 23 30 57 84 105 150 235 291 872 1383,item 5023 features: 16 23 30 57 84 105 150 235 291 872 1383,
5024,item_5024,,item_5024,,30 75 141 143 157 173 314 625 810 4589,item 5024 features: 30 75 141 143 157 173 314 625 810 4589,
5027,item_5027,,item_5027,,11 22 112 197 247 251 272 404 421 691 706 717 4927,item 5027 features: 11 22 112 197 247 251 272 404 421 691 706 717 4927,
5030,item_5030,,item_5030,,16 69 77 293 358 975,item 5030 features: 16 69 77 293 358 975,
5031,item_5031,,item_5031,,11 22 69 74 75 77 80 101 148 155 291 303 404 409 691 830 1048 1578 2774 3704 4451 4452,item 5031 features: 11 22 69 74 75 77 80 101 148 155 291 303 404 409 691 830 1048 1578 2774 3704 4451 4452,
5032,item_5032,,item_5032,,69 74 144 145 582 1599 2919 3214 3233 7558 8430,item 5032 features: 69 74 144 145 582 1599 2919 3214 3233 7558 8430,
5033,item_5033,,item_5033,,74 77 358 572 2559,item 5033 features: 74 77 358 572 2559,
5034,item_5034,,item_5034,,22 75 109 286 618 6689 6690 6691 6694 8021 8022,item 5034 features: 22 75 109 286 618 6689 6690 6691 6694 8021 8022,
5035,item_5035,,item_5035,,69 75 136 422 696 7140,item 5035 features: 69 75 136 422 696 7140,
5037,item_5037,,item_5037,,69 115 262 270 605 6700 8273,item 5037 features: 69 115 262 270 605 6700 8273,
5038,item_5038,,item_5038,,36 81 100 507 842 844 1050 1175 1176 1177 1178 1179 2999 3278 5693,item 5038 features: 36 81 100 507 842 844 1050 1175 1176 1177 1178 1179 2999 3278 5693,
5039,item_5039,,item_5039,,69 100 115 155 179 208 214 262 365 399 437 574 696 697 842 844 955 1049 1050 1960 3113 3548 4819 4852 5691 5865 5866,item 5039 features: 69 100 115 155 179 208 214 262 365 399 437 574 696 697 842 844 955 1049 1050 1960 3113 3548 4819 4852 5691 5865 5866,
5040,item_5040,,item_5040,,69 148 155 696 1042 2643 2786 3113 3116 3118 4843,item 5040 features: 69 148 155 696 1042 2643 2786 3113 3116 3118 4843,
5041,item_5041,,item_5041,,23 69 79 115 155 179 291 365 377 611 696 697 842 1501 2643 2786 3113 3116 3118 4843 4844 4846 4847 6160 8032,item 5041 features: 23 69 79 115 155 179 291 365 377 611 696 697 842 1501 2643 2786 3113 3116 3118 4843 4844 4846 4847 6160 8032,
5042,item_5042,,item_5042,,23 69 79 115 148 154 208 247 260 365 377 507 611 691 696 697 1050 2643 2786 3113 3116 3118 3130 4843 4844 5866 6149 7552,item 5042 features: 23 69 79 115 148 154 208 247 260 365 377 507 611 691 696 697 1050 2643 2786 3113 3116 3118 3130 4843 4844 5866 6149 7552,
5043,item_5043,,item_5043,,79 365 507 696 697 1050 1576 3113 3116 3118 4843 4844 6253,item 5043 features: 79 365 507 696 697 1050 1576 3113 3116 3118 4843 4844 6253,
5044,item_5044,,item_5044,,69 75 77 101 112 139 148 150 1235 4121,item 5044 features: 69 75 77 101 112 139 148 150 1235 4121,
5045,item_5045,,item_5045,,0 23 68 320 348 492 499 503 1410 1509 1519 2159 2517 3656 5271 6097 7658,item 5045 features: 0 23 68 320 348 492 499 503 1410 1509 1519 2159 2517 3656 5271 6097 7658,
5046,item_5046,,item_5046,,0 1 30 69 74 75 614 6430,item 5046 features: 0 1 30 69 74 75 614 6430,
5047,item_5047,,item_5047,,0 1 30 68 69 74 75 115 140 242 303 321 377 614,item 5047 features: 0 1 30 68 69 74 75 115 140 242 303 321 377 614,
5048,item_5048,,item_5048,,68 69 155 156 365 377 419 422 574 611 696 861 938 1049 1302 1596 2637 2813 3230 3965 4065 4615 5416 6849,item 5048 features: 68 69 155 156 365 377 419 422 574 611 696 861 938 1049 1302 1596 2637 2813 3230 3965 4065 4615 5416 6849,
5050,item_5050,,item_5050,,11 12 13 16 19 23 36 79 84 147 150 154 179 291 377 691 2696 2772,item 5050 features: 11 12 13 16 19 23 36 79 84 147 150 154 179 291 377 691 2696 2772,
5051,item_5051,,item_5051,,16 77,item 5051 features: 16 77,
5052,item_5052,,item_5052,,75 77 109 115 247 340 358 572 690 7720,item 5052 features: 75 77 109 115 247 340 358 572 690 7720,
5053,item_5053,,item_5053,,27 69 145 4947,item 5053 features: 27 69 145 4947,
5054,item_5054,,item_5054,,22 69 79 112 115 285 358 421 572 690 2021,item 5054 features: 22 69 79 112 115 285 358 421 572 690 2021,
5055,item_5055,,item_5055,,22 115 194 260 270 408 492 977 1180 1775 3424 5741 5748 7636 7637 7638 7639,item 5055 features: 22 115 194 260 270 408 492 977 1180 1775 3424 5741 5748 7636 7637 7638 7639,
5056,item_5056,,item_5056,,22 36 104 164 253 601 5740 5741 5742 5748 5750,item 5056 features: 22 36 104 164 253 601 5740 5741 5742 5748 5750,
5057,item_5057,,item_5057,,69 75 77 80 112 210 272 598 1305 4435 4445 7823,item 5057 features: 69 75 77 80 112 210 272 598 1305 4435 4445 7823,
5058,item_5058,,item_5058,,69 75 135 144 145 148 352 404 606 613 796 1235 1402 2517 5040 5041 8023,item 5058 features: 69 75 135 144 145 148 352 404 606 613 796 1235 1402 2517 5040 5041 8023,
5061,item_5061,,item_5061,,12 22 69 75 77 80 109 158 252 323 591 861 1424 1799 1856 2061 2639 5741 5750 6484,item 5061 features: 12 22 69 75 77 80 109 158 252 323 591 861 1424 1799 1856 2061 2639 5741 5750 6484,
5063,item_5063,,item_5063,,22 46 69 109 112 115 251 262 270 291 307 309 698 847 4025 5741 5748 6754 8020,item 5063 features: 22 46 69 109 112 115 251 262 270 291 307 309 698 847 4025 5741 5748 6754 8020,
5065,item_5065,,item_5065,,69 74 75 77 80 109 135 139 141 143 144 147 157 170 242 303 625 662 707 733 2071 2547 2548 3397 4927 5625 6626 6760 6761 6762 6763 6769 6772 6773 6774,item 5065 features: 69 74 75 77 80 109 135 139 141 143 144 147 157 170 242 303 625 662 707 733 2071 2547 2548 3397 4927 5625 6626 6760 6761 6762 6763 6769 6772 6773 6774,
5067,item_5067,,item_5067,,69 75 101 135 260 975 4505,item 5067 features: 69 75 101 135 260 975 4505,
5069,item_5069,,item_5069,,69 115 199 270 605,item 5069 features: 69 115 199 270 605,
5070,item_5070,,item_5070,,12 16 30 44 56 1153 5578,item 5070 features: 12 16 30 44 56 1153 5578,
5071,item_5071,,item_5071,,22 69 109 115 262 303 321 1703 2109 3029 3150 6227 6688 6691 7141 7142 7143 7144 7145 7146 7151,item 5071 features: 22 69 109 115 262 303 321 1703 2109 3029 3150 6227 6688 6691 7141 7142 7143 7144 7145 7146 7151,
5072,item_5072,,item_5072,,14 15 22 23 24 36 70 75 158 163 189 405 407 733 736 738 745 747 752 754 825 832 1108 2044 2153 3561 3814 5446 6972 7958 8146,item 5072 features: 14 15 22 23 24 36 70 75 158 163 189 405 407 733 736 738 745 747 752 754 825 832 1108 2044 2153 3561 3814 5446 6972 7958 8146,
5073,item_5073,,item_5073,,112 115 247 8218,item 5073 features: 112 115 247 8218,
5074,item_5074,,item_5074,,11 12 14 22 23 30 63 69 75 77 80 83 91 112 115 129 154 179 251 291 303 321 325 327 377 689 691 756 1352 2175 3362 4588 4677 5836 7107 7126,item 5074 features: 11 12 14 22 23 30 63 69 75 77 80 83 91 112 115 129 154 179 251 291 303 321 325 327 377 689 691 756 1352 2175 3362 4588 4677 5836 7107 7126,
5075,item_5075,,item_5075,,19 112 115 148 247 487 7782,item 5075 features: 19 112 115 148 247 487 7782,
5077,item_5077,,item_5077,,77 80 7904,item 5077 features: 77 80 7904,
5078,item_5078,,item_5078,,16 19 22 36 70 77 84 109 162 173 176 179 242 251 260 263 293 379 602 606 756 1424 1655 2202 3622 3623 3629 4025 4453 4454 4455 4601 7681 8217,item 5078 features: 16 19 22 36 70 77 84 109 162 173 176 179 242 251 260 263 293 379 602 606 756 1424 1655 2202 3622 3623 3629 4025 4453 4454 4455 4601 7681 8217,
5079,item_5079,,item_5079,,16 77 293 1143 6948 7803 7823,item 5079 features: 16 77 293 1143 6948 7803 7823,
5080,item_5080,,item_5080,,16 147 291,item 5080 features: 16 147 291,
5084,item_5084,,item_5084,,23 112 115 148 155 164 208 247 342 495 611 650 864 865 1049 4278 5859 5863 5881 7783 8196 8277,item 5084 features: 23 112 115 148 155 164 208 247 342 495 611 650 864 865 1049 4278 5859 5863 5881 7783 8196 8277,
5086,item_5086,,item_5086,,22 75 77 79 109 112 115 247 421 692 962 2769 2770 3813 6689 6690 6950 7154 8197 8219,item 5086 features: 22 75 77 79 109 112 115 247 421 692 962 2769 2770 3813 6689 6690 6950 7154 8197 8219,
5088,item_5088,,item_5088,,22 69 75 77 80 109 148 247 251 303 489 596 691,item 5088 features: 22 69 75 77 80 109 148 247 251 303 489 596 691,
5089,item_5089,,item_5089,,11 30 43 69 75 77 80 109 158 323 7125,item 5089 features: 11 30 43 69 75 77 80 109 158 323 7125,
5090,item_5090,,item_5090,,11 16 19 5133 8073,item 5090 features: 11 16 19 5133 8073,
5091,item_5091,,item_5091,,16 75 77 80 158 199 260 263 7864,item 5091 features: 16 75 77 80 158 199 260 263 7864,
5095,item_5095,,item_5095,,22 69 75 77 1312 4871 7155 7159 7507,item 5095 features: 22 69 75 77 1312 4871 7155 7159 7507,
5096,item_5096,,item_5096,,22 75 105 109 115 158 251 260 323 717 768 773 862 5293,item 5096 features: 22 75 105 109 115 158 251 260 323 717 768 773 862 5293,
5097,item_5097,,item_5097,,46 69 146 352 978 1149 4437 5274 5367 5743 7710,item 5097 features: 46 69 146 352 978 1149 4437 5274 5367 5743 7710,
5098,item_5098,,item_5098,,197 251 707 1484,item 5098 features: 197 251 707 1484,
5099,item_5099,,item_5099,,71 84 155 191 208 574 844 896 1046 3045 3175 4516 4517 5576 5577 5688 5690 5692 5864 6951 7907,item 5099 features: 71 84 155 191 208 574 844 896 1046 3045 3175 4516 4517 5576 5577 5688 5690 5692 5864 6951 7907,
5101,item_5101,,item_5101,,23 36 81 112 133 291 1939,item 5101 features: 23 36 81 112 133 291 1939,
5102,item_5102,,item_5102,,22 69 77 80 158 323 866 1653 2175 2407 6010,item 5102 features: 22 69 77 80 158 323 866 1653 2175 2407 6010,
5106,item_5106,,item_5106,,30 75 84 150 433,item 5106 features: 30 75 84 150 433,
5107,item_5107,,item_5107,,22 46 96 112 133 176 179 197 199 258 262 285 507 519 864 865 2055 2377 2382 3423 3424 3425 5176 5788,item 5107 features: 22 46 96 112 133 176 179 197 199 258 262 285 507 519 864 865 2055 2377 2382 3423 3424 3425 5176 5788,
5108,item_5108,,item_5108,,16 22 36 46 101 105 112 113 133 158 162 191 199 288 323 598 852 1132 1794 1796 3481 4671 5543 7988,item 5108 features: 16 22 36 46 101 105 112 113 133 158 162 191 199 288 323 598 852 1132 1794 1796 3481 4671 5543 7988,
5109,item_5109,,item_5109,,22 36 46 96 99 101 112 133 147 169 173 179 193 194 197 258 285 303 521 706 798 935 1137 1138 1305 2462 2484 2487 4316 4323 5544 5741 5744 5748 6795 7988 8364 8365,item 5109 features: 22 36 46 96 99 101 112 133 147 169 173 179 193 194 197 258 285 303 521 706 798 935 1137 1138 1305 2462 2484 2487 4316 4323 5544 5741 5744 5748 6795 7988 8364 8365,
5110,item_5110,,item_5110,,22 69 74 101 109 169 173 179 197 260 288 293 339 404 521 577 602 606 640 964 1234 1239 1241 1244 1263 1267 1324 1325 1393 1775 2202 2801 3209 3359 4944 5741 5742 5744 5747 5748 5751 5752 5753 5754 5759 6464 6634 6635 6636 6637 6646 6647 7232,item 5110 features: 22 69 74 101 109 169 173 179 197 260 288 293 339 404 521 577 602 606 640 964 1234 1239 1241 1244 1263 1267 1324 1325 1393 1775 2202 2801 3209 3359 4944 5741 5742 5744 5747 5748 5751 5752 5753 5754 5759 6464 6634 6635 6636 6637 6646 6647 7232,
5111,item_5111,,item_5111,,22 36 46 101 112 133 179 191 258 285 288 303 408 507 519 852 1138 1263 1393 2800 5544 5740 5744 5745,item 5111 features: 22 36 46 101 112 133 179 191 258 285 288 303 408 507 519 852 1138 1263 1393 2800 5544 5740 5744 5745,
5112,item_5112,,item_5112,,16 22 36 96 97 99 112 133 163 169 176 191 195 197 242 258 260 293 303 379 404 408 456 519 606 651 796 1109 1142 1210 1211 1212 1313 1324 1325 1731 1732 2476 2614 3137 3360 4389 5543 5701 7956,item 5112 features: 16 22 36 96 97 99 112 133 163 169 176 191 195 197 242 258 260 293 303 379 404 408 456 519 606 651 796 1109 1142 1210 1211 1212 1313 1324 1325 1731 1732 2476 2614 3137 3360 4389 5543 5701 7956,
5113,item_5113,,item_5113,,16 22 36 69 74 75 77 80 101 135 144 145 147 162 165 169 191 193 251 260 293 303 563 606 612 648 717 880 933 1067 1235 1238 1247 1263 1965 4290 4301 5543 5744 5755 7718 8232,item 5113 features: 16 22 36 69 74 75 77 80 101 135 144 145 147 162 165 169 191 193 251 260 293 303 563 606 612 648 717 880 933 1067 1235 1238 1247 1263 1965 4290 4301 5543 5744 5755 7718 8232,
5114,item_5114,,item_5114,,22 36 46 69 96 101 112 133 162 165 169 176 179 191 194 195 197 199 242 258 285 288 293 303 334 339 379 404 419 521 533 541 549 606 636 640 642 652 940 964 975 1138 1236 1239 1244 1246 1250 1263 1424 1837 1943 2153 2233 2293 2448 2486 2876 3333 3925 3975 4341 5011 5019 5275 5288 5289 5544 5639 5672 5742 5745 5746 6379 6440 6477 7988,item 5114 features: 22 36 46 69 96 101 112 133 162 165 169 176 179 191 194 195 197 199 242 258 285 288 293 303 334 339 379 404 419 521 533 541 549 606 636 640 642 652 940 964 975 1138 1236 1239 1244 1246 1250 1263 1424 1837 1943 2153 2233 2293 2448 2486 2876 3333 3925 3975 4341 5011 5019 5275 5288 5289 5544 5639 5672 5742 5745 5746 6379 6440 6477 7988,
5115,item_5115,,item_5115,,16 22 30 36 77 81 86 97 99 105 109 112 133 150 158 173 191 195 197 199 260 263 272 285 293 379 407 456 520 568 585 592 606 796 964 965 1313 2055 2096 2327 3137 3359 3360 3496,item 5115 features: 16 22 30 36 77 81 86 97 99 105 109 112 133 150 158 173 191 195 197 199 260 263 272 285 293 379 407 456 520 568 585 592 606 796 964 965 1313 2055 2096 2327 3137 3359 3360 3496,
5116,item_5116,,item_5116,,16 22 36 96 97 115 133 144 148 163 169 172 173 179 194 199 242 258 260 303 339 377 379 404 421 507 519 520 521 602 604 666 706 850 853 889 967 1107 1139 1192 1325 1424 1471 1775 1814 2097 2315 2317 2324 2327 2328 2453 2591 2772 4121 4122 4356 5519 5520 5607 5788 6626 7013 7028 7958 8364,item 5116 features: 16 22 36 96 97 115 133 144 148 163 169 172 173 179 194 199 242 258 260 303 339 377 379 404 421 507 519 520 521 602 604 666 706 850 853 889 967 1107 1139 1192 1325 1424 1471 1775 1814 2097 2315 2317 2324 2327 2328 2453 2591 2772 4121 4122 4356 5519 5520 5607 5788 6626 7013 7028 7958 8364,
5129,item_5129,,item_5129,,22 69 75 77 139 148 4416,item 5129 features: 22 69 75 77 139 148 4416,
5130,item_5130,,item_5130,,0 3 4 75 87 149 309 314 319 320 1503,item 5130 features: 0 3 4 75 87 149 309 314 319 320 1503,
5131,item_5131,,item_5131,,0 57 69 74 75 115 152 291 5105 5617,item 5131 features: 0 57 69 74 75 115 152 291 5105 5617,
5133,item_5133,,item_5133,,11 18 22 79 115 154 253 260 262 340 358 421 507 572 611 690 691 696 1221 1232 1325 4824 4909 7124 7126 7127 7510,item 5133 features: 11 18 22 79 115 154 253 260 262 340 358 421 507 572 611 690 691 696 1221 1232 1325 4824 4909 7124 7126 7127 7510,
5134,item_5134,,item_5134,,1 30 69 72 74 75 77 176 197 321 354 1164,item 5134 features: 1 30 69 72 74 75 77 176 197 321 354 1164,
5136,item_5136,,item_5136,,22 36 46 112 169 197 199 263 299 5543 5544 8226,item 5136 features: 22 36 46 112 169 197 199 263 299 5543 5544 8226,
5138,item_5138,,item_5138,,22 36 69 101 112 147 242 495 1263 1393 1598 2097 5743 5744 5745 5746,item 5138 features: 22 36 69 101 112 147 242 495 1263 1393 1598 2097 5743 5744 5745 5746,
5139,item_5139,,item_5139,,22 94 158 208 611 5689 5691,item 5139 features: 22 94 158 208 611 5689 5691,
5141,item_5141,,item_5141,,11 13 75 77 115 148 4944 6689 8198,item 5141 features: 11 13 75 77 115 148 4944 6689 8198,
5142,item_5142,,item_5142,,22 69 75 77 97 112 115 192 258 765 1023 1688 2803 3406 3621 4690 7608 7783 8025,item 5142 features: 22 69 75 77 97 112 115 192 258 765 1023 1688 2803 3406 3621 4690 7608 7783 8025,
5145,item_5145,,item_5145,,22 69 101 135 173 203 602 5743,item 5145 features: 22 69 101 135 173 203 602 5743,
5147,item_5147,,item_5147,,80 109 193 1424 4374 6691,item 5147 features: 80 109 193 1424 4374 6691,
5148,item_5148,,item_5148,,88 96 97 160 199 258 285 291 310 379 407 422 520 849 1462 2584 3273 3517 3518 4367 6887 7006 7122,item 5148 features: 88 96 97 160 199 258 285 291 310 379 407 422 520 849 1462 2584 3273 3517 3518 4367 6887 7006 7122,
5149,item_5149,,item_5149,,11 22 68 69 74 75 77 80 100 147 155 210 299 606 691 844 1234 1263 1601 1603 2804 3236 3783 3790 3791 3793 5740 5741 5744 5747 6941,item 5149 features: 11 22 68 69 74 75 77 80 100 147 155 210 299 606 691 844 1234 1263 1601 1603 2804 3236 3783 3790 3791 3793 5740 5741 5744 5747 6941,
5150,item_5150,,item_5150,,12 19 24 53 75 78 142 148 321 461 703 1272 2385 4372,item 5150 features: 12 19 24 53 75 78 142 148 321 461 703 1272 2385 4372,
5151,item_5151,,item_5151,,16 22 36 46 75 112 162 3783 4167,item 5151 features: 16 22 36 46 75 112 162 3783 4167,
5152,item_5152,,item_5152,,74 83 4695,item 5152 features: 74 83 4695,
5153,item_5153,,item_5153,,16 27 57 82 451 461 1600 2696,item 5153 features: 16 27 57 82 451 461 1600 2696,
5154,item_5154,,item_5154,,57 82 451 486,item 5154 features: 57 82 451 486,
5155,item_5155,,item_5155,,57 82 451,item 5155 features: 57 82 451,
5156,item_5156,,item_5156,,8 16 27 57 82 109 451 461 2696,item 5156 features: 8 16 27 57 82 109 451 461 2696,
5157,item_5157,,item_5157,,8 16 27 57 82 142 461 2696 4789,item 5157 features: 8 16 27 57 82 142 461 2696 4789,
5158,item_5158,,item_5158,,10 57 82 451,item 5158 features: 10 57 82 451,
5159,item_5159,,item_5159,,14 16 27 30 57 70 142 461 1128 1758,item 5159 features: 14 16 27 30 57 70 142 461 1128 1758,
5160,item_5160,,item_5160,,80 4124,item 5160 features: 80 4124,
5161,item_5161,,item_5161,,0 6 72 78 85 112 1058,item 5161 features: 0 6 72 78 85 112 1058,
5162,item_5162,,item_5162,,11 12 13 16 19 30 77 104 147 150 154 256 354 2680 2917 3536 4093 5651 5656 5657,item 5162 features: 11 12 13 16 19 30 77 104 147 150 154 256 354 2680 2917 3536 4093 5651 5656 5657,
5163,item_5163,,item_5163,,16 22 36 112 126 130 163 169 191 197 268 801,item 5163 features: 16 22 36 112 126 130 163 169 191 197 268 801,
5164,item_5164,,item_5164,,69 75 112 247 253 269 285 291 327 691 706 717 844 1543 3216 4048 5876 6320 6557 7783,item 5164 features: 69 75 112 247 253 269 285 291 327 691 706 717 844 1543 3216 4048 5876 6320 6557 7783,
5165,item_5165,,item_5165,,69 75 77 80 251 340 690 974,item 5165 features: 69 75 77 80 251 340 690 974,
5166,item_5166,,item_5166,,12 16 30 77 80 83 84 109 150 173 179 260 325 377 403 1352 6628 6877 6893 6897,item 5166 features: 12 16 30 77 80 83 84 109 150 173 179 260 325 377 403 1352 6628 6877 6893 6897,
5167,item_5167,,item_5167,,77 80 251 303 487 1456 2910 3823,item 5167 features: 77 80 251 303 487 1456 2910 3823,
5168,item_5168,,item_5168,,0 68 76 173 242 404 487 715 831 994 995 996 1305 3620,item 5168 features: 0 68 76 173 242 404 487 715 831 994 995 996 1305 3620,
5169,item_5169,,item_5169,,68 69 155 291 844,item 5169 features: 68 69 155 291 844,
5170,item_5170,,item_5170,,36 68 69 76 100 155 379 611,item 5170 features: 36 68 69 76 100 155 379 611,
5171,item_5171,,item_5171,,0 1 68 69 74 75 1052 6800,item 5171 features: 0 1 68 69 74 75 1052 6800,
5172,item_5172,,item_5172,,68 69 155 291 365 696,item 5172 features: 68 69 155 291 365 696,
5179,item_5179,,item_5179,,11 13 18 19 81 96 150 258 631 1363 1898 7126,item 5179 features: 11 13 18 19 81 96 150 258 631 1363 1898 7126,
5183,item_5183,,item_5183,,14 69 77 80 210 235 260 2285 3447 5509,item 5183 features: 14 69 77 80 210 235 260 2285 3447 5509,
5184,item_5184,,item_5184,,0 120 122 433 946,item 5184 features: 0 120 122 433 946,
5186,item_5186,,item_5186,,22 69 75 77 80 109 115 247 251 377 598 1581 2170 3783 7012,item 5186 features: 22 69 75 77 80 109 115 247 251 377 598 1581 2170 3783 7012,
5187,item_5187,,item_5187,,22 69 155 208 574 844 1667 5688,item 5187 features: 22 69 155 208 574 844 1667 5688,
5188,item_5188,,item_5188,,12 16 30 79 5134 5577 5580,item 5188 features: 12 16 30 79 5134 5577 5580,
5189,item_5189,,item_5189,,77 80 109 247,item 5189 features: 77 80 109 247,
5190,item_5190,,item_5190,,30 57 82 263 2674 2675 2677,item 5190 features: 30 57 82 263 2674 2675 2677,
5193,item_5193,,item_5193,,112 147 8217,item 5193 features: 112 147 8217,
5196,item_5196,,item_5196,,75 77 93 115 291 598 691 7709,item 5196 features: 75 77 93 115 291 598 691 7709,
5199,item_5199,,item_5199,,14 30 69 75 144 235 611 720 1660 1662 1663 6880,item 5199 features: 14 30 69 75 144 235 611 720 1660 1662 1663 6880,
5200,item_5200,,item_5200,,21 147 154 437 4093 5867 7875,item 5200 features: 21 147 154 437 4093 5867 7875,
5201,item_5201,,item_5201,,68 320 499 3992,item 5201 features: 68 320 499 3992,
5202,item_5202,,item_5202,,14 77 235 251 1047 4871 8146,item 5202 features: 14 77 235 251 1047 4871 8146,
5205,item_5205,,item_5205,,0 23 68 69 85 87 100 106 109 127 155 173 192 291 320 347 352 357 422 499 501 611 661 663 665 670 676 715 717 1302 1424 1729 1802 1919 2161 2592 2846 2847 2906 2965 3574 3576 3936 4899 4956 4957 4958 4960 4962 4966 5920 5932 6039 6954 6955 7431 8042 8043 8045,item 5205 features: 0 23 68 69 85 87 100 106 109 127 155 173 192 291 320 347 352 357 422 499 501 611 661 663 665 670 676 715 717 1302 1424 1729 1802 1919 2161 2592 2846 2847 2906 2965 3574 3576 3936 4899 4956 4957 4958 4960 4962 4966 5920 5932 6039 6954 6955 7431 8042 8043 8045,
5206,item_5206,,item_5206,,22 69 101 115 288 706 1331 1462 2107 2108 2111 6757 6990 6991,item 5206 features: 22 69 101 115 288 706 1331 1462 2107 2108 2111 6757 6990 6991,
5207,item_5207,,item_5207,,16 22 36 96 97 133 173 176 179 191 199 244 258 260 291 293 309 310 404 507 519 606 691 706 796 1143 1462 1775 2055 2590 3137 3359 5826 6570 6573 6587 7233 7316 7599,item 5207 features: 16 22 36 96 97 133 173 176 179 191 199 244 258 260 291 293 309 310 404 507 519 606 691 706 796 1143 1462 1775 2055 2590 3137 3359 5826 6570 6573 6587 7233 7316 7599,
5208,item_5208,,item_5208,,22 36 46 69 75 112 131 147 156 176 179 194 197 199 208 242 285 287 288 289 293 297 300 303 309 404 520 521 562 641 691 854 1025 1049 1107 1137 1138 1690 1693 1744 2517 3355 3424 3427 3432 3485 4748 4901 5273 5279 5744 7988 8015,item 5208 features: 22 36 46 69 75 112 131 147 156 176 179 194 197 199 208 242 285 287 288 289 293 297 300 303 309 404 520 521 562 641 691 854 1025 1049 1107 1137 1138 1690 1693 1744 2517 3355 3424 3427 3432 3485 4748 4901 5273 5279 5744 7988 8015,
5209,item_5209,,item_5209,,16 22 36 69 75 77 96 97 101 112 135 147 150 162 163 165 169 173 179 191 193 195 197 242 258 260 263 293 320 377 379 403 536 556 585 598 606 637 648 651 721 933 940 964 965 975 1109 1257 1772 1778 2311 2376 3137 3260 3359 3783 4332 4589 4590 4591 4599 5744 5888 6431 8218 8220,item 5209 features: 16 22 36 69 75 77 96 97 101 112 135 147 150 162 163 165 169 173 179 191 193 195 197 242 258 260 263 293 320 377 379 403 536 556 585 598 606 637 648 651 721 933 940 964 965 975 1109 1257 1772 1778 2311 2376 3137 3260 3359 3783 4332 4589 4590 4591 4599 5744 5888 6431 8218 8220,
5210,item_5210,,item_5210,,16 22 36 69 75 115 150 172 173 176 193 194 197 199 260 286 299 396 641 691 1305 1447 1449 1939 2314 2772 3153 3423 3424 5543 7214,item 5210 features: 16 22 36 69 75 115 150 172 173 176 193 194 197 199 260 286 299 396 641 691 1305 1447 1449 1939 2314 2772 3153 3423 3424 5543 7214,
5211,item_5211,,item_5211,,16 22 36 46 77 94 97 101 112 133 135 162 163 165 169 171 179 191 193 197 199 242 258 263 293 379 388 404 519 521 565 606 613 637 642 643 647 648 651 964 975 1109 1204 1217 1234 1236 1237 1240 1242 1243 1244 1245 1248 1305 2032 2367 2370 2615 2960 3137 3236 3767 3768 4171 4958 5204 6182 6248 6611 7338 7386 7387 7388 7397 7398 8180 8217,item 5211 features: 16 22 36 46 77 94 97 101 112 133 135 162 163 165 169 171 179 191 193 197 199 242 258 263 293 379 388 404 519 521 565 606 613 637 642 643 647 648 651 964 975 1109 1204 1217 1234 1236 1237 1240 1242 1243 1244 1245 1248 1305 2032 2367 2370 2615 2960 3137 3236 3767 3768 4171 4958 5204 6182 6248 6611 7338 7386 7387 7388 7397 7398 8180 8217,
5212,item_5212,,item_5212,,69 79 81 103 365 439 696 697 1576 3114 3119 3495 4843 4848,item 5212 features: 69 79 81 103 365 439 696 697 1576 3114 3119 3495 4843 4848,
5213,item_5213,,item_5213,,365 507 696 697,item 5213 features: 365 507 696 697,
5214,item_5214,,item_5214,,23 53 68 69 79 100 154 155 321 343 365 408 696 697 812 955 1046 2965 3575 3576 4607 5264 6149 8147,item 5214 features: 23 53 68 69 79 100 154 155 321 343 365 408 696 697 812 955 1046 2965 3575 3576 4607 5264 6149 8147,
5215,item_5215,,item_5215,,30 75 2618 6551 8263,item 5215 features: 30 75 2618 6551 8263,
5216,item_5216,,item_5216,,81 99 179 260 507 574 724 862 863 4757 4949,item 5216 features: 81 99 179 260 507 574 724 862 863 4757 4949,
5219,item_5219,,item_5219,,69 71 72 154 343 354 697 844 2099 2212 2619 2654 3576 6098 6140,item 5219 features: 69 71 72 154 343 354 697 844 2099 2212 2619 2654 3576 6098 6140,
5220,item_5220,,item_5220,,13 16 30 44 84,item 5220 features: 13 16 30 44 84,
5221,item_5221,,item_5221,,69 135 144 145 8217,item 5221 features: 69 135 144 145 8217,
5222,item_5222,,item_5222,,22 77 1215 2128 2428 3905,item 5222 features: 22 77 1215 2128 2428 3905,
5223,item_5223,,item_5223,,22 36 46 110 165 171 172,item 5223 features: 22 36 46 110 165 171 172,
5224,item_5224,,item_5224,,22 36 96 97 133 165 191 258 260 606 796 1060 1263 5741 5744 5748 5754 5826 6748,item 5224 features: 22 36 96 97 133 165 191 258 260 606 796 1060 1263 5741 5744 5748 5754 5826 6748,
5226,item_5226,,item_5226,,30 147 154 422 437 1403 2674 2675 2676 2681 3610,item 5226 features: 30 147 154 422 437 1403 2674 2675 2676 2681 3610,
5227,item_5227,,item_5227,,6 16 22 27 57 82 112 142 448 461 467 1128 8361,item 5227 features: 6 16 22 27 57 82 112 142 448 461 467 1128 8361,
5228,item_5228,,item_5228,,16 22 70 77 109 112 150 166 173 193 263 272 291 330 498 717 862 1109 1143 1305 1886 1889 4832 6000 6687 6754,item 5228 features: 16 22 70 77 109 112 150 166 173 193 263 272 291 330 498 717 862 1109 1143 1305 1886 1889 4832 6000 6687 6754,
5229,item_5229,,item_5229,,22 69 75 139 262 270 295 424 8024,item 5229 features: 22 69 75 139 262 270 295 424 8024,
5230,item_5230,,item_5230,,16 70 486 487,item 5230 features: 16 70 486 487,
5231,item_5231,,item_5231,,16 22 27 57 82 142 448 449 453 459 461,item 5231 features: 16 22 27 57 82 142 448 449 453 459 461,
5233,item_5233,,item_5233,,22 112 3169 3449 4834,item 5233 features: 22 112 3169 3449 4834,
5234,item_5234,,item_5234,,75 77 148,item 5234 features: 75 77 148,
5238,item_5238,,item_5238,,14 15 16 29 36 57 69 70 75 82 105 109 158 176 197 390 396 410 461 486 1044 2055 2639 5514 7214,item 5238 features: 14 15 16 29 36 57 69 70 75 82 105 109 158 176 197 390 396 410 461 486 1044 2055 2639 5514 7214,
5239,item_5239,,item_5239,,12 16 18 22 37 57 69 75 85 86 96 97 104 112 133 150 155 166 190 199 208 258 269 422 453 507 566 574 581 692 798 887 1045 1050 1088 1116 1154 1424 1600 1731 2032 3072 3214 3281 3283 3284 3469 3470 5585 5604 5633 5869 5873 5878 5972 6739 6873 6876 7613 7726 7727 7788,item 5239 features: 12 16 18 22 37 57 69 75 85 86 96 97 104 112 133 150 155 166 190 199 208 258 269 422 453 507 566 574 581 692 798 887 1045 1050 1088 1116 1154 1424 1600 1731 2032 3072 3214 3281 3283 3284 3469 3470 5585 5604 5633 5869 5873 5878 5972 6739 6873 6876 7613 7726 7727 7788,
5240,item_5240,,item_5240,,16 36 86 260 379 404 456 1109 1462,item 5240 features: 16 36 86 260 379 404 456 1109 1462,
5241,item_5241,,item_5241,,15 22 69 147 155 158 164 208 260 291 574 611 717 862 863 1492 3818 5445 5501 5503 5689 5865 5875 7924,item 5241 features: 15 22 69 147 155 158 164 208 260 291 574 611 717 862 863 1492 3818 5445 5501 5503 5689 5865 5875 7924,
5243,item_5243,,item_5243,,36 150 164 242 291 379 1325 1450 1462 1469 3293 3551 3553 5522 5740 5744 6431,item 5243 features: 36 150 164 242 291 379 1325 1450 1462 1469 3293 3551 3553 5522 5740 5744 6431,
5244,item_5244,,item_5244,,22 26 27 112 285 419 1109 1458 1464,item 5244 features: 22 26 27 112 285 419 1109 1458 1464,
5248,item_5248,,item_5248,,23 68 69 72 100 109 154 155 291 320 321 354 357 495 611 844 955 1164 1417 1600 2966 2967 4071 4897 4913 4965 4970 5614 7277 8147,item 5248 features: 23 68 69 72 100 109 154 155 291 320 321 354 357 495 611 844 955 1164 1417 1600 2966 2967 4071 4897 4913 4965 4970 5614 7277 8147,
5249,item_5249,,item_5249,,16 22 36 46 66 69 75 101 108 109 112 114 115 133 145 147 148 150 156 162 163 164 165 166 169 171 172 173 176 178 179 191 192 193 194 195 197 199 242 244 262 263 285 286 287 288 289 291 292 293 296 297 298 301 303 306 309 311 313 339 344 351 367 377 379 395 403 404 405 407 419 422 516 518 519 520 521 522 528 530 536 537 541 549 550 565 577 580 585 592 598 606 627 636 637 638 641 642 643 644 646 647 648 652 655 656 658 659 666 698 702 706 711 717 852 853 862 890 940 964 965 967 1000 1001 1002 1003 1004 1005 1006 1007 1010 1011 1013 1016 1018 1019 1020 1024 1025 1026 1027 1049 1107 1109 1137 1138 1143 1202 1217 1218 1236 1237 1239 1241 1242 1244 1245 1246 1247 1255 1260 1263 1265 1305 1324 1393 1401 1424 1449 1450 1457 1458 1464 1500 1563 1564 1646 1680 1681 1683 1722 1775 1810 1814 1837 1878 1984 2032 2097 2132 2133 2138 2140 2153 2166 2208 2229 2236 2237 2250 2304 2315 2328 2343 2429 2468 2471 2615 2734 2764 2772 2847 2871 2880 2881 2882 2883 2884 2906 2937 2998 3001 3023 3024 3025 3062 3137 3153 3155 3191 3193 3334 3335 3429 3430 3452 3586 3587 3588 3589 3590 3591 3597 3598 3759 3928 3929 3931 4166 4260 4273 4298 4315 4327 4571 4627 4773 4983 4984 4985 5220 5260 5543 5544 5583 5641 5672 5742 5743 5744 5746 5752 5803 5804 5805 5806 5827 5828 5829 5830 5831 5832 5833 5834 5860 5865 5874 5876 6007 6025 6271 6366 6440 6446 6448 6449 6611 6626 6757 6758 6829 6830 6831 6832 6833 6840 6911 6990 7035 7036 7117 7157 7161 7189 7190 7209 7210 7217 7335 7342 7344 7521 7556 7953 8015 8016 8179 8335 8368,item 5249 features: 16 22 36 46 66 69 75 101 108 109 112 114 115 133 145 147 148 150 156 162 163 164 165 166 169 171 172 173 176 178 179 191 192 193 194 195 197 199 242 244 262 263 285 286 287 288 289 291 292 293 296 297 298 301 303 306 309 311 313 339 344 351 367 377 379 395 403 404 405 407 419 422 516 518 519 520 521 522 528 530 536 537 541 549 550 565 577 580 585 592 598 606 627 636 637 638 641 642 643 644 646 647 648 652 655 656 658 659 666 698 702 706 711 717 852 853 862 890 940 964 965 967 1000 1001 1002 1003 1004 1005 1006 1007 1010 1011 1013 1016 1018 1019 1020 1024 1025 1026 1027 1049 1107 1109 1137 1138 1143 1202 1217 1218 1236 1237 1239 1241 1242 1244 1245 1246 1247 1255 1260 1263 1265 1305 1324 1393 1401 1424 1449 1450 1457 1458 1464 1500 1563 1564 1646 1680 1681 1683 1722 1775 1810 1814 1837 1878 1984 2032 2097 2132 2133 2138 2140 2153 2166 2208 2229 2236 2237 2250 2304 2315 2328 2343 2429 2468 2471 2615 2734 2764 2772 2847 2871 2880 2881 2882 2883 2884 2906 2937 2998 3001 3023 3024 3025 3062 3137 3153 3155 3191 3193 3334 3335 3429 3430 3452 3586 3587 3588 3589 3590 3591 3597 3598 3759 3928 3929 3931 4166 4260 4273 4298 4315 4327 4571 4627 4773 4983 4984 4985 5220 5260 5543 5544 5583 5641 5672 5742 5743 5744 5746 5752 5803 5804 5805 5806 5827 5828 5829 5830 5831 5832 5833 5834 5860 5865 5874 5876 6007 6025 6271 6366 6440 6446 6448 6449 6611 6626 6757 6758 6829 6830 6831 6832 6833 6840 6911 6990 7035 7036 7117 7157 7161 7189 7190 7209 7210 7217 7335 7342 7344 7521 7556 7953 8015 8016 8179 8335 8368,
5250,item_5250,,item_5250,,16 22 36 46 53 69 96 97 101 108 109 110 112 133 162 163 166 167 168 169 171 173 176 179 182 191 193 194 195 197 199 242 258 262 265 270 283 285 293 303 377 379 403 404 405 407 507 512 517 519 521 541 542 550 551 553 554 557 558 559 560 561 568 580 598 606 618 651 658 662 691 692 698 706 717 796 831 850 853 915 940 964 965 1000 1001 1002 1003 1004 1006 1007 1025 1046 1051 1110 1137 1138 1140 1263 1313 1401 1424 1465 1614 1649 1678 1731 1772 1773 1776 1856 1895 2032 2097 2105 2250 2251 2318 2319 2320 2321 2322 2323 2324 2326 2327 2328 2349 2377 2441 2447 2485 2614 3137 3154 3239 3360 3496 3595 3650 3822 3967 4008 4159 4229 4315 5045 5543 5741 5742 5744 5748 6367 6386 6393 6395 6396 6401 6402 6404 6410 6492 6606 6607 6608 6611 6626 6697 6797 6798 7209 7210 7316 7387 7399 7400 7401 7496 7523 8181 8217 8227 8370 8378,item 5250 features: 16 22 36 46 53 69 96 97 101 108 109 110 112 133 162 163 166 167 168 169 171 173 176 179 182 191 193 194 195 197 199 242 258 262 265 270 283 285 293 303 377 379 403 404 405 407 507 512 517 519 521 541 542 550 551 553 554 557 558 559 560 561 568 580 598 606 618 651 658 662 691 692 698 706 717 796 831 850 853 915 940 964 965 1000 1001 1002 1003 1004 1006 1007 1025 1046 1051 1110 1137 1138 1140 1263 1313 1401 1424 1465 1614 1649 1678 1731 1772 1773 1776 1856 1895 2032 2097 2105 2250 2251 2318 2319 2320 2321 2322 2323 2324 2326 2327 2328 2349 2377 2441 2447 2485 2614 3137 3154 3239 3360 3496 3595 3650 3822 3967 4008 4159 4229 4315 5045 5543 5741 5742 5744 5748 6367 6386 6393 6395 6396 6401 6402 6404 6410 6492 6606 6607 6608 6611 6626 6697 6797 6798 7209 7210 7316 7387 7399 7400 7401 7496 7523 8181 8217 8227 8370 8378,
5251,item_5251,,item_5251,,53 151 154 169 176 408 421 422 437 541 1174 5867 8025,item 5251 features: 53 151 154 169 176 408 421 422 437 541 1174 5867 8025,
5252,item_5252,,item_5252,,22 36 46 75 79 112 172 340 358 404 516 567 572 573 586 690 1046 1180 1324 1568 2975 3423 3424 3425 3426 5648 5649,item 5252 features: 22 36 46 75 79 112 172 340 358 404 516 567 572 573 586 690 1046 1180 1324 1568 2975 3423 3424 3425 3426 5648 5649,
5253,item_5253,,item_5253,,11 17 22 23 36 46 69 81 96 97 110 112 115 133 163 164 166 171 172 173 179 191 196 197 199 258 285 291 303 310 367 377 401 404 405 415 422 507 518 519 568 580 661 711 825 842 852 858 984 1046 1109 1140 1187 1203 1224 1394 1401 1450 2055 2315 2323 2327 2328 2376 2378 2379 2380 2382 2554 2845 3045 3293 3547 3551 3553 5788 6574 6626 7599 7691 7694 8016,item 5253 features: 11 17 22 23 36 46 69 81 96 97 110 112 115 133 163 164 166 171 172 173 179 191 196 197 199 258 285 291 303 310 367 377 401 404 405 415 422 507 518 519 568 580 661 711 825 842 852 858 984 1046 1109 1140 1187 1203 1224 1394 1401 1450 2055 2315 2323 2327 2328 2376 2378 2379 2380 2382 2554 2845 3045 3293 3547 3551 3553 5788 6574 6626 7599 7691 7694 8016,
5254,item_5254,,item_5254,,46 96 112 133 173 179 191 194 199 285 291 507 519 520 549 580 852 1334 2315 2318 2319 2320 2321 2322 2323 2325 2326 2327 2328 2345 2349 5788,item 5254 features: 46 96 112 133 173 179 191 194 199 285 291 507 519 520 549 580 852 1334 2315 2318 2319 2320 2321 2322 2323 2325 2326 2327 2328 2345 2349 5788,
5255,item_5255,,item_5255,,46 120 268 946 964,item 5255 features: 46 120 268 946 964,
5256,item_5256,,item_5256,,62 154 192 272 396 408 421 422 427 437 2096 2539 3176 4512 4566 5149 7127 8025,item 5256 features: 62 154 192 272 396 408 421 422 427 437 2096 2539 3176 4512 4566 5149 7127 8025,
5257,item_5257,,item_5257,,23 93 144 206 210 214 224 235 291 862 1600 1601 1662 3677 3817,item 5257 features: 23 93 144 206 210 214 224 235 291 862 1600 1601 1662 3677 3817,
5261,item_5261,,item_5261,,30 109 150 303 769 771 776,item 5261 features: 30 109 150 303 769 771 776,
5262,item_5262,,item_5262,,29 30 69 84 179 208 210 309 321 377 611 696 774 777 872 1604 1605 1606 1608 2635 4899 5134,item 5262 features: 29 30 69 84 179 208 210 309 321 377 611 696 774 777 872 1604 1605 1606 1608 2635 4899 5134,
5263,item_5263,,item_5263,,0 1 29 30 63 75 1601 2696 2697 6407 6415 6552,item 5263 features: 0 1 29 30 63 75 1601 2696 2697 6407 6415 6552,
5264,item_5264,,item_5264,,16 24 30 57 75 84 868 2674 2675 2676 2677 2678 2679 2680 2682 2686,item 5264 features: 16 24 30 57 75 84 868 2674 2675 2676 2677 2678 2679 2680 2682 2686,
5265,item_5265,,item_5265,,30 43 57 148 196 430 460 1128 4903,item 5265 features: 30 43 57 148 196 430 460 1128 4903,
5266,item_5266,,item_5266,,16 30 57 63 766 767 769 771 772 774 776 777 781 868 872 1383 3364 3884 6397 6864,item 5266 features: 16 30 57 63 766 767 769 771 772 774 776 777 781 868 872 1383 3364 3884 6397 6864,
5267,item_5267,,item_5267,,23 147 154 155 192 197 242 244 377 437 1009 1049 1600 2675 2676 3610 4789 5867,item 5267 features: 23 147 154 155 192 197 242 244 377 437 1009 1049 1600 2675 2676 3610 4789 5867,
5268,item_5268,,item_5268,,22 26 27 109 133 507 3728,item 5268 features: 22 26 27 109 133 507 3728,
5270,item_5270,,item_5270,,79 112 422 581 604 692 1966 2032 5005 6696 7016,item 5270 features: 79 112 422 581 604 692 1966 2032 5005 6696 7016,
5271,item_5271,,item_5271,,69 74 75 77 309 377,item 5271 features: 69 74 75 77 309 377,
5272,item_5272,,item_5272,,77 251 325 327 1352 3019,item 5272 features: 77 251 325 327 1352 3019,
5274,item_5274,,item_5274,,23 142 153 235 303 496 1128 1384 1600,item 5274 features: 23 142 153 235 303 496 1128 1384 1600,
5275,item_5275,,item_5275,,12 57 147 176 460 2155,item 5275 features: 12 57 147 176 460 2155,
5280,item_5280,,item_5280,,11 16 22 36 69 86 99 109 150 158 263 291 506 507 717 1094 1109 1365 1424 1999 2044 2153 2350 2369 4409 5614 6090 6687,item 5280 features: 11 16 22 36 69 86 99 109 150 158 263 291 506 507 717 1094 1109 1365 1424 1999 2044 2153 2350 2369 4409 5614 6090 6687,
5281,item_5281,,item_5281,,30 83,item 5281 features: 30 83,
5282,item_5282,,item_5282,,22 36 303,item 5282 features: 22 36 303,
5283,item_5283,,item_5283,,22 69 101 260 303 691 706 5544,item 5283 features: 22 69 101 260 303 691 706 5544,
5284,item_5284,,item_5284,,77 148 247,item 5284 features: 77 148 247,
5286,item_5286,,item_5286,,75 80 115 247 404 447 691,item 5286 features: 75 80 115 247 404 447 691,
5289,item_5289,,item_5289,,77 235 247 423 630 1539 3515 7897 7898 7905,item 5289 features: 77 235 247 423 630 1539 3515 7897 7898 7905,
5290,item_5290,,item_5290,,133 179 507 696 864 1049,item 5290 features: 133 179 507 696 864 1049,
5291,item_5291,,item_5291,,22 112 113 133 208 242 507 574 579 611 717 963 1049 1935 1959 2635 2999 3544 3545 3558 5688 5689 5690 5691 5692,item 5291 features: 22 112 113 133 208 242 507 574 579 611 717 963 1049 1935 1959 2635 2999 3544 3545 3558 5688 5689 5690 5691 5692,
5292,item_5292,,item_5292,,11 22 112 155 164 208 507 574 1046 1098 2999 5521 5524 5691 5692,item 5292 features: 11 22 112 155 164 208 507 574 1046 1098 2999 5521 5524 5691 5692,
5293,item_5293,,item_5293,,0 72 78 83 143 154 321 363 435 1028 1055,item 5293 features: 0 72 78 83 143 154 321 363 435 1028 1055,
5294,item_5294,,item_5294,,68 69 74 321 7213,item 5294 features: 68 69 74 321 7213,
5298,item_5298,,item_5298,,22 105 155 191 208 213 321 574 579 696 717 862 1203 1959 3045 3544 3545 5688 5689 5691 5692,item 5298 features: 22 105 155 191 208 213 321 574 579 696 717 862 1203 1959 3045 3544 3545 5688 5689 5691 5692,
5305,item_5305,,item_5305,,112 121 421,item 5305 features: 112 121 421,
5306,item_5306,,item_5306,,2 69 105 144 145 158 235 407 738 1383 1658 3561,item 5306 features: 2 69 105 144 145 158 235 407 738 1383 1658 3561,
5307,item_5307,,item_5307,,88 96 97 191 242 244 291 377 653 1059 1424 1885 1987 2097 2317 2318 2586 2589 2590 2592 2593 2598 2600 2603 2604 2606 2609 7822,item 5307 features: 88 96 97 191 242 244 291 377 653 1059 1424 1885 1987 2097 2317 2318 2586 2589 2590 2592 2593 2598 2600 2603 2604 2606 2609 7822,
5308,item_5308,,item_5308,,88 96 97 160 191 241 242 258 309 422 1059 1090 1302 1424 1705 1775 1885 1987 2097 2367 2584 2586 2587 2588 2589 2590 2591 2592 2593 2595 2598 2599 2601 2603 2606 2607 2608 5431 7997,item 5308 features: 88 96 97 160 191 241 242 258 309 422 1059 1090 1302 1424 1705 1775 1885 1987 2097 2367 2584 2586 2587 2588 2589 2590 2591 2592 2593 2595 2598 2599 2601 2603 2606 2607 2608 5431 7997,
5309,item_5309,,item_5309,,16 30 70 109 162 263 721 1161,item 5309 features: 16 30 70 109 162 263 721 1161,
5310,item_5310,,item_5310,,29 30 192 437 872 1599 2622 5559 5576 5577 6875,item 5310 features: 29 30 192 437 872 1599 2622 5559 5576 5577 6875,
5311,item_5311,,item_5311,,16 22 68 69 74 75 77 115 133 136 148 197 309 377 568 585 693 717 853 865 950 2315 2316 2317 2318 2319 2320 2321 2324 2325 2329 3818 4141 5272 5636 5637 5638,item 5311 features: 16 22 68 69 74 75 77 115 133 136 148 197 309 377 568 585 693 717 853 865 950 2315 2316 2317 2318 2319 2320 2321 2324 2325 2329 3818 4141 5272 5636 5637 5638,
5312,item_5312,,item_5312,,11 12 13 16 30 36 70 75 77 84 112 115 150 176 199 263 293 487 703 1375 1424 1442 1627 1799 2696 3519 5136 5405 5880 6400 6405 6408 6412 7213 7713 7723 7967,item 5312 features: 11 12 13 16 30 36 70 75 77 84 112 115 150 176 199 263 293 487 703 1375 1424 1442 1627 1799 2696 3519 5136 5405 5880 6400 6405 6408 6412 7213 7713 7723 7967,
5313,item_5313,,item_5313,,30 75 151 212 247 706 1441 3784 6015 6016 6521,item 5313 features: 30 75 151 212 247 706 1441 3784 6015 6016 6521,
5314,item_5314,,item_5314,,12 29 30 74 77 147 154 460 691 2674 2681 3802 7875,item 5314 features: 12 29 30 74 77 147 154 460 691 2674 2681 3802 7875,
5315,item_5315,,item_5315,,22 68 69 71 81 84 100 115 147 155 192 208 235 242 260 309 321 343 365 377 404 611 668 696 697 717 844 955 1414 1651 1984 2055 2620 2811 4348 4843 5545 5576 5692 6015 6691 6692 7127 7140 7277 7412 8282,item 5315 features: 22 68 69 71 81 84 100 115 147 155 192 208 235 242 260 309 321 343 365 377 404 611 668 696 697 717 844 955 1414 1651 1984 2055 2620 2811 4348 4843 5545 5576 5692 6015 6691 6692 7127 7140 7277 7412 8282,
5318,item_5318,,item_5318,,46 69 74 75 77 80 109 112 144 145 148 158 191 210 235 260 323 662 668 1052 3431 3456 6688 6691,item 5318 features: 46 69 74 75 77 80 109 112 144 145 148 158 191 210 235 260 323 662 668 1052 3431 3456 6688 6691,
5319,item_5319,,item_5319,,24 69 74 75 77 80 148 158 235 242 323 422 612 2071 2083 2411 3265 5625 6688 6699 7968,item 5319 features: 24 69 74 75 77 80 148 158 235 242 323 422 612 2071 2083 2411 3265 5625 6688 6699 7968,
5320,item_5320,,item_5320,,0 72 78 83 173 363 593 689 1028 4232 5554 7676,item 5320 features: 0 72 78 83 173 363 593 689 1028 4232 5554 7676,
5321,item_5321,,item_5321,,11 13 16 19 20 30 44 62 79 150 154 1364 1898 5133 5135 5137 7015,item 5321 features: 11 13 16 19 20 30 44 62 79 150 154 1364 1898 5133 5135 5137 7015,
5322,item_5322,,item_5322,,19 30 65 96 265,item 5322 features: 19 30 65 96 265,
5325,item_5325,,item_5325,,22 68 69 71 84 94 99 100 105 148 155 158 192 208 213 241 242 260 309 321 399 404 407 422 574 611 650 696 865 866 955 963 1049 1383 1600 1667 1668 1769 2553 2635 2902 4757 4770 4913 5400 5689 5690 5692 6252 6568 6686,item 5325 features: 22 68 69 71 84 94 99 100 105 148 155 158 192 208 213 241 242 260 309 321 399 404 407 422 574 611 650 696 865 866 955 963 1049 1383 1600 1667 1668 1769 2553 2635 2902 4757 4770 4913 5400 5689 5690 5692 6252 6568 6686,
5326,item_5326,,item_5326,,69 84 155 208 213 215 1667 2888 5688 5690 5692,item 5326 features: 69 84 155 208 213 215 1667 2888 5688 5690 5692,
5327,item_5327,,item_5327,,16 36 99 109 150 263 1161 5414,item 5327 features: 16 36 99 109 150 263 1161 5414,
5328,item_5328,,item_5328,,133 176 208 404 408 507 574 842 863 1050 1775 4573 4673 5864 5866,item 5328 features: 133 176 208 404 408 507 574 842 863 1050 1775 4573 4673 5864 5866,
5329,item_5329,,item_5329,,75 804 1048 8266 8428 8429,item 5329 features: 75 804 1048 8266 8428 8429,
5333,item_5333,,item_5333,,22 36 69 115 147 148 158 176 242 260 291 309 404 407 507 691 826 1109 2055 5448 7720,item 5333 features: 22 36 69 115 147 148 158 176 242 260 291 309 404 407 507 691 826 1109 2055 5448 7720,
5334,item_5334,,item_5334,,22 69 75 77 80 158 323 923 1164 2420 6685 6688 6756 7904,item 5334 features: 22 69 75 77 80 158 323 923 1164 2420 6685 6688 6756 7904,
5335,item_5335,,item_5335,,22 74 75 77 115 158 251 323 4042 8217,item 5335 features: 22 74 75 77 115 158 251 323 4042 8217,
5337,item_5337,,item_5337,,69 75 77 135 139 242 2071 5625 6690 8403,item 5337 features: 69 75 77 135 139 242 2071 5625 6690 8403,
5338,item_5338,,item_5338,,46 69 75 77 112 142 461 1128 2055 2925 6126 7782,item 5338 features: 46 69 75 77 112 142 461 1128 2055 2925 6126 7782,
5339,item_5339,,item_5339,,22 27 30 46 69 75 77 112 115 153 155 196 208 247 455 611 1128,item 5339 features: 22 27 30 46 69 75 77 112 115 153 155 196 208 247 455 611 1128,
5340,item_5340,,item_5340,,69 74 75 77 80 139 192 321 377 421 521 1164 4027 4588 4590 4591 4592 7969,item 5340 features: 69 74 75 77 80 139 192 321 377 421 521 1164 4027 4588 4590 4591 4592 7969,
5343,item_5343,,item_5343,,139 141 149 662 1276 1600 4039 7357,item 5343 features: 139 141 149 662 1276 1600 4039 7357,
5344,item_5344,,item_5344,,77 1551,item 5344 features: 77 1551,
5345,item_5345,,item_5345,,16 36 96 150 506,item 5345 features: 16 36 96 150 506,
5346,item_5346,,item_5346,,14 15 16 70 284,item 5346 features: 14 15 16 70 284,
5347,item_5347,,item_5347,,22 36 112 139 147,item 5347 features: 22 36 112 139 147,
5348,item_5348,,item_5348,,77 139 148 242 6694,item 5348 features: 77 139 148 242 6694,
5350,item_5350,,item_5350,,72 314,item 5350 features: 72 314,
5351,item_5351,,item_5351,,68 69 136 173 435 938 1052 2654,item 5351 features: 68 69 136 173 435 938 1052 2654,
5353,item_5353,,item_5353,,8 16 57 82 109 263 451,item 5353 features: 8 16 57 82 109 263 451,
5354,item_5354,,item_5354,,154 408 437 598 864 3344 5028 5033 5867 7127,item 5354 features: 154 408 437 598 864 3344 5028 5033 5867 7127,
5355,item_5355,,item_5355,,0 16 30 57 69 75 109 144 150 399 2696 4097 5665 6695 6779 6879 8398,item 5355 features: 0 16 30 57 69 75 109 144 150 399 2696 4097 5665 6695 6779 6879 8398,
5356,item_5356,,item_5356,,16 57 63 82 497,item 5356 features: 16 57 63 82 497,
5357,item_5357,,item_5357,,16 36 75 77 80 109 191 598 749 1456 4112 5133 6405 7715 7898 7969 8147 8411,item 5357 features: 16 36 75 77 80 109 191 598 749 1456 4112 5133 6405 7715 7898 7969 8147 8411,
5358,item_5358,,item_5358,,10 57 82 196 451,item 5358 features: 10 57 82 196 451,
5359,item_5359,,item_5359,,16 77 150 717 6282,item 5359 features: 16 77 150 717 6282,
5360,item_5360,,item_5360,,148 235 1272 1373 1663 6409,item 5360 features: 148 235 1272 1373 1663 6409,
5361,item_5361,,item_5361,,14 16 36 70 75 82 142 150 456 486 6687,item 5361 features: 14 16 36 70 75 82 142 150 456 486 6687,
5363,item_5363,,item_5363,,14 15 16 70 77 86 112 150 162 263 293 327 330 405 717 927 1093 1767 6686 6700 7107,item 5363 features: 14 15 16 70 77 86 112 150 162 263 293 327 330 405 717 927 1093 1767 6686 6700 7107,
5364,item_5364,,item_5364,,16 22 36 46 96 150 179 199 263 293 519 1324 2370 2371 4334 6182 6463,item 5364 features: 16 22 36 46 96 150 179 199 263 293 519 1324 2370 2371 4334 6182 6463,
5365,item_5365,,item_5365,,8 16 32 57 144 152 263 342 456 1109 1601 2439 3519,item 5365 features: 8 16 32 57 144 152 263 342 456 1109 1601 2439 3519,
5366,item_5366,,item_5366,,30 69 79 154 155 343 365 439 696 697 955 2643 3113 3169 3575 3576 6015,item 5366 features: 30 69 79 154 155 343 365 439 696 697 955 2643 3113 3169 3575 3576 6015,
5367,item_5367,,item_5367,,12 147 176 192 242 7875,item 5367 features: 12 147 176 192 242 7875,
5368,item_5368,,item_5368,,23 69 252 340 358 690 2559,item 5368 features: 23 69 252 340 358 690 2559,
5369,item_5369,,item_5369,,5 8 16 57 112 142 152 3519,item 5369 features: 5 8 16 57 112 142 152 3519,
5370,item_5370,,item_5370,,22 23 108 109 133 291 521 818 819 820 824 826 827 1044 1046 1109 1462 1985 2453 4458 6431 6704,item 5370 features: 22 23 108 109 133 291 521 818 819 820 824 826 827 1044 1046 1109 1462 1985 2453 4458 6431 6704,
5378,item_5378,,item_5378,,22 36 46 69 101 112 115 148 156 169 171 173 176 179 191 194 195 197 199 242 244 247 285 288 293 303 334 342 351 377 399 404 408 419 521 549 562 585 602 604 606 613 636 643 644 647 660 691 706 717 796 852 863 1066 1107 1226 1263 1324 1332 1334 1395 1775 1810 1863 1941 1942 1943 1944 1945 1946 1947 2343 2345 2346 2348 2349 2366 2764 2835 3097 3098 3103 3104 3159 3163 4376 4379 5583 5742 5743 5744 5747 5752 5753 5859 5860 5881 6270 6611 7132 7392 7627 7628 7982 8015 8016 8221 8278 8335,item 5378 features: 22 36 46 69 101 112 115 148 156 169 171 173 176 179 191 194 195 197 199 242 244 247 285 288 293 303 334 342 351 377 399 404 408 419 521 549 562 585 602 604 606 613 636 643 644 647 660 691 706 717 796 852 863 1066 1107 1226 1263 1324 1332 1334 1395 1775 1810 1863 1941 1942 1943 1944 1945 1946 1947 2343 2345 2346 2348 2349 2366 2764 2835 3097 3098 3103 3104 3159 3163 4376 4379 5583 5742 5743 5744 5747 5752 5753 5859 5860 5881 6270 6611 7132 7392 7627 7628 7982 8015 8016 8221 8278 8335,
5380,item_5380,,item_5380,,22 27 77 94 112 251 1775 1795 3007 3008,item 5380 features: 22 27 77 94 112 251 1775 1795 3007 3008,
5381,item_5381,,item_5381,,22 27 112,item 5381 features: 22 27 112,
5382,item_5382,,item_5382,,16 22 23 36 46 69 112 133 156 166 171 172 179 194 197 199 203 208 247 285 291 408 507 519 574 611 683 1305 1313 1319 1659 2106 2128 2517 3424 3425 3426 3530 3531 3905 3906 4274 5409 5410 6611 6926 8023 8051,item 5382 features: 16 22 23 36 46 69 112 133 156 166 171 172 179 194 197 199 203 208 247 285 291 408 507 519 574 611 683 1305 1313 1319 1659 2106 2128 2517 3424 3425 3426 3530 3531 3905 3906 4274 5409 5410 6611 6926 8023 8051,
5383,item_5383,,item_5383,,16 27 57 70 82 263 451 486,item 5383 features: 16 27 57 70 82 263 451 486,
5384,item_5384,,item_5384,,11 22 46 69 74 75 77 94 101 112 115 148 156 169 173 179 247 251 404 408 572 690 691 692 1425 1578 2441 2615 3450 3499 4278 4318 4361 5543 5743 6688 6689 8217 8218,item 5384 features: 11 22 46 69 74 75 77 94 101 112 115 148 156 169 173 179 247 251 404 408 572 690 691 692 1425 1578 2441 2615 3450 3499 4278 4318 4361 5543 5743 6688 6689 8217 8218,
5385,item_5385,,item_5385,,22 79 112 115 176 577,item 5385 features: 22 79 112 115 176 577,
5386,item_5386,,item_5386,,22 26 27 69 101 702 1509 1511 1514 6687 6697,item 5386 features: 22 26 27 69 101 702 1509 1511 1514 6687 6697,
5387,item_5387,,item_5387,,16 22 36 46 96 97 99 101 109 112 113 133 169 173 179 197 199 258 285 303 377 379 404 405 541 577 585 606 717 831 850 965 967 1109 1465 1794 2097 2221 2229 2230 2252 2376 2463 2464 2465 2472 2473 2474 3154 4550 5742 5744 5746 5748 5750 6611 6613 6992 7033,item 5387 features: 16 22 36 46 96 97 99 101 109 112 113 133 169 173 179 197 199 258 285 303 377 379 404 405 541 577 585 606 717 831 850 965 967 1109 1465 1794 2097 2221 2229 2230 2252 2376 2463 2464 2465 2472 2473 2474 3154 4550 5742 5744 5746 5748 5750 6611 6613 6992 7033,
5389,item_5389,,item_5389,,11 12 16 21 150 154 173 253 268 433 692 861 1703 5903 5904 5919 5921 5928 5933 5934 7126 8428 8429,item 5389 features: 11 12 16 21 150 154 173 253 268 433 692 861 1703 5903 5904 5919 5921 5928 5933 5934 7126 8428 8429,
5395,item_5395,,item_5395,,112 115 495 3494 7783 7784,item 5395 features: 112 115 495 3494 7783 7784,
5396,item_5396,,item_5396,,11 12 14 16 21 22 23 24 26 30 36 70 75 147 150 154 268 321 433 1314 1703 3576 4625 4627 5330 5331,item 5396 features: 11 12 14 16 21 22 23 24 26 30 36 70 75 147 150 154 268 321 433 1314 1703 3576 4625 4627 5330 5331,
5397,item_5397,,item_5397,,12 16 30 31 56 83 150 154 176 872 5559,item 5397 features: 12 16 30 31 56 83 150 154 176 872 5559,
5399,item_5399,,item_5399,,12 30 56 112 173 176 2258 5090 7107,item 5399 features: 12 30 56 112 173 176 2258 5090 7107,
5401,item_5401,,item_5401,,11 12 16 21 27 154 1314,item 5401 features: 11 12 16 21 27 154 1314,
5402,item_5402,,item_5402,,11 12 30 31 56 83 109 154 176 355 421 693 1602 2819 4094 6688,item 5402 features: 11 12 30 31 56 83 109 154 176 355 421 693 1602 2819 4094 6688,
5403,item_5403,,item_5403,,16 36 46 150 263,item 5403 features: 16 36 46 150 263,
5405,item_5405,,item_5405,,69 74 75 77 80 139 158 251 323 831 850 3300,item 5405 features: 69 74 75 77 80 139 158 251 323 831 850 3300,
5406,item_5406,,item_5406,,112 208 272 4677 6689 6804 8323,item 5406 features: 112 208 272 4677 6689 6804 8323,
5408,item_5408,,item_5408,,30 115 247,item 5408 features: 30 115 247,
5409,item_5409,,item_5409,,74 135 157 303 2055 6957,item 5409 features: 74 135 157 303 2055 6957,
5410,item_5410,,item_5410,,96 97 173 849,item 5410 features: 96 97 173 849,
5416,item_5416,,item_5416,,57 496 862,item 5416 features: 57 496 862,
5417,item_5417,,item_5417,,16 57 82 112 142 173 263 461 1600,item 5417 features: 16 57 82 112 142 173 263 461 1600,
5421,item_5421,,item_5421,,30 77 80 109 247,item 5421 features: 30 77 80 109 247,
5422,item_5422,,item_5422,,247 251 756 5859 5860,item 5422 features: 247 251 756 5859 5860,
5423,item_5423,,item_5423,,16 36 96 105 158 206 260 379 1029 1383 3731,item 5423 features: 16 36 96 105 158 206 260 379 1029 1383 3731,
5427,item_5427,,item_5427,,80 813,item 5427 features: 80 813,
5428,item_5428,,item_5428,,69 80 83 109 112 148 495 630 756,item 5428 features: 69 80 83 109 112 148 495 630 756,
5429,item_5429,,item_5429,,25 69 75 90 115 147 148 155 172 176 192 197 208 247 399 423 574 611 691 702 717 765 864 963 1060 1203 2083 2811 3045 3189 3550 3552 4823 4971 5607 5688 5692 5863 5864 5950 6015 6951 7154 7712,item 5429 features: 25 69 75 90 115 147 148 155 172 176 192 197 208 247 399 423 574 611 691 702 717 765 864 963 1060 1203 2083 2811 3045 3189 3550 3552 4823 4971 5607 5688 5692 5863 5864 5950 6015 6951 7154 7712,
5431,item_5431,,item_5431,,11 12 13 16 19 77 79 83 84 112 193 309 604,item 5431 features: 11 12 13 16 19 77 79 83 84 112 193 309 604,
5432,item_5432,,item_5432,,91 112 247 260 422 437 447 492 574 788 862 1174 1431 2249 8364,item 5432 features: 91 112 247 260 422 437 447 492 574 788 862 1174 1431 2249 8364,
5433,item_5433,,item_5433,,6 11 12 16 21 22 25 36 46 53 85 112 147 158 171 176 191 194 197 247 253 256 260 285 286 293 323 327 399 404 422 437 492 604 693 703 714 717 787 788 789 792 793 795 796 797 798 799 800 862 990 1049 1109 2197 2249 2343 2360 2622 2625 2706 2722 2803 2812 2980 2981 2982 2983 2986 2987 2988 2989 2991 2992 2993 2994 5050 5272 5862 6307 6308 6309 6310 6311 6312 6744 6745 6746 6747 6881 7638 7639 7929,item 5433 features: 6 11 12 16 21 22 25 36 46 53 85 112 147 158 171 176 191 194 197 247 253 256 260 285 286 293 323 327 399 404 422 437 492 604 693 703 714 717 787 788 789 792 793 795 796 797 798 799 800 862 990 1049 1109 2197 2249 2343 2360 2622 2625 2706 2722 2803 2812 2980 2981 2982 2983 2986 2987 2988 2989 2991 2992 2993 2994 5050 5272 5862 6307 6308 6309 6310 6311 6312 6744 6745 6746 6747 6881 7638 7639 7929,
5434,item_5434,,item_5434,,147 154 2249 3287 3568,item 5434 features: 147 154 2249 3287 3568,
5435,item_5435,,item_5435,,22 46 101 112 194 262 270 285 605 5749,item 5435 features: 22 46 101 112 194 262 270 285 605 5749,
5436,item_5436,,item_5436,,14 16 30 57 75 82 105 150 158 235 303 407 733 735 738 769 774 776 872 1383 1663 2512 3369 3561 6403 6409 6875,item 5436 features: 14 16 30 57 75 82 105 150 158 235 303 407 733 735 738 769 774 776 872 1383 1663 2512 3369 3561 6403 6409 6875,
5437,item_5437,,item_5437,,8 16 27 57 70 82 448 449 451 453,item 5437 features: 8 16 27 57 70 82 448 449 451 453,
5438,item_5438,,item_5438,,13 19 20 81 96 154 253 1363 1858 1898 3493 5136 5761 5972,item 5438 features: 13 19 20 81 96 154 253 1363 1858 1898 3493 5136 5761 5972,
5439,item_5439,,item_5439,,22 75 101 109 358 572 690 2109,item 5439 features: 22 75 101 109 358 572 690 2109,
5443,item_5443,,item_5443,,12 24 30 56 83 141 358 1028 4617 4620,item 5443 features: 12 24 30 56 83 141 358 1028 4617 4620,
5445,item_5445,,item_5445,,23 69 94 147 179 208 611 1048 1346 5911 5912,item 5445 features: 23 69 94 147 179 208 611 1048 1346 5911 5912,
5447,item_5447,,item_5447,,23 68 69 155 611 938 1044 1655 3964 4458,item 5447 features: 23 68 69 155 611 938 1044 1655 3964 4458,
5452,item_5452,,item_5452,,112 115 691,item 5452 features: 112 115 691,
5458,item_5458,,item_5458,,69 74 136 1041 4829 4834 5421 5617 5836 7180,item 5458 features: 69 74 136 1041 4829 4834 5421 5617 5836 7180,
5462,item_5462,,item_5462,,96 133 194 199 260 421 507 585 691 706 1312 2323 4377,item 5462 features: 96 133 194 199 260 421 507 585 691 706 1312 2323 4377,
5463,item_5463,,item_5463,,11 12 13 16 18 19 30 77 79 112 115 148 150 247 251 253 260 327 770 773 785 3169,item 5463 features: 11 12 13 16 18 19 30 77 79 112 115 148 150 247 251 253 260 327 770 773 785 3169,
5468,item_5468,,item_5468,,14 15 16 70 75 82 150 162 263 410 1325,item 5468 features: 14 15 16 70 75 82 150 162 263 410 1325,
5472,item_5472,,item_5472,,11 12 21 53 154 395 691 692 711 848 8072,item 5472 features: 11 12 21 53 154 395 691 692 711 848 8072,
5473,item_5473,,item_5473,,23 112 158 407,item 5473 features: 23 112 158 407,
5474,item_5474,,item_5474,,8 16 57 82 152 717 1325 1919 2696 3153 6234,item 5474 features: 8 16 57 82 152 717 1325 1919 2696 3153 6234,
5475,item_5475,,item_5475,,69 74 75 77 80 158 323 3298 7904,item 5475 features: 69 74 75 77 80 158 323 3298 7904,
5477,item_5477,,item_5477,,14 23 69 75 77 80 105 115 136 144 158 235 251 303 323 738 1383 1384 1578 1599 2554 2624 7621,item 5477 features: 14 23 69 75 77 80 105 115 136 144 158 235 251 303 323 738 1383 1384 1578 1599 2554 2624 7621,
5478,item_5478,,item_5478,,22 77 150 605 2101 4944 5741 6688 6691,item 5478 features: 22 77 150 605 2101 4944 5741 6688 6691,
5480,item_5480,,item_5480,,16 70 77 162 181 251 272 721 2658 2659 2660 3226 3905 6685,item 5480 features: 16 70 77 162 181 251 272 721 2658 2659 2660 3226 3905 6685,
5481,item_5481,,item_5481,,69 74 75 262 270 847 6687 8020,item 5481 features: 69 74 75 262 270 847 6687 8020,
5485,item_5485,,item_5485,,154 437,item 5485 features: 154 437,
5488,item_5488,,item_5488,,23 69 151 155 159,item 5488 features: 23 69 151 155 159,
5489,item_5489,,item_5489,,96 97 112 325 327 653 927 1352 2424 3347 4367 7107,item 5489 features: 96 97 112 325 327 653 927 1352 2424 3347 4367 7107,
5490,item_5490,,item_5490,,96 97 133 258 585 849 4367 7159 8217,item 5490 features: 96 97 133 258 585 849 4367 7159 8217,
5491,item_5491,,item_5491,,16 75 303 756 3143 3825 4677 4678 4695,item 5491 features: 16 75 303 756 3143 3825 4677 4678 4695,
5494,item_5494,,item_5494,,11 18 19 20 133 291 422 507 581 692 1060 1312 1424 1885 1898 2032 2319 2322 2423 2548 2919 4994 7013 7014 7017 7019 7020 7021,item 5494 features: 11 18 19 20 133 291 422 507 581 692 1060 1312 1424 1885 1898 2032 2319 2322 2423 2548 2919 4994 7013 7014 7017 7019 7020 7021,
5495,item_5495,,item_5495,,23 106 144 949 4216,item 5495 features: 23 106 144 949 4216,
5496,item_5496,,item_5496,,74 77 158 323 325 327 1352 1703,item 5496 features: 74 77 158 323 325 327 1352 1703,
5497,item_5497,,item_5497,,43 46 69 74 75 77 80 112 136 291 716 1599 2803 3621 4911 5221 5617 6782 7783,item 5497 features: 43 46 69 74 75 77 80 112 136 291 716 1599 2803 3621 4911 5221 5617 6782 7783,
5498,item_5498,,item_5498,,11 19 30 83 309 487 927 1424 3347 4374 6696 7107 7752,item 5498 features: 11 19 30 83 309 487 927 1424 3347 4374 6696 7107 7752,
5501,item_5501,,item_5501,,79 154 438 439 885 4645 4993,item 5501 features: 79 154 438 439 885 4645 4993,
5503,item_5503,,item_5503,,69 75 77 80 158 210 235 323 2402 3420 6685 6695 7155 7156 7158 7161 7163 7167,item 5503 features: 69 75 77 80 158 210 235 323 2402 3420 6685 6695 7155 7156 7158 7161 7163 7167,
5504,item_5504,,item_5504,,36 99 150 162 191 293 521 1093 4571 4677 4678 5025,item 5504 features: 36 99 150 162 191 293 521 1093 4571 4677 4678 5025,
5505,item_5505,,item_5505,,22 69 75 77 251 602 695 698 1324 3494 3759 6634,item 5505 features: 22 69 75 77 251 602 695 698 1324 3494 3759 6634,
5506,item_5506,,item_5506,,16 36 44 70 77 112 150 158 173 199 1161 3133,item 5506 features: 16 36 44 70 77 112 150 158 173 199 1161 3133,
5507,item_5507,,item_5507,,16 36 77 150 158 162 191 263 598 721 1656 2450 3026 3301 4590 4591 6685 7904,item 5507 features: 16 36 77 150 158 162 191 263 598 721 1656 2450 3026 3301 4590 4591 6685 7904,
5509,item_5509,,item_5509,,0 16 22 36 69 70 74 75 77 112 139 141 145 157 260 404 456 975 1531 2071 4713 5625 5786 6636 6640 6685 6688 6689 6695 7154 7714,item 5509 features: 0 16 22 36 69 70 74 75 77 112 139 141 145 157 260 404 456 975 1531 2071 4713 5625 5786 6636 6640 6685 6688 6689 6695 7154 7714,
5510,item_5510,,item_5510,,11 22 36 63 69 74 75 77 80 84 109 112 144 173 206 210 214 251 323 325 404 598 691 756 765 844 1049 1352 3175 3298 3345 3783 4234 5865 8230,item 5510 features: 11 22 36 63 69 74 75 77 80 84 109 112 144 173 206 210 214 251 323 325 404 598 691 756 765 844 1049 1352 3175 3298 3345 3783 4234 5865 8230,
5511,item_5511,,item_5511,,11 12 16 19 30 147 150 154 433 460 862 1871 2055 2674 2675 2676 2681 2786 5423 7385,item 5511 features: 11 12 16 19 30 147 150 154 433 460 862 1871 2055 2674 2675 2676 2681 2786 5423 7385,
5512,item_5512,,item_5512,,22 69 74 75 101 118 153 155 173 197 260 585 606 695 967 1324 2717 3759 4607 4899 5210 5211,item 5512 features: 22 69 74 75 101 118 153 155 173 197 260 585 606 695 967 1324 2717 3759 4607 4899 5210 5211,
5513,item_5513,,item_5513,,0 23 68 69 71 72 100 106 109 127 154 155 158 173 192 208 291 320 321 357 435 611 650 663 666 668 844 955 1048 1164 1307 1668 1824 2828 2965 2966 2974 3576 3942 4065 4817 4824 4974 4975 4977 6015 6018 6090 6952 6953,item 5513 features: 0 23 68 69 71 72 100 106 109 127 154 155 158 173 192 208 291 320 321 357 435 611 650 663 666 668 844 955 1048 1164 1307 1668 1824 2828 2965 2966 2974 3576 3942 4065 4817 4824 4974 4975 4977 6015 6018 6090 6952 6953,
5514,item_5514,,item_5514,,11 22 69 74 75 77 80 105 109 118 148 158 173 176 193 242 251 260 293 323 404 408 606 691 697 706 861 1046 1047 1048 1155 1400 1543 1775 2406 2804 3300 3451 4121 4122 5221 5223 5293 5519 5520 5521 5743 5786 5876 5957 6124 6282 6759 6940 7154 7517 7897 7898 7948 8437,item 5514 features: 11 22 69 74 75 77 80 105 109 118 148 158 173 176 193 242 251 260 293 323 404 408 606 691 697 706 861 1046 1047 1048 1155 1400 1543 1775 2406 2804 3300 3451 4121 4122 5221 5223 5293 5519 5520 5521 5743 5786 5876 5957 6124 6282 6759 6940 7154 7517 7897 7898 7948 8437,
5515,item_5515,,item_5515,,11 22 69 74 75 77 80 101 109 146 147 148 158 173 176 179 242 244 251 260 323 377 408 421 606 691 709 861 964 978 1048 1209 1400 1496 2582 3783 4121 4122 4944 5743 5859 5860 6431 6685 6688 6690 7369 8052 8053 8218,item 5515 features: 11 22 69 74 75 77 80 101 109 146 147 148 158 173 176 179 242 244 251 260 323 377 408 421 606 691 709 861 964 978 1048 1209 1400 1496 2582 3783 4121 4122 4944 5743 5859 5860 6431 6685 6688 6690 7369 8052 8053 8218,
5516,item_5516,,item_5516,,22 36 130 1794,item 5516 features: 22 36 130 1794,
5517,item_5517,,item_5517,,11 14 15 16 22 36 70 75 77 96 105 122 150 158 162 176 194 199 260 519 606 706 3783,item 5517 features: 11 14 15 16 22 36 70 75 77 96 105 122 150 158 162 176 194 199 260 519 606 706 3783,
5518,item_5518,,item_5518,,24 69 74 75 77 80 101 109 135 139 144 145 170 176 194 242 251 291 404 662 702 706 1400 1471 1775 2071 2202 2314 3278 3282 3288 3297 3658 5743 6621 6760 6763 6765 6940 6956 7154 7708 8023,item 5518 features: 24 69 74 75 77 80 101 109 135 139 144 145 170 176 194 242 251 291 404 662 702 706 1400 1471 1775 2071 2202 2314 3278 3282 3288 3297 3658 5743 6621 6760 6763 6765 6940 6956 7154 7708 8023,
5519,item_5519,,item_5519,,22 36 96 126 130 260 268 565 801 855 1000 1008 1015 1017 1324 2937 3736 4316 5794 5795 5796 5797 5798 5799 5800,item 5519 features: 22 36 96 126 130 260 268 565 801 855 1000 1008 1015 1017 1324 2937 3736 4316 5794 5795 5796 5797 5798 5799 5800,
5520,item_5520,,item_5520,,0 68 69 74 75 140 144 179 242 1052,item 5520 features: 0 68 69 74 75 140 144 179 242 1052,
5521,item_5521,,item_5521,,79 696 2643 3113 3118,item 5521 features: 79 696 2643 3113 3118,
5522,item_5522,,item_5522,,22 23 36 69 81 154 166 191 291 401 415 507 510 575 602 611 661 717 862 1049 1176 1448 1450 1935 2766 2991 3045 3293 3494 3546 3551 3553 3556 3557 4789 5330 6320 6900,item 5522 features: 22 23 36 69 81 154 166 191 291 401 415 507 510 575 602 611 661 717 862 1049 1176 1448 1450 1935 2766 2991 3045 3293 3494 3546 3551 3553 3556 3557 4789 5330 6320 6900,
5523,item_5523,,item_5523,,22 23 69 76 109 155 172 192 260 788 862 5677 5678 5869,item 5523 features: 22 23 69 76 109 155 172 192 260 788 862 5677 5678 5869,
5524,item_5524,,item_5524,,14 16 166 263 2909 2910 2912 2918 5329 5330,item 5524 features: 14 16 166 263 2909 2910 2912 2918 5329 5330,
5525,item_5525,,item_5525,,16 75 99 165 8217,item 5525 features: 16 75 99 165 8217,
5526,item_5526,,item_5526,,11 36 79 154 247 253 262 270 697 1049 2359,item 5526 features: 11 36 79 154 247 253 262 270 697 1049 2359,
5527,item_5527,,item_5527,,11 16 36 86 99 277 453 456 491 604 691 1045 1403 1492 1784 2055 3566 4311 5382,item 5527 features: 11 16 36 86 99 277 453 456 491 604 691 1045 1403 1492 1784 2055 3566 4311 5382,
5528,item_5528,,item_5528,,14 16 36 150 263 5025 6687,item 5528 features: 14 16 36 150 263 5025 6687,
5533,item_5533,,item_5533,,11 14 69 75 77 80 115 148 154 210 247 251 260 377 691 5836 6119 6123 6124,item 5533 features: 11 14 69 75 77 80 115 148 154 210 247 251 260 377 691 5836 6119 6123 6124,
5535,item_5535,,item_5535,,154 158 437 717 5867,item 5535 features: 154 158 437 717 5867,
5536,item_5536,,item_5536,,79 154 212 574 602 866 1935 2766 2832 3045 3550 3552 3554 3555 6303 8023,item 5536 features: 79 154 212 574 602 866 1935 2766 2832 3045 3550 3552 3554 3555 6303 8023,
5537,item_5537,,item_5537,,22 79 94 169 179 197 212 447 574 606 636 696 1049 1050 1935 1966 3548 3554 3555 5051 5859 5864 5865 5866 5868 5871 5876 7126 8221,item 5537 features: 22 79 94 169 179 197 212 447 574 606 636 696 1049 1050 1935 1966 3548 3554 3555 5051 5859 5864 5865 5866 5868 5871 5876 7126 8221,
5538,item_5538,,item_5538,,147 156 164 176 199 706 861 863 867 938 1046 1060 1076 1226 2453 3227 4692 4693,item 5538 features: 147 156 164 176 199 706 861 863 867 938 1046 1060 1076 1226 2453 3227 4692 4693,
5539,item_5539,,item_5539,,94 112 147 156 285 291 828 863 864 1332 1395 2615 6958,item 5539 features: 94 112 147 156 285 291 828 863 864 1332 1395 2615 6958,
5540,item_5540,,item_5540,,118 156 176 291 303 706 1044 1046 1226 1396 3227 4121 4458 4693,item 5540 features: 118 156 176 291 303 706 1044 1046 1226 1396 3227 4121 4458 4693,
5541,item_5541,,item_5541,,109 156 176 260 562 1044 1076 2257 3227 4458 4692 5273,item 5541 features: 109 156 176 260 562 1044 1076 2257 3227 4458 4692 5273,
5542,item_5542,,item_5542,,36 94 176 861 1044 2453 3227 4692,item 5542 features: 36 94 176 861 1044 2453 3227 4692,
5543,item_5543,,item_5543,,80 115 229 911 1140 1586,item 5543 features: 80 115 229 911 1140 1586,
5550,item_5550,,item_5550,,79 100 147 365 507 696 842 5903 6486 6487,item 5550 features: 79 100 147 365 507 696 842 5903 6486 6487,
5551,item_5551,,item_5551,,22 68 69 76 155 191 407 611 2991 3964,item 5551 features: 22 68 69 76 155 191 407 611 2991 3964,
5552,item_5552,,item_5552,,39 77 109 251 272 716 1767 6686 6687 6691 6700 7970,item 5552 features: 39 77 109 251 272 716 1767 6686 6687 6691 6700 7970,
5553,item_5553,,item_5553,,16 75 79 99 358 723 862 1221 1232 7126 8147,item 5553 features: 16 75 79 99 358 723 862 1221 1232 7126 8147,
5554,item_5554,,item_5554,,74 844,item 5554 features: 74 844,
5555,item_5555,,item_5555,,23 68 715 821 824 826 827 996 7279,item 5555 features: 23 68 715 821 824 826 827 996 7279,
5556,item_5556,,item_5556,,11 12 13 16 44 2195 3976,item 5556 features: 11 12 13 16 44 2195 3976,
5560,item_5560,,item_5560,,11 12 16 30 44 150 154 691 924 3564,item 5560 features: 11 12 16 30 44 150 154 691 924 3564,
5561,item_5561,,item_5561,,14 23 74 75 77 80 247 299 1384 1650 1666 2888 4906 7968,item 5561 features: 14 23 74 75 77 80 247 299 1384 1650 1666 2888 4906 7968,
5562,item_5562,,item_5562,,14 22 69 75 77 105 115 323 717 1047 2509 3697 3707 5136 7155 7158 8432,item 5562 features: 14 22 69 75 77 105 115 323 717 1047 2509 3697 3707 5136 7155 7158 8432,
5572,item_5572,,item_5572,,69 74 75 242 717 2071 5625,item 5572 features: 69 74 75 242 717 2071 5625,
5574,item_5574,,item_5574,,22 109 118 133 286 691 5544 5826 7988 8236,item 5574 features: 22 109 118 133 286 691 5544 5826 7988 8236,
5575,item_5575,,item_5575,,30 63 77 84 109 247 1962 1963,item 5575 features: 30 63 77 84 109 247 1962 1963,
5577,item_5577,,item_5577,,11 22 23 30 69 79 84 91 115 155 158 208 260 291 321 507 611 691 696 866 1048 1651 1667 2055 2635 5689 5690 5692,item 5577 features: 11 22 23 30 69 79 84 91 115 155 158 208 260 291 321 507 611 691 696 866 1048 1651 1667 2055 2635 5689 5690 5692,
5579,item_5579,,item_5579,,0 4 5 6 69 72 112 140 157 272 314 614 1058 1316,item 5579 features: 0 4 5 6 69 72 112 140 157 272 314 614 1058 1316,
5580,item_5580,,item_5580,,69 74 75 77 80 109 112 136 151 159 8213,item 5580 features: 69 74 75 77 80 109 112 136 151 159 8213,
5581,item_5581,,item_5581,,69 77 251 4588 4591 4592 6117 6120 6123 7714,item 5581 features: 69 77 251 4588 4591 4592 6117 6120 6123 7714,
5582,item_5582,,item_5582,,0 1 6 30 46 69 74 75 109 140 1058 4343 4792,item 5582 features: 0 1 6 30 46 69 74 75 109 140 1058 4343 4792,
5583,item_5583,,item_5583,,11 12 13 18 19 96 309 631 1769 1805 4105 5141 7124,item 5583 features: 11 12 13 18 19 96 309 631 1769 1805 4105 5141 7124,
5584,item_5584,,item_5584,,11 12 13 16 18 19 43 98 112 150 158 176 199 404 691 693 1140 1804 3726 4005 4006 5577,item 5584 features: 11 12 13 16 18 19 43 98 112 150 158 176 199 404 691 693 1140 1804 3726 4005 4006 5577,
5585,item_5585,,item_5585,,22 101 109 158 260 6288,item 5585 features: 22 101 109 158 260 6288,
5586,item_5586,,item_5586,,77 80 115 247 756 1539 3825 4677 4678,item 5586 features: 77 80 115 247 756 1539 3825 4677 4678,
5589,item_5589,,item_5589,,69 115 154 365 696 697 3129 4843 4851 5264 6149,item 5589 features: 69 115 154 365 696 697 3129 4843 4851 5264 6149,
5590,item_5590,,item_5590,,69 155 343 365 611 696 697,item 5590 features: 69 155 343 365 611 696 697,
5591,item_5591,,item_5591,,23 68 106 144 145 189 949 1601 2446 4216 6891 6896,item 5591 features: 23 68 106 144 145 189 949 1601 2446 4216 6891 6896,
5592,item_5592,,item_5592,,96 97 107 160 179 191 244 258 291 422 581 2097 2586 2591 2593 2594 2603 2604 3517 4367 7822,item 5592 features: 96 97 107 160 179 191 244 258 291 422 581 2097 2586 2591 2593 2594 2603 2604 3517 4367 7822,
5593,item_5593,,item_5593,,11 13 19 631,item 5593 features: 11 13 19 631,
5595,item_5595,,item_5595,,77 109 115 247 260 340 358 572 690 4567 6498,item 5595 features: 77 109 115 247 260 340 358 572 690 4567 6498,
5596,item_5596,,item_5596,,69 74 75 77 80 105 155 158 173 323 4423 5836 6685 6688 6691 6754,item 5596 features: 69 74 75 77 80 105 155 158 173 323 4423 5836 6685 6688 6691 6754,
5597,item_5597,,item_5597,,79 154 421,item 5597 features: 79 154 421,
5598,item_5598,,item_5598,,75 109 115 148 247 507 691 693 696 862 7120,item 5598 features: 75 109 115 148 247 507 691 693 696 862 7120,
5599,item_5599,,item_5599,,75 77 148 154 343 541 697 1578 2083 2619 7373,item 5599 features: 75 77 148 154 343 541 697 1578 2083 2619 7373,
5608,item_5608,,item_5608,,11 12 13 16 19 30 44 65 99 105 109 150 154 291 456 693 818 927 1140 1383 1603 2105 4827 5446 5447 8031,item 5608 features: 11 12 13 16 19 30 44 65 99 105 109 150 154 291 456 693 818 927 1140 1383 1603 2105 4827 5446 5447 8031,
5611,item_5611,,item_5611,,68 69 74 75 101 112 144 358 404 541 563 613 690 692 714 853 1046 1802 2183 2559 4174 5648 5828 6474 6480 6481 6601 8202,item 5611 features: 68 69 74 75 101 112 144 358 404 541 563 613 690 692 714 853 1046 1802 2183 2559 4174 5648 5828 6474 6480 6481 6601 8202,
5612,item_5612,,item_5612,,22 36 46 96 97 112 133 163 171 179 191 197 199 285 379 407 408 507 541 606 1143 1313 1679 1680 1681 1775 1991 2234 2377 2465 2470 2772 3137 3359 3423 3424 3428 3496 5745 5826 6611,item 5612 features: 22 36 46 96 97 112 133 163 171 179 191 197 199 285 379 407 408 507 541 606 1143 1313 1679 1680 1681 1775 1991 2234 2377 2465 2470 2772 3137 3359 3423 3424 3428 3496 5745 5826 6611,
5613,item_5613,,item_5613,,22 68 69 74 75 77 80 101 109 135 139 144 145 148 173 242 260 303 404 585 625 634 662 683 717 889 965 1240 1242 1255 1456 1493 1931 2071 3396 3494 5625 5783 6120 6640 6951 7032 7695,item 5613 features: 22 68 69 74 75 77 80 101 109 135 139 144 145 148 173 242 260 303 404 585 625 634 662 683 717 889 965 1240 1242 1255 1456 1493 1931 2071 3396 3494 5625 5783 6120 6640 6951 7032 7695,
5614,item_5614,,item_5614,,16 36 99 260 5826 6453 8217,item 5614 features: 16 36 99 260 5826 6453 8217,
5615,item_5615,,item_5615,,14 16 22 36 69 70 74 75 77 80 101 105 109 112 150 158 162 165 166 169 173 191 251 263 285 286 323 332 404 585 598 714 721 765 1161 1373 2007 2945 3494 3573 4121 4122 4315 4316 5446 5744 5754 6496 6686 6700 7292 8023 8250,item 5615 features: 14 16 22 36 69 70 74 75 77 80 101 105 109 112 150 158 162 165 166 169 173 191 251 263 285 286 323 332 404 585 598 714 721 765 1161 1373 2007 2945 3494 3573 4121 4122 4315 4316 5446 5744 5754 6496 6686 6700 7292 8023 8250,
5616,item_5616,,item_5616,,30 36 96 97 99 109 131 179 197 199 258 303 404 519 585 1382 1829 3236 6450 6455 6456 6457 6458 6579 7940,item 5616 features: 30 36 96 97 99 109 131 179 197 199 258 303 404 519 585 1382 1829 3236 6450 6455 6456 6457 6458 6579 7940,
5617,item_5617,,item_5617,,22 36 69 75 76 101 109 115 139 147 154 165 169 170 171 176 179 192 194 199 260 286 404 606 654 862 895 1071 1072 1073 1109 1217 1272 1305 1398 1556 1992 2108 2237 2709 2831 2869 3790 3794 4446 5376 5407 7772 8222,item 5617 features: 22 36 69 75 76 101 109 115 139 147 154 165 169 170 171 176 179 192 194 199 260 286 404 606 654 862 895 1071 1072 1073 1109 1217 1272 1305 1398 1556 1992 2108 2237 2709 2831 2869 3790 3794 4446 5376 5407 7772 8222,
5618,item_5618,,item_5618,,22 36 96 97 133 163 169 258 379 606 629 651 849 1313 1731 1803 3137 3359 3360 3496 3916 4121 4321 5704 5742 8112,item 5618 features: 22 36 96 97 133 163 169 258 379 606 629 651 849 1313 1731 1803 3137 3359 3360 3496 3916 4121 4321 5704 5742 8112,
5619,item_5619,,item_5619,,16 22 24 36 70 75 77 105 112 115 158 162 173 194 247 251 263 323 421 537 602 606 651 706 717 1324 1433 2580 3536 3783 4121 4122 6429,item 5619 features: 16 22 24 36 70 75 77 105 112 115 158 162 173 194 247 251 263 323 421 537 602 606 651 706 717 1324 1433 2580 3536 3783 4121 4122 6429,
5620,item_5620,,item_5620,,69 179 206 208 210 211 227 231 328 844 1545 1600,item 5620 features: 69 179 206 208 210 211 227 231 328 844 1545 1600,
5624,item_5624,,item_5624,,22 53 69 101 158 176 194 260 323 404 592 706 1142 7032 7033 7223 7225,item 5624 features: 22 53 69 101 158 176 194 260 323 404 592 706 1142 7032 7033 7223 7225,
5629,item_5629,,item_5629,,36 96 97 133 173 258 377 850,item 5629 features: 36 96 97 133 173 258 377 850,
5630,item_5630,,item_5630,,96 133 199 507 519,item 5630 features: 96 133 199 507 519,
5631,item_5631,,item_5631,,144 145 157,item 5631 features: 144 145 157,
5632,item_5632,,item_5632,,97 112 197 507 2376 2379 2381 7988,item 5632 features: 97 112 197 507 2376 2379 2381 7988,
5633,item_5633,,item_5633,,16 30 81 115 507,item 5633 features: 16 30 81 115 507,
5634,item_5634,,item_5634,,22 23 69 110 112 155 194 247 303 404 447 520 549 574 575 611 650 691 862 865 1046 1049 1176 1203 1448 1596 3546 5859 5863 5865 5868 5869,item 5634 features: 22 23 69 110 112 155 194 247 303 404 447 520 549 574 575 611 650 691 862 865 1046 1049 1176 1203 1448 1596 3546 5859 5863 5865 5868 5869,
5640,item_5640,,item_5640,,19 30 74 75 96 284 1164 1348 2722,item 5640 features: 19 30 74 75 96 284 1164 1348 2722,
5641,item_5641,,item_5641,,11 13 16 19 36 631,item 5641 features: 11 13 16 19 36 631,
5642,item_5642,,item_5642,,22 69 75 197 8065,item 5642 features: 22 69 75 197 8065,
5643,item_5643,,item_5643,,74 1048 2618,item 5643 features: 74 1048 2618,
5646,item_5646,,item_5646,,156 173 861 862 867 1060 2453 3227 4692 7173,item 5646 features: 156 173 861 862 867 1060 2453 3227 4692 7173,
5649,item_5649,,item_5649,,23 68 661 715 994 996,item 5649 features: 23 68 661 715 994 996,
5651,item_5651,,item_5651,,11 12 22 69 74 75 77 115 147 148 176 229 242 244 247 260 404 585 602 651 691 692 693 706 717 861 1048 1140 1325 1578 1775 4373 5374 7818,item 5651 features: 11 12 22 69 74 75 77 115 147 148 176 229 242 244 247 260 404 585 602 651 691 692 693 706 717 861 1048 1140 1325 1578 1775 4373 5374 7818,
5652,item_5652,,item_5652,,22 36 126 130 133 260 801 3735 3736,item 5652 features: 22 36 126 130 133 260 801 3735 3736,
5653,item_5653,,item_5653,,46 69 74 75 101 112 148 156 173 717 861 862 864 1044 1399 1578 2311 2615 3227 4121 4458 4692,item 5653 features: 46 69 74 75 101 112 148 156 173 717 861 862 864 1044 1399 1578 2311 2615 3227 4121 4458 4692,
5655,item_5655,,item_5655,,11 22 75 77 112 115 148 176 421 691 706 1324 1400 1775 3236 3783 3913 5743 6568 8217 8372 8379,item 5655 features: 11 22 75 77 112 115 148 176 421 691 706 1324 1400 1775 3236 3783 3913 5743 6568 8217 8372 8379,
5656,item_5656,,item_5656,,16 69 75 270 307 605 830 3029 3494 4998 6283 6754 8020 8030,item 5656 features: 16 69 75 270 307 605 830 3029 3494 4998 6283 6754 8020 8030,
5657,item_5657,,item_5657,,11 22 36 69 96 112 156 164 169 172 173 193 194 199 242 291 309 404 407 419 423 495 541 562 1046 1107 1109 1395 1450 1459 2591 3216 3227 3424 3971 5519 5520 5523 5524 5528 5740 5741 5745 5749 8023,item 5657 features: 11 22 36 69 96 112 156 164 169 172 173 193 194 199 242 291 309 404 407 419 423 495 541 562 1046 1107 1109 1395 1450 1459 2591 3216 3227 3424 3971 5519 5520 5523 5524 5528 5740 5741 5745 5749 8023,
5658,item_5658,,item_5658,,43 75 262 2109 2919 3029 5617 8028,item 5658 features: 43 75 262 2109 2919 3029 5617 8028,
5659,item_5659,,item_5659,,23 68 69 76 343 715 717 996 4461 4463,item 5659 features: 23 68 69 76 343 715 717 996 4461 4463,
5664,item_5664,,item_5664,,30 83,item 5664 features: 30 83,
5665,item_5665,,item_5665,,11 12 13 21 79 154 422 447 693 1140 3355,item 5665 features: 11 12 13 21 79 154 422 447 693 1140 3355,
5666,item_5666,,item_5666,,11 12 13 16 18 25 35 36 86 109 150 158 193 285 447 453 829 830 1804 2055 3494 4373,item 5666 features: 11 12 13 16 18 25 35 36 86 109 150 158 193 285 447 453 829 830 1804 2055 3494 4373,
5669,item_5669,,item_5669,,26 27 84 150 1314,item 5669 features: 26 27 84 150 1314,
5670,item_5670,,item_5670,,12 83,item 5670 features: 12 83,
5672,item_5672,,item_5672,,133 422 507 519 654 1424 2032 8233,item 5672 features: 133 422 507 519 654 1424 2032 8233,
5674,item_5674,,item_5674,,16 22 30 36 75 77 112 115 151 163 169 176 197 199 247 272 404 606 651 3406 5699 5701 5705,item 5674 features: 16 22 30 36 75 77 112 115 151 163 169 176 197 199 247 272 404 606 651 3406 5699 5701 5705,
5684,item_5684,,item_5684,,16 30 315 617 936 7252,item 5684 features: 16 30 315 617 936 7252,
5686,item_5686,,item_5686,,16 141 143 314 717,item 5686 features: 16 141 143 314 717,
5688,item_5688,,item_5688,,1 68 69 74 75 139 140 148 242 614 1052 5617,item 5688 features: 1 68 69 74 75 139 140 148 242 614 1052 5617,
5689,item_5689,,item_5689,,69 149 157 314,item 5689 features: 69 149 157 314,
5691,item_5691,,item_5691,,1 46 68 69 109 112 173 634 1052 3964,item 5691 features: 1 46 68 69 109 112 173 634 1052 3964,
5693,item_5693,,item_5693,,77 94 109 247 251 691 6113 6120 6130,item 5693 features: 77 94 109 247 251 691 6113 6120 6130,
5695,item_5695,,item_5695,,22 23 69 75 77 112 115 158 194 242 285 291 407 421 717 862 1023 1047 2316 5868 6588 7720,item 5695 features: 22 23 69 75 77 112 115 158 194 242 285 291 407 421 717 862 1023 1047 2316 5868 6588 7720,
5699,item_5699,,item_5699,,12 13 16 19 63 96 150 631 1363 1805 2626 4426 7696,item 5699 features: 12 13 16 19 63 96 150 631 1363 1805 2626 4426 7696,
5705,item_5705,,item_5705,,23 135 144 145 157 206 226 328 702 6151,item 5705 features: 23 135 144 145 157 206 226 328 702 6151,
5706,item_5706,,item_5706,,112 115 156 247 1539 1581 1693,item 5706 features: 112 115 156 247 1539 1581 1693,
5707,item_5707,,item_5707,,145 1521,item 5707 features: 145 1521,
5708,item_5708,,item_5708,,22 69 74 75 101 135 144 303 697 4326 7154 7950,item 5708 features: 22 69 74 75 101 135 144 303 697 4326 7154 7950,
5709,item_5709,,item_5709,,115 148 156 179 247 696 863 1050 1581 1690 1691 1693 1960 3045 3227 3548 3549 3550 3552 3554 3555 5866 5871 6294 7679,item 5709 features: 115 148 156 179 247 696 863 1050 1581 1690 1691 1693 1960 3045 3227 3548 3549 3550 3552 3554 3555 5866 5871 6294 7679,
5710,item_5710,,item_5710,,0 23 68 72 291 320 321 1787 3020 3593 4065 5903 5904 5905 5906 5907 5908 5909 5910 5911 5912 5913 5915 5916 5917 5918 5922 5927 5929 5939 5942 6099 6662 6674,item 5710 features: 0 23 68 72 291 320 321 1787 3020 3593 4065 5903 5904 5905 5906 5907 5908 5909 5910 5911 5912 5913 5915 5916 5917 5918 5922 5927 5929 5939 5942 6099 6662 6674,
5711,item_5711,,item_5711,,11 12 16 25 26 30 150 154 693 1314 3567 4625 5331 6870,item 5711 features: 11 12 16 25 26 30 150 154 693 1314 3567 4625 5331 6870,
5713,item_5713,,item_5713,,22 163 169 260 284 1325 1462 3988 5544,item 5713 features: 22 163 169 260 284 1325 1462 3988 5544,
5714,item_5714,,item_5714,,115 155 208 247 423 611 1048 1076 1581 5862 5863,item 5714 features: 115 155 208 247 423 611 1048 1076 1581 5862 5863,
5717,item_5717,,item_5717,,12 16 26 1314,item 5717 features: 12 16 26 1314,
5723,item_5723,,item_5723,,12 23 29 30 46 57 63 109 142 153 179 235 260 291 325 377 872 1109 1384,item 5723 features: 12 23 29 30 46 57 63 109 142 153 179 235 260 291 325 377 872 1109 1384,
5724,item_5724,,item_5724,,30 69 71 84 321 1703,item 5724 features: 30 69 71 84 321 1703,
5725,item_5725,,item_5725,,69 71 115 155 321 354 666 1164 2383 6015,item 5725 features: 69 71 115 155 321 354 666 1164 2383 6015,
5726,item_5726,,item_5726,,16 30 71 84 455 611 872 1604,item 5726 features: 16 30 71 84 455 611 872 1604,
5727,item_5727,,item_5727,,16 70 150 410 5514,item 5727 features: 16 70 150 410 5514,
5728,item_5728,,item_5728,,14 15 16 70 75 82 150 263 410 1325,item 5728 features: 14 15 16 70 75 82 150 263 410 1325,
5729,item_5729,,item_5729,,15 16 70 75 150 486 1325,item 5729 features: 15 16 70 75 150 486 1325,
5730,item_5730,,item_5730,,15 16 36 70 75 150 162 173 199 263 303 309 403 461 1325 2936 7444,item 5730 features: 15 16 36 70 75 150 162 173 199 263 303 309 403 461 1325 2936 7444,
5731,item_5731,,item_5731,,74 152,item 5731 features: 74 152,
5732,item_5732,,item_5732,,14 15 16 22 36 70 75 150 162 263 284 390 410 461 1168 1173 1325 1495 2007 2537 2624 3463 5511 5512 5513 5514 5518 7359 7362 7363 7364 7365 7366 7367,item 5732 features: 14 15 16 22 36 70 75 150 162 263 284 390 410 461 1168 1173 1325 1495 2007 2537 2624 3463 5511 5512 5513 5514 5518 7359 7362 7363 7364 7365 7366 7367,
5734,item_5734,,item_5734,,14 15 16 70 75 150 165 390 410 1325,item 5734 features: 14 15 16 70 75 150 165 390 410 1325,
5735,item_5735,,item_5735,,22 23 69 109 115 148 192 291 399 691 1272 1346 1650 1652 1894 2055 2105 2446 2554 2555 3527 4834 5445 7725 8146,item 5735 features: 22 23 69 109 115 148 192 291 399 691 1272 1346 1650 1652 1894 2055 2105 2446 2554 2555 3527 4834 5445 7725 8146,
5736,item_5736,,item_5736,,69 74 75 77 101 358 572 6787,item 5736 features: 69 74 75 77 101 358 572 6787,
5738,item_5738,,item_5738,,16 70 166 199 263 6405,item 5738 features: 16 70 166 199 263 6405,
5739,item_5739,,item_5739,,16 65 112 147 150 158 291 323 421 830 2105 2639 3132 3527 4836 5445 7967,item 5739 features: 16 65 112 147 150 158 291 323 421 830 2105 2639 3132 3527 4836 5445 7967,
5743,item_5743,,item_5743,,74 101 144 145 5666 6283,item 5743 features: 74 101 144 145 5666 6283,
5745,item_5745,,item_5745,,0 69 81 87 144 157 949 990 1601,item 5745 features: 0 69 81 87 144 157 949 990 1601,
5747,item_5747,,item_5747,,22 46 112 208 574 579 602 1050 1959 3544 3545 3558,item 5747 features: 22 46 112 208 574 579 602 1050 1959 3544 3545 3558,
5749,item_5749,,item_5749,,77 109 325 327 4898 4900,item 5749 features: 77 109 325 327 4898 4900,
5750,item_5750,,item_5750,,14 23 30 63 112 129 144 145 158 210 235 611 1658 3371 7967,item 5750 features: 14 23 30 63 112 129 144 145 158 210 235 611 1658 3371 7967,
5753,item_5753,,item_5753,,115 247,item 5753 features: 115 247,
5754,item_5754,,item_5754,,194 202 205 225 270 5750,item 5754 features: 194 202 205 225 270 5750,
5755,item_5755,,item_5755,,69 154 204 2119,item 5755 features: 69 154 204 2119,
5758,item_5758,,item_5758,,69 75 77 80 112 144 303 716 7967,item 5758 features: 69 75 77 80 112 144 303 716 7967,
5763,item_5763,,item_5763,,72 321,item 5763 features: 72 321,
5765,item_5765,,item_5765,,68 291 365 697 823,item 5765 features: 68 291 365 697 823,
5766,item_5766,,item_5766,,30 72,item 5766 features: 30 72,
5767,item_5767,,item_5767,,75 79 208 365 611 696 697 2786 3113 3120 4843,item 5767 features: 75 79 208 365 611 696 697 2786 3113 3120 4843,
5768,item_5768,,item_5768,,16 22 23 69 75 155 158 321 611 691 3189 4899 5862 6090 6951 6954,item 5768 features: 16 22 23 69 75 155 158 321 611 691 3189 4899 5862 6090 6951 6954,
5773,item_5773,,item_5773,,27 57 70 82 486,item 5773 features: 27 57 70 82 486,
5774,item_5774,,item_5774,,12 75 77 112 251 303 325 327 433 606 703 1352 4587,item 5774 features: 12 75 77 112 251 303 325 327 433 606 703 1352 4587,
5776,item_5776,,item_5776,,144 145 157 179 998 3685,item 5776 features: 144 145 157 179 998 3685,
5777,item_5777,,item_5777,,12 24 30 460,item 5777 features: 12 24 30 460,
5778,item_5778,,item_5778,,69 75 77 80 112 235 251 487 756 1607 6008 6496 6497,item 5778 features: 69 75 77 80 112 235 251 487 756 1607 6008 6496 6497,
5779,item_5779,,item_5779,,69 74 75 291 521 7157,item 5779 features: 69 74 75 291 521 7157,
5780,item_5780,,item_5780,,14 15 16 17 22 23 30 36 39 43 65 69 70 74 75 77 80 105 109 115 136 142 144 147 150 154 158 173 230 235 251 260 279 291 303 323 367 379 392 406 407 456 592 733 734 735 736 738 740 741 755 766 767 768 774 779 1109 1168 1173 1346 1365 1373 1384 1578 1650 1656 1951 2055 2105 2554 2563 2624 2696 2909 2910 2912 3189 3527 3539 3561 3714 3958 4817 4820 4826 5133 5446 5786 6122 6409 6604 6974 7158 7904 7958 8146,item 5780 features: 14 15 16 17 22 23 30 36 39 43 65 69 70 74 75 77 80 105 109 115 136 142 144 147 150 154 158 173 230 235 251 260 279 291 303 323 367 379 392 406 407 456 592 733 734 735 736 738 740 741 755 766 767 768 774 779 1109 1168 1173 1346 1365 1373 1384 1578 1650 1656 1951 2055 2105 2554 2563 2624 2696 2909 2910 2912 3189 3527 3539 3561 3714 3958 4817 4820 4826 5133 5446 5786 6122 6409 6604 6974 7158 7904 7958 8146,
5781,item_5781,,item_5781,,11 12 13 16 19 22 24 25 30 36 46 58 65 70 75 76 77 99 105 109 112 115 148 150 154 158 162 166 173 193 199 244 247 263 285 293 303 330 396 585 592 604 651 668 691 692 693 703 706 765 1109 1143 1305 1424 1429 3153 3169 3494 3519 3783 3814 4374 4757 4818 5381 6431 6687 6696 6780 6948 7155 7449 8152 8153,item 5781 features: 11 12 13 16 19 22 24 25 30 36 46 58 65 70 75 76 77 99 105 109 112 115 148 150 154 158 162 166 173 193 199 244 247 263 285 293 303 330 396 585 592 604 651 668 691 692 693 703 706 765 1109 1143 1305 1424 1429 3153 3169 3494 3519 3783 3814 4374 4757 4818 5381 6431 6687 6696 6780 6948 7155 7449 8152 8153,
5782,item_5782,,item_5782,,11 14 16 17 22 23 36 46 65 69 70 75 77 86 96 99 108 109 112 133 150 154 158 162 163 164 165 166 167 168 169 171 172 173 176 178 191 193 196 197 199 203 242 251 262 263 285 286 287 289 290 291 296 297 298 299 302 303 304 305 308 311 330 379 392 394 397 398 403 404 405 406 407 408 412 413 415 419 422 456 507 519 549 577 602 606 651 661 683 691 705 706 711 818 826 964 965 1025 1107 1109 1111 1143 1203 1250 1263 1305 1313 1401 1424 1467 1679 1680 1681 1682 1686 1767 1863 2034 2106 2123 2131 2136 2153 2250 2379 2517 2772 2872 2873 2877 2878 3044 3153 3191 3237 3238 3280 3547 3747 3819 4086 4268 4269 4274 4278 4316 4357 4783 4906 5139 5406 5412 5543 5591 5592 5740 5741 5748 5862 6394 6400 6611 6626 6634 6647 6926 7720 8015 8016 8175 8177 8226 8432,item 5782 features: 11 14 16 17 22 23 36 46 65 69 70 75 77 86 96 99 108 109 112 133 150 154 158 162 163 164 165 166 167 168 169 171 172 173 176 178 191 193 196 197 199 203 242 251 262 263 285 286 287 289 290 291 296 297 298 299 302 303 304 305 308 311 330 379 392 394 397 398 403 404 405 406 407 408 412 413 415 419 422 456 507 519 549 577 602 606 651 661 683 691 705 706 711 818 826 964 965 1025 1107 1109 1111 1143 1203 1250 1263 1305 1313 1401 1424 1467 1679 1680 1681 1682 1686 1767 1863 2034 2106 2123 2131 2136 2153 2250 2379 2517 2772 2872 2873 2877 2878 3044 3153 3191 3237 3238 3280 3547 3747 3819 4086 4268 4269 4274 4278 4316 4357 4783 4906 5139 5406 5412 5543 5591 5592 5740 5741 5748 5862 6394 6400 6611 6626 6634 6647 6926 7720 8015 8016 8175 8177 8226 8432,
5783,item_5783,,item_5783,,11 12 13 16 18 19 22 25 46 58 69 75 77 109 112 150 173 199 291 309 327 498 604 691 693 703 1109 1140 1769 4373 4567 4816 6687 6690 7126,item 5783 features: 11 12 13 16 18 19 22 25 46 58 69 75 77 109 112 150 173 199 291 309 327 498 604 691 693 703 1109 1140 1769 4373 4567 4816 6687 6690 7126,
5784,item_5784,,item_5784,,11 12 13 16 18 19 20 58 99 193 253 272 303 693 2305 4372 4373 4374 5950 6693,item 5784 features: 11 12 13 16 18 19 20 58 99 193 253 272 303 693 2305 4372 4373 4374 5950 6693,
5785,item_5785,,item_5785,,11 16 17 22 23 24 30 36 39 70 75 81 99 147 150 154 162 166 172 173 176 197 242 260 263 272 291 293 330 379 390 399 403 422 456 520 541 602 611 683 698 766 767 769 885 1109 1157 1203 1365 1424 1474 1482 1866 1906 2007 2208 2365 2367 2450 2764 2937 3673 4372 4509 4572 5025 5590 5614 6090 6454 6653 6686 6687 6688 6780 6782 6970 7325 7326 7611 8023,item 5785 features: 11 16 17 22 23 24 30 36 39 70 75 81 99 147 150 154 162 166 172 173 176 197 242 260 263 272 291 293 330 379 390 399 403 422 456 520 541 602 611 683 698 766 767 769 885 1109 1157 1203 1365 1424 1474 1482 1866 1906 2007 2208 2365 2367 2450 2764 2937 3673 4372 4509 4572 5025 5590 5614 6090 6454 6653 6686 6687 6688 6780 6782 6970 7325 7326 7611 8023,
5786,item_5786,,item_5786,,11 12 14 15 16 17 22 23 24 25 30 36 39 53 65 69 70 74 75 77 80 99 101 105 106 109 110 115 136 147 148 150 154 155 158 163 164 172 173 176 192 193 194 199 235 242 251 291 302 303 323 329 367 399 401 404 405 408 415 521 541 568 585 606 670 691 698 702 705 717 733 734 735 737 738 739 740 741 742 750 766 767 770 771 772 773 774 775 778 779 782 833 836 862 865 1091 1108 1109 1143 1272 1313 1346 1402 1450 1451 1482 1492 1578 1767 1894 1922 1939 2032 2044 2105 2153 2244 2290 2291 2324 2553 2554 2624 2639 2792 2805 3020 3214 3293 3500 3503 3508 3527 3551 3553 3561 3576 3676 3812 3814 3816 3818 4279 4280 4711 4820 4827 4836 5040 5445 5446 5447 5501 5789 5903 5904 5905 5907 5908 5910 5911 5913 5915 5917 5918 5920 5921 5923 5925 5926 5927 5928 5930 5935 5936 5942 5943 5944 5948 5949 6190 6781 7720 7724 8146,item 5786 features: 11 12 14 15 16 17 22 23 24 25 30 36 39 53 65 69 70 74 75 77 80 99 101 105 106 109 110 115 136 147 148 150 154 155 158 163 164 172 173 176 192 193 194 199 235 242 251 291 302 303 323 329 367 399 401 404 405 408 415 521 541 568 585 606 670 691 698 702 705 717 733 734 735 737 738 739 740 741 742 750 766 767 770 771 772 773 774 775 778 779 782 833 836 862 865 1091 1108 1109 1143 1272 1313 1346 1402 1450 1451 1482 1492 1578 1767 1894 1922 1939 2032 2044 2105 2153 2244 2290 2291 2324 2553 2554 2624 2639 2792 2805 3020 3214 3293 3500 3503 3508 3527 3551 3553 3561 3576 3676 3812 3814 3816 3818 4279 4280 4711 4820 4827 4836 5040 5445 5446 5447 5501 5789 5903 5904 5905 5907 5908 5910 5911 5913 5915 5917 5918 5920 5921 5923 5925 5926 5927 5928 5930 5935 5936 5942 5943 5944 5948 5949 6190 6781 7720 7724 8146,
5787,item_5787,,item_5787,,5 6 57 82 142,item 5787 features: 5 6 57 82 142,
5788,item_5788,,item_5788,,11 12 13 16 18 19 23 24 30 36 65 75 77 79 91 109 147 150 154 155 176 193 196 197 199 251 263 272 286 291 327 355 367 396 404 407 421 604 670 691 692 703 706 712 1140 1161 1424 1451 1769 1775 1786 1799 1804 2096 2639 2722 2937 3132 3169 3384 3455 4373 4928 4971 6687 6693 7126 7214 7438 7713,item 5788 features: 11 12 13 16 18 19 23 24 30 36 65 75 77 79 91 109 147 150 154 155 176 193 196 197 199 251 263 272 286 291 327 355 367 396 404 407 421 604 670 691 692 703 706 712 1140 1161 1424 1451 1769 1775 1786 1799 1804 2096 2639 2722 2937 3132 3169 3384 3455 4373 4928 4971 6687 6693 7126 7214 7438 7713,
5789,item_5789,,item_5789,,11 13 16 18 19 22 36 38 96 109 112 147 199 447 604 693 1140 1769 3494 3673 4816 4818 4830 6017 7126 7450 7782,item 5789 features: 11 13 16 18 19 22 36 38 96 109 112 147 199 447 604 693 1140 1769 3494 3673 4816 4818 4830 6017 7126 7450 7782,
5790,item_5790,,item_5790,,22 36 96 112 133 265 651 2703 4278,item 5790 features: 22 36 96 112 133 265 651 2703 4278,
5791,item_5791,,item_5791,,69 75 77 80 251 408 602 1775 5025,item 5791 features: 69 75 77 80 251 408 602 1775 5025,
5792,item_5792,,item_5792,,23 70 115 155 588 1651 1653 1659 4720,item 5792 features: 23 70 115 155 588 1651 1653 1659 4720,
5795,item_5795,,item_5795,,157 314 1676,item 5795 features: 157 314 1676,
5797,item_5797,,item_5797,,12 29 30 31 44 56 63 150 173 263 4405 6398 6405,item 5797 features: 12 29 30 31 44 56 63 150 173 263 4405 6398 6405,
5799,item_5799,,item_5799,,16 22 36 108 109 112 158 291 1521 4273 5544 5865,item 5799 features: 16 22 36 108 109 112 158 291 1521 4273 5544 5865,
5801,item_5801,,item_5801,,22 112 147 291 572 3423 3424 3426 8201,item 5801 features: 22 112 147 291 572 3423 3424 3426 8201,
5802,item_5802,,item_5802,,0 72 143 157 314 321 354,item 5802 features: 0 72 143 157 314 321 354,
5803,item_5803,,item_5803,,16 30 283 756 2440 6396 6410 6411,item 5803 features: 16 30 283 756 2440 6396 6410 6411,
5804,item_5804,,item_5804,,16 112 330,item 5804 features: 16 112 330,
5807,item_5807,,item_5807,,14 17 22 23 34 69 74 75 77 80 101 105 115 136 153 154 155 158 192 196 203 235 251 260 279 323 399 613 706 717 1109 1143 1325 1373 1578 1650 2105 2244 2283 2624 3189 3214 3527 3561 4816 4828 4833 4835 4870 4911 5446 5786 5809 5869 5877 6190 6195 6219 6224 6276 7140 7154 7160 7244 7516 7708 7968 8146,item 5807 features: 14 17 22 23 34 69 74 75 77 80 101 105 115 136 153 154 155 158 192 196 203 235 251 260 279 323 399 613 706 717 1109 1143 1325 1373 1578 1650 2105 2244 2283 2624 3189 3214 3527 3561 4816 4828 4833 4835 4870 4911 5446 5786 5809 5869 5877 6190 6195 6219 6224 6276 7140 7154 7160 7244 7516 7708 7968 8146,
5808,item_5808,,item_5808,,69 74 75 77 80 105 144 145 148 158 197 210 260 323 399 521 541 602 668 1048 1162 2055 2373 3143 3298 3420 3561 4571 7156 7158,item 5808 features: 69 74 75 77 80 105 144 145 148 158 197 210 260 323 399 521 541 602 668 1048 1162 2055 2373 3143 3298 3420 3561 4571 7156 7158,
5809,item_5809,,item_5809,,16 36 99 150 456 1313 1727 6780,item 5809 features: 16 36 99 150 456 1313 1727 6780,
5810,item_5810,,item_5810,,16 22 36 77 150 162 166 263 272 293 456 613 721 1161 1237 1241 1456 1885 2096 4084 5746 5854 6686 6693 7923,item 5810 features: 16 22 36 77 150 162 166 263 272 293 456 613 721 1161 1237 1241 1456 1885 2096 4084 5746 5854 6686 6693 7923,
5811,item_5811,,item_5811,,30 69 74 75 77 80 109 226 242 251 260 358 606 690,item 5811 features: 30 69 74 75 77 80 109 226 242 251 260 358 606 690,
5812,item_5812,,item_5812,,12 16 24 44 68 69 74 75 77 80 105 109 112 150 158 169 210 235 242 598 606 1234 1235 1237 1240 1241 1250 1251 1252 1258 3298 4587 5743 6688 7938,item 5812 features: 12 16 24 44 68 69 74 75 77 80 105 109 112 150 158 169 210 235 242 598 606 1234 1235 1237 1240 1241 1250 1251 1252 1258 3298 4587 5743 6688 7938,
5813,item_5813,,item_5813,,11 12 13 16 22 24 29 30 46 69 74 75 77 80 84 105 109 112 115 148 158 169 176 192 244 247 251 327 355 396 421 541 606 662 668 691 692 698 703 706 756 1161 1324 1424 1775 2153 2281 2803 2835 4372 4373 5330 6918 7213 7713 7967 7968 8217,item 5813 features: 11 12 13 16 22 24 29 30 46 69 74 75 77 80 84 105 109 112 115 148 158 169 176 192 244 247 251 327 355 396 421 541 606 662 668 691 692 698 703 706 756 1161 1324 1424 1775 2153 2281 2803 2835 4372 4373 5330 6918 7213 7713 7967 7968 8217,
5814,item_5814,,item_5814,,11 12 14 16 19 36 65 70 75 86 96 99 109 147 150 154 158 169 193 199 242 263 291 309 390 399 453 456 651 988 1094 1365 1374 1375 1424 2105 2208 3137 3141 3696 4587 4840 5446 6570 6754 7109 7437 7439 7440 7441 8023,item 5814 features: 11 12 14 16 19 36 65 70 75 86 96 99 109 147 150 154 158 169 193 199 242 263 291 309 390 399 453 456 651 988 1094 1365 1374 1375 1424 2105 2208 3137 3141 3696 4587 4840 5446 6570 6754 7109 7437 7439 7440 7441 8023,
5815,item_5815,,item_5815,,14 16 29 30 36 46 69 70 74 75 77 80 109 112 144 179 210 242 303 309 342 541 598 606 662 691 703 706 716 871 1109 1389 1424 1601 1793 2055 2208 2803 2804 2835 3143 3231 4587 5221 6274 6533 7936 7967 7968 7969 8217,item 5815 features: 14 16 29 30 36 46 69 70 74 75 77 80 109 112 144 179 210 242 303 309 342 541 598 606 662 691 703 706 716 871 1109 1389 1424 1601 1793 2055 2208 2803 2804 2835 3143 3231 4587 5221 6274 6533 7936 7967 7968 7969 8217,
5816,item_5816,,item_5816,,16 22 96 97 105 112 158 173 691 693 3236 6430,item 5816 features: 16 22 96 97 105 112 158 173 691 693 3236 6430,
5817,item_5817,,item_5817,,74 75 77 80 109 144 158 235 1916 3783 6282 6685 6689 7621 7622,item 5817 features: 74 75 77 80 109 144 158 235 1916 3783 6282 6685 6689 7621 7622,
5818,item_5818,,item_5818,,14 22 30 36 69 74 75 77 80 107 173 179 197 242 244 247 251 293 396 408 442 598 602 606 651 662 668 691 692 862 1324 1424 1655 2007 2835 3783 4225 4591 5025 5026 5027 5104 5859 5860 6634 6754 8365,item 5818 features: 14 22 30 36 69 74 75 77 80 107 173 179 197 242 244 247 251 293 396 408 442 598 602 606 651 662 668 691 692 862 1324 1424 1655 2007 2835 3783 4225 4591 5025 5026 5027 5104 5859 5860 6634 6754 8365,
5819,item_5819,,item_5819,,0 1 53 68 69 74 75 100 109 115 136 147 148 173 179 260 291 309 320 613 706 955 1041 1091 1424 1450 1601 1802 2055 2065 2846 2847 2854 3577 3726 4833 5420 5432 5617 5619 6025 6042 7140 7180 7182 8432,item 5819 features: 0 1 53 68 69 74 75 100 109 115 136 147 148 173 179 260 291 309 320 613 706 955 1041 1091 1424 1450 1601 1802 2055 2065 2846 2847 2854 3577 3726 4833 5420 5432 5617 5619 6025 6042 7140 7180 7182 8432,
5820,item_5820,,item_5820,,0 69 74 75 109 136 192 291 377 829 955 1408 3577,item 5820 features: 0 69 74 75 109 136 192 291 377 829 955 1408 3577,
5821,item_5821,,item_5821,,0 1 30 43 68 69 74 75 136 147 172 179 210 291 320 613 1041 2055 2576 3715 5432 7180 7184,item 5821 features: 0 1 30 43 68 69 74 75 136 147 172 179 210 291 320 613 1041 2055 2576 3715 5432 7180 7184,
5822,item_5822,,item_5822,,22 23 65 68 69 75 100 105 144 145 154 155 158 197 226 235 247 260 303 309 407 422 606 611 696 717 839 862 1109 1325 1383 1581 1658 1856 2055 2696 3134 3264 3561 3673 4791 4816 4817 4818 5562 6692 6754 6891 7016 7154 7158 7169 7676,item 5822 features: 22 23 65 68 69 75 100 105 144 145 154 155 158 197 226 235 247 260 303 309 407 422 606 611 696 717 839 862 1109 1325 1383 1581 1658 1856 2055 2696 3134 3264 3561 3673 4791 4816 4817 4818 5562 6692 6754 6891 7016 7154 7158 7169 7676,
5823,item_5823,,item_5823,,0 141 149 157 197 314 623 978 1503 5424 5426,item 5823 features: 0 141 149 157 197 314 623 978 1503 5424 5426,
5824,item_5824,,item_5824,,14 22 23 69 75 144 145 158 235 588 611 826 836 1447 1658 5859 5861 6867 6871,item 5824 features: 14 22 23 69 75 144 145 158 235 588 611 826 836 1447 1658 5859 5861 6867 6871,
5826,item_5826,,item_5826,,11 12 13 14 16 29 30 44 70 77 96 150 179 263 283 325 403 592 756 895 2440 5329 6396 6404 6405 6406 6407 6408 6411 6412 6413 6417 6419 6420,item 5826 features: 11 12 13 14 16 29 30 44 70 77 96 150 179 263 283 325 403 592 756 895 2440 5329 6396 6404 6405 6406 6407 6408 6411 6412 6413 6417 6419 6420,
5827,item_5827,,item_5827,,0 68 69 74 75 291 1185 2079 3577 5093 5098,item 5827 features: 0 68 69 74 75 291 1185 2079 3577 5093 5098,
5828,item_5828,,item_5828,,75 77 109 1598,item 5828 features: 75 77 109 1598,
5830,item_5830,,item_5830,,24 69 71 84 115 155 303 321 343 354 611 668 697 1703 1894 2809 4959 5586 7412 7413,item 5830 features: 24 69 71 84 115 155 303 321 343 354 611 668 697 1703 1894 2809 4959 5586 7412 7413,
5831,item_5831,,item_5831,,23 69 715,item 5831 features: 23 69 715,
5832,item_5832,,item_5832,,75 140,item 5832 features: 75 140,
5833,item_5833,,item_5833,,30 195 247 253 256 606 2674 2675 2676 3738 5192 6015 6018,item 5833 features: 30 195 247 253 256 606 2674 2675 2676 3738 5192 6015 6018,
5834,item_5834,,item_5834,,11 14 19 24 30 46 69 74 75 77 79 80 109 112 115 148 169 176 179 197 244 247 251 291 327 396 421 507 541 606 630 662 668 691 692 696 703 706 716 717 756 1107 1140 1161 1234 1424 1775 1963 2835 3143 3236 4587 6008 6754 7604 7897 7898 8266 8271,item 5834 features: 11 14 19 24 30 46 69 74 75 77 79 80 109 112 115 148 169 176 179 197 244 247 251 291 327 396 421 507 541 606 630 662 668 691 692 696 703 706 716 717 756 1107 1140 1161 1234 1424 1775 1963 2835 3143 3236 4587 6008 6754 7604 7897 7898 8266 8271,
5836,item_5836,,item_5836,,36 68 69 71 74 75 77 80 84 100 109 155 173 192 210 242 260 299 321 435 2804 2807 3577 4066 6282 6941 7213 7560,item 5836 features: 36 68 69 71 74 75 77 80 84 100 109 155 173 192 210 242 260 299 321 435 2804 2807 3577 4066 6282 6941 7213 7560,
5837,item_5837,,item_5837,,23 69 75 115 155 247 611 650 1600 5863,item 5837 features: 23 69 75 115 155 247 611 650 1600 5863,
5839,item_5839,,item_5839,,22 23 112 147 166 507,item 5839 features: 22 23 112 147 166 507,
5840,item_5840,,item_5840,,14 15 17 22 23 36 112 147 166 179 401 405 588 717 1051 1272 1659 1840 4723 5954,item 5840 features: 14 15 17 22 23 36 112 147 166 179 401 405 588 717 1051 1272 1659 1840 4723 5954,
5841,item_5841,,item_5841,,11 16 22 36 69 96 101 258 260 1236 1247 5743 6634 6635 6636 8217,item 5841 features: 11 16 22 36 69 96 101 258 260 1236 1247 5743 6634 6635 6636 8217,
5842,item_5842,,item_5842,,22 69 94 147 156 164 562 706 864 1138 1396 3227 4121 4692 5132,item 5842 features: 22 69 94 147 156 164 562 706 864 1138 1396 3227 4121 4692 5132,
5843,item_5843,,item_5843,,22 77 112 272 495 6432 7715,item 5843 features: 22 77 112 272 495 6432 7715,
5844,item_5844,,item_5844,,16 46 57 69 75 112 152 169 242 263 1236 1240 1402 3206 3654 5040 8405,item 5844 features: 16 46 57 69 75 112 152 169 242 263 1236 1240 1402 3206 3654 5040 8405,
5845,item_5845,,item_5845,,46 112 156 176 291 691 861 865 1044 1332 1395 3227 4458 5277,item 5845 features: 46 112 156 176 291 691 861 865 1044 1332 1395 3227 4458 5277,
5846,item_5846,,item_5846,,69 94 115 156 260 291 299 861 863 865 1226 1397 2453 4121 4692,item 5846 features: 69 94 115 156 260 291 299 861 863 865 1226 1397 2453 4121 4692,
5847,item_5847,,item_5847,,22 27 69 74 75 80 101 112 139 169 606 613 1234 1235 1237 1240 7558,item 5847 features: 22 27 69 74 75 80 101 112 139 169 606 613 1234 1235 1237 1240 7558,
5850,item_5850,,item_5850,,69 74 75 973 974 2559,item 5850 features: 69 74 75 973 974 2559,
5851,item_5851,,item_5851,,75 77 1233 1462 1991,item 5851 features: 75 77 1233 1462 1991,
5852,item_5852,,item_5852,,69 75 101 112,item 5852 features: 69 75 101 112,
5853,item_5853,,item_5853,,14 22 23 112 194 197 200 201 202 205 262 270 285 295 703 1157 8066,item 5853 features: 14 22 23 112 194 197 200 201 202 205 262 270 285 295 703 1157 8066,
5858,item_5858,,item_5858,,68 69 109 291,item 5858 features: 68 69 109 291,
5862,item_5862,,item_5862,,11 12 13 16 84 86 150 450 454 474 691 693 1140,item 5862 features: 11 12 13 16 84 86 150 450 454 474 691 693 1140,
5863,item_5863,,item_5863,,11 12 13 16 196 460 895 1140 2158 3567,item 5863 features: 11 12 13 16 196 460 895 1140 2158 3567,
5865,item_5865,,item_5865,,12 86 454 474 691 1045 1140 3567 4586,item 5865 features: 12 86 454 474 691 1045 1140 3567 4586,
5871,item_5871,,item_5871,,87 106 144 157 990 1875 4216,item 5871 features: 87 106 144 157 990 1875 4216,
5873,item_5873,,item_5873,,11 12 13 16 18 19 20 44 58 65 79 112 150 154 158 199 291 507 691 692 693 698 711 756 1769 8151,item 5873 features: 11 12 13 16 18 19 20 44 58 65 79 112 150 154 158 199 291 507 691 692 693 698 711 756 1769 8151,
5874,item_5874,,item_5874,,144 203 4827 7904,item 5874 features: 144 203 4827 7904,
5875,item_5875,,item_5875,,4 12 72 192 319 354 434 618 619 1405 1420 2212 2580 4118 5892 5895 5896 6140 6899 7126,item 5875 features: 4 12 72 192 319 354 434 618 619 1405 1420 2212 2580 4118 5892 5895 5896 6140 6899 7126,
5876,item_5876,,item_5876,,22 23 68 112 320 715 718 824 978 996 7675,item 5876 features: 22 23 68 112 320 715 718 824 978 996 7675,
5877,item_5877,,item_5877,,23 68 155 320 715 819 825 996 1302,item 5877 features: 23 68 155 320 715 819 825 996 1302,
5879,item_5879,,item_5879,,16 30 75 77 148 150 158 247 2772,item 5879 features: 16 30 75 77 148 150 158 247 2772,
5880,item_5880,,item_5880,,12 16 30 57 69 75 80 83 193,item 5880 features: 12 16 30 57 69 75 80 83 193,
5881,item_5881,,item_5881,,21 22 23 69 115 154 158 260 4314 8432,item 5881 features: 21 22 23 69 115 154 158 260 4314 8432,
5882,item_5882,,item_5882,,11 18 104 125 253 260 627 2396 2917 3675 3735 5006 7728 7729 7730 7731 7732 7733 7734 7735 7736 7737 7738 7739 7740 7741 7743 7745,item 5882 features: 11 18 104 125 253 260 627 2396 2917 3675 3735 5006 7728 7729 7730 7731 7732 7733 7734 7735 7736 7737 7738 7739 7740 7741 7743 7745,
5884,item_5884,,item_5884,,69 74 75 77 197 844,item 5884 features: 69 74 75 77 197 844,
5885,item_5885,,item_5885,,69 74 75 77 80 158 213 291 293 323 698 4817 4818 4822 4826,item 5885 features: 69 74 75 77 80 158 213 291 293 323 698 4817 4818 4822 4826,
5888,item_5888,,item_5888,,0 4 147 157 314 949 1677 3156 4789,item 5888 features: 0 4 147 157 314 949 1677 3156 4789,
5890,item_5890,,item_5890,,11 12 18 46 98 104 253 262 263 270 627 2359 2396 7729 7731 7732 7733 7737 7743 7744,item 5890 features: 11 12 18 46 98 104 253 262 263 270 627 2359 2396 7729 7731 7732 7733 7737 7743 7744,
5891,item_5891,,item_5891,,36 247 4314,item 5891 features: 36 247 4314,
5892,item_5892,,item_5892,,112 133 156 214 226 404 1162 1381 2017 2614 2621 2887 6133 6134 6135 6136 6137 6138 6139,item 5892 features: 112 133 156 214 226 404 1162 1381 2017 2614 2621 2887 6133 6134 6135 6136 6137 6138 6139,
5893,item_5893,,item_5893,,19 22 69 74 75 77 80 148 191 244 247 251 683 691 703 706 1034 1140 1578 2757 3143 5950 6433 6685 6688 6754 7712 7897 7898 7936 7938,item 5893 features: 19 22 69 74 75 77 80 148 191 244 247 251 683 691 703 706 1034 1140 1578 2757 3143 5950 6433 6685 6688 6754 7712 7897 7898 7936 7938,
5894,item_5894,,item_5894,,11 16 30 69 74 75 77 80 83 112 251 325 703 1424 2446 2449 3143 3153 3383 4372 4374 4459 7968 8271,item 5894 features: 11 16 30 69 74 75 77 80 83 112 251 325 703 1424 2446 2449 3143 3153 3383 4372 4374 4459 7968 8271,
5895,item_5895,,item_5895,,75 77 80 115 247 717 756 1539 3820 4603 4604 6015,item 5895 features: 75 77 80 115 247 717 756 1539 3820 4603 4604 6015,
5896,item_5896,,item_5896,,16 36 263 373 2097,item 5896 features: 16 36 263 373 2097,
5897,item_5897,,item_5897,,11 12 13 16 19 24 30 44 65 79 84 88 96 109 150 154 179 258 263 303 379 399 507 592 631 756 885 895 1089 1091 1365 1805 1806 1817 2734 2928 3066 3646 4021 4102 4426 5139 5972 6916 7327 8037 8038,item 5897 features: 11 12 13 16 19 24 30 44 65 79 84 88 96 109 150 154 179 258 263 303 379 399 507 592 631 756 885 895 1089 1091 1365 1805 1806 1817 2734 2928 3066 3646 4021 4102 4426 5139 5972 6916 7327 8037 8038,
5898,item_5898,,item_5898,,80 109 2435,item 5898 features: 80 109 2435,
5899,item_5899,,item_5899,,16 79 81 96 97 109 154 507 631 1705 2933 3824 4650 6401,item 5899 features: 16 79 81 96 97 109 154 507 631 1705 2933 3824 4650 6401,
5900,item_5900,,item_5900,,63 69 74 75 77 80 115 148 247 251 291 303 630 683 698 756 859 1236 1666 2241 2242 2392 3898 4677 5428 5556 6283 7897 7898,item 5900 features: 63 69 74 75 77 80 115 148 247 251 291 303 630 683 698 756 859 1236 1666 2241 2242 2392 3898 4677 5428 5556 6283 7897 7898,
5901,item_5901,,item_5901,,77 109 247 404 3901 5428 5430 5999 6115 6120 6123 6685,item 5901 features: 77 109 247 404 3901 5428 5430 5999 6115 6120 6123 6685,
5904,item_5904,,item_5904,,23 68 69 155 320 715 818 820 827 830 833 996 3761,item 5904 features: 23 68 69 155 320 715 818 820 827 830 833 996 3761,
5905,item_5905,,item_5905,,69 109 147 696 1076 3269 5273,item 5905 features: 69 109 147 696 1076 3269 5273,
5906,item_5906,,item_5906,,0 5 57 69 75 140 2076 2696 3169,item 5906 features: 0 5 57 69 75 140 2076 2696 3169,
5907,item_5907,,item_5907,,3 4 69 75 139 141 143 149 157 242 303 314 315 623 662 978 2071 4944 5369 5625 6688 6698 8093,item 5907 features: 3 4 69 75 139 141 143 149 157 242 303 314 315 623 662 978 2071 4944 5369 5625 6688 6698 8093,
5908,item_5908,,item_5908,,0 23 68 69 109 127 155 158 320 365 611 1543 1651 3576 4673 5859 5863 8147,item 5908 features: 0 23 68 69 109 127 155 158 320 365 611 1543 1651 3576 4673 5859 5863 8147,
5909,item_5909,,item_5909,,22 69 147 706 717 1098 6639,item 5909 features: 22 69 147 706 717 1098 6639,
5910,item_5910,,item_5910,,68 69 71 84 154 155 158 208 321 365 611 696 2643 6692 7140 7782,item 5910 features: 68 69 71 84 154 155 158 208 321 365 611 696 2643 6692 7140 7782,
5911,item_5911,,item_5911,,68 69 155 365 611 4763 5614 5863,item 5911 features: 68 69 155 365 611 4763 5614 5863,
5912,item_5912,,item_5912,,53 69 84 105 115 148 155 158 208 247 423 574 2083 2635 5688 5689 5692 6951,item 5912 features: 53 69 84 105 115 148 155 158 208 247 423 574 2083 2635 5688 5689 5692 6951,
5914,item_5914,,item_5914,,46 69 75 77 112 144 145 157 173 189 242 1375 1601 3658 4986 7223 7576 7577 7936,item 5914 features: 46 69 75 77 112 144 145 157 173 189 242 1375 1601 3658 4986 7223 7576 7577 7936,
5915,item_5915,,item_5915,,22 101 286 291 358 690 1214 6599 6600 7711,item 5915 features: 22 101 286 291 358 690 1214 6599 6600 7711,
5916,item_5916,,item_5916,,14 77 80,item 5916 features: 14 77 80,
5917,item_5917,,item_5917,,69 112 272,item 5917 features: 69 112 272,
5918,item_5918,,item_5918,,30 77 80 139 404 813 2611 2612 6760 6765,item 5918 features: 30 77 80 139 404 813 2611 2612 6760 6765,
5919,item_5919,,item_5919,,16 22 36 94 96 158 3573,item 5919 features: 16 22 36 94 96 158 3573,
5922,item_5922,,item_5922,,11 16 36 81 86 99 112 173 604 1895,item 5922 features: 11 16 36 81 86 99 112 173 604 1895,
5923,item_5923,,item_5923,,18 69 74 75 77 79 80 109 247 358 507 572 690 692 1140 1232 1324,item 5923 features: 18 69 74 75 77 79 80 109 247 358 507 572 690 692 1140 1232 1324,
5925,item_5925,,item_5925,,14 16 36 68 69 74 75 77 80 100 101 107 109 144 147 155 169 170 173 176 179 197 206 210 235 242 291 303 323 377 404 602 844 1162 1343 1494 1498 2804 3298 4136 4621 4835 5251 5252 5319 6010 6190 6941 7984 8023 8088,item 5925 features: 14 16 36 68 69 74 75 77 80 100 101 107 109 144 147 155 169 170 173 176 179 197 206 210 235 242 291 303 323 377 404 602 844 1162 1343 1494 1498 2804 3298 4136 4621 4835 5251 5252 5319 6010 6190 6941 7984 8023 8088,
5926,item_5926,,item_5926,,11 12 13 16 19 24 30 31 44 81 96 150 258 263 303 330 422 456 507 631 885 895 1365 1482 1806 2274 3066 4426 4427 5134,item 5926 features: 11 12 13 16 19 24 30 31 44 81 96 150 258 263 303 330 422 456 507 631 885 895 1365 1482 1806 2274 3066 4426 4427 5134,
5927,item_5927,,item_5927,,16 22 36 46 104 109 112 173 191 194 199 272 285 303 327 342 367 395 404 407 408 421 447 486 521 540 577 604 698 714 852 1046 1457 1459 1799 2061 2577 2615 2837 3001 3176 3177 3178 3179 3180 3181 3182 3183 3184 3185 3186 3279,item 5927 features: 16 22 36 46 104 109 112 173 191 194 199 272 285 303 327 342 367 395 404 407 408 421 447 486 521 540 577 604 698 714 852 1046 1457 1459 1799 2061 2577 2615 2837 3001 3176 3177 3178 3179 3180 3181 3182 3183 3184 3185 3186 3279,
5930,item_5930,,item_5930,,16 22 36 150 173 179 197 260 263 286 456 1305 1765 2371 4331 4342 6182 7333 7989,item 5930 features: 16 22 36 150 173 179 197 260 263 286 456 1305 1765 2371 4331 4342 6182 7333 7989,
5931,item_5931,,item_5931,,11 14 16 22 36 46 69 70 75 77 96 101 109 112 133 162 164 165 169 170 171 173 179 191 195 197 199 226 242 258 285 291 293 303 377 379 520 521 577 602 604 848 850 862 904 940 967 1137 1140 1143 1234 1263 1305 1393 1424 1490 1775 2022 2475 2477 2478 3216 3456 4315 5519 5520 5742 5744 5745 5746 5754 6350 6492 6634 6697 6796 7032 7189 7988 8249,item 5931 features: 11 14 16 22 36 46 69 70 75 77 96 101 109 112 133 162 164 165 169 170 171 173 179 191 195 197 199 226 242 258 285 291 293 303 377 379 520 521 577 602 604 848 850 862 904 940 967 1137 1140 1143 1234 1263 1305 1393 1424 1490 1775 2022 2475 2477 2478 3216 3456 4315 5519 5520 5742 5744 5745 5746 5754 6350 6492 6634 6697 6796 7032 7189 7988 8249,
5932,item_5932,,item_5932,,11 16 19 22 36 70 75 77 109 112 150 158 162 165 169 193 242 247 251 263 592 606 703 1161 1401 1500 1515 1778 3519 5330 5607 5743 6430,item 5932 features: 11 16 19 22 36 70 75 77 109 112 150 158 162 165 169 193 242 247 251 263 592 606 703 1161 1401 1500 1515 1778 3519 5330 5607 5743 6430,
5934,item_5934,,item_5934,,11 12 13 16 19 22 36 44 86 150 154 158 291 456 670 1094 1365 4827 7585,item 5934 features: 11 12 13 16 19 22 36 44 86 150 154 158 291 456 670 1094 1365 4827 7585,
5935,item_5935,,item_5935,,69 75 77 145 151 159 5422,item 5935 features: 69 75 77 145 151 159 5422,
5936,item_5936,,item_5936,,22 36 46 69 75 101 112 139 147 164 169 173 179 193 194 197 199 242 285 286 288 292 293 294 298 303 309 339 377 404 407 421 447 521 540 550 565 577 604 606 637 641 643 656 696 714 831 852 1046 1048 1109 1234 1245 1305 1393 1457 1814 2106 2343 2842 2843 3005 3153 3176 3179 3483 4278 5283 5329 5583 5743 5745 5747 5750 5752 5883 6611 6841 7032 7652 8015,item 5936 features: 22 36 46 69 75 101 112 139 147 164 169 173 179 193 194 197 199 242 285 286 288 292 293 294 298 303 309 339 377 404 407 421 447 521 540 550 565 577 604 606 637 641 643 656 696 714 831 852 1046 1048 1109 1234 1245 1305 1393 1457 1814 2106 2343 2842 2843 3005 3153 3176 3179 3483 4278 5283 5329 5583 5743 5745 5747 5750 5752 5883 6611 6841 7032 7652 8015,
5938,item_5938,,item_5938,,16 22 36 46 112 115 133 158 162 163 169 171 191 194 197 199 242 251 288 293 303 396 404 519 549 606 651 796 964 1237 1242 1245 1334 2031 2345 2346 3219 4123 5826 6708 7504 8217 8251 8335,item 5938 features: 16 22 36 46 112 115 133 158 162 163 169 171 191 194 197 199 242 251 288 293 303 396 404 519 549 606 651 796 964 1237 1242 1245 1334 2031 2345 2346 3219 4123 5826 6708 7504 8217 8251 8335,
5939,item_5939,,item_5939,,16 27 36 69 75 86 99 150 173 277 453 455 456 965 1045 1725 4158 4550 5446,item 5939 features: 16 27 36 69 75 86 99 150 173 277 453 455 456 965 1045 1725 4158 4550 5446,
5940,item_5940,,item_5940,,12 16 66 885 1029 2928,item 5940 features: 12 16 66 885 1029 2928,
5941,item_5941,,item_5941,,36 79 696 4882 4883,item 5941 features: 36 79 696 4882 4883,
5944,item_5944,,item_5944,,11 22 53 69 74 75 77 80 91 94 101 109 115 144 148 155 173 176 179 189 210 226 242 291 293 343 367 404 541 1384 1489 1491 1578 2055 3573 4135 4911 4944 5617 5865 6010 6690 6765 7154 7917 8090,item 5944 features: 11 22 53 69 74 75 77 80 91 94 101 109 115 144 148 155 173 176 179 189 210 226 242 291 293 343 367 404 541 1384 1489 1491 1578 2055 3573 4135 4911 4944 5617 5865 6010 6690 6765 7154 7917 8090,
5945,item_5945,,item_5945,,69 75 109 144 145 291 309 1799 3183 5422,item 5945 features: 69 75 109 144 145 291 309 1799 3183 5422,
5946,item_5946,,item_5946,,16 30 75 77 80 84 109 176 325 403 691 692 3019 3298,item 5946 features: 16 30 75 77 80 84 109 176 325 403 691 692 3019 3298,
5947,item_5947,,item_5947,,11 22 23 46 79 112 212 272 291 447 606 703 711 717 2096 2243 5592,item 5947 features: 11 22 23 46 79 112 212 272 291 447 606 703 711 717 2096 2243 5592,
5953,item_5953,,item_5953,,11 12 36 154 253 256 262 437 697 2359,item 5953 features: 11 12 36 154 253 256 262 437 697 2359,
5955,item_5955,,item_5955,,79 148 154 247 253 270 343 697 2359,item 5955 features: 79 148 154 247 253 270 343 697 2359,
5956,item_5956,,item_5956,,22 69 253 262 270 1462 2359 3735 6289 6951,item 5956 features: 22 69 253 262 270 1462 2359 3735 6289 6951,
5957,item_5957,,item_5957,,22 36 99 115 253 262 270 291 520 691 706 818 861 863 1046 3293 3294,item 5957 features: 22 36 99 115 253 262 270 291 520 691 706 818 861 863 1046 3293 3294,
5960,item_5960,,item_5960,,14 36 69 75 109 158 291 323 1373 1599 2578 4822 4826 6499,item 5960 features: 14 36 69 75 109 158 291 323 1373 1599 2578 4822 4826 6499,
5961,item_5961,,item_5961,,16 30 75 1603 1604 1605 2696 2697,item 5961 features: 16 30 75 1603 1604 1605 2696 2697,
5962,item_5962,,item_5962,,0 78 105 173 291 435 1055 1383,item 5962 features: 0 78 105 173 291 435 1055 1383,
5963,item_5963,,item_5963,,0 23 30 72 78 83 363 1028 1236 4232 5554 5560,item 5963 features: 0 23 30 72 78 83 363 1028 1236 4232 5554 5560,
5965,item_5965,,item_5965,,143 157 314,item 5965 features: 143 157 314,
5966,item_5966,,item_5966,,77 139 147 4820 6765 6770,item 5966 features: 77 139 147 4820 6765 6770,
5967,item_5967,,item_5967,,16 30 63 70 144 235 871 1660 1664 3363 3700 7696,item 5967 features: 16 30 63 70 144 235 871 1660 1664 3363 3700 7696,
5968,item_5968,,item_5968,,0 69 144 157 314 938,item 5968 features: 0 69 144 157 314 938,
5969,item_5969,,item_5969,,109 157 314,item 5969 features: 109 157 314,
5970,item_5970,,item_5970,,2 30 235 871 1128 3044 3825 4677 4678,item 5970 features: 2 30 235 871 1128 3044 3825 4677 4678,
5974,item_5974,,item_5974,,75 77 148 251,item 5974 features: 75 77 148 251,
5975,item_5975,,item_5975,,13 16 18 20 36 79 1364,item 5975 features: 13 16 18 20 36 79 1364,
5976,item_5976,,item_5976,,12 16 24 77 83 325 691 692 693 703,item 5976 features: 12 16 24 77 83 325 691 692 693 703,
5977,item_5977,,item_5977,,68 69 74 75 77 80 101 146 147 176 179 242 260 303 591 602 606 706 978 1149 2789 3448 4121 5366 5367 5368 5369 6634 6688 6694 7154 8195 8203 8206 8209,item 5977 features: 68 69 74 75 77 80 101 146 147 176 179 242 260 303 591 602 606 706 978 1149 2789 3448 4121 5366 5367 5368 5369 6634 6688 6694 7154 8195 8203 8206 8209,
5978,item_5978,,item_5978,,0 140 146 157 314 344 591 718 978 1149 1348 2212 2789 3306 5366 5367 5368 5369 5370 6140 6435,item 5978 features: 0 140 146 157 314 344 591 718 978 1149 1348 2212 2789 3306 5366 5367 5368 5369 5370 6140 6435,
5980,item_5980,,item_5980,,11 12 13 16 18 19 29 30 44 79 96 150 154 179 377 988 1161 1363,item 5980 features: 11 12 13 16 18 19 29 30 44 79 96 150 154 179 377 988 1161 1363,
5981,item_5981,,item_5981,,22 74 75 77 115 158 927 4677 4678,item 5981 features: 22 74 75 77 115 158 927 4677 4678,
5982,item_5982,,item_5982,,74 77 80 143 146 321 978 5366 5368 6691,item 5982 features: 74 77 80 143 146 321 978 5366 5368 6691,
5985,item_5985,,item_5985,,22 36 46 179 197,item 5985 features: 22 36 46 179 197,
5986,item_5986,,item_5986,,343 697 715 764 2300,item 5986 features: 343 697 715 764 2300,
5988,item_5988,,item_5988,,22 101 112 252 2202 6634 6635 6636 6960,item 5988 features: 22 101 112 252 2202 6634 6635 6636 6960,
5989,item_5989,,item_5989,,30 77 80 109 112 115 173 247 251 592,item 5989 features: 30 77 80 109 112 115 173 247 251 592,
5990,item_5990,,item_5990,,96 97 441 1705 2097 3257,item 5990 features: 96 97 441 1705 2097 3257,
5991,item_5991,,item_5991,,88 96 97 109 160 173 179 244 258 260 310 377 422 585 831 1424 1775 1885 2097 2584 2587 2588 2589 3518 4367 7006 7013 7014,item 5991 features: 88 96 97 109 160 173 179 244 258 260 310 377 422 585 831 1424 1775 1885 2097 2584 2587 2588 2589 3518 4367 7006 7013 7014,
5992,item_5992,,item_5992,,11 96 97 133 173 191 309 422 581 1060 1424 1775 1885 2032 2367 2587 2589 2919 4367 7013 7014 7016 7018 7019 7023 7434,item 5992 features: 11 96 97 133 173 191 309 422 581 1060 1424 1775 1885 2032 2367 2587 2589 2919 4367 7013 7014 7016 7018 7019 7023 7434,
5994,item_5994,,item_5994,,22 36 75 77 80 112 173 247 251 487 596 756 1692 3729 3734 3823 6117 6122 6633 6755 7106 7904 8217,item 5994 features: 22 36 75 77 80 112 173 247 251 487 596 756 1692 3729 3734 3823 6117 6122 6633 6755 7106 7904 8217,
5995,item_5995,,item_5995,,69 75 77 80 109 112 176 342 404 487 1799,item 5995 features: 69 75 77 80 109 112 176 342 404 487 1799,
5996,item_5996,,item_5996,,11 12 13 16 19 25 83 112 193 251 325 327 691 1161 1484,item 5996 features: 11 12 13 16 19 25 83 112 193 251 325 327 691 1161 1484,
5998,item_5998,,item_5998,,16 22 36 99 263 284 285 456 604 1222,item 5998 features: 16 22 36 99 263 284 285 456 604 1222,
5999,item_5999,,item_5999,,69 77 80,item 5999 features: 69 77 80,
6000,item_6000,,item_6000,,75 77 80 235 495 733 1384 2177 2178 2179 2180 3189 7960 7961 7967 7968 8147 8245,item 6000 features: 75 77 80 235 495 733 1384 2177 2178 2179 2180 3189 7960 7961 7967 7968 8147 8245,
6005,item_6005,,item_6005,,157 192 949 1677,item 6005 features: 157 192 949 1677,
6007,item_6007,,item_6007,,0 87 157 320 502,item 6007 features: 0 87 157 320 502,
6008,item_6008,,item_6008,,46 74 75 112 284 614 1369,item 6008 features: 46 74 75 112 284 614 1369,
6011,item_6011,,item_6011,,16 22 36 112 126 130 162 191 195 288 405 801 964,item 6011 features: 16 22 36 112 126 130 162 191 195 288 405 801 964,
6012,item_6012,,item_6012,,22 46 69 74 75 101 112 148 173 288 358 404 572 586 690 1214 1578 2975 3784 4278 4930 4931,item 6012 features: 22 46 69 74 75 101 112 148 173 288 358 404 572 586 690 1214 1578 2975 3784 4278 4930 4931,
6013,item_6013,,item_6013,,16 22 30 36 46 75 77 81 96 105 109 112 133 158 165 197 199 258 263 285 293 379 404 568 592 606 651 658 1029 1093 1110 1401 1656 2317 2318 2325 2329 2376 3266 3299 5025 7936 7938 7989 8365,item 6013 features: 16 22 30 36 46 75 77 81 96 105 109 112 133 158 165 197 199 258 263 285 293 379 404 568 592 606 651 658 1029 1093 1110 1401 1656 2317 2318 2325 2329 2376 3266 3299 5025 7936 7938 7989 8365,
6014,item_6014,,item_6014,,69 74 101 135 139 149 157 358 404 690 1520 2054 2559 4246 5648 6997 7464,item 6014 features: 69 74 101 135 139 149 157 358 404 690 1520 2054 2559 4246 5648 6997 7464,
6015,item_6015,,item_6015,,16 22 97,item 6015 features: 16 22 97,
6016,item_6016,,item_6016,,16 22 36 46 112 121 162 169 192 268 433 602 802 964 1324 1961 5078 8023 8026,item 6016 features: 16 22 36 46 112 121 162 169 192 268 433 602 802 964 1324 1961 5078 8023 8026,
6018,item_6018,,item_6018,,16 36 606 964 1370 2055,item 6018 features: 16 36 606 964 1370 2055,
6019,item_6019,,item_6019,,16 96 97,item 6019 features: 16 96 97,
6021,item_6021,,item_6021,,11 79 358 396 1221 4642 5261,item 6021 features: 11 79 358 396 1221 4642 5261,
6026,item_6026,,item_6026,,12 21 154 692 719 1140,item 6026 features: 12 21 154 692 719 1140,
6027,item_6027,,item_6027,,77 105 148 247,item 6027 features: 77 105 148 247,
6028,item_6028,,item_6028,,69 75 77 80 101 115 148 176 197 251 447 693 940 1578 2097 3783 4944 6689 8219,item 6028 features: 69 75 77 80 101 115 148 176 197 251 447 693 940 1578 2097 3783 4944 6689 8219,
6030,item_6030,,item_6030,,36 86 277 291 456 1045 2772,item 6030 features: 36 86 277 291 456 1045 2772,
6031,item_6031,,item_6031,,77 112 1352 7107 7752,item 6031 features: 77 112 1352 7107 7752,
6032,item_6032,,item_6032,,75 77 80 83 92 303 327 693 5647 5865 6115 6116 6119 7125,item 6032 features: 75 77 80 83 92 303 327 693 5647 5865 6115 6116 6119 7125,
6044,item_6044,,item_6044,,112 121 263 691 2005 4104 5027 5133 5137,item 6044 features: 112 121 263 691 2005 4104 5027 5133 5137,
6047,item_6047,,item_6047,,53 128 147 176 433 668 693 703 1009 1012 1014 1021 1023 3067 5956 8097,item 6047 features: 53 128 147 176 433 668 693 703 1009 1012 1014 1021 1023 3067 5956 8097,
6048,item_6048,,item_6048,,14 69 75 144 145 151 159 206 226 233 239 328,item 6048 features: 14 69 75 144 145 151 159 206 226 233 239 328,
6049,item_6049,,item_6049,,69 84 155 208 365 696 697 2803 5264 5864 6015,item 6049 features: 69 84 155 208 365 696 697 2803 5264 5864 6015,
6050,item_6050,,item_6050,,147 154 321 2681 5576 7875,item 6050 features: 147 154 321 2681 5576 7875,
6052,item_6052,,item_6052,,12 150,item 6052 features: 12 150,
6055,item_6055,,item_6055,,69 115 155 179 247 611 5859 5862 5863 5869 5882,item 6055 features: 69 115 155 179 247 611 5859 5862 5863 5869 5882,
6057,item_6057,,item_6057,,154 321 340 354,item 6057 features: 154 321 340 354,
6060,item_6060,,item_6060,,69 77 80 7807,item 6060 features: 69 77 80 7807,
6062,item_6062,,item_6062,,16 18 77 112 115 158 176 197 507 606,item 6062 features: 16 18 77 112 115 158 176 197 507 606,
6067,item_6067,,item_6067,,69 74 75 978 8195 8200,item 6067 features: 69 74 75 978 8195 8200,
6068,item_6068,,item_6068,,11 13 16 19 150 200 201 202 204 205 1804,item 6068 features: 11 13 16 19 150 200 201 202 204 205 1804,
6069,item_6069,,item_6069,,16 22 36 86 99 150 154 277 453 456 1045 1424 4176 4177 6468 6780 8217,item 6069 features: 16 22 36 86 99 150 154 277 453 456 1045 1424 4176 4177 6468 6780 8217,
6070,item_6070,,item_6070,,14 15 22 23 70 81 158 401 691 735 738 740 3576 5862 7720,item 6070 features: 14 15 22 23 70 81 158 401 691 735 738 740 3576 5862 7720,
6072,item_6072,,item_6072,,14 15 22 23 69 109 158 717 735 738 740 741 844 2554 5905 5906 5908 5909 5919,item 6072 features: 14 15 22 23 69 109 158 717 735 738 740 741 844 2554 5905 5906 5908 5909 5919,
6073,item_6073,,item_6073,,14 15 22 23 36 69 70 75 105 155 158 260 291 367 401 407 507 574 611 826 1048 1424 1651 1653 1659 3113 4587,item 6073 features: 14 15 22 23 36 69 70 75 105 155 158 260 291 367 401 407 507 574 611 826 1048 1424 1651 1653 1659 3113 4587,
6074,item_6074,,item_6074,,14 16 22 23 24 36 70 75 105 109 112 115 158 166 173 262 291 327 401 404 405 520 588 836 862 1051 1936 2785 4884 4885 5862 8146,item 6074 features: 14 16 22 23 24 36 70 75 105 109 112 115 158 166 173 262 291 327 401 404 405 520 588 836 862 1051 1936 2785 4884 4885 5862 8146,
6075,item_6075,,item_6075,,14 22 23 24 70 154 158 401 1346 1659 2554 4726 6320,item 6075 features: 14 22 23 24 70 154 158 401 1346 1659 2554 4726 6320,
6076,item_6076,,item_6076,,0 14 22 23 36 69 71 81 82 83 84 110 112 115 144 156 158 164 166 194 247 253 260 265 291 380 401 507 520 574 602 717 826 862 1050 1203 1450 1516 1600 1935 2764 3045 3293 3551 3553 7161,item 6076 features: 0 14 22 23 36 69 71 81 82 83 84 110 112 115 144 156 158 164 166 194 247 253 260 265 291 380 401 507 520 574 602 717 826 862 1050 1203 1450 1516 1600 1935 2764 3045 3293 3551 3553 7161,
6077,item_6077,,item_6077,,11 14 15 16 17 22 23 30 36 53 65 70 75 77 105 109 127 150 154 158 162 164 165 166 173 176 194 199 230 242 260 285 286 291 303 367 390 391 392 393 394 395 396 397 398 399 400 401 402 404 405 407 408 411 412 413 416 421 661 717 735 736 738 745 766 770 772 773 775 783 785 830 833 862 1049 1051 1109 1143 1272 1325 1346 1451 1656 1767 1856 2055 2105 2633 2714 3045 3189 3278 3527 4707 4824 4829 5445 5446 5447 5450 5543 5592 5594 5602 5603 5862 6780 8015 8023 8146,item 6077 features: 11 14 15 16 17 22 23 30 36 53 65 70 75 77 105 109 127 150 154 158 162 164 165 166 173 176 194 199 230 242 260 285 286 291 303 367 390 391 392 393 394 395 396 397 398 399 400 401 402 404 405 407 408 411 412 413 416 421 661 717 735 736 738 745 766 770 772 773 775 783 785 830 833 862 1049 1051 1109 1143 1272 1325 1346 1451 1656 1767 1856 2055 2105 2633 2714 3045 3189 3278 3527 4707 4824 4829 5445 5446 5447 5450 5543 5592 5594 5602 5603 5862 6780 8015 8023 8146,
6078,item_6078,,item_6078,,8 14 15 16 23 36 69 70 164 165 179 230 263 390 405 717 735 745 749 862 1325 2195 3189 3561 5445 5447 5510 5903 5904 5905 5906 5907 5909 5913 5925 5928 5931 5943,item 6078 features: 8 14 15 16 23 36 69 70 164 165 179 230 263 390 405 717 735 745 749 862 1325 2195 3189 3561 5445 5447 5510 5903 5904 5905 5906 5907 5909 5913 5925 5928 5931 5943,
6079,item_6079,,item_6079,,30 150,item 6079 features: 30 150,
6080,item_6080,,item_6080,,23 69 358 2559,item 6080 features: 23 69 358 2559,
6081,item_6081,,item_6081,,17 22 23 36 81 133 154 191 260 291 367 401 415 507 574 575 611 661 858 1176 1394 1448 2999 3546 3547 3556 7693,item 6081 features: 17 22 23 36 81 133 154 191 260 291 367 401 415 507 574 575 611 661 858 1176 1394 1448 2999 3546 3547 3556 7693,
6082,item_6082,,item_6082,,0 112 141 157 314 1058 1677 4805 5424,item 6082 features: 0 112 141 157 314 1058 1677 4805 5424,
6083,item_6083,,item_6083,,0 85 119 320 346 499 1410 2294 5614,item 6083 features: 0 85 119 320 346 499 1410 2294 5614,
6084,item_6084,,item_6084,,0 320 499 764 767 772 3964,item 6084 features: 0 320 499 764 767 772 3964,
6085,item_6085,,item_6085,,1,item 6085 features: 1,
6089,item_6089,,item_6089,,22 147 339 887,item 6089 features: 22 147 339 887,
6098,item_6098,,item_6098,,5 16 57 69 152 1601,item 6098 features: 5 16 57 69 152 1601,
6099,item_6099,,item_6099,,70 162,item 6099 features: 70 162,
6104,item_6104,,item_6104,,22 23 36 81 112 133 173 291 507 1851 2554 7788 7791,item 6104 features: 22 23 36 81 112 133 173 291 507 1851 2554 7788 7791,
6105,item_6105,,item_6105,,23 69 75 173 291 2618 4501,item 6105 features: 23 69 75 173 291 2618 4501,
6107,item_6107,,item_6107,,22 36 69 81 86 96 99 109 112 133 156 173 197 199 262 285 377 379 507 519 580 641 850 964 1312 2055 2323 2326 2327 2328 2377 3255 3695 4121 6435 7762 7967 8217,item 6107 features: 22 36 69 81 86 96 99 109 112 133 156 173 197 199 262 285 377 379 507 519 580 641 850 964 1312 2055 2323 2326 2327 2328 2377 3255 3695 4121 6435 7762 7967 8217,
6108,item_6108,,item_6108,,12 57 176 460 461 694 2099 4583,item 6108 features: 12 57 176 460 461 694 2099 4583,
6109,item_6109,,item_6109,,30 96 1805,item 6109 features: 30 96 1805,
6110,item_6110,,item_6110,,16 27 57 82 451 461 2696,item 6110 features: 16 27 57 82 451 461 2696,
6111,item_6111,,item_6111,,6 27 142 153,item 6111 features: 6 27 142 153,
6113,item_6113,,item_6113,,27 154 194 437 5766 8324,item 6113 features: 27 154 194 437 5766 8324,
6114,item_6114,,item_6114,,14 16 22 270 610 1180,item 6114 features: 14 16 22 270 610 1180,
6115,item_6115,,item_6115,,75 173 260 291 592 1325 2026 3494,item 6115 features: 75 173 260 291 592 1325 2026 3494,
6119,item_6119,,item_6119,,77 115 253 358 572 690 1221 4567,item 6119 features: 77 115 253 358 572 690 1221 4567,
6120,item_6120,,item_6120,,79 83 154 309 421 1364,item 6120 features: 79 83 154 309 421 1364,
6121,item_6121,,item_6121,,154 284 421 437 1009 2622 6951,item 6121 features: 154 284 421 437 1009 2622 6951,
6122,item_6122,,item_6122,,22 36 69 104 108 124 147 156 164 194 199 253 260 262 270 291 295 379 404 521 691 706 831 833 3735 3986 3987 3991 4077 5543 5740 5741 5742 5747 5748 5749 5750 6506 8382,item 6122 features: 22 36 69 104 108 124 147 156 164 194 199 253 260 262 270 291 295 379 404 521 691 706 831 833 3735 3986 3987 3991 4077 5543 5740 5741 5742 5747 5748 5749 5750 6506 8382,
6123,item_6123,,item_6123,,22 194 270 295 861 1462 6725,item 6123 features: 22 194 270 295 861 1462 6725,
6125,item_6125,,item_6125,,16 30 69 75 79 112 120 7198,item 6125 features: 16 30 69 75 79 112 120 7198,
6126,item_6126,,item_6126,,4 157 314 315 617,item 6126 features: 4 157 314 315 617,
6127,item_6127,,item_6127,,14 16 22 27 30 36 46 69 70 75 77 105 109 112 150 158 162 173 263 330 1161 6407 6520 6686,item 6127 features: 14 16 22 27 30 36 46 69 70 75 77 105 109 112 150 158 162 173 263 330 1161 6407 6520 6686,
6129,item_6129,,item_6129,,77 112 146 978 2615 5274,item 6129 features: 77 112 146 978 2615 5274,
6130,item_6130,,item_6130,,22 112 5274,item 6130 features: 22 112 5274,
6131,item_6131,,item_6131,,11 16 22 75 112 115 154 158 199 641 2764 4372 7600,item 6131 features: 11 16 22 75 112 115 154 158 199 641 2764 4372 7600,
6132,item_6132,,item_6132,,0 69 75 112 142 5066,item 6132 features: 0 69 75 112 142 5066,
6136,item_6136,,item_6136,,57 148 321 1164 2503 2513,item 6136 features: 57 148 321 1164 2503 2513,
6140,item_6140,,item_6140,,11 12 13 16 18 408 683 711 1111 1599,item 6140 features: 11 12 13 16 18 408 683 711 1111 1599,
6141,item_6141,,item_6141,,11 13 16 18 19 58 112 150 447 8151 8152,item 6141 features: 11 13 16 18 19 58 112 150 447 8151 8152,
6142,item_6142,,item_6142,,157 949,item 6142 features: 157 949,
6143,item_6143,,item_6143,,13 16 19 77,item 6143 features: 13 16 19 77,
6146,item_6146,,item_6146,,16 96 97 133 191 258 260 293 377 403 507 519 606 651 3137 6451,item 6146 features: 16 96 97 133 191 258 260 293 377 403 507 519 606 651 3137 6451,
6147,item_6147,,item_6147,,11 23 69 81 133 155 158 173 194 208 260 291 365 507 611 696 717 818 862 1098,item 6147 features: 11 23 69 81 133 155 158 173 194 208 260 291 365 507 611 696 717 818 862 1098,
6149,item_6149,,item_6149,,74 75 77 80 135 404,item 6149 features: 74 75 77 80 135 404,
6150,item_6150,,item_6150,,11 12 16 22 30 31 41 43 44 79 99 150 176 242 253 263 367 395 396 456 980 988 1156 2259 4426 4427 5761 8115,item 6150 features: 11 12 16 22 30 31 41 43 44 79 99 150 176 242 253 263 367 395 396 456 980 988 1156 2259 4426 4427 5761 8115,
6151,item_6151,,item_6151,,0 6 68 69 75 76 109 260 320 499 695 1053 2716,item 6151 features: 0 6 68 69 75 76 109 260 320 499 695 1053 2716,
6153,item_6153,,item_6153,,75 135 173 252 975 8399,item 6153 features: 75 135 173 252 975 8399,
6155,item_6155,,item_6155,,74 80 179 251,item 6155 features: 74 80 179 251,
6156,item_6156,,item_6156,,22 69 75 84 340 358 690 973 974 976 5786,item 6156 features: 22 69 75 84 340 358 690 973 974 976 5786,
6158,item_6158,,item_6158,,68 69 74 75 77 80 135 139 146 169 176 192 197 242 404 591 606 668 692 765 978 1149 2071 2789 3236 3783 5054 5366 5367 5368 5369 5625 5626 6010 6177 6346 6690 6695 7828,item 6158 features: 68 69 74 75 77 80 135 139 146 169 176 192 197 242 404 591 606 668 692 765 978 1149 2071 2789 3236 3783 5054 5366 5367 5368 5369 5625 5626 6010 6177 6346 6690 6695 7828,
6160,item_6160,,item_6160,,11 22 79 81 133 147 154 166 507 729 1221 4672,item 6160 features: 11 22 79 81 133 147 154 166 507 729 1221 4672,
6161,item_6161,,item_6161,,23 81 112 166 179 422 507 717 1060 1775 1885 2032 2097 2919 4672 7006,item 6161 features: 23 81 112 166 179 422 507 717 1060 1775 1885 2032 2097 2919 4672 7006,
6162,item_6162,,item_6162,,22 23 81 110 115 133 166 208 358 401 507 602 611 654 1109 1175 1176 1203 1741,item 6162 features: 22 23 81 110 115 133 166 208 358 401 507 602 611 654 1109 1175 1176 1203 1741,
6163,item_6163,,item_6163,,11 12 13 14 16 18 19 23 69 75 77 80 99 105 112 115 136 150 199 235 251 263 323 447 602 693 861 1140 1578 1769 1804 1897 2624 4373 4757 4928 5134 5138 5950 6696 8217,item 6163 features: 11 12 13 14 16 18 19 23 69 75 77 80 99 105 112 115 136 150 199 235 251 263 323 447 602 693 861 1140 1578 1769 1804 1897 2624 4373 4757 4928 5134 5138 5950 6696 8217,
6164,item_6164,,item_6164,,16 44 99 150 456 508 1373 2369 4820 4837 5448 5609 7437 8313,item 6164 features: 16 44 99 150 456 508 1373 2369 4820 4837 5448 5609 7437 8313,
6165,item_6165,,item_6165,,23 81 133 147 154 507 611 842 1424 1603 5868,item 6165 features: 23 81 133 147 154 507 611 842 1424 1603 5868,
6166,item_6166,,item_6166,,22 23 69 133 179 507 691 723 728 730 731 842 4672 8147,item 6166 features: 22 23 69 133 179 507 691 723 728 730 731 842 4672 8147,
6167,item_6167,,item_6167,,16 17 22 23 36 112 150 166 179 194 285 291 310 507 575 611 661 683 1046 1176 1203 1448 3045 3415 3546 3547 3556 4672 5868 8147,item 6167 features: 16 17 22 23 36 112 150 166 179 194 285 291 310 507 575 611 661 683 1046 1176 1203 1448 3045 3415 3546 3547 3556 4672 5868 8147,
6169,item_6169,,item_6169,,11 12 16 24 30 31 44 86 150 192 453 1769 2152 2723 4426 5972 6876,item 6169 features: 11 12 16 24 30 31 44 86 150 192 453 1769 2152 2723 4426 5972 6876,
6170,item_6170,,item_6170,,11 12 13 16 30 44 70 77 83 150 154 756 1161 1804 4405,item 6170 features: 11 12 13 16 30 44 70 77 83 150 154 756 1161 1804 4405,
6171,item_6171,,item_6171,,14 22 23 69 70 158 164 401 411 1048 1107 1651 1659 3415 5445 5920 5937,item 6171 features: 14 22 23 69 70 158 164 401 411 1048 1107 1651 1659 3415 5445 5920 5937,
6173,item_6173,,item_6173,,19 69 77 80 109 251 303 1603 1663 3898 5859 5860,item 6173 features: 19 69 77 80 109 251 303 1603 1663 3898 5859 5860,
6175,item_6175,,item_6175,,14 22 23 155 158 1787 1846,item 6175 features: 14 22 23 155 158 1787 1846,
6177,item_6177,,item_6177,,0 3 247 442 1423,item 6177 features: 0 3 247 442 1423,
6178,item_6178,,item_6178,,0 1 4 319 499 695 2716 3400,item 6178 features: 0 1 4 319 499 695 2716 3400,
6179,item_6179,,item_6179,,30 44 96 1705 2723 2725,item 6179 features: 30 44 96 1705 2723 2725,
6182,item_6182,,item_6182,,147 154 2249 3287 3568,item 6182 features: 147 154 2249 3287 3568,
6183,item_6183,,item_6183,,22 112 115 118 121 251 421 433 964 1022 1093 1775 5061,item 6183 features: 22 112 115 118 121 251 421 433 964 1022 1093 1775 5061,
6185,item_6185,,item_6185,,12 16 75 115 158 321 354,item 6185 features: 12 16 75 115 158 321 354,
6187,item_6187,,item_6187,,22 23 36 70 112 417 4819,item 6187 features: 22 23 36 70 112 417 4819,
6188,item_6188,,item_6188,,69 74 75 77 80 203 235 251 756 5836,item 6188 features: 69 74 75 77 80 203 235 251 756 5836,
6192,item_6192,,item_6192,,23 30 63 69 74 75 77 80 109 147 235 251 291 325 927 1047 1352 2846 2847 3346 3347 3561 4203 4765 6035 6691 7004 7107 8146,item 6192 features: 23 30 63 69 74 75 77 80 109 147 235 251 291 325 927 1047 1352 2846 2847 3346 3347 3561 4203 4765 6035 6691 7004 7107 8146,
6194,item_6194,,item_6194,,80 1598,item 6194 features: 80 1598,
6197,item_6197,,item_6197,,2 5 12 14 16 30 57 112 142 153 196 291 342 461 1128 3153 8358 8361,item 6197 features: 2 5 12 14 16 30 57 112 142 153 196 291 342 461 1128 3153 8358 8361,
6198,item_6198,,item_6198,,30 80 112 251 325 5292,item 6198 features: 30 80 112 251 325 5292,
6200,item_6200,,item_6200,,11 13 96 631 1898 2928,item 6200 features: 11 13 96 631 1898 2928,
6201,item_6201,,item_6201,,8 22 27 82 448 451 453 459 470 2100,item 6201 features: 8 22 27 82 448 451 453 459 470 2100,
6202,item_6202,,item_6202,,11 74 77 112,item 6202 features: 11 74 77 112,
6203,item_6203,,item_6203,,16 22 77 105 158 169 247 1205 1206 5887 8217 8225,item 6203 features: 16 22 77 105 158 169 247 1205 1206 5887 8217 8225,
6204,item_6204,,item_6204,,96 133 191 197 199 258 260 507 519 581 1059 1885 2597 2600 2603 2614,item 6204 features: 96 133 191 197 199 258 260 507 519 581 1059 1885 2597 2600 2603 2614,
6205,item_6205,,item_6205,,16 27 29 30 57 82 263 303 717 862 2696,item 6205 features: 16 27 29 30 57 82 263 303 717 862 2696,
6207,item_6207,,item_6207,,22 46 53 69 101 112 151 194 252 706 1048 3442,item 6207 features: 22 46 53 69 101 112 151 194 252 706 1048 3442,
6208,item_6208,,item_6208,,69 109 151 159 365 696,item 6208 features: 69 109 151 159 365 696,
6209,item_6209,,item_6209,,70 330 410 487,item 6209 features: 70 330 410 487,
6210,item_6210,,item_6210,,14 16 23 70 105 150 158 390 391 395 407 410 2833 3523,item 6210 features: 14 16 23 70 105 150 158 390 391 395 407 410 2833 3523,
6211,item_6211,,item_6211,,22 46 96 133 179 197 285 2323,item 6211 features: 22 46 96 133 179 197 285 2323,
6212,item_6212,,item_6212,,96 5136 7213,item 6212 features: 96 5136 7213,
6213,item_6213,,item_6213,,11 12 16 22 30 36 74 75 77 80 105 112 115 148 150 155 197 242 244 247 263 321 407 408 604 692 717 848 1140 1186 1205 1424 2639 3519 5028 5950 6009 6319 7712,item 6213 features: 11 12 16 22 30 36 74 75 77 80 105 112 115 148 150 155 197 242 244 247 263 321 407 408 604 692 717 848 1140 1186 1205 1424 2639 3519 5028 5950 6009 6319 7712,
6215,item_6215,,item_6215,,15 166 717 746 748 4816 4821 4835 6394 6403 6864 6868 7125,item 6215 features: 15 166 717 746 748 4816 4821 4835 6394 6403 6864 6868 7125,
6224,item_6224,,item_6224,,14 15 16 22 23 36 65 70 83 158 329 733 734 735 737 738 740 741 743 750 754 755 1164 1346 2055 2508 2563 2564 2565 2566 2567 2568 2639 3189 3561 4819 4826 4833 5505 6875 8146,item 6224 features: 14 15 16 22 23 36 65 70 83 158 329 733 734 735 737 738 740 741 743 750 754 755 1164 1346 2055 2508 2563 2564 2565 2566 2567 2568 2639 3189 3561 4819 4826 4833 5505 6875 8146,
6225,item_6225,,item_6225,,14 15 22 23 75 323 738 740 747 1650 2922,item 6225 features: 14 15 22 23 75 323 738 740 747 1650 2922,
6226,item_6226,,item_6226,,11 12 16 21 37 75 115 150 154 192 199 263 291 309 604 670 692 702 703 712 826 1140 1143 1566 1786 2533 4418 4566 4567 5050 5127 5600 8365,item 6226 features: 11 12 16 21 37 75 115 150 154 192 199 263 291 309 604 670 692 702 703 712 826 1140 1143 1566 1786 2533 4418 4566 4567 5050 5127 5600 8365,
6227,item_6227,,item_6227,,11 12 13 16 18 19 30 36 43 70 77 112 150 173 192 195 199 263 327 367 396 447 489 606 683 691 693 703 1071 1140 1424 1775 1786 2055 2153 2446 2617 3033 3133 3153 3795 4373 4831 6405 6626,item 6227 features: 11 12 13 16 18 19 30 36 43 70 77 112 150 173 192 195 199 263 327 367 396 447 489 606 683 691 693 703 1071 1140 1424 1775 1786 2055 2153 2446 2617 3033 3133 3153 3795 4373 4831 6405 6626,
6228,item_6228,,item_6228,,0 11 12 14 16 22 24 30 53 69 74 75 77 80 101 105 109 115 148 155 158 173 176 192 193 194 197 199 242 244 247 251 260 291 293 303 321 322 323 367 396 404 408 421 445 469 541 574 585 602 606 662 668 691 692 693 703 706 709 717 765 768 831 851 865 929 937 940 950 1044 1048 1140 1324 1400 1401 1424 1451 1496 1769 1775 1799 1802 1856 1894 1999 2055 2061 2212 2307 2545 2632 2639 2809 2835 2991 3143 3189 3300 3387 3527 3573 3676 3813 3932 4026 4121 4314 4374 4816 4835 5257 5312 5741 5743 5750 5756 5828 5876 5950 5951 6005 6010 6140 6156 6190 6531 6634 6689 6693 6940 6951 6972 7015 7140 7154 7214 7292 7371 7372 7374 7375 7376 7377 7384 7712 8015 8023 8052 8195 8369 8370 8378,item 6228 features: 0 11 12 14 16 22 24 30 53 69 74 75 77 80 101 105 109 115 148 155 158 173 176 192 193 194 197 199 242 244 247 251 260 291 293 303 321 322 323 367 396 404 408 421 445 469 541 574 585 602 606 662 668 691 692 693 703 706 709 717 765 768 831 851 865 929 937 940 950 1044 1048 1140 1324 1400 1401 1424 1451 1496 1769 1775 1799 1802 1856 1894 1999 2055 2061 2212 2307 2545 2632 2639 2809 2835 2991 3143 3189 3300 3387 3527 3573 3676 3813 3932 4026 4121 4314 4374 4816 4835 5257 5312 5741 5743 5750 5756 5828 5876 5950 5951 6005 6010 6140 6156 6190 6531 6634 6689 6693 6940 6951 6972 7015 7140 7154 7214 7292 7371 7372 7374 7375 7376 7377 7384 7712 8015 8023 8052 8195 8369 8370 8378,
6229,item_6229,,item_6229,,11 12 16 19 22 36 75 86 99 109 112 150 263 291 693 1725 2764 5582 6019 6780,item 6229 features: 11 12 16 19 22 36 75 86 99 109 112 150 263 291 693 1725 2764 5582 6019 6780,
6230,item_6230,,item_6230,,0 11 14 15 16 17 22 23 36 46 65 69 75 77 79 81 84 86 96 97 99 101 103 108 109 110 112 115 128 133 136 147 148 150 154 155 162 163 164 165 166 167 168 169 171 172 173 176 178 179 192 193 194 196 197 199 203 242 247 270 285 291 293 296 297 303 309 377 379 397 399 401 404 405 407 408 421 422 456 516 518 519 520 521 540 541 543 549 567 568 576 584 585 587 589 591 592 606 627 636 638 643 648 661 679 683 691 697 705 706 711 717 766 773 798 826 832 852 853 885 964 967 984 1004 1005 1018 1107 1109 1137 1140 1143 1144 1145 1146 1217 1236 1245 1305 1313 1319 1401 1424 1482 1659 1814 1939 1993 2106 2153 2191 2304 2314 2317 2318 2319 2320 2321 2322 2323 2325 2328 2329 2376 2377 2379 2432 2433 2434 2453 2459 2504 2607 2614 2639 2715 2764 2880 2919 2937 3073 3074 3075 3076 3077 3078 3079 3080 3153 3216 3280 3293 3425 3531 3532 3812 3818 4154 4157 4160 4268 4269 4270 4271 4274 4278 4279 4280 4322 4355 4735 4736 4784 4953 5017 5389 5406 5408 5445 5446 5590 5640 5695 5868 5881 6225 6371 6611 6626 6688 6754 6780 6782 6845 6926 6986 6987 6988 7205 7217 7335 7336 7343 7346 7826 8015 8016 8017 8023 8051,item 6230 features: 0 11 14 15 16 17 22 23 36 46 65 69 75 77 79 81 84 86 96 97 99 101 103 108 109 110 112 115 128 133 136 147 148 150 154 155 162 163 164 165 166 167 168 169 171 172 173 176 178 179 192 193 194 196 197 199 203 242 247 270 285 291 293 296 297 303 309 377 379 397 399 401 404 405 407 408 421 422 456 516 518 519 520 521 540 541 543 549 567 568 576 584 585 587 589 591 592 606 627 636 638 643 648 661 679 683 691 697 705 706 711 717 766 773 798 826 832 852 853 885 964 967 984 1004 1005 1018 1107 1109 1137 1140 1143 1144 1145 1146 1217 1236 1245 1305 1313 1319 1401 1424 1482 1659 1814 1939 1993 2106 2153 2191 2304 2314 2317 2318 2319 2320 2321 2322 2323 2325 2328 2329 2376 2377 2379 2432 2433 2434 2453 2459 2504 2607 2614 2639 2715 2764 2880 2919 2937 3073 3074 3075 3076 3077 3078 3079 3080 3153 3216 3280 3293 3425 3531 3532 3812 3818 4154 4157 4160 4268 4269 4270 4271 4274 4278 4279 4280 4322 4355 4735 4736 4784 4953 5017 5389 5406 5408 5445 5446 5590 5640 5695 5868 5881 6225 6371 6611 6626 6688 6754 6780 6782 6845 6926 6986 6987 6988 7205 7217 7335 7336 7343 7346 7826 8015 8016 8017 8023 8051,
6231,item_6231,,item_6231,,11 14 15 16 22 23 36 69 70 299 329 588 733 734 735 737 740 743 751 767 768 770 771 772 773 774 778 780 912 1346 2032 2639 4906 6867 6871,item 6231 features: 11 14 15 16 22 23 36 69 70 299 329 588 733 734 735 737 740 743 751 767 768 770 771 772 773 774 778 780 912 1346 2032 2639 4906 6867 6871,
6232,item_6232,,item_6232,,11 18 22 23 46 75 79 81 105 112 133 158 172 199 291 421 422 507 581 691 696 703 706 711 861 1107 1347 1424 1482 2032 2376 2379 2423 3020 4121 4122,item 6232 features: 11 18 22 23 46 75 79 81 105 112 133 158 172 199 291 421 422 507 581 691 696 703 706 711 861 1107 1347 1424 1482 2032 2376 2379 2423 3020 4121 4122,
6236,item_6236,,item_6236,,69 74 75 109 151 6526,item 6236 features: 69 74 75 109 151 6526,
6237,item_6237,,item_6237,,0 12 24 53 71 72 78 109 148 154 320 321 689 703 706 1272 1348 1375 1441 1839 2212 2385 3461 4372 6140 6141 6346 6552 7278 8266,item 6237 features: 0 12 24 53 71 72 78 109 148 154 320 321 689 703 706 1272 1348 1375 1441 1839 2212 2385 3461 4372 6140 6141 6346 6552 7278 8266,
6238,item_6238,,item_6238,,69 74 109 139 141 143 149 157 242 541 2071 2835 3799 4296 5164 5625 6568 6688 6698 7864 8287 8369 8370,item 6238 features: 69 74 109 139 141 143 149 157 242 541 2071 2835 3799 4296 5164 5625 6568 6688 6698 7864 8287 8369 8370,
6239,item_6239,,item_6239,,0 1 6 11 22 53 68 69 74 75 115 119 139 142 144 148 153 169 173 176 194 242 260 320 404 408 540 634 662 695 698 717 862 1027 1097 1325 1510 1515 2903 3494 5009 5307 6015 6430 6760 6761 6775 7574 8434,item 6239 features: 0 1 6 11 22 53 68 69 74 75 115 119 139 142 144 148 153 169 173 176 194 242 260 320 404 408 540 634 662 695 698 717 862 1027 1097 1325 1510 1515 2903 3494 5009 5307 6015 6430 6760 6761 6775 7574 8434,
6240,item_6240,,item_6240,,1 74 75 140 614,item 6240 features: 1 74 75 140 614,
6241,item_6241,,item_6241,,22 27 69 75 101 112 6008,item 6241 features: 22 27 69 75 101 112 6008,
6242,item_6242,,item_6242,,0 1 4 68 87 109 148 154 314 319 320 346 487 499 615 1053 1413 1526 1527 1528 3400 3964 4178 4179 4180 4181 4182 4183 5665,item 6242 features: 0 1 4 68 87 109 148 154 314 319 320 346 487 499 615 1053 1413 1526 1527 1528 3400 3964 4178 4179 4180 4181 4182 4183 5665,
6243,item_6243,,item_6243,,0 68 75 109 139 140 141 143 148 149 157 242 260 314 320 408 606 634 1165 5386 5388 5665 5666 6429 8371,item 6243 features: 0 68 75 109 139 140 141 143 148 149 157 242 260 314 320 408 606 634 1165 5386 5388 5665 5666 6429 8371,
6244,item_6244,,item_6244,,69 74 75 77 80 101 135 144 145 179 260 408 598 634 693 1703 5665 6284 6685,item 6244 features: 69 74 75 77 80 101 135 144 145 179 260 408 598 634 693 1703 5665 6284 6685,
6245,item_6245,,item_6245,,23 68 69 115 148 155 156 164 173 208 247 260 291 309 423 495 611 650 691 717 955 1539 1651 1665 1769 2524 4456 5081 5869 5873 6015 6018 6267 6282 7679 7784,item 6245 features: 23 68 69 115 148 155 156 164 173 208 247 260 291 309 423 495 611 650 691 717 955 1539 1651 1665 1769 2524 4456 5081 5869 5873 6015 6018 6267 6282 7679 7784,
6246,item_6246,,item_6246,,69 75 77 80 109 112 158 291 323 325 327 1352 3019,item 6246 features: 69 75 77 80 109 112 158 291 323 325 327 1352 3019,
6247,item_6247,,item_6247,,29 30 79 1009 1905 3355 4642 7124,item 6247 features: 29 30 79 1009 1905 3355 4642 7124,
6248,item_6248,,item_6248,,0 4 30 72 75 87 192 314 319 320 321 354 363 502 618 619 666 1348 3750 5897 6899,item 6248 features: 0 4 30 72 75 87 192 314 319 320 321 354 363 502 618 619 666 1348 3750 5897 6899,
6250,item_6250,,item_6250,,22 36 96 112 133 255 519,item 6250 features: 22 36 96 112 133 255 519,
6251,item_6251,,item_6251,,22 36 112 133 246 255 262,item 6251 features: 22 36 112 133 246 255 262,
6252,item_6252,,item_6252,,16 30 84 147 150 2674 2675 2676 2681,item 6252 features: 16 30 84 147 150 2674 2675 2676 2681,
6256,item_6256,,item_6256,,16 83 367 404 1569 5295 6591,item 6256 features: 16 83 367 404 1569 5295 6591,
6257,item_6257,,item_6257,,16 22 165 262 270 307 1263 2101 5583 5740 5741 5742 5744 5748 5750 8027,item 6257 features: 16 22 165 262 270 307 1263 2101 5583 5740 5741 5742 5744 5748 5750 8027,
6259,item_6259,,item_6259,,22 115 6008 6690 6693 8020,item 6259 features: 22 115 6008 6690 6693 8020,
6260,item_6260,,item_6260,,16 22,item 6260 features: 16 22,
6261,item_6261,,item_6261,,11 148 697,item 6261 features: 11 148 697,
6262,item_6262,,item_6262,,4 157 314 315 617 1677,item 6262 features: 4 157 314 315 617 1677,
6263,item_6263,,item_6263,,11 69 74 75 77 81 101 112 115 148 229 247 691 693 1578,item 6263 features: 11 69 74 75 77 81 101 112 115 148 229 247 691 693 1578,
6264,item_6264,,item_6264,,104 112 247 253 262 683 1133 5218 6551,item 6264 features: 104 112 247 253 262 683 1133 5218 6551,
6265,item_6265,,item_6265,,69 74 75 77 80 109 112 148 179 235 291 716 3019 3561 3694 5836,item 6265 features: 69 74 75 77 80 109 112 148 179 235 291 716 3019 3561 3694 5836,
6266,item_6266,,item_6266,,11 16 18 36 99 604 693 1140 1851,item 6266 features: 11 16 18 36 99 604 693 1140 1851,
6268,item_6268,,item_6268,,11 12 13 16 18 27 36 86 99 150 277 670 1157 1313 2055 4703 6780 8153,item 6268 features: 11 12 13 16 18 27 36 86 99 150 277 670 1157 1313 2055 4703 6780 8153,
6269,item_6269,,item_6269,,18 79 104 112 1427,item 6269 features: 18 79 104 112 1427,
6270,item_6270,,item_6270,,11 13 18 19 20 36 79 112 154 330 693 1364 1769 1898 5141 5145 6397 6399 7015,item 6270 features: 11 13 18 19 20 36 79 112 154 330 693 1364 1769 1898 5141 5145 6397 6399 7015,
6273,item_6273,,item_6273,,22 115 147 158 194 260 507 1192 3337,item 6273 features: 22 115 147 158 194 260 507 1192 3337,
6274,item_6274,,item_6274,,22 69 115 191 194 270 492 3735,item 6274 features: 22 69 115 191 194 270 492 3735,
6276,item_6276,,item_6276,,22 112 262 270 285 5743,item 6276 features: 22 112 262 270 285 5743,
6279,item_6279,,item_6279,,12 30 83 109 154 354 358 363 689 1028 3394 5162 6540 6541 6542 6543 6544 6545 6546 6547 6548 6549 6550,item 6279 features: 12 30 83 109 154 354 358 363 689 1028 3394 5162 6540 6541 6542 6543 6544 6545 6546 6547 6548 6549 6550,
6281,item_6281,,item_6281,,145 1165,item 6281 features: 145 1165,
6283,item_6283,,item_6283,,16 57 82 142 461,item 6283 features: 16 57 82 142 461,
6285,item_6285,,item_6285,,9 57 109 451,item 6285 features: 9 57 109 451,
6288,item_6288,,item_6288,,11 12 13 14 16 18 19 23 30 69 75 77 80 96 115 136 150 193 235 251 263 272 323 604 683 693 1111 1578 1898 2624 5364 5786 6687 7708,item 6288 features: 11 12 13 14 16 18 19 23 30 69 75 77 80 96 115 136 150 193 235 251 263 272 323 604 683 693 1111 1578 1898 2624 5364 5786 6687 7708,
6289,item_6289,,item_6289,,26 27 69 144 145 663 717 1325 1509 1515 4947,item 6289 features: 26 27 69 144 145 663 717 1325 1509 1515 4947,
6290,item_6290,,item_6290,,26 27 69 144 145 260 662 1325 1509 1513 1863 4947 5303 5304,item 6290 features: 26 27 69 144 145 260 662 1325 1509 1513 1863 4947 5303 5304,
6292,item_6292,,item_6292,,0 6 85 142 1058 1316 2634 6432,item 6292 features: 0 6 85 142 1058 1316 2634 6432,
6294,item_6294,,item_6294,,79 154 438 439 4993,item 6294 features: 79 154 438 439 4993,
6300,item_6300,,item_6300,,68 155 321 611 1164,item 6300 features: 68 155 321 611 1164,
6301,item_6301,,item_6301,,68 69 155 208 495 611 3964 7784,item 6301 features: 68 69 155 208 495 611 3964 7784,
6303,item_6303,,item_6303,,69 75 77 80 109 303 495,item 6303 features: 69 75 77 80 109 303 495,
6305,item_6305,,item_6305,,14 23 70 235 327,item 6305 features: 14 23 70 235 327,
6306,item_6306,,item_6306,,22 46 69 74 75 101 112 115 128 147 148 173 179 242 285 447 572 940 1424 1578 1837 2615 2639 4278 5869 6783 8219,item 6306 features: 22 46 69 74 75 101 112 115 128 147 148 173 179 242 285 447 572 940 1424 1578 1837 2615 2639 4278 5869 6783 8219,
6307,item_6307,,item_6307,,11 22 46 79 109 112 115 148 158 170 242 253 408 421 422 507 581 691 1046 1312 1424 2032 2423 4994 5028 5029 5519 5520 5521 5524 5527 5740 5754 6693 7021,item 6307 features: 11 22 46 79 109 112 115 148 158 170 242 253 408 421 422 507 581 691 1046 1312 1424 2032 2423 4994 5028 5029 5519 5520 5521 5524 5527 5740 5754 6693 7021,
6312,item_6312,,item_6312,,23 30 69 71 148 154 155 158 208 321 354 407 437 611 666 1109 1164 2383 2389 4960 5450 8146,item 6312 features: 23 30 69 71 148 154 155 158 208 321 354 407 437 611 666 1109 1164 2383 2389 4960 5450 8146,
6313,item_6313,,item_6313,,23 68 320 715 717 819 826 844 994 996 1302,item 6313 features: 23 68 320 715 717 819 826 844 994 996 1302,
6314,item_6314,,item_6314,,36 112 162 268 433 585 651 964 7881,item 6314 features: 36 112 162 268 433 585 651 964 7881,
6315,item_6315,,item_6315,,22 69 109 155 179 189 247 423 611 691 706 1048 2083 3189 3228 3455,item 6315 features: 22 69 109 155 179 189 247 423 611 691 706 1048 2083 3189 3228 3455,
6316,item_6316,,item_6316,,112 121 133 408 1022 1309 1775 2005 5032,item 6316 features: 112 121 133 408 1022 1309 1775 2005 5032,
6318,item_6318,,item_6318,,22 112 263,item 6318 features: 22 112 263,
6319,item_6319,,item_6319,,22 36 133 166 169 191 258 260 519 598 606 658 2441 2615 4121 5755 8217,item 6319 features: 22 36 133 166 169 191 258 260 519 598 606 658 2441 2615 4121 5755 8217,
6320,item_6320,,item_6320,,16 22 36 86 99 112 150 173 286 404 405 651 964 1045 1313 1457 1465 2114 3653 5084,item 6320 features: 16 22 36 86 99 112 150 173 286 404 405 651 964 1045 1313 1457 1465 2114 3653 5084,
6321,item_6321,,item_6321,,22 36 112 133 173 377 964 6732,item 6321 features: 22 36 112 133 173 377 964 6732,
6322,item_6322,,item_6322,,68 69 151 159 169 291,item 6322 features: 68 69 151 159 169 291,
6323,item_6323,,item_6323,,22 46 69 101 112 151 163 199 285 1711 1712 1713 1715 1716 1719 1720 1721 8023,item 6323 features: 22 46 69 101 112 151 163 199 285 1711 1712 1713 1715 1716 1719 1720 1721 8023,
6324,item_6324,,item_6324,,22 69 101 112 151 199 285 303 1711 1712 1713 1714 1715 1716 1718,item 6324 features: 22 69 101 112 151 199 285 303 1711 1712 1713 1714 1715 1716 1718,
6328,item_6328,,item_6328,,22 75 105 148 291 1383 1384 1916 3214 5884 6636 6637 6951 7621 7622 7676 7677,item 6328 features: 22 75 105 148 291 1383 1384 1916 3214 5884 6636 6637 6951 7621 7622 7676 7677,
6329,item_6329,,item_6329,,23 69 365 495 696 697 717 1098,item 6329 features: 23 69 365 495 696 697 717 1098,
6332,item_6332,,item_6332,,68 69 155 365 696,item 6332 features: 68 69 155 365 696,
6333,item_6333,,item_6333,,69 71 77 84 109 999 3783 6125 6129,item 6333 features: 69 71 77 84 109 999 3783 6125 6129,
6335,item_6335,,item_6335,,96 115 133 179 260 421 507 1060 1223 1312 1424 1802 1885 2316 2319 2591 4387 6615 6690 7013 7022,item 6335 features: 96 115 133 179 260 421 507 1060 1223 1312 1424 1802 1885 2316 2319 2591 4387 6615 6690 7013 7022,
6336,item_6336,,item_6336,,14 22 23 24 27 36 75 112 401 405 421 717 6971,item 6336 features: 14 22 23 24 27 36 75 112 401 405 421 717 6971,
6337,item_6337,,item_6337,,14 15 23 154 172 242 329 495 668 908 1272 1289 2105 3501 3502 3506 3514 6320,item 6337 features: 14 15 23 154 172 242 329 495 668 908 1272 1289 2105 3501 3502 3506 3514 6320,
6338,item_6338,,item_6338,,12 14 16 22 24 70 75 150 154,item 6338 features: 12 14 16 22 24 70 75 150 154,
6339,item_6339,,item_6339,,30 71 74 84 321 358 690 973 974,item 6339 features: 30 71 74 84 321 358 690 973 974,
6342,item_6342,,item_6342,,11 12 13 16 18 19 20 79 150 263 447 541 691 693 756 1140 1363 1364 1804 1805 1898 2423 2933 3669 4373 6429 6693 7124 8315 8320,item 6342 features: 11 12 13 16 18 19 20 79 150 263 447 541 691 693 756 1140 1363 1364 1804 1805 1898 2423 2933 3669 4373 6429 6693 7124 8315 8320,
6343,item_6343,,item_6343,,22 23 69 74 75 77 105 158 235 291 323 355 696 766 767 771 773 818 1373 1804 2578 3065 3676 4822 5272 5293 7555 8256 8257 8258 8259 8432,item 6343 features: 22 23 69 74 75 77 105 158 235 291 323 355 696 766 767 771 773 818 1373 1804 2578 3065 3676 4822 5272 5293 7555 8256 8257 8258 8259 8432,
6344,item_6344,,item_6344,,22 69 74 75 77 101 148 158 197 260 404 407 691 706 1339 1462 1543 1578 5743 6619,item 6344 features: 22 69 74 75 77 101 148 158 197 260 404 407 691 706 1339 1462 1543 1578 5743 6619,
6345,item_6345,,item_6345,,69 74 75 77 80 109 148 158 242 251 293 377 598 651 923 928 2071 2409 4588 5625 6685 6688 6754,item 6345 features: 69 74 75 77 80 109 148 158 242 251 293 377 598 651 923 928 2071 2409 4588 5625 6685 6688 6754,
6346,item_6346,,item_6346,,77 80 2908 3236 6755,item 6346 features: 77 80 2908 3236 6755,
6347,item_6347,,item_6347,,11 14 16 30 44 74 75 77 109 150 158 176 192 197 263 592 651 1373 1568 1656 2835,item 6347 features: 11 14 16 30 44 74 75 77 109 150 158 176 192 197 263 592 651 1373 1568 1656 2835,
6348,item_6348,,item_6348,,77 115 148 197 247 408 495 630 4738 6010 6694,item 6348 features: 77 115 148 197 247 408 495 630 4738 6010 6694,
6349,item_6349,,item_6349,,22 23 65 110 147 158 226 265 717 862 2892,item 6349 features: 22 23 65 110 147 158 226 265 717 862 2892,
6351,item_6351,,item_6351,,22 69 74 75 141 143 149 157 260,item 6351 features: 22 69 74 75 141 143 149 157 260,
6353,item_6353,,item_6353,,157 314 315,item 6353 features: 157 314 315,
6355,item_6355,,item_6355,,22 77 109 251 299 7160,item 6355 features: 22 77 109 251 299 7160,
6356,item_6356,,item_6356,,75 77 80 325 1352 3347,item 6356 features: 75 77 80 325 1352 3347,
6358,item_6358,,item_6358,,30 44 150 284,item 6358 features: 30 44 150 284,
6359,item_6359,,item_6359,,83 154 245 5295,item 6359 features: 83 154 245 5295,
6360,item_6360,,item_6360,,75 77 80 136 689 3097 5147,item 6360 features: 75 77 80 136 689 3097 5147,
6361,item_6361,,item_6361,,30 63 69 75 77 109 813 869 1384 3097 5136,item 6361 features: 30 63 69 75 77 109 813 869 1384 3097 5136,
6362,item_6362,,item_6362,,30 63 75 77 83 129 813 7936,item 6362 features: 30 63 75 77 83 129 813 7936,
6363,item_6363,,item_6363,,75 144,item 6363 features: 75 144,
6364,item_6364,,item_6364,,22 96 97 112 133 199 507 519 852 7988,item 6364 features: 22 96 97 112 133 199 507 519 852 7988,
6365,item_6365,,item_6365,,69 154 365 696 4851 5264 6149,item 6365 features: 69 154 365 696 4851 5264 6149,
6366,item_6366,,item_6366,,81 84 103 365 507 696 1394 3122,item 6366 features: 81 84 103 365 507 696 1394 3122,
6367,item_6367,,item_6367,,115 147 154 155 247 253 365 423 696 697,item 6367 features: 115 147 154 155 247 253 365 423 696 697,
6368,item_6368,,item_6368,,22 46 112 208 272 327 1134 2096 6008,item 6368 features: 22 46 112 208 272 327 1134 2096 6008,
6371,item_6371,,item_6371,,11 12 13 16 30 31 44 63 84 86 150 196 263 450 460 474 691 895 1140 2396 8067,item 6371 features: 11 12 13 16 30 31 44 63 84 86 150 196 263 450 460 474 691 895 1140 2396 8067,
6373,item_6373,,item_6373,,11 12 13 16 84 150 693 895 2158,item 6373 features: 11 12 13 16 84 150 693 895 2158,
6376,item_6376,,item_6376,,148 247 973 974 6337 6339 6340,item 6376 features: 148 247 973 974 6337 6339 6340,
6382,item_6382,,item_6382,,0 23 68 69 76 100 109 155 173 179 260 291 320 590 611 641 710 824 826 827 844 1048 1162 1285 1291 1302 1600 1601 1957 2073 2165 2965 3415 3678 4065 4204 4607 7431 8147,item 6382 features: 0 23 68 69 76 100 109 155 173 179 260 291 320 590 611 641 710 824 826 827 844 1048 1162 1285 1291 1302 1600 1601 1957 2073 2165 2965 3415 3678 4065 4204 4607 7431 8147,
6385,item_6385,,item_6385,,11 12 13 16 44 7696 7700,item 6385 features: 11 12 13 16 44 7696 7700,
6386,item_6386,,item_6386,,0 22 46 68 69 74 76 112 115 144 145 155 169 189 195 242 293 303 328 342 549 611 716 852 1236 1241 1247 1249 1334 1599 1601 2343 2345 2348 3236 7963,item 6386 features: 0 22 46 68 69 74 76 112 115 144 145 155 169 189 195 242 293 303 328 342 549 611 716 852 1236 1241 1247 1249 1334 1599 1601 2343 2345 2348 3236 7963,
6387,item_6387,,item_6387,,0 5 12 30 56 57 72 78 83 320 325 363 716 927 1028 4584,item 6387 features: 0 5 12 30 56 57 72 78 83 320 325 363 716 927 1028 4584,
6388,item_6388,,item_6388,,79 81 115 133 155 176 179 208 260 404 507 574 611 696 697 706 842 863 966 1175 1176 1177 1178 1179 1401 5133,item 6388 features: 79 81 115 133 155 176 179 208 260 404 507 574 611 696 697 706 842 863 966 1175 1176 1177 1178 1179 1401 5133,
6389,item_6389,,item_6389,,11 14 16 24 25 30 36 46 70 74 77 99 109 112 150 162 173 192 197 242 263 330 395 403 495 592 598 606 651 721 936 985 1091 1161 1324 1352 1424 1656 1885 3751 4473 4587 5552 5566 6400 6405 6408 6430 6528 6629 6686 7489 7713 7980,item 6389 features: 11 14 16 24 25 30 36 46 70 74 77 99 109 112 150 162 173 192 197 242 263 330 395 403 495 592 598 606 651 721 936 985 1091 1161 1324 1352 1424 1656 1885 3751 4473 4587 5552 5566 6400 6405 6408 6430 6528 6629 6686 7489 7713 7980,
6390,item_6390,,item_6390,,12 13 16 30 44 150 2263 3169 3378 4089 7698 7700,item 6390 features: 12 13 16 30 44 150 2263 3169 3378 4089 7698 7700,
6391,item_6391,,item_6391,,16 30 44 77 83 105 150 154 158 625 689 813 927 1164 1352 2728 2729 6874 6877 6915,item 6391 features: 16 30 44 77 83 105 150 154 158 625 689 813 927 1164 1352 2728 2729 6874 6877 6915,
6392,item_6392,,item_6392,,1 120 140 143 144 157 260 433 614 947 2763 4307 7889,item 6392 features: 1 120 140 143 144 157 260 433 614 947 2763 4307 7889,
6393,item_6393,,item_6393,,75 109 157 161 314 1369 1549,item 6393 features: 75 109 157 161 314 1369 1549,
6394,item_6394,,item_6394,,74 75 77 109 284 614 1369 1549 2574 2633 4410 5177 5188 5190,item 6394 features: 74 75 77 109 284 614 1369 1549 2574 2633 4410 5177 5188 5190,
6395,item_6395,,item_6395,,23 36 69 81 94 154 166 507 611 691 4672 8146 8147,item 6395 features: 23 36 69 81 94 154 166 507 611 691 4672 8146 8147,
6396,item_6396,,item_6396,,11 22 80 112 115 148 169 191 293 606 796 3359,item 6396 features: 11 22 80 112 115 148 169 191 293 606 796 3359,
6397,item_6397,,item_6397,,23 69 74 75 77 144 235 650 1650 3561 4677 4911 5877,item 6397 features: 23 69 74 75 77 144 235 650 1650 3561 4677 4911 5877,
6399,item_6399,,item_6399,,0 46 112 141 143 148 149 157 285 634 707 1165 5856,item 6399 features: 0 46 112 141 143 148 149 157 285 634 707 1165 5856,
6400,item_6400,,item_6400,,6 12 72 112 321 1058,item 6400 features: 6 12 72 112 321 1058,
6401,item_6401,,item_6401,,0 157 314 949 1672 1676,item 6401 features: 0 157 314 949 1672 1676,
6402,item_6402,,item_6402,,0 1 68 69 74 75 140 148 154 614 2186,item 6402 features: 0 1 68 69 74 75 140 148 154 614 2186,
6404,item_6404,,item_6404,,1 6 46 1058,item 6404 features: 1 6 46 1058,
6405,item_6405,,item_6405,,11 36 86 453 862 1045 2615,item 6405 features: 11 36 86 453 862 1045 2615,
6407,item_6407,,item_6407,,14 15 16 23 70 158 164 165 166 230 329 481 717 735 736 737 738 741 745 891 2512 3561 4820 5446,item 6407 features: 14 15 16 23 70 158 164 165 166 230 329 481 717 735 736 737 738 741 745 891 2512 3561 4820 5446,
6409,item_6409,,item_6409,,16 22 36 86 112 173 191 252 303 379 456 1045 1051 1457 1459 1464 1777 6384,item 6409 features: 16 22 36 86 112 173 191 252 303 379 456 1045 1051 1457 1459 1464 1777 6384,
6411,item_6411,,item_6411,,11 12 84 253 263 450 691 693 1140 3566 5580,item 6411 features: 11 12 84 253 263 450 691 693 1140 3566 5580,
6412,item_6412,,item_6412,,11 12 16 21 25 43 91 150 253 691 706 1140 1157 4372 7720 8067 8069 8070,item 6412 features: 11 12 16 21 25 43 91 150 253 691 706 1140 1157 4372 7720 8067 8069 8070,
6413,item_6413,,item_6413,,14 15 16 17 22 23 70 75 77 150 162 242 291 390 391 395 400 402 404 406 408 409 415 416 745 749 5445 5508,item 6413 features: 14 15 16 17 22 23 70 75 77 150 162 242 291 390 391 395 400 402 404 406 408 409 415 416 745 749 5445 5508,
6414,item_6414,,item_6414,,23 133 310 1600 2302 3415,item 6414 features: 23 133 310 1600 2302 3415,
6415,item_6415,,item_6415,,11 69,item 6415 features: 11 69,
6416,item_6416,,item_6416,,69 74 321 717 5606 7278,item 6416 features: 69 74 321 717 5606 7278,
6417,item_6417,,item_6417,,69 74 75 77 3573 7125,item 6417 features: 69 74 75 77 3573 7125,
6418,item_6418,,item_6418,,74 75 146 148 303 670 857 864 978 1784 4430 4431 4963 4967 4969 5370 8197,item 6418 features: 74 75 146 148 303 670 857 864 978 1784 4430 4431 4963 4967 4969 5370 8197,
6421,item_6421,,item_6421,,23 69 115 147 155 247 365 862 938 2665 4818 4825,item 6421 features: 23 69 115 147 155 247 365 862 938 2665 4818 4825,
6422,item_6422,,item_6422,,68 69 74 75 136 1052,item 6422 features: 68 69 74 75 136 1052,
6425,item_6425,,item_6425,,23 69 260 407 697 1109 1492 2554,item 6425 features: 23 69 260 407 697 1109 1492 2554,
6427,item_6427,,item_6427,,11 12 16 21 112 154 197 691 692 703 711 1157 8070,item 6427 features: 11 12 16 21 112 154 197 691 692 703 711 1157 8070,
6428,item_6428,,item_6428,,69 75 77 80 148 260,item 6428 features: 69 75 77 80 148 260,
6429,item_6429,,item_6429,,11 13 14 16 18 19 22 30 36 43 44 65 70 75 77 105 112 115 150 158 199 260 263 279 291 367 396 410 691 1897 2696 3463 5738 5739 6191 6693 8432,item 6429 features: 11 13 14 16 18 19 22 30 36 43 44 65 70 75 77 105 112 115 150 158 199 260 263 279 291 367 396 410 691 1897 2696 3463 5738 5739 6191 6693 8432,
6431,item_6431,,item_6431,,69 74 75 77 80 148 303 2055 7154 7897,item 6431 features: 69 74 75 77 80 148 303 2055 7154 7897,
6432,item_6432,,item_6432,,79 133 260 507 691 1049 1107 2346 4375,item 6432 features: 79 133 260 507 691 1049 1107 2346 4375,
6433,item_6433,,item_6433,,11 13 16 19 112 115 303,item 6433 features: 11 13 16 19 112 115 303,
6435,item_6435,,item_6435,,14 74 235 1117 1654,item 6435 features: 14 74 235 1117 1654,
6436,item_6436,,item_6436,,30 74 75 77 154 158 291 323 325 327 1352 1451 1703 3347 3719,item 6436 features: 30 74 75 77 154 158 291 323 325 327 1352 1451 1703 3347 3719,
6438,item_6438,,item_6438,,30 147 2674 2675 2676 2681,item 6438 features: 30 147 2674 2675 2676 2681,
6439,item_6439,,item_6439,,16 19 74 7054,item 6439 features: 16 19 74 7054,
6440,item_6440,,item_6440,,11 12 16 22 70 98 112 162 176 179 251 327 395 421 691 1161 1401 7967,item 6440 features: 11 12 16 22 70 98 112 162 176 179 251 327 395 421 691 1161 1401 7967,
6441,item_6441,,item_6441,,16 39 263 325 721,item 6441 features: 16 39 263 325 721,
6442,item_6442,,item_6442,,16 75 77 162 251 325 1161,item 6442 features: 16 75 77 162 251 325 1161,
6444,item_6444,,item_6444,,16 70 84 756 1350 1372 2367 6395 6396 6404 6406,item 6444 features: 16 70 84 756 1350 1372 2367 6395 6396 6404 6406,
6447,item_6447,,item_6447,,23 30 63 69 74 75 77 80 129 291 377 625 756 927 1352 1703 5836 7936 7937,item 6447 features: 23 30 63 69 74 75 77 80 129 291 377 625 756 927 1352 1703 5836 7936 7937,
6449,item_6449,,item_6449,,157 314 810 1670,item 6449 features: 157 314 810 1670,
6451,item_6451,,item_6451,,68 109 157 949,item 6451 features: 68 109 157 949,
6452,item_6452,,item_6452,,16 22 36 69 80 251,item 6452 features: 16 22 36 69 80 251,
6453,item_6453,,item_6453,,69 74 2120 7031,item 6453 features: 69 74 2120 7031,
6454,item_6454,,item_6454,,22 118 164 165 286,item 6454 features: 22 118 164 165 286,
6461,item_6461,,item_6461,,22 69 112 133 157 938,item 6461 features: 22 69 112 133 157 938,
6464,item_6464,,item_6464,,96 97 139 262 601 618 8021 8029,item 6464 features: 96 97 139 262 601 618 8021 8029,
6465,item_6465,,item_6465,,12 16 31 56 57 150 196 263 460 2627,item 6465 features: 12 16 31 56 57 150 196 263 460 2627,
6466,item_6466,,item_6466,,142 173 247 430 2634 2821,item 6466 features: 142 173 247 430 2634 2821,
6467,item_6467,,item_6467,,12 30 460,item 6467 features: 12 30 460,
6468,item_6468,,item_6468,,57 173 4406 5577,item 6468 features: 57 173 4406 5577,
6469,item_6469,,item_6469,,22 133 260,item 6469 features: 22 133 260,
6470,item_6470,,item_6470,,112 130 801,item 6470 features: 112 130 801,
6471,item_6471,,item_6471,,23 109 144 145 158 358 3685,item 6471 features: 23 109 144 145 158 358 3685,
6472,item_6472,,item_6472,,22 69 135 144 157,item 6472 features: 22 69 135 144 157,
6473,item_6473,,item_6473,,46 112 115 133 173 194 199 421 507 519 520 568 691 693 853 1312 2315 2316 2317 2318 2319 2320 2321 2322 2323 2324 2325 2329,item 6473 features: 46 112 115 133 173 194 199 421 507 519 520 568 691 693 853 1312 2315 2316 2317 2318 2319 2320 2321 2322 2323 2324 2325 2329,
6474,item_6474,,item_6474,,133 194 199 291 309 310 377 507 520 691 717 2316 2317 2318 2319 2320 2321 2322 2324 2325 2326 2327 2584 5788,item 6474 features: 133 194 199 291 309 310 377 507 520 691 717 2316 2317 2318 2319 2320 2321 2322 2324 2325 2326 2327 2584 5788,
6476,item_6476,,item_6476,,22 75 77 115 194 199 244 251 309 377 421 691 2316 3623 3624 3628 4593,item 6476 features: 22 75 77 115 194 199 244 251 309 377 421 691 2316 3623 3624 3628 4593,
6478,item_6478,,item_6478,,22 46 109 115 133 173 179 194 260 416 507 693 696 853 1143 1312 1325 2314 2315 2316 2325 2835 4653 4658 4659 7248,item 6478 features: 22 46 109 115 133 173 179 194 260 416 507 693 696 853 1143 1312 1325 2314 2315 2316 2325 2835 4653 4658 4659 7248,
6483,item_6483,,item_6483,,0 68 69 75 77 140 320 1052,item 6483 features: 0 68 69 75 77 140 320 1052,
6484,item_6484,,item_6484,,0 74 75 109 112 139 140 314 614 1053 1369 2633 6602 6603,item 6484 features: 0 74 75 109 112 139 140 314 614 1053 1369 2633 6602 6603,
6485,item_6485,,item_6485,,314 315 978 1481,item 6485 features: 314 315 978 1481,
6486,item_6486,,item_6486,,0 68 69 74 140 173 179 309 6184,item 6486 features: 0 68 69 74 140 173 179 309 6184,
6487,item_6487,,item_6487,,0 4 87 157 314 319 320,item 6487 features: 0 4 87 157 314 319 320,
6488,item_6488,,item_6488,,0 4 314 315 319 3487,item 6488 features: 0 4 314 315 319 3487,
6489,item_6489,,item_6489,,157 314 315 619,item 6489 features: 157 314 315 619,
6490,item_6490,,item_6490,,77 80 115 148 158 176 247 260 421 630 1962 8195,item 6490 features: 77 80 115 148 158 176 247 260 421 630 1962 8195,
6492,item_6492,,item_6492,,11 12 13 16 65 84 86 150 197 325 450 454 474 691 693 703 895 1140 1157 1786 2152 2158 2396 3567 8066,item 6492 features: 11 12 13 16 65 84 86 150 197 325 450 454 474 691 693 703 895 1140 1157 1786 2152 2158 2396 3567 8066,
6493,item_6493,,item_6493,,16 30 147 154 3557 6864,item 6493 features: 16 30 147 154 3557 6864,
6494,item_6494,,item_6494,,79 112 179 507 696 1221 2106 4002 7197,item 6494 features: 79 112 179 507 696 1221 2106 4002 7197,
6495,item_6495,,item_6495,,23 81 303 507 8147,item 6495 features: 23 81 303 507 8147,
6496,item_6496,,item_6496,,11 16 19 86 99 179 5330,item 6496 features: 11 16 19 86 99 179 5330,
6497,item_6497,,item_6497,,11 133 194 377 421 507 519 581 691 693 853 1312 1424 2032 2316 2319 2323 4031 7013,item 6497 features: 11 133 194 377 421 507 519 581 691 693 853 1312 1424 2032 2316 2319 2323 4031 7013,
6498,item_6498,,item_6498,,79 81 112 133 507 604 611 2803,item 6498 features: 79 81 112 133 507 604 611 2803,
6499,item_6499,,item_6499,,79 81 507 508 1851 3117,item 6499 features: 79 81 507 508 1851 3117,
6500,item_6500,,item_6500,,14 18 22 23 65 81 112 166 404 405 717 725 726 862 1091 1442 2128 3189 5448 5450 5903 5944 6864,item 6500 features: 14 18 22 23 65 81 112 166 404 405 717 725 726 862 1091 1442 2128 3189 5448 5450 5903 5944 6864,
6501,item_6501,,item_6501,,247 4816 5429 6282,item 6501 features: 247 4816 5429 6282,
6502,item_6502,,item_6502,,77 112 115 148 247 3783 8218,item 6502 features: 77 112 115 148 247 3783 8218,
6503,item_6503,,item_6503,,11 13 77 148 158 247 604 693 1363,item 6503 features: 11 13 77 148 158 247 604 693 1363,
6505,item_6505,,item_6505,,11 12 30 44 396 460 508 1156,item 6505 features: 11 12 30 44 396 460 508 1156,
6506,item_6506,,item_6506,,69 100 147 155 156 208 214 510 574 717 844 862 1050 1935 1960 3045 3548 3549 3552 3557,item 6506 features: 69 100 147 155 156 208 214 510 574 717 844 862 1050 1935 1960 3045 3548 3549 3552 3557,
6508,item_6508,,item_6508,,16 22 30 36 75 81 96 133 150 173 191 192 195 242 258 260 262 293 382 396 409 507 666 668 1424 1885 2453 2549 3790 3791 3792 3795 3796 3798 3803 3804 3805 3806 4789 5740 5744 5746,item 6508 features: 16 22 30 36 75 81 96 133 150 173 191 192 195 242 258 260 262 293 382 396 409 507 666 668 1424 1885 2453 2549 3790 3791 3792 3795 3796 3798 3803 3804 3805 3806 4789 5740 5744 5746,
6509,item_6509,,item_6509,,74 978 2615 3306 4430 4431,item 6509 features: 74 978 2615 3306 4430 4431,
6510,item_6510,,item_6510,,12 83 154 192 325 4566 7126,item 6510 features: 12 83 154 192 325 4566 7126,
6511,item_6511,,item_6511,,22 69 74 75 77 80 109 158 260 323 598 602 1400,item 6511 features: 22 69 74 75 77 80 109 158 260 323 598 602 1400,
6514,item_6514,,item_6514,,23 69 74 75 77 80 112 155 235 242 293 716 818 1049 1484 1603 1650 1656 2721,item 6514 features: 23 69 74 75 77 80 112 155 235 242 293 716 818 1049 1484 1603 1650 1656 2721,
6515,item_6515,,item_6515,,14 77 80 105 109 144 235 1373 1383 1384 1650 1658 3385 3825 4587 4677 4678 5865 6892 7169,item 6515 features: 14 77 80 105 109 144 235 1373 1383 1384 1650 1658 3385 3825 4587 4677 4678 5865 6892 7169,
6516,item_6516,,item_6516,,314 315 319,item 6516 features: 314 315 319,
6518,item_6518,,item_6518,,12 14 16 23 30 69 70 75 84 142 158 235 260 611 1128 1168 8146,item 6518 features: 12 14 16 23 30 69 70 75 84 142 158 235 260 611 1128 1168 8146,
6519,item_6519,,item_6519,,22 30 75 109 118 251 291 735 740 749 752 950 1603 1606 1608 1627 3899 5869,item 6519 features: 22 30 75 109 118 251 291 735 740 749 752 950 1603 1606 1608 1627 3899 5869,
6521,item_6521,,item_6521,,69 75 77 80 1325 1495,item 6521 features: 69 75 77 80 1325 1495,
6522,item_6522,,item_6522,,68 69 74 75 77 80 176 242 1052,item 6522 features: 68 69 74 75 77 80 176 242 1052,
6524,item_6524,,item_6524,,12 16 24 30 46 65 112 115 447 511 689 2195 3976 7362,item 6524 features: 12 16 24 30 46 65 112 115 447 511 689 2195 3976 7362,
6535,item_6535,,item_6535,,29 30 75 77 80 109 112 115 148 247 251 285 303 342 630 688 756 1962 1963 2394 3143 3169 4600 5133 7488,item 6535 features: 29 30 75 77 80 109 112 115 148 247 251 285 303 342 630 688 756 1962 1963 2394 3143 3169 4600 5133 7488,
6536,item_6536,,item_6536,,77 112 251 358,item 6536 features: 77 112 251 358,
6538,item_6538,,item_6538,,88 97 160 191 241 242 244 422 1059 1302 1424 1775 1987 2367 2584 2586 2587 2589 2595 2596 2598 2600 2604 2608 2609,item 6538 features: 88 97 160 191 241 242 244 422 1059 1302 1424 1775 1987 2367 2584 2586 2587 2589 2595 2596 2598 2600 2604 2608 2609,
6541,item_6541,,item_6541,,16 22 36 150 169 291 698 1051,item 6541 features: 16 22 36 150 169 291 698 1051,
6546,item_6546,,item_6546,,8 82 106 451 455 460 465,item 6546 features: 8 82 106 451 455 460 465,
6548,item_6548,,item_6548,,11 22 69 74 75 77 80 92 93 95 109 148 158 247 251 260 291 293 396 404 602 630 691 706 1047 1578 1692 1694 1775 1799 3823 4679 4680 4682 4684 4685 5786 6282 6495 6593 7710 7897 7898 8147,item 6548 features: 11 22 69 74 75 77 80 92 93 95 109 148 158 247 251 260 291 293 396 404 602 630 691 706 1047 1578 1692 1694 1775 1799 3823 4679 4680 4682 4684 4685 5786 6282 6495 6593 7710 7897 7898 8147,
6549,item_6549,,item_6549,,23 79 81 96 97 107 291 293 441 698 826 2586 4367 5133 7696 7720 7822,item 6549 features: 23 79 81 96 97 107 291 293 441 698 826 2586 4367 5133 7696 7720 7822,
6550,item_6550,,item_6550,,7 9 16 57 82 449 451 662 2696,item 6550 features: 7 9 16 57 82 449 451 662 2696,
6551,item_6551,,item_6551,,11 12 13 16 19 29 30 31 41 44 57 79 147 150 263 303 330 456 508 1156 2274 3366 4426 4427 4429 5972 5973 5976,item 6551 features: 11 12 13 16 19 29 30 31 41 44 57 79 147 150 263 303 330 456 508 1156 2274 3366 4426 4427 4429 5972 5973 5976,
6552,item_6552,,item_6552,,11 18 19 20 75 79 88 96 97 109 133 154 173 179 258 291 379 403 422 441 507 581 651 954 958 961 1424 1705 1885 1898 2032 2097 2423 2548 2584 2586 2588 2597 4031 5134 7013 7014 7015 7024 7822,item 6552 features: 11 18 19 20 75 79 88 96 97 109 133 154 173 179 258 291 379 403 422 441 507 581 651 954 958 961 1424 1705 1885 1898 2032 2097 2423 2548 2584 2586 2588 2597 4031 5134 7013 7014 7015 7024 7822,
6553,item_6553,,item_6553,,16 57 82 303 451 461 2696,item 6553 features: 16 57 82 303 451 461 2696,
6555,item_6555,,item_6555,,16 57 69 74 147 150 456 461,item 6555 features: 16 57 69 74 147 150 456 461,
6556,item_6556,,item_6556,,11 12 14 16 19 36 70 86 147 150 263 291 330 367 456 598 717 988 1094 1365 2696,item 6556 features: 11 12 14 16 19 36 70 86 147 150 263 291 330 367 456 598 717 988 1094 1365 2696,
6559,item_6559,,item_6559,,69 75 135 144 145 146 169 978 4338 8195 8198 8199 8200,item 6559 features: 69 75 135 144 145 146 169 978 4338 8195 8198 8199 8200,
6560,item_6560,,item_6560,,12 22 69 148 1203 1207 1208 1209 3236 3783,item 6560 features: 12 22 69 148 1203 1207 1208 1209 3236 3783,
6561,item_6561,,item_6561,,91 154 428 437 603 608 770 5867 6662,item 6561 features: 91 154 428 437 603 608 770 5867 6662,
6563,item_6563,,item_6563,,16 112,item 6563 features: 16 112,
6565,item_6565,,item_6565,,23 68 69 155 192 194 291 349 611 717 796 867 3278 3593 5122 5126 5127 5882 5907 5910 5913 5918 5927 5931 5939 5941,item 6565 features: 23 68 69 155 192 194 291 349 611 717 796 867 3278 3593 5122 5126 5127 5882 5907 5910 5913 5918 5927 5931 5939 5941,
6567,item_6567,,item_6567,,0 6 43 53 72 78 142 148 1273 6552,item 6567 features: 0 6 43 53 72 78 142 148 1273 6552,
6568,item_6568,,item_6568,,13 19 631,item 6568 features: 13 19 631,
6569,item_6569,,item_6569,,30 69 74 75 84,item 6569 features: 30 69 74 75 84,
6573,item_6573,,item_6573,,96 154 591 978 1149 3306 5369 5370,item 6573 features: 96 154 591 978 1149 3306 5369 5370,
6574,item_6574,,item_6574,,156 173 861,item 6574 features: 156 173 861,
6577,item_6577,,item_6577,,22 23 68 69 109 155 194 303 321 352 422 611 691 825 1048 1787 1840 3415 4675 4955 4956 4961 4962 6090 6781 7277 7316,item 6577 features: 22 23 68 69 109 155 194 303 321 352 422 611 691 825 1048 1787 1840 3415 4675 4955 4956 4961 4962 6090 6781 7277 7316,
6579,item_6579,,item_6579,,23 69 155,item 6579 features: 23 69 155,
6580,item_6580,,item_6580,,16 25 142 327 461 1508,item 6580 features: 16 25 142 327 461 1508,
6581,item_6581,,item_6581,,0 6 53 69 85 112 142 148 1058,item 6581 features: 0 6 53 69 85 112 142 148 1058,
6582,item_6582,,item_6582,,0 6 46 85 91 112 142 320 1058 1061 1316 1506 2389 2634,item 6582 features: 0 6 46 85 91 112 142 320 1058 1061 1316 1506 2389 2634,
6583,item_6583,,item_6583,,4 6 85 112 142 499 1058 2634 6194 6199 6432,item 6583 features: 4 6 85 112 142 499 1058 2634 6194 6199 6432,
6584,item_6584,,item_6584,,155,item 6584 features: 155,
6587,item_6587,,item_6587,,68 69 365 696 5264,item 6587 features: 68 69 365 696 5264,
6588,item_6588,,item_6588,,0 68 69 78 320 350 2093 4463,item 6588 features: 0 68 69 78 320 350 2093 4463,
6589,item_6589,,item_6589,,12 13 16 44 460 2099 2102 4372 4373,item 6589 features: 12 13 16 44 460 2099 2102 4372 4373,
6591,item_6591,,item_6591,,157 314 810 1499 1670,item 6591 features: 157 314 810 1499 1670,
6592,item_6592,,item_6592,,141 143 149 157 242 314 2350 2351 6360,item 6592 features: 141 143 149 157 242 314 2350 2351 6360,
6593,item_6593,,item_6593,,16 30 141 143 157 846 1530,item 6593 features: 16 30 141 143 157 846 1530,
6594,item_6594,,item_6594,,16 46 141 936 2024 6686,item 6594 features: 16 46 141 936 2024 6686,
6596,item_6596,,item_6596,,30 69 75 77 109 139 143 693 2711 6685 6691 6694 8287,item 6596 features: 30 69 75 77 109 139 143 693 2711 6685 6691 6694 8287,
6601,item_6601,,item_6601,,0 69 74 75 112 140 717,item 6601 features: 0 69 74 75 112 140 717,
6602,item_6602,,item_6602,,0 74 75 77 112 115 145,item 6602 features: 0 74 75 77 112 115 145,
6603,item_6603,,item_6603,,75 112,item 6603 features: 75 112,
6604,item_6604,,item_6604,,68 69 74 76 115 141 147 155 260 328 510 575 592 611 650 1164 1176 1305 1448 1651 1664 1769 3045 3546 4826 5859 5863 5869 7159 7679,item 6604 features: 68 69 74 76 115 141 147 155 260 328 510 575 592 611 650 1164 1176 1305 1448 1651 1664 1769 3045 3546 4826 5859 5863 5869 7159 7679,
6605,item_6605,,item_6605,,91 109 115 156 172 179 197 208 247 260 611 864 865 1018 1539 1581 1690 1691 3126 3128 4693 8221,item 6605 features: 91 109 115 156 172 179 197 208 247 260 611 864 865 1018 1539 1581 1690 1691 3126 3128 4693 8221,
6606,item_6606,,item_6606,,112 115 156 247 303 861 864 1076 1539 1665 1690 7783,item 6606 features: 112 115 156 247 303 861 864 1076 1539 1665 1690 7783,
6607,item_6607,,item_6607,,80 404 4944,item 6607 features: 80 404 4944,
6610,item_6610,,item_6610,,12 14 15 16 17 22 23 26 27 30 36 57 70 86 109 150 191 208 263 291 321 329 390 401 415 456 574 575 611 661 733 735 739 748 752 767 769 773 774 776 778 1176 1203 1314 1424 1448 1769 3387 3546 3547 3550 3552 3557 3561 3673 3899 4816 4818 4820 4823 4827 5972 6394 6399 7696 8023,item 6610 features: 12 14 15 16 17 22 23 26 27 30 36 57 70 86 109 150 191 208 263 291 321 329 390 401 415 456 574 575 611 661 733 735 739 748 752 767 769 773 774 776 778 1176 1203 1314 1424 1448 1769 3387 3546 3547 3550 3552 3557 3561 3673 3899 4816 4818 4820 4823 4827 5972 6394 6399 7696 8023,
6611,item_6611,,item_6611,,0 30 72 75 314 354 810 1274,item 6611 features: 0 30 72 75 314 354 810 1274,
6612,item_6612,,item_6612,,23 68 69 109 173 176 320 697 844 933 934 935 1984,item 6612 features: 23 68 69 109 173 176 320 697 844 933 934 935 1984,
6613,item_6613,,item_6613,,112 162 307 847,item 6613 features: 112 162 307 847,
6614,item_6614,,item_6614,,69 75 77 80 158 251 602 1324 1775 6634 6685,item 6614 features: 69 75 77 80 158 251 602 1324 1775 6634 6685,
6615,item_6615,,item_6615,,30 83 309 813 1161 2274 4587 5139 5150 5152 5155,item 6615 features: 30 83 309 813 1161 2274 4587 5139 5150 5152 5155,
6616,item_6616,,item_6616,,22 36 81 96 97 112 133 258 260 598 3496 4315 7988,item 6616 features: 22 36 81 96 97 112 133 258 260 598 3496 4315 7988,
6619,item_6619,,item_6619,,96 97 258 260 4367,item 6619 features: 96 97 258 260 4367,
6620,item_6620,,item_6620,,19 96 258,item 6620 features: 19 96 258,
6621,item_6621,,item_6621,,13 16 96 272 1089 1091 1903 6282,item 6621 features: 13 16 96 272 1089 1091 1903 6282,
6624,item_6624,,item_6624,,11 13 16 19 79 96 154 433 631 693,item 6624 features: 11 13 16 19 79 96 154 433 631 693,
6625,item_6625,,item_6625,,11 13 16 18 19 30 96 272 631 1903 4373 7127,item 6625 features: 11 13 16 18 19 30 96 272 631 1903 4373 7127,
6626,item_6626,,item_6626,,11 12 16 29 30 43 62 77 83 99 109 154 192 291 321 355 495 689 1164 2524 3347 4566 4567 4570 4588 4590 5556 6552 7131 7676 7677,item 6626 features: 11 12 16 29 30 43 62 77 83 99 109 154 192 291 321 355 495 689 1164 2524 3347 4566 4567 4570 4588 4590 5556 6552 7131 7676 7677,
6628,item_6628,,item_6628,,141 143 149 314 1529,item 6628 features: 141 143 149 314 1529,
6629,item_6629,,item_6629,,115 147 179 291 957 958 969 5868,item 6629 features: 115 147 179 291 957 958 969 5868,
6630,item_6630,,item_6630,,69 74 75 77 115 173 179 194 260 377 399 421 585 650 668 709 717 831 950 951 954 962 967 1091 1603 4952 5860 5869 6778 7897 7898,item 6630 features: 69 74 75 77 115 173 179 194 260 377 399 421 585 650 668 709 717 831 950 951 954 962 967 1091 1603 4952 5860 5869 6778 7897 7898,
6631,item_6631,,item_6631,,16 23 29 30 69 71 74 75 79 84 150 155 208 321 343 354 365 374 377 422 611 697 1164 1604 1605 1606 1608 2654 3576 4120 4899 6951 7124 8023,item 6631 features: 16 23 29 30 69 71 74 75 79 84 150 155 208 321 343 354 365 374 377 422 611 697 1164 1604 1605 1606 1608 2654 3576 4120 4899 6951 7124 8023,
6632,item_6632,,item_6632,,11 23 79 112 133 199 422 507 581 692 1046 1347 1424 2032 2423 7013 7016 7020,item 6632 features: 11 23 79 112 133 199 422 507 581 692 1046 1347 1424 2032 2423 7013 7016 7020,
6633,item_6633,,item_6633,,115 173 399 495 950 960 7784,item 6633 features: 115 173 399 495 950 960 7784,
6634,item_6634,,item_6634,,12 14 22 23 30 69 74 77 101 105 115 144 155 158 203 260 399 407 590 611 717 836 1383 1451 1650 1657 2105 3522 3964 4837 7679,item 6634 features: 12 14 22 23 30 69 74 77 101 105 115 144 155 158 203 260 399 407 590 611 717 836 1383 1451 1650 1657 2105 3522 3964 4837 7679,
6636,item_6636,,item_6636,,79 112 115 148 342 696 1347 1966 2577 5089,item 6636 features: 79 112 115 148 342 696 1347 1966 2577 5089,
6640,item_6640,,item_6640,,22 46 96 112 133 194 242 303 404 507 519 1312 2153 6615 6753 8217,item 6640 features: 22 46 96 112 133 194 242 303 404 507 519 1312 2153 6615 6753 8217,
6643,item_6643,,item_6643,,69 74 6488,item 6643 features: 69 74 6488,
6644,item_6644,,item_6644,,53 69 74 75 77 148 176 193 194 695 699 703 766 767 768 770 771 772 773 1107 4699 4899 6816,item 6644 features: 53 69 74 75 77 148 176 193 194 695 699 703 766 767 768 770 771 772 773 1107 4699 4899 6816,
6645,item_6645,,item_6645,,4 157 314 315 1828 1831,item 6645 features: 4 157 314 315 1828 1831,
6648,item_6648,,item_6648,,12 150 5331,item 6648 features: 12 150 5331,
6657,item_6657,,item_6657,,12 24 30 83 84 154 176 192 242 404 592 689 2151,item 6657 features: 12 24 30 83 84 154 176 192 242 404 592 689 2151,
6658,item_6658,,item_6658,,16 19 36 86 109 112 147 150 154 163 263 291 456 988 1094 1272 1365 1727 2044 2105,item 6658 features: 16 19 36 86 109 112 147 150 154 163 263 291 456 988 1094 1272 1365 1727 2044 2105,
6659,item_6659,,item_6659,,0 16 30 63 109 143 157 314 936 2024,item 6659 features: 0 16 30 63 109 143 157 314 936 2024,
6660,item_6660,,item_6660,,11 12 41 44 150 404 3378 4426,item 6660 features: 11 12 41 44 150 404 3378 4426,
6661,item_6661,,item_6661,,0 30 109 139 141 144 157 169 242 286 314 315 592 727 1154 3487 6360 6536 6537 6577 6698 8288,item 6661 features: 0 30 109 139 141 144 157 169 242 286 314 315 592 727 1154 3487 6360 6536 6537 6577 6698 8288,
6662,item_6662,,item_6662,,12 16 30 44 150,item 6662 features: 12 16 30 44 150,
6663,item_6663,,item_6663,,11 14 17 22 23 24 36 69 81 86 99 109 115 148 158 164 173 176 192 194 199 260 286 291 303 399 401 404 408 421 507 691 818 867 1046 1049 1272 2105 2997 3154 3527 3814 3819 4571 5445 5447 5592 6780 7002 7720,item 6663 features: 11 14 17 22 23 24 36 69 81 86 99 109 115 148 158 164 173 176 192 194 199 260 286 291 303 399 401 404 408 421 507 691 818 867 1046 1049 1272 2105 2997 3154 3527 3814 3819 4571 5445 5447 5592 6780 7002 7720,
6664,item_6664,,item_6664,,14 16 36 75 147 291 397 421 766 767 769 770 775 818 1373 2055 2105 3561 5446 5506 7157,item 6664 features: 14 16 36 75 147 291 397 421 766 767 769 770 775 818 1373 2055 2105 3561 5446 5506 7157,
6665,item_6665,,item_6665,,69 74 75 140 260,item 6665 features: 69 74 75 140 260,
6666,item_6666,,item_6666,,11 12 13 16 18 19 20 24 35 74 75 79 81 112 197 253 692 1140 7720 8066 8067 8069,item 6666 features: 11 12 13 16 18 19 20 24 35 74 75 79 81 112 197 253 692 1140 7720 8066 8067 8069,
6667,item_6667,,item_6667,,0 2 8 11 12 14 15 16 17 19 21 22 23 24 29 30 36 39 44 53 57 65 69 70 74 75 77 79 80 84 86 99 105 109 112 115 142 147 148 150 154 155 158 162 164 166 169 170 172 173 176 192 193 196 197 199 235 242 244 247 251 260 263 291 303 309 321 323 329 330 345 356 367 379 390 391 392 393 394 395 396 399 401 402 403 404 406 407 408 409 410 411 421 422 456 461 541 577 592 598 602 661 662 668 670 671 676 681 692 698 699 700 702 704 705 706 707 708 711 733 735 736 738 739 741 743 745 750 765 836 848 895 940 1044 1109 1128 1140 1143 1252 1272 1296 1366 1402 1439 1440 1451 1482 1483 1569 1656 1758 1767 1769 1802 1804 1824 1894 1973 1974 1975 1976 1977 1978 1979 2055 2061 2105 2108 2208 2348 2496 2497 2550 2554 2623 2639 2772 2833 2846 2847 2857 2860 2874 2914 2941 2942 2943 2944 2945 2948 2949 3012 3135 3153 3189 3210 3211 3212 3278 3337 3462 3465 3525 3527 3561 3576 3639 3696 4155 4231 4314 4510 4578 4704 4821 4825 4835 4838 4873 4927 5381 5445 5446 5447 5592 5608 6023 6030 6031 6033 6044 6090 6317 6406 6407 6408 6412 6413 6414 6415 6417 6419 6430 6634 6780 6972 7000 7214 7215 7216 7217 7316 7437 7438 7439 7440 7441 7449 8023 8146,item 6667 features: 0 2 8 11 12 14 15 16 17 19 21 22 23 24 29 30 36 39 44 53 57 65 69 70 74 75 77 79 80 84 86 99 105 109 112 115 142 147 148 150 154 155 158 162 164 166 169 170 172 173 176 192 193 196 197 199 235 242 244 247 251 260 263 291 303 309 321 323 329 330 345 356 367 379 390 391 392 393 394 395 396 399 401 402 403 404 406 407 408 409 410 411 421 422 456 461 541 577 592 598 602 661 662 668 670 671 676 681 692 698 699 700 702 704 705 706 707 708 711 733 735 736 738 739 741 743 745 750 765 836 848 895 940 1044 1109 1128 1140 1143 1252 1272 1296 1366 1402 1439 1440 1451 1482 1483 1569 1656 1758 1767 1769 1802 1804 1824 1894 1973 1974 1975 1976 1977 1978 1979 2055 2061 2105 2108 2208 2348 2496 2497 2550 2554 2623 2639 2772 2833 2846 2847 2857 2860 2874 2914 2941 2942 2943 2944 2945 2948 2949 3012 3135 3153 3189 3210 3211 3212 3278 3337 3462 3465 3525 3527 3561 3576 3639 3696 4155 4231 4314 4510 4578 4704 4821 4825 4835 4838 4873 4927 5381 5445 5446 5447 5592 5608 6023 6030 6031 6033 6044 6090 6317 6406 6407 6408 6412 6413 6414 6415 6417 6419 6430 6634 6780 6972 7000 7214 7215 7216 7217 7316 7437 7438 7439 7440 7441 7449 8023 8146,
6668,item_6668,,item_6668,,11 12 13 16 19 21 22 43 46 53 69 75 77 112 115 148 158 176 197 199 247 251 285 291 323 404 407 408 421 423 447 507 691 692 693 703 714 1140 1157 2134 3216 5876 6951 7057 7720 8066,item 6668 features: 11 12 13 16 19 21 22 43 46 53 69 75 77 112 115 148 158 176 197 199 247 251 285 291 323 404 407 408 421 423 447 507 691 692 693 703 714 1140 1157 2134 3216 5876 6951 7057 7720 8066,
6669,item_6669,,item_6669,,11 12 13 14 16 18 19 22 23 24 30 36 53 69 74 75 77 79 80 84 86 99 109 112 115 136 147 150 154 176 179 197 199 235 251 260 263 291 303 323 377 399 421 422 453 456 691 700 703 704 706 717 1109 1140 1142 1272 1441 1578 1786 1804 2055 2105 2108 2151 2624 2627 2835 3527 3572 3573 4817 4833 4836 5381 5445 5447 6000 6318 6941 7859,item 6669 features: 11 12 13 14 16 18 19 22 23 24 30 36 53 69 74 75 77 79 80 84 86 99 109 112 115 136 147 150 154 176 179 197 199 235 251 260 263 291 303 323 377 399 421 422 453 456 691 700 703 704 706 717 1109 1140 1142 1272 1441 1578 1786 1804 2055 2105 2108 2151 2624 2627 2835 3527 3572 3573 4817 4833 4836 5381 5445 5447 6000 6318 6941 7859,
6670,item_6670,,item_6670,,72 321 349 759 760 5614,item 6670 features: 72 321 349 759 760 5614,
6671,item_6671,,item_6671,,0 23 68 69 76 155 320 715 834 996 2168 4460,item 6671 features: 0 23 68 69 76 155 320 715 834 996 2168 4460,
6672,item_6672,,item_6672,,16 30 72 154 354 432 1028 1368,item 6672 features: 16 30 72 154 354 432 1028 1368,
6673,item_6673,,item_6673,,22 69 74 75 77 101 110 115 148 179 247 260 421 507 654 696 697 975 1009 1048 1203 1578 3498 5544 6431 6881 8222,item 6673 features: 22 69 74 75 77 101 110 115 148 179 247 260 421 507 654 696 697 975 1009 1048 1203 1578 3498 5544 6431 6881 8222,
6675,item_6675,,item_6675,,14 23 75,item 6675 features: 14 23 75,
6676,item_6676,,item_6676,,16 22 36 69 74 75 77 80 101 109 135 139 144 169 203 251 260 404 602 606 634 765 796 975 1048 1239 1263 1324 1393 1424 1837 2071 2615 3398 3403 4299 4338 5625 5747 5753 6350 6957,item 6676 features: 16 22 36 69 74 75 77 80 101 109 135 139 144 169 203 251 260 404 602 606 634 765 796 975 1048 1239 1263 1324 1393 1424 1837 2071 2615 3398 3403 4299 4338 5625 5747 5753 6350 6957,
6678,item_6678,,item_6678,,69 139 141 143 144 148 157 169 242 358 408 2453 2517 2559 5040 5041 7493,item 6678 features: 69 139 141 143 144 148 157 169 242 358 408 2453 2517 2559 5040 5041 7493,
6679,item_6679,,item_6679,,135 975 6685 6700 7080 8232,item 6679 features: 135 975 6685 6700 7080 8232,
6680,item_6680,,item_6680,,16 22 69 74 75 77 94 101 105 109 135 145 148 158 169 191 195 197 242 244 260 293 303 323 404 577 602 606 697 945 1237 1324 1578 1775 2052 2202 3137 3189 4140 4544 6473 6634 6635 6640 6642 6697 6956 7105 8252,item 6680 features: 16 22 69 74 75 77 94 101 105 109 135 145 148 158 169 191 195 197 242 244 260 293 303 323 404 577 602 606 697 945 1237 1324 1578 1775 2052 2202 3137 3189 4140 4544 6473 6634 6635 6640 6642 6697 6956 7105 8252,
6681,item_6681,,item_6681,,16 69 74 75 94 109 135 139 144 717 1165 1531,item 6681 features: 16 69 74 75 94 109 135 139 144 717 1165 1531,
6682,item_6682,,item_6682,,22 69 75 77 101 135 139 145 148 149 157 169 176 197 325 340 358 367 404 690 974 975 976 1067 1165 1402 2453 2559 3159 3799 4226 4345 5040 5041 6361 6759 7074 7083 7088 7092 7864 8375 8376 8381,item 6682 features: 22 69 75 77 101 135 139 145 148 149 157 169 176 197 325 340 358 367 404 690 974 975 976 1067 1165 1402 2453 2559 3159 3799 4226 4345 5040 5041 6361 6759 7074 7083 7088 7092 7864 8375 8376 8381,
6683,item_6683,,item_6683,,0 1 53 68 69 74 75 109 140 147 148 157 176 179 194 242 291 314 320 377 494 614 706 990 1154 1275 1953 2055 2846 2847 3611 3756 5045 5617 5665 5666 6024 7566 7613 8023 8095 8370 8375 8378,item 6683 features: 0 1 53 68 69 74 75 109 140 147 148 157 176 179 194 242 291 314 320 377 494 614 706 990 1154 1275 1953 2055 2846 2847 3611 3756 5045 5617 5665 5666 6024 7566 7613 8023 8095 8370 8375 8378,
6685,item_6685,,item_6685,,22 69 74 75 77 80 105 109 148 158 169 170 242 244 247 251 260 322 323 396 541 602 606 662 668 1140 1143 1234 1235 1241 1257 1324 1334 1424 1775 1958 2141 2153 2400 2416 2804 2809 2819 3190 3573 3622 3623 4025 4338 5317 5521 5786 6010 6596 6685 6688 6754,item 6685 features: 22 69 74 75 77 80 105 109 148 158 169 170 242 244 247 251 260 322 323 396 541 602 606 662 668 1140 1143 1234 1235 1241 1257 1324 1334 1424 1775 1958 2141 2153 2400 2416 2804 2809 2819 3190 3573 3622 3623 4025 4338 5317 5521 5786 6010 6596 6685 6688 6754,
6686,item_6686,,item_6686,,36 69 74 75 77 80 191 293 495 602 1424 5746 5755 6940 7936,item 6686 features: 36 69 74 75 77 80 191 293 495 602 1424 5746 5755 6940 7936,
6689,item_6689,,item_6689,,16 36 86 453 5600,item 6689 features: 16 36 86 453 5600,
6691,item_6691,,item_6691,,16 22 36 1051,item 6691 features: 16 22 36 1051,
6692,item_6692,,item_6692,,15 16 22 70 77 112 150 158 162 173 263 285 327 330 410 1109 1272 3133 3519 5381 6687 7925,item 6692 features: 15 16 22 70 77 112 150 158 162 173 263 285 327 330 410 1109 1272 3133 3519 5381 6687 7925,
6693,item_6693,,item_6693,,11 19 24 25 46 112 421 691 7679,item 6693 features: 11 19 24 25 46 112 421 691 7679,
6699,item_6699,,item_6699,,12 14 15 16 23 27 70 75 99 109 166 263 291 390 401 717 1656 6971 6972,item 6699 features: 12 14 15 16 23 27 70 75 99 109 166 263 291 390 401 717 1656 6971 6972,
6701,item_6701,,item_6701,,46 68 69 74 75 112 136 144 285 377 521 8432,item 6701 features: 46 68 69 74 75 112 136 144 285 377 521 8432,
6702,item_6702,,item_6702,,36 165,item 6702 features: 36 165,
6704,item_6704,,item_6704,,11 16 19 112 150 169 309 7126 8151 8152 8153,item 6704 features: 11 16 19 112 150 169 309 7126 8151 8152 8153,
6705,item_6705,,item_6705,,105 112 158 197 199 244 285 407 507 574 602 692 1324 1775 6983,item 6705 features: 105 112 158 197 199 244 285 407 507 574 602 692 1324 1775 6983,
6706,item_6706,,item_6706,,69 74 75 109 112 142 5086,item 6706 features: 69 74 75 109 112 142 5086,
6707,item_6707,,item_6707,,101 5208,item 6707 features: 101 5208,
6708,item_6708,,item_6708,,24 74 75 77 80 4372 4373 6877 7155 7157 7163 7172,item 6708 features: 24 74 75 77 80 4372 4373 6877 7155 7157 7163 7172,
6709,item_6709,,item_6709,,22 88 96 97 133 191 199 244 258 309 519 849 1059 1074 1089 1424 1775 1885 1987 2367 2376 2586 2588 2589 2593 2597 2598 2599 2600 2606 2608 2609 3840 3841 3843 3846 6887 7570 7613,item 6709 features: 22 88 96 97 133 191 199 244 258 309 519 849 1059 1074 1089 1424 1775 1885 1987 2367 2376 2586 2588 2589 2593 2597 2598 2599 2600 2606 2608 2609 3840 3841 3843 3846 6887 7570 7613,
6710,item_6710,,item_6710,,69 151 159 203,item 6710 features: 69 151 159 203,
6712,item_6712,,item_6712,,69 74 75 77 80 148 158 291 323 399 698 829 835 1109 1451 3494 3527 3816 5449 5713 7157,item 6712 features: 69 74 75 77 80 148 158 291 323 399 698 829 835 1109 1451 3494 3527 3816 5449 5713 7157,
6714,item_6714,,item_6714,,75 260 2517 3423 3424 3433,item 6714 features: 75 260 2517 3423 3424 3433,
6716,item_6716,,item_6716,,22 46 77 112 158 226 247 285 407,item 6716 features: 22 46 77 112 158 226 247 285 407,
6717,item_6717,,item_6717,,36 263,item 6717 features: 36 263,
6718,item_6718,,item_6718,,22 69 251 4254,item 6718 features: 22 69 251 4254,
6719,item_6719,,item_6719,,23 142 158 407 496 1277 1303,item 6719 features: 23 142 158 407 496 1277 1303,
6723,item_6723,,item_6723,,0 23 68 69 157 291 320 1371 1600 2696 4121 4122,item 6723 features: 0 23 68 69 157 291 320 1371 1600 2696 4121 4122,
6724,item_6724,,item_6724,,16 22 69 74 77 80 101 176 197 252 303 323 367 396 592 722 765 940 987 1044 1769 1802 1894 2055 2061 2639 3189 6246 7038 7039 7040 7042 7049 7214 7216 7217 7218,item 6724 features: 16 22 69 74 77 80 101 176 197 252 303 323 367 396 592 722 765 940 987 1044 1769 1802 1894 2055 2061 2639 3189 6246 7038 7039 7040 7042 7049 7214 7216 7217 7218,
6725,item_6725,,item_6725,,23 106 144 145 157 179 611 717 862 949 1600 1601 1615 3214 4205 4216 4793 4816 4825 5917 6012 6692,item 6725 features: 23 106 144 145 157 179 611 717 862 949 1600 1601 1615 3214 4205 4216 4793 4816 4825 5917 6012 6692,
6727,item_6727,,item_6727,,23 63 75 77 129 235 869 1384 4216 7969,item 6727 features: 23 63 75 77 129 235 869 1384 4216 7969,
6728,item_6728,,item_6728,,11 16 20 30 36 58 65 69 74 75 77 80 84 90 105 109 150 158 199 263 285 323 407 866 1047 1091 1656 4065 4822 8147,item 6728 features: 11 16 20 30 36 58 65 69 74 75 77 80 84 90 105 109 150 158 199 263 285 323 407 866 1047 1091 1656 4065 4822 8147,
6729,item_6729,,item_6729,,69 74 151,item 6729 features: 69 74 151,
6730,item_6730,,item_6730,,0 5 14 16 23 36 57 70 87 147 179 329 717 1109 1600 1919 2696 2698 4891,item 6730 features: 0 5 14 16 23 36 57 70 87 147 179 329 717 1109 1600 1919 2696 2698 4891,
6731,item_6731,,item_6731,,63 75 109 129 144 209 232 234 236 291 870 1603,item 6731 features: 63 75 109 129 144 209 232 234 236 291 870 1603,
6732,item_6732,,item_6732,,23 105 144 158 611 1383 1384 6143 6144 7676 7677,item 6732 features: 23 105 144 158 611 1383 1384 6143 6144 7676 7677,
6733,item_6733,,item_6733,,46 69 74 75 77 80 101 109 112 144 192 421 691 733 1128 1698 2055 2925 4027 5221 5869 6282 6283 6692 8425,item 6733 features: 46 69 74 75 77 80 101 109 112 144 192 421 691 733 1128 1698 2055 2925 4027 5221 5869 6282 6283 6692 8425,
6739,item_6739,,item_6739,,16 57 75 82,item 6739 features: 16 57 75 82,
6740,item_6740,,item_6740,,16 57 82 152 173 461 2696,item 6740 features: 16 57 82 152 173 461 2696,
6741,item_6741,,item_6741,,0 23 68 69 76 109 155 170 179 189 242 260 291 320 394 419 585 633 661 697 715 717 821 822 826 827 829 831 832 834 836 844 996 1305 1424 2032 2654 2846 2847 3574 3761 3964 4021 4065 4173 4468 4615 5352 5353 5354 5355 5356 5357 5358 5359 5360 5361 5362 5363 6034 6037 8041,item 6741 features: 0 23 68 69 76 109 155 170 179 189 242 260 291 320 394 419 585 633 661 697 715 717 821 822 826 827 829 831 832 834 836 844 996 1305 1424 2032 2654 2846 2847 3574 3761 3964 4021 4065 4173 4468 4615 5352 5353 5354 5355 5356 5357 5358 5359 5360 5361 5362 5363 6034 6037 8041,
6743,item_6743,,item_6743,,14 15 22 23 36 69 70 154 158 401 405 407 422 481 691 717 766 767 768 769 770 772 773 774 775 778 782 783 862 1046 1109 1451 1932 2991 3527 3561 4820 5445 5446 5448 5449 5450 5872 6557,item 6743 features: 14 15 22 23 36 69 70 154 158 401 405 407 422 481 691 717 766 767 768 769 770 772 773 774 775 778 782 783 862 1046 1109 1451 1932 2991 3527 3561 4820 5445 5446 5448 5449 5450 5872 6557,
6744,item_6744,,item_6744,,147 158 421 696 7863,item 6744 features: 147 158 421 696 7863,
6746,item_6746,,item_6746,,16 22 36 46 69 77 86 109 112 115 139 156 158 163 171 199 247 323 407 423 850 965 1051 1140 7720 7797 8015 8173,item 6746 features: 16 22 36 46 69 77 86 109 112 115 139 156 158 163 171 199 247 323 407 423 850 965 1051 1140 7720 7797 8015 8173,
6747,item_6747,,item_6747,,11 22 23 36 112 128 156 164 166 242 262 270 291 295 379 719 864 1424 5519 5520 5861 6951 8382,item 6747 features: 11 22 23 36 112 128 156 164 166 242 262 270 291 295 379 719 864 1424 5519 5520 5861 6951 8382,
6749,item_6749,,item_6749,,69 74 75 112 144 495 1598 7782 7783 7784,item 6749 features: 69 74 75 112 144 495 1598 7782 7783 7784,
6752,item_6752,,item_6752,,74 75 77 109 148 299 696 1376 2456 2680 7213,item 6752 features: 74 75 77 109 148 299 696 1376 2456 2680 7213,
6756,item_6756,,item_6756,,154 408 422 436 437 1174 5600 5766,item 6756 features: 154 408 422 436 437 1174 5600 5766,
6762,item_6762,,item_6762,,0 6 69 78 119 142 153 949 1600 2212 2696 3461 4817 4820 8058 8062,item 6762 features: 0 6 69 78 119 142 153 949 1600 2212 2696 3461 4817 4820 8058 8062,
6763,item_6763,,item_6763,,69 72 74 75 321 7213,item 6763 features: 69 72 74 75 321 7213,
6764,item_6764,,item_6764,,68 69 80 210 487 840 843 844 1302 4137,item 6764 features: 68 69 80 210 487 840 843 844 1302 4137,
6765,item_6765,,item_6765,,68 76 291 487 715 844 994 995 996,item 6765 features: 68 76 291 487 715 844 994 995 996,
6766,item_6766,,item_6766,,68 69 71 74 320 435 1703 2175 3693 3876 4827,item 6766 features: 68 69 71 74 320 435 1703 2175 3693 3876 4827,
6767,item_6767,,item_6767,,23 68 69 109 715 2313 3964,item 6767 features: 23 68 69 109 715 2313 3964,
6768,item_6768,,item_6768,,0 68 69 155 173 299 320 844 1302 1424 1919 3573,item 6768 features: 0 68 69 155 173 299 320 844 1302 1424 1919 3573,
6770,item_6770,,item_6770,,69 75 112 115 765 7783 8364,item 6770 features: 69 75 112 115 765 7783 8364,
6772,item_6772,,item_6772,,0 4 87 157 314 315 319,item 6772 features: 0 4 87 157 314 315 319,
6773,item_6773,,item_6773,,69 74 75 96 97 144 199 242 258 568 853 2317 2318 2319 2320 2324 2325 2329,item 6773 features: 69 74 75 96 97 144 199 242 258 568 853 2317 2318 2319 2320 2324 2325 2329,
6774,item_6774,,item_6774,,96 97 109 139 141 157 161 258 7258 7259,item 6774 features: 96 97 109 139 141 157 161 258 7258 7259,
6775,item_6775,,item_6775,,69 144 157 314 949 1165 2575 3156,item 6775 features: 69 144 157 314 949 1165 2575 3156,
6776,item_6776,,item_6776,,68 69 140 146 303 591 662 978 1149 2789 5366 5367 5368 5369 5370 8203,item 6776 features: 68 69 140 146 303 591 662 978 1149 2789 5366 5367 5368 5369 5370 8203,
6777,item_6777,,item_6777,,69 74 75 101 135 139 144 145 173 179 563 634 1400 2071 4817 5625 6957 7095,item 6777 features: 69 74 75 101 135 139 144 145 173 179 563 634 1400 2071 4817 5625 6957 7095,
6778,item_6778,,item_6778,,0 4 12 30 72 354 1274 1368,item 6778 features: 0 4 12 30 72 354 1274 1368,
6779,item_6779,,item_6779,,136 143 157 166 314 810 978 1670 3883 4841 6360,item 6779 features: 136 143 157 166 314 810 978 1670 3883 4841 6360,
6780,item_6780,,item_6780,,5 72 354 1274 5162,item 6780 features: 5 72 354 1274 5162,
6781,item_6781,,item_6781,,22 36 75 125 173 191 253 419 1449 1458 1459 1460,item 6781 features: 22 36 75 125 173 191 253 419 1449 1458 1459 1460,
6782,item_6782,,item_6782,,17 23 133 191 291 401 415 507 661 1935 3045 3547,item 6782 features: 17 23 133 191 291 401 415 507 661 1935 3045 3547,
6783,item_6783,,item_6783,,4 12 154 157 314 315 617 7765,item 6783 features: 4 12 154 157 314 315 617 7765,
6784,item_6784,,item_6784,,0 68 85 320 499,item 6784 features: 0 68 85 320 499,
6785,item_6785,,item_6785,,157 314 315 379 1826 1827 1832,item 6785 features: 157 314 315 379 1826 1827 1832,
6787,item_6787,,item_6787,,22 112 284 285 408 1057 1222 6611 6612 6989,item 6787 features: 22 112 284 285 408 1057 1222 6611 6612 6989,
6788,item_6788,,item_6788,,80 112 251 487 593 602 1093 1607 1692 1694 1775 5617,item 6788 features: 80 112 251 487 593 602 1093 1607 1692 1694 1775 5617,
6789,item_6789,,item_6789,,115 247 1691 2786 3214 3825 4677 4678 5871,item 6789 features: 115 247 1691 2786 3214 3825 4677 4678 5871,
6790,item_6790,,item_6790,,14 70 251,item 6790 features: 14 70 251,
6791,item_6791,,item_6791,,0 4 6 72 85 109 154 176 320 487 499 663 675 767 772 783 2099 2639 5082 6092 6552,item 6791 features: 0 4 6 72 85 109 154 176 320 487 499 663 675 767 772 783 2099 2639 5082 6092 6552,
6792,item_6792,,item_6792,,14 144 328 1600 1650 2680,item 6792 features: 14 144 328 1600 1650 2680,
6793,item_6793,,item_6793,,16 22 36 46 94 112 114 120 121 133 169 171 181 192 197 199 258 268 285 303 309 408 433 518 541 602 651 945 964 1000 1002 1022 1310 1319 1324 1894 1961 2006 2014 3409 3479 4230 5069 5070 5071 5072 5073 5075 5801 5802 6349 6351 6352 6356 7884 8364,item 6793 features: 16 22 36 46 94 112 114 120 121 133 169 171 181 192 197 199 258 268 285 303 309 408 433 518 541 602 651 945 964 1000 1002 1022 1310 1319 1324 1894 1961 2006 2014 3409 3479 4230 5069 5070 5071 5072 5073 5075 5801 5802 6349 6351 6352 6356 7884 8364,
6794,item_6794,,item_6794,,16 18 30 36 68 121 263 293 433 602 606 651 1324 3798 3980 4104,item 6794 features: 16 18 30 36 68 121 263 293 433 602 606 651 1324 3798 3980 4104,
6795,item_6795,,item_6795,,5 57 120 122 433 946 5310,item 6795 features: 5 57 120 122 433 946 5310,
6796,item_6796,,item_6796,,126 130 133 801 6661,item 6796 features: 126 130 133 801 6661,
6797,item_6797,,item_6797,,112 121 192 303 433 802,item 6797 features: 112 121 192 303 433 802,
6799,item_6799,,item_6799,,16 75 77 150 323,item 6799 features: 16 75 77 150 323,
6805,item_6805,,item_6805,,11 12 16 36 43 86 112 147 150 277 285 706 988 1725 1727 2259 5134 7793,item 6805 features: 11 12 16 36 43 86 112 147 150 277 285 706 988 1725 1727 2259 5134 7793,
6806,item_6806,,item_6806,,14 16 23 70 147 154 179 309 422 661 2108 3292 3296 3576 3894 5445 7307,item 6806 features: 14 16 23 70 147 154 179 309 422 661 2108 3292 3296 3576 3894 5445 7307,
6807,item_6807,,item_6807,,11 84 148 154 179 247 630 756 1962 1963 6551,item 6807 features: 11 84 148 154 179 247 630 756 1962 1963 6551,
6809,item_6809,,item_6809,,11 12 16 147 7875,item 6809 features: 11 12 16 147 7875,
6810,item_6810,,item_6810,,8 10 16 57 82 109 263 448 449 451 456 457 458 462 463 466 481 483 1109 2100 2696 4789,item 6810 features: 8 10 16 57 82 109 263 448 449 451 456 457 458 462 463 466 481 483 1109 2100 2696 4789,
6811,item_6811,,item_6811,,12 83 4617,item 6811 features: 12 83 4617,
6815,item_6815,,item_6815,,16 22 36 46 69 70 112 144 165 173 563 831 1305 7292,item 6815 features: 16 22 36 46 69 70 112 144 165 173 563 831 1305 7292,
6816,item_6816,,item_6816,,22 46 69 112 115 139 148 156 179 196 247 285 291 342 404 421 423 541 706 717 1137 1140 1263 1332 2517 3216 3424 3425 3426 3912 5544 5744 7783 8171 8174 8221 8343,item 6816 features: 22 46 69 112 115 139 148 156 179 196 247 285 291 342 404 421 423 541 706 717 1137 1140 1263 1332 2517 3216 3424 3425 3426 3912 5544 5744 7783 8171 8174 8221 8343,
6817,item_6817,,item_6817,,22 46 69 112 115 156 173 179 242 247 285 291 293 549 562 606 652 691 706 717 852 862 950 1107 1332 1334 1581 2257 2343 2346 2348 3091 3092 3093 3094 3109 3110 3111 3112 5743 7132 7154,item 6817 features: 22 46 69 112 115 156 173 179 242 247 285 291 293 549 562 606 652 691 706 717 852 862 950 1107 1332 1334 1581 2257 2343 2346 2348 3091 3092 3093 3094 3109 3110 3111 3112 5743 7132 7154,
6818,item_6818,,item_6818,,16 36 263,item 6818 features: 16 36 263,
6819,item_6819,,item_6819,,16 22 70 77 112 8218,item 6819 features: 16 22 70 77 112 8218,
6820,item_6820,,item_6820,,69 74 75 77 80 105 112 129 133 158 173 210 293 321 507 612 3634 5027 5826 8217,item 6820 features: 69 74 75 77 80 105 112 129 133 158 173 210 293 321 507 612 3634 5027 5826 8217,
6822,item_6822,,item_6822,,11 14 16 22 36 69 75 77 80 99 112 115 148 176 197 242 244 247 251 285 293 421 495 541 602 606 692 706 733 1324 1433 1598 1655 1775 2835 3236 3783 6008 6113 6119 6120 6129 7783 8217,item 6822 features: 11 14 16 22 36 69 75 77 80 99 112 115 148 176 197 242 244 247 251 285 293 421 495 541 602 606 692 706 733 1324 1433 1598 1655 1775 2835 3236 3783 6008 6113 6119 6120 6129 7783 8217,
6823,item_6823,,item_6823,,22 69 74 75 77 101 112 115 147 148 176 285 299 706 1578 3450 5743 5828 6282 7456 8195 8197 8198 8199 8200 8201 8218,item 6823 features: 22 69 74 75 77 101 112 115 147 148 176 285 299 706 1578 3450 5743 5828 6282 7456 8195 8197 8198 8199 8200 8201 8218,
6827,item_6827,,item_6827,,69 75 81 96 226 265 284 701,item 6827 features: 69 75 81 96 226 265 284 701,
6829,item_6829,,item_6829,,11 16 18 19 30 44 112 150 272 327 717 862 1093 1424 1446 1854 2674 2675 2676 3573 4567 4569 6430 6687 8153 8157,item 6829 features: 11 16 18 19 30 44 112 150 272 327 717 862 1093 1424 1446 1854 2674 2675 2676 3573 4567 4569 6430 6687 8153 8157,
6830,item_6830,,item_6830,,62 79 154 309 421 487 1364 1599 1769 4567 4993 5577 7127,item 6830 features: 62 79 154 309 421 487 1364 1599 1769 4567 4993 5577 7127,
6831,item_6831,,item_6831,,53 69 75 284 706 1674 2633 3759 6322,item 6831 features: 53 69 75 284 706 1674 2633 3759 6322,
6832,item_6832,,item_6832,,11 12 13 14 16 18 19 44 75 77 83 86 98 105 147 150 154 158 176 193 196 321 356 377 507 541 691 704 712 988 1109 1365 1727 2360 2696 2772 4026 4314 4373 6872 7449,item 6832 features: 11 12 13 14 16 18 19 44 75 77 83 86 98 105 147 150 154 158 176 193 196 321 356 377 507 541 691 704 712 988 1109 1365 1727 2360 2696 2772 4026 4314 4373 6872 7449,
6833,item_6833,,item_6833,,8 63 497 1109,item 6833 features: 8 63 497 1109,
6834,item_6834,,item_6834,,9 57 451,item 6834 features: 9 57 451,
6835,item_6835,,item_6835,,22 82 448 449 451 453 459 1109 2100,item 6835 features: 22 82 448 449 451 453 459 1109 2100,
6837,item_6837,,item_6837,,8 9 16 57 82 451 492,item 6837 features: 8 9 16 57 82 451 492,
6838,item_6838,,item_6838,,9 57 82 451,item 6838 features: 9 57 82 451,
6842,item_6842,,item_6842,,27 96 173 258 455 585 3728,item 6842 features: 27 96 173 258 455 585 3728,
6848,item_6848,,item_6848,,46 75 112 179 303 4871 7157 7160 7168,item 6848 features: 46 75 112 179 303 4871 7157 7160 7168,
6850,item_6850,,item_6850,,16 22 36 46 69 75 81 112 115 133 147 171 176 179 191 192 194 197 199 260 293 358 379 389 404 408 421 516 521 537 541 568 606 613 654 717 798 862 933 1109 1227 1236 1240 1243 1741 2139 2344 2345 2347 4546 4547 4549 4551 4871 5225 5741 7072 7073 7075 7079 7158 7166 7501 7502 7525 7623 8279,item 6850 features: 16 22 36 46 69 75 81 112 115 133 147 171 176 179 191 192 194 197 199 260 293 358 379 389 404 408 421 516 521 537 541 568 606 613 654 717 798 862 933 1109 1227 1236 1240 1243 1741 2139 2344 2345 2347 4546 4547 4549 4551 4871 5225 5741 7072 7073 7075 7079 7158 7166 7501 7502 7525 7623 8279,
6851,item_6851,,item_6851,,16 22 36 96 97 133 163 199 260 263 487 641 1313 3337 4448 7767 7768 7769,item 6851 features: 16 22 36 96 97 133 163 199 260 263 487 641 1313 3337 4448 7767 7768 7769,
6853,item_6853,,item_6853,,22 162 194 260,item 6853 features: 22 162 194 260,
6854,item_6854,,item_6854,,22 46 255,item 6854 features: 22 46 255,
6855,item_6855,,item_6855,,22 23 69 75 77 105 158 251 291 293 323 698 1650 2639 7927,item 6855 features: 22 23 69 75 77 105 158 251 291 293 323 698 1650 2639 7927,
6862,item_6862,,item_6862,,77 80 139 702 1044 2610,item 6862 features: 77 80 139 702 1044 2610,
6864,item_6864,,item_6864,,11 12 13 16 18 19 21 24 29 30 31 41 44 57 62 69 75 77 79 83 84 150 154 176 196 247 253 263 321 437 456 508 592 712 756 988 2172 2626 2627 2628 2629 5136,item 6864 features: 11 12 13 16 18 19 21 24 29 30 31 41 44 57 62 69 75 77 79 83 84 150 154 176 196 247 253 263 321 437 456 508 592 712 756 988 2172 2626 2627 2628 2629 5136,
6869,item_6869,,item_6869,,69 74 101 145 717 2624,item 6869 features: 69 74 101 145 717 2624,
6870,item_6870,,item_6870,,15 16 36 69 74 75 77 80 112 150 235 285 291 716 829 830 1650 2153 3812 3813 4210 5446 6966,item 6870 features: 15 16 36 69 74 75 77 80 112 150 235 285 291 716 829 830 1650 2153 3812 3813 4210 5446 6966,
6871,item_6871,,item_6871,,0 1 23 68 69 74 87 96 179 320 501 502 618 1158 1424 1601 1875 2298 2846 2847 3877 4911 5617 6041 7016 7140 7556,item 6871 features: 0 1 23 68 69 74 87 96 179 320 501 502 618 1158 1424 1601 1875 2298 2846 2847 3877 4911 5617 6041 7016 7140 7556,
6872,item_6872,,item_6872,,69 74 75 77 80 100 101 109 144 145 210 293 396 487 593 662 844 1095 1140 1403 1771 1795 2143 2144 2145 2146 2147 2621 2764 3573 3823 4136 4587 4944 6118 6283 6695 6754 8436,item 6872 features: 69 74 75 77 80 100 101 109 144 145 210 293 396 487 593 662 844 1095 1140 1403 1771 1795 2143 2144 2145 2146 2147 2621 2764 3573 3823 4136 4587 4944 6118 6283 6695 6754 8436,
6873,item_6873,,item_6873,,0 4 87 109 150 154 320 618 991 1348 2163 2212,item 6873 features: 0 4 87 109 150 154 320 618 991 1348 2163 2212,
6874,item_6874,,item_6874,,0 87 157 192 990,item 6874 features: 0 87 157 192 990,
6875,item_6875,,item_6875,,115 148 404,item 6875 features: 115 148 404,
6876,item_6876,,item_6876,,69 75 77 80 158 323 1772 2415,item 6876 features: 69 75 77 80 158 323 1772 2415,
6878,item_6878,,item_6878,,75 77 92 109 115 203 5969 6113,item 6878 features: 75 77 92 109 115 203 5969 6113,
6879,item_6879,,item_6879,,69 74 75 77 80 242 717 862 1098 2804 3044 4136,item 6879 features: 69 74 75 77 80 242 717 862 1098 2804 3044 4136,
6880,item_6880,,item_6880,,11 12 13 16 18 19 58 112 150 158 1140 1373 1769 3386 4139 4143 6008 6693 7449 7720,item 6880 features: 11 12 13 16 18 19 58 112 150 158 1140 1373 1769 3386 4139 4143 6008 6693 7449 7720,
6882,item_6882,,item_6882,,0 11 12 14 15 16 19 22 30 36 44 57 69 74 75 77 80 112 141 144 145 147 148 150 157 162 176 179 191 197 239 242 247 251 252 263 291 293 303 321 404 408 422 437 456 606 691 692 697 703 706 717 756 1140 1161 1424 1772 1775 2071 2362 2734 3143 3144 3154 3827 4049 4571 5625 5786 6105 6106 6107 6109 6110 6111 6112 7154 7897 7898 7968,item 6882 features: 0 11 12 14 15 16 19 22 30 36 44 57 69 74 75 77 80 112 141 144 145 147 148 150 157 162 176 179 191 197 239 242 247 251 252 263 291 293 303 321 404 408 422 437 456 606 691 692 697 703 706 717 756 1140 1161 1424 1772 1775 2071 2362 2734 3143 3144 3154 3827 4049 4571 5625 5786 6105 6106 6107 6109 6110 6111 6112 7154 7897 7898 7968,
6890,item_6890,,item_6890,,0 84 109 157 173 179 282 363 1028 3169,item 6890 features: 0 84 109 157 173 179 282 363 1028 3169,
6893,item_6893,,item_6893,,69 75 77 80 135 702 2456,item 6893 features: 69 75 77 80 135 702 2456,
6894,item_6894,,item_6894,,16 22 96 173 258 260 263 377 585 651 964 965 2376 6452,item 6894 features: 16 22 96 173 258 260 263 377 585 651 964 965 2376 6452,
6895,item_6895,,item_6895,,74 77 80 421 706 5743,item 6895 features: 74 77 80 421 706 5743,
6896,item_6896,,item_6896,,22 46 495 658 8220,item 6896 features: 22 46 495 658 8220,
6897,item_6897,,item_6897,,22 36 975,item 6897 features: 22 36 975,
6898,item_6898,,item_6898,,0 1 69 72 75 136 1052 1908,item 6898 features: 0 1 69 72 75 136 1052 1908,
6899,item_6899,,item_6899,,208 407 507 574 691 717 842 1098 1462 2999 4571 4871 5136 5689 5690 5691 7156 7159 7165 7168 7170 7173 7174,item 6899 features: 208 407 507 574 691 717 842 1098 1462 2999 4571 4871 5136 5689 5690 5691 7156 7159 7165 7168 7170 7173 7174,
6900,item_6900,,item_6900,,69 74 75 136 377 2170 4233 4665,item 6900 features: 69 74 75 136 377 2170 4233 4665,
6901,item_6901,,item_6901,,75 109 144 3689 3825 4677 4678,item 6901 features: 75 109 144 3689 3825 4677 4678,
6902,item_6902,,item_6902,,74,item 6902 features: 74,
6904,item_6904,,item_6904,,23 106 144 145 157 377 949 4216,item 6904 features: 23 106 144 145 157 377 949 4216,
6910,item_6910,,item_6910,,16 46 141 263 936,item 6910 features: 16 46 141 263 936,
6913,item_6913,,item_6913,,22 150 260 284 456 698 1222 1876 5628,item 6913 features: 22 150 260 284 456 698 1222 1876 5628,
6914,item_6914,,item_6914,,46 75 77 80 112 115 247 630 950 1076 1539 1581 3515 5858,item 6914 features: 46 75 77 80 112 115 247 630 950 1076 1539 1581 3515 5858,
6915,item_6915,,item_6915,,75 77 80 83 247 423 950 1539 1581 3515,item 6915 features: 75 77 80 83 247 423 950 1539 1581 3515,
6916,item_6916,,item_6916,,69 208 321 611 1606 1608,item 6916 features: 69 208 321 611 1606 1608,
6917,item_6917,,item_6917,,69 74 75 139 141 143 625 6698 8418,item 6917 features: 69 74 75 139 141 143 625 6698 8418,
6918,item_6918,,item_6918,,74 75 2618,item 6918 features: 74 75 2618,
6919,item_6919,,item_6919,,22 77 247 255 2115 3070 5630,item 6919 features: 22 77 247 255 2115 3070 5630,
6920,item_6920,,item_6920,,69 75 5653,item 6920 features: 69 75 5653,
6921,item_6921,,item_6921,,154 247,item 6921 features: 154 247,
6922,item_6922,,item_6922,,16 75 433,item 6922 features: 16 75 433,
6926,item_6926,,item_6926,,22 101 194 262 270 601 5743 8223,item 6926 features: 22 101 194 262 270 601 5743 8223,
6932,item_6932,,item_6932,,154 421 437 861 865,item 6932 features: 154 421 437 861 865,
6934,item_6934,,item_6934,,22 69 101 112 147 195 251 606 1048 1400 1775 3792 3796,item 6934 features: 22 69 101 112 147 195 251 606 1048 1400 1775 3792 3796,
6936,item_6936,,item_6936,,16 22 36 110 112 150 162 173 191 288 291 419 510 521 602 1051 1203 1449 1450 1457 1458 1460 1464 3293 3551 3553 5743 6634 8018,item 6936 features: 16 22 36 110 112 150 162 173 191 288 291 419 510 521 602 1051 1203 1449 1450 1457 1458 1460 1464 3293 3551 3553 5743 6634 8018,
6937,item_6937,,item_6937,,69 74 75 77 84 112 136 142 144 1164 1601,item 6937 features: 69 74 75 77 84 112 136 142 144 1164 1601,
6938,item_6938,,item_6938,,22 46 112 121 128 268 585 602 651 964 1022 1324 1961 2001 2006 7879 7885,item 6938 features: 22 46 112 121 128 268 585 602 651 964 1022 1324 1961 2001 2006 7879 7885,
6939,item_6939,,item_6939,,22 112 121 268 433 585 602 651 964 1022 1324 2001 6429 7880 7885,item 6939 features: 22 112 121 268 433 585 602 651 964 1022 1324 2001 6429 7880 7885,
6940,item_6940,,item_6940,,9 10 57 82 112 142 451 1601 3519 4472 8358,item 6940 features: 9 10 57 82 112 142 451 1601 3519 4472 8358,
6941,item_6941,,item_6941,,0 2 46 57 69 74 75 112 136 141 142 144 153 179 606 716 1601 2055 3621 6568 6698 8371,item 6941 features: 0 2 46 57 69 74 75 112 136 141 142 144 153 179 606 716 1601 2055 3621 6568 6698 8371,
6942,item_6942,,item_6942,,69 74 75 77 80 120 121 242 433 443 946 2587 3659 3660 5315 5321,item 6942 features: 69 74 75 77 80 120 121 242 433 443 946 2587 3659 3660 5315 5321,
6944,item_6944,,item_6944,,88 96 97 160 191 241 242 309 422 441 519 1090 1302 1775 1987 2367 2584 2585 2589 2590 2592 2593 2599 2600 2607 7822 8078,item 6944 features: 88 96 97 160 191 241 242 309 422 441 519 1090 1302 1775 1987 2367 2584 2585 2589 2590 2592 2593 2599 2600 2607 7822 8078,
6945,item_6945,,item_6945,,0 67 88 96 97 109 140 160 173 179 258 260 291 519 520 585 691 693 717 862 1059 1275 1424 1885 2097 2316 2317 2318 2329 2367 2586 2589 2592 4234 8110,item 6945 features: 0 67 88 96 97 109 140 160 173 179 258 260 291 519 520 585 691 693 717 862 1059 1275 1424 1885 2097 2316 2317 2318 2329 2367 2586 2589 2592 4234 8110,
6946,item_6946,,item_6946,,14 22 23 24 69 74 75 77 80 94 109 148 155 176 179 194 260 291 303 345 377 399 421 509 520 650 691 693 706 717 765 766 770 950 1041 1048 1091 1272 1509 1650 1654 1662 1771 1802 3189 3214 3223 4576 4579 4816 4829 4833 4838 4911 5445 5617 5861 5869 5873 5876 5877 8146 8147 8432,item 6946 features: 14 22 23 24 69 74 75 77 80 94 109 148 155 176 179 194 260 291 303 345 377 399 421 509 520 650 691 693 706 717 765 766 770 950 1041 1048 1091 1272 1509 1650 1654 1662 1771 1802 3189 3214 3223 4576 4579 4816 4829 4833 4838 4911 5445 5617 5861 5869 5873 5876 5877 8146 8147 8432,
6947,item_6947,,item_6947,,23 69 74 155 192 247 309 340 358 422 541 690 698 1213 1384 2559 3491 3492 5589 6309 7708 7711,item 6947 features: 23 69 74 155 192 247 309 340 358 422 541 690 698 1213 1384 2559 3491 3492 5589 6309 7708 7711,
6948,item_6948,,item_6948,,68 69 155 320 1097 2973,item 6948 features: 68 69 155 320 1097 2973,
6949,item_6949,,item_6949,,23 34 69 94 100 105 112 147 155 156 158 192 194 252 291 321 365 404 423 437 611 696 697 710 844 1048 1185 1424 2105 3094 4069 4818 4821 6090 7277 7711 7913 8147,item 6949 features: 23 34 69 94 100 105 112 147 155 156 158 192 194 252 291 321 365 404 423 437 611 696 697 710 844 1048 1185 1424 2105 3094 4069 4818 4821 6090 7277 7711 7913 8147,
6950,item_6950,,item_6950,,21 23 69 115 147 154 155 173 247 291 696 697 865 1047 2489 2494 2499 2500 2508 4899,item 6950 features: 21 23 69 115 147 154 155 173 247 291 696 697 865 1047 2489 2494 2499 2500 2508 4899,
6951,item_6951,,item_6951,,0 53 68 69 148 173 291 320 697 844 938 1048 1520 2062 2654 3577 3876 6505 7990 7991 7992 7993,item 6951 features: 0 53 68 69 148 173 291 320 697 844 938 1048 1520 2062 2654 3577 3876 6505 7990 7991 7992 7993,
6953,item_6953,,item_6953,,14 16 23 70 142 150 173 291 390 391 395 408 409 416 461,item 6953 features: 14 16 23 70 142 150 173 291 390 391 395 408 409 416 461,
6955,item_6955,,item_6955,,12 14 16 19 30 65 70 75 150 158 173 176 196 197 199 291 303 367 396 403 404 410 508 988 1424 2814 2944 3018 3302 4157 4163 5332 5381 6871,item 6955 features: 12 14 16 19 30 65 70 75 150 158 173 176 196 197 199 291 303 367 396 403 404 410 508 988 1424 2814 2944 3018 3302 4157 4163 5332 5381 6871,
6956,item_6956,,item_6956,,69 109 154 155 321 354 611 1164 2383,item 6956 features: 69 109 154 155 321 354 611 1164 2383,
6957,item_6957,,item_6957,,30 71 84 321 354,item 6957 features: 30 71 84 321 354,
6958,item_6958,,item_6958,,30 84 321 354 2386 4897,item 6958 features: 30 84 321 354 2386 4897,
6959,item_6959,,item_6959,,69 109 144 145 303 377 1543 3410 3685 3689 8353 8354,item 6959 features: 69 109 144 145 303 377 1543 3410 3685 3689 8353 8354,
6960,item_6960,,item_6960,,16 36 263 651,item 6960 features: 16 36 263 651,
6961,item_6961,,item_6961,,109 144 145 151,item 6961 features: 109 144 145 151,
6963,item_6963,,item_6963,,14 22 23 70 495 1109 1272 1373 7958 7960,item 6963 features: 14 22 23 70 495 1109 1272 1373 7958 7960,
6965,item_6965,,item_6965,,36 263 456,item 6965 features: 36 263 456,
6966,item_6966,,item_6966,,144 145 611 844 1658 2145 4206 4211 4924,item 6966 features: 144 145 611 844 1658 2145 4206 4211 4924,
6969,item_6969,,item_6969,,22 77 251 499 927 1692 7004 7005 7107 7752,item 6969 features: 22 77 251 499 927 1692 7004 7005 7107 7752,
6970,item_6970,,item_6970,,0 22 72 85 320 499,item 6970 features: 0 22 72 85 320 499,
6980,item_6980,,item_6980,,144 145 158 590 611 1658 3685 4205 4220,item 6980 features: 144 145 158 590 611 1658 3685 4205 4220,
6983,item_6983,,item_6983,,69 74 135 190 320 358 690 1096 2559 8374,item 6983 features: 69 74 135 190 320 358 690 1096 2559 8374,
6984,item_6984,,item_6984,,12 14 16 21 22 147 253 4033,item 6984 features: 12 14 16 21 22 147 253 4033,
6985,item_6985,,item_6985,,11 12 14 16 22 36 69 70 74 75 77 80 99 101 109 112 115 147 169 197 235 251 293 342 495 541 602 606 662 691 1161 1235 1424 2170 3236 3621 3806 3909 4552 6008 6687 6696 6722 7864 7897 7898 7970 7975 8217,item 6985 features: 11 12 14 16 22 36 69 70 74 75 77 80 99 101 109 112 115 147 169 197 235 251 293 342 495 541 602 606 662 691 1161 1235 1424 2170 3236 3621 3806 3909 4552 6008 6687 6696 6722 7864 7897 7898 7970 7975 8217,
6986,item_6986,,item_6986,,69 75 77 135 242 1046 2071 5625 5626 6431,item 6986 features: 69 75 77 135 242 1046 2071 5625 5626 6431,
6987,item_6987,,item_6987,,11 24 77 80 109 115 148 173 176 244 247 251 396 423 541 585 606 630 662 691 703 950 954 1401 1581 1775 2394 2835 4424 5670 6433 6685,item 6987 features: 11 24 77 80 109 115 148 173 176 244 247 251 396 423 541 585 606 630 662 691 703 950 954 1401 1581 1775 2394 2835 4424 5670 6433 6685,
6991,item_6991,,item_6991,,69 84 155 208 247 423 574 1665,item 6991 features: 69 84 155 208 247 423 574 1665,
6992,item_6992,,item_6992,,21 148 154 176 247 430 694 703 2083 2634 2812,item 6992 features: 21 148 154 176 247 430 694 703 2083 2634 2812,
6994,item_6994,,item_6994,,0 68 69 87 154 291 320 435 1055 3876,item 6994 features: 0 68 69 87 154 291 320 435 1055 3876,
6998,item_6998,,item_6998,,0 3 12 24 192 442 666 2437 4232,item 6998 features: 0 3 12 24 192 442 666 2437 4232,
7001,item_7001,,item_7001,,77 148 247 260,item 7001 features: 77 148 247 260,
7002,item_7002,,item_7002,,74,item 7002 features: 74,
7003,item_7003,,item_7003,,147 154,item 7003 features: 147 154,
7005,item_7005,,item_7005,,150 162 203 377 975 4593,item 7005 features: 150 162 203 377 975 4593,
7006,item_7006,,item_7006,,16 69 75 135 242 252 260,item 7006 features: 16 69 75 135 242 252 260,
7007,item_7007,,item_7007,,88 96 97 191 241 242 258 309 422 519 653 1059 1424 1775 1987 2097 2191 2367 2586 2587 2588 2589 2590 2591 2592 2593 2595 2597 2598 2599 2601 2603 4367,item 7007 features: 88 96 97 191 241 242 258 309 422 519 653 1059 1424 1775 1987 2097 2191 2367 2586 2587 2588 2589 2590 2591 2592 2593 2595 2597 2598 2599 2601 2603 4367,
7008,item_7008,,item_7008,,67 88 96 97 109 147 160 242 258 293 303 309 653 849 1079 1302 1885 1983 2367 2424 2603 2608 3599 3602 4367 7121 8143,item 7008 features: 67 88 96 97 109 147 160 242 258 293 303 309 653 849 1079 1302 1885 1983 2367 2424 2603 2608 3599 3602 4367 7121 8143,
7009,item_7009,,item_7009,,23 68 69 74 75 77 144 148 203 235 717 1650 1654 1662,item 7009 features: 23 68 69 74 75 77 144 148 203 235 717 1650 1654 1662,
7010,item_7010,,item_7010,,106 144 145 235 949 1435 4216,item 7010 features: 106 144 145 235 949 1435 4216,
7011,item_7011,,item_7011,,69 74 75 77 147 703 2083 2808 5740 5741 5744 5950 7712,item 7011 features: 69 74 75 77 147 703 2083 2808 5740 5741 5744 5950 7712,
7012,item_7012,,item_7012,,22 112 133 194 199 507 641 835,item 7012 features: 22 112 133 194 199 507 641 835,
7013,item_7013,,item_7013,,12 22 23 36 46 53 69 109 112 115 194 199 272 285 291 303 309 327 342 367 395 404 407 408 421 447 486 521 540 577 604 698 714 852 857 1046 1134 1598 1784 1799 2061 2096 2106 2243 2577 2837 3001 3176 3177 3178 3179 3180 3181 3182 3183 3184 3185 3186 3415 4033 5592 5598 8432,item 7013 features: 12 22 23 36 46 53 69 109 112 115 194 199 272 285 291 303 309 327 342 367 395 404 407 408 421 447 486 521 540 577 604 698 714 852 857 1046 1134 1598 1784 1799 2061 2096 2106 2243 2577 2837 3001 3176 3177 3178 3179 3180 3181 3182 3183 3184 3185 3186 3415 4033 5592 5598 8432,
7014,item_7014,,item_7014,,13 16 19 22 36 58 69 75 77 99 112 150 199 263 768 1543 1767 3519 5136 5738 6626 6687 7449 7802 8015 8016,item 7014 features: 13 16 19 22 36 58 69 75 77 99 112 150 199 263 768 1543 1767 3519 5136 5738 6626 6687 7449 7802 8015 8016,
7015,item_7015,,item_7015,,16 22 36 69 115 125 133 164 173 199 253 260 291 303 1939 2108 2618 3735 4490 4495 4501 8385,item 7015 features: 16 22 36 69 115 125 133 164 173 199 253 260 291 303 1939 2108 2618 3735 4490 4495 4501 8385,
7016,item_7016,,item_7016,,11 12 13 24 29 31 41 44 56 57 62 69 77 83 84 150 154 247 263 281 303 1153 2172 2627 2628 2629 5134 6875,item 7016 features: 11 12 13 24 29 31 41 44 56 57 62 69 77 83 84 150 154 247 263 281 303 1153 2172 2627 2628 2629 5134 6875,
7017,item_7017,,item_7017,,16 77 98 158 162,item 7017 features: 16 77 98 158 162,
7019,item_7019,,item_7019,,22 69 75 77 112 115 285 291 698 765 7782 7783,item 7019 features: 22 69 75 77 112 115 285 291 698 765 7782 7783,
7020,item_7020,,item_7020,,11 13 16 18 20 79 81 112 150 340 358 507 690 717 1232 1272 1851,item 7020 features: 11 13 16 18 20 79 81 112 150 340 358 507 690 717 1232 1272 1851,
7023,item_7023,,item_7023,,15 23 68 69 155 192 197 291 320 407 588 590 611 633 697 715 717 819 824 825 826 830 833 836 838 862 955 996 1302 1462 1489 2553 2654 3061 3576 3939 5551 5614 6025 6090,item 7023 features: 15 23 68 69 155 192 197 291 320 407 588 590 611 633 697 715 717 819 824 825 826 830 833 836 838 862 955 996 1302 1462 1489 2553 2654 3061 3576 3939 5551 5614 6025 6090,
7024,item_7024,,item_7024,,14 23 68 69 75 76 77 80 100 101 106 109 115 136 147 155 169 173 179 194 235 251 260 291 323 365 404 408 422 520 541 606 611 710 717 822 823 827 829 844 862 1033 1048 1143 1263 1578 1668 2367 2446 2553 2600 2624 3760 4956 4961 4962 5583 5740 5747 5749 5754 7864 8283 8369 8390,item 7024 features: 14 23 68 69 75 76 77 80 100 101 106 109 115 136 147 155 169 173 179 194 235 251 260 291 323 365 404 408 422 520 541 606 611 710 717 822 823 827 829 844 862 1033 1048 1143 1263 1578 1668 2367 2446 2553 2600 2624 3760 4956 4961 4962 5583 5740 5747 5749 5754 7864 8283 8369 8390,
7025,item_7025,,item_7025,,23 68 69 155 320 715 717 780 825 844 996 997 1049 1600 4065 6961,item 7025 features: 23 68 69 155 320 715 717 780 825 844 996 997 1049 1600 4065 6961,
7027,item_7027,,item_7027,,22 23 68 69 76 100 101 109 147 155 176 179 192 194 197 242 260 291 320 377 379 404 419 422 611 613 633 641 666 715 717 818 844 922 996 1305 1325 1424 1600 1601 1603 1651 1668 2453 2654 3062 3336 3415 3576 3965 4461 4462 4467 4468 4615 4676 4899 4955 4963 4964 4967 4976 5879 6781 6799 6952 8015 8041,item 7027 features: 22 23 68 69 76 100 101 109 147 155 176 179 192 194 197 242 260 291 320 377 379 404 419 422 611 613 633 641 666 715 717 818 844 922 996 1305 1325 1424 1600 1601 1603 1651 1668 2453 2654 3062 3336 3415 3576 3965 4461 4462 4467 4468 4615 4676 4899 4955 4963 4964 4967 4976 5879 6781 6799 6952 8015 8041,
7028,item_7028,,item_7028,,0 23 68 69 127 155 320 350 499 820 1452 1453 1454 1455 1984 2093 3576 6961 7569,item 7028 features: 0 23 68 69 127 155 320 350 499 820 1452 1453 1454 1455 1984 2093 3576 6961 7569,
7031,item_7031,,item_7031,,11 12 13 14 16 19 22 36 44 70 75 77 112 150 154 251 291 325 327 691 756 1161 2700 5972,item 7031 features: 11 12 13 14 16 19 22 36 44 70 75 77 112 150 154 251 291 325 327 691 756 1161 2700 5972,
7032,item_7032,,item_7032,,22 112 194 272 291 408 495 3279 6857,item 7032 features: 22 112 194 272 291 408 495 3279 6857,
7033,item_7033,,item_7033,,14 15 22 23 36 75 101 203 379 733 734 735 739 740 747 749 862 1650 3020 3415 3593 5905 5906 5907 5908 5909 5910 5911 5912 5913 5914 5915 5916 5918 5919 5921 5923 5924 5925 5926 5927 5929 5930 5933 5937 5938 5939 5942 5944 5946 5947 7244 7723,item 7033 features: 14 15 22 23 36 75 101 203 379 733 734 735 739 740 747 749 862 1650 3020 3415 3593 5905 5906 5907 5908 5909 5910 5911 5912 5913 5914 5915 5916 5918 5919 5921 5923 5924 5925 5926 5927 5929 5930 5933 5937 5938 5939 5942 5944 5946 5947 7244 7723,
7034,item_7034,,item_7034,,14 23 29 75 77 144 235 260 325 611 733 735 738 744 752 753 755 1161 1383 1384 1650 1658 1663 3372 4571 6118 6120 6882,item 7034 features: 14 23 29 75 77 144 235 260 325 611 733 735 738 744 752 753 755 1161 1383 1384 1650 1658 1663 3372 4571 6118 6120 6882,
7035,item_7035,,item_7035,,12 16 30 96 109 283 756 6395 6396 6404,item 7035 features: 12 16 30 96 109 283 756 6395 6396 6404,
7036,item_7036,,item_7036,,14 16 23 32 57 70 75 242 260 329 390 461 733 734 735 736 737 738 739 740 741 743 745 746 747 755 1086 1447 1450 1656 1802 2032 2244 2246 2696 3415 3510 3561 6394 7176,item 7036 features: 14 16 23 32 57 70 75 242 260 329 390 461 733 734 735 736 737 738 739 740 741 743 745 746 747 755 1086 1447 1450 1656 1802 2032 2244 2246 2696 3415 3510 3561 6394 7176,
7037,item_7037,,item_7037,,12 22 30 63 84 109 251 325 327 592 1161 2267 7107,item 7037 features: 12 22 30 63 84 109 251 325 327 592 1161 2267 7107,
7039,item_7039,,item_7039,,11 16 30 69 74 75 77 80 84 242 247 251 263 602 651 1424 3236,item 7039 features: 11 16 30 69 74 75 77 80 84 242 247 251 263 602 651 1424 3236,
7040,item_7040,,item_7040,,14 16 22 23 36 69 70 329 602 733 734 735 736 743 745 747 752 893 2244 2246 4906,item 7040 features: 14 16 22 23 36 69 70 329 602 733 734 735 736 743 745 747 752 893 2244 2246 4906,
7041,item_7041,,item_7041,,14 22 74 75 158 203 235 588 611 733 734 735 737 738 740 741 743 744 746 752 1346 1650 3189 3576,item 7041 features: 14 22 74 75 158 203 235 588 611 733 734 735 737 738 740 741 743 744 746 752 1346 1650 3189 3576,
7042,item_7042,,item_7042,,16 30 69 77 80 109 150 6685,item 7042 features: 16 30 69 77 80 109 150 6685,
7043,item_7043,,item_7043,,12 16 22 36 69 74 75 77 80 101 148 173 179 203 251 651 658 1603 2170 2410 3236 4597 6282 7012,item 7043 features: 12 16 22 36 69 74 75 77 80 101 148 173 179 203 251 651 658 1603 2170 2410 3236 4597 6282 7012,
7044,item_7044,,item_7044,,12 69 77 7412,item 7044 features: 12 69 77 7412,
7045,item_7045,,item_7045,,16 22 30 77 251,item 7045 features: 16 22 30 77 251,
7046,item_7046,,item_7046,,147 154 158 437 3610 4313 7875,item 7046 features: 147 154 158 437 3610 4313 7875,
7047,item_7047,,item_7047,,16 29 30 36 70 77 99 150 166 251 310 1627,item 7047 features: 16 29 30 36 70 77 99 150 166 251 310 1627,
7048,item_7048,,item_7048,,27 147 154 437 1009 7875,item 7048 features: 27 147 154 437 1009 7875,
7050,item_7050,,item_7050,,14 22 23 36 112 133 169 199 262 291 401 818 2766 3423 3425 3437 5835 6626,item 7050 features: 14 22 23 36 112 133 169 199 262 291 401 818 2766 3423 3425 3437 5835 6626,
7051,item_7051,,item_7051,,145 284 697 6147,item 7051 features: 145 284 697 6147,
7052,item_7052,,item_7052,,12 24 30 83 154 176 192 197 688 1164 4566,item 7052 features: 12 24 30 83 154 176 192 197 688 1164 4566,
7056,item_7056,,item_7056,,16 30 84 154 321 354 508,item 7056 features: 16 30 84 154 321 354 508,
7057,item_7057,,item_7057,,68 69 81 100 155 365 611 862 1408 2968 4951,item 7057 features: 68 69 81 100 155 365 611 862 1408 2968 4951,
7061,item_7061,,item_7061,,69 84 105 109 115 155 321 668 5586 5587 6879 7412 7413,item 7061 features: 69 84 105 109 115 155 321 668 5586 5587 6879 7412 7413,
7062,item_7062,,item_7062,,68 69 143 146 157 242 978 2071 5366 5367 5625,item 7062 features: 68 69 143 146 157 242 978 2071 5366 5367 5625,
7063,item_7063,,item_7063,,36 99 112 158 379 1313,item 7063 features: 36 99 112 158 379 1313,
7067,item_7067,,item_7067,,12 16 19 41 44 150 1424 1484 4372,item 7067 features: 12 16 19 41 44 150 1424 1484 4372,
7068,item_7068,,item_7068,,11 22 36 46 79 96 97 106 112 133 147 179 197 199 262 285 291 421 507 519 568 604 717 853 1140 1775 2108 2315 2317 2318 2319 2320 2321 2322 2323 2324 2325 2326 2329 2382 2764 3337 4159 5788 7599 7967,item 7068 features: 11 22 36 46 79 96 97 106 112 133 147 179 197 199 262 285 291 421 507 519 568 604 717 853 1140 1775 2108 2315 2317 2318 2319 2320 2321 2322 2323 2324 2325 2326 2329 2382 2764 3337 4159 5788 7599 7967,
7070,item_7070,,item_7070,,12 30 154 421 437,item 7070 features: 12 30 154 421 437,
7073,item_7073,,item_7073,,148 243 247 691 703 861 2443 4626 4628,item 7073 features: 148 243 247 691 703 861 2443 4626 4628,
7075,item_7075,,item_7075,,96 97 260 658 3260,item 7075 features: 96 97 260 658 3260,
7077,item_7077,,item_7077,,11 12 21 253 3287 5050,item 7077 features: 11 12 21 253 3287 5050,
7081,item_7081,,item_7081,,79 81 507 5133 5962 6892 7676,item 7081 features: 79 81 507 5133 5962 6892 7676,
7082,item_7082,,item_7082,,11 12 16 19 75 77 112 115 199 358 572 756 1221,item 7082 features: 11 12 16 19 75 77 112 115 199 358 572 756 1221,
7083,item_7083,,item_7083,,70 120 123 433 4677,item 7083 features: 70 120 123 433 4677,
7085,item_7085,,item_7085,,75 149 242 314,item 7085 features: 75 149 242 314,
7086,item_7086,,item_7086,,77 115 147 148 247 4740 5950 6113 7709,item 7086 features: 77 115 147 148 247 4740 5950 6113 7709,
7087,item_7087,,item_7087,,22 23 65 74 75 77 80 105 109 154 158 251 291 323 399 1209 1373 3527 4571 4820 5293 5860 7158 7161 7163 7167 8053,item 7087 features: 22 23 65 74 75 77 80 105 109 154 158 251 291 323 399 1209 1373 3527 4571 4820 5293 5860 7158 7161 7163 7167 8053,
7088,item_7088,,item_7088,,57 74 144 152,item 7088 features: 57 74 144 152,
7090,item_7090,,item_7090,,11 16 19 22 30 36 69 74 75 77 80 81 96 105 109 150 156 158 173 197 242 251 258 263 293 323 403 407 507 606 651 662 831 888 1093 1401 1424 1775 2195 2308 3153 3299 3456 3573 3876 4424 4730 4823 4829 4831 7125 7292 7336 7347 7349 7931 7936 8023,item 7090 features: 11 16 19 22 30 36 69 74 75 77 80 81 96 105 109 150 156 158 173 197 242 251 258 263 293 323 403 407 507 606 651 662 831 888 1093 1401 1424 1775 2195 2308 3153 3299 3456 3573 3876 4424 4730 4823 4829 4831 7125 7292 7336 7347 7349 7931 7936 8023,
7091,item_7091,,item_7091,,15 16 17 22 36 46 69 70 75 94 108 109 110 112 115 133 147 148 150 162 163 164 165 166 167 168 169 170 171 172 173 176 177 178 179 191 192 193 194 195 196 197 198 199 242 243 251 274 285 286 293 296 297 303 309 317 377 379 404 405 407 421 456 516 518 519 521 537 541 544 550 585 598 602 606 613 635 636 637 641 642 643 644 646 647 648 651 656 658 662 698 700 706 717 761 852 862 876 877 878 879 937 964 975 993 1003 1051 1119 1143 1154 1189 1217 1234 1237 1243 1245 1246 1251 1252 1266 1305 1313 1350 1394 1401 1402 1425 1449 1451 1464 1500 1558 1572 1724 1772 1778 1993 2009 2055 2097 2153 2202 2218 2219 2220 2343 2346 2441 2451 2456 2590 2764 2775 2821 2937 2995 3069 3154 3535 3578 3579 3580 3581 3582 3583 3584 3585 3596 3725 3736 3765 3951 3983 3989 3990 4009 4010 4011 4012 4013 4014 4015 4016 4020 4120 4121 4166 4314 4315 4316 4337 4777 4778 4791 4958 5406 5407 5416 5543 5743 5744 5747 5755 5826 5859 5860 5874 5970 6182 6247 6386 6389 6390 6432 6460 6611 6634 6635 6636 6637 6638 6723 6739 6741 6781 6807 6838 6839 6923 7081 7082 7083 7132 7168 7170 7251 7337 7394 7395 7396 7408 7557 7564 7571 7613 7965 8015 8016 8095 8096 8099 8102 8103 8104 8106 8108 8217,item 7091 features: 15 16 17 22 36 46 69 70 75 94 108 109 110 112 115 133 147 148 150 162 163 164 165 166 167 168 169 170 171 172 173 176 177 178 179 191 192 193 194 195 196 197 198 199 242 243 251 274 285 286 293 296 297 303 309 317 377 379 404 405 407 421 456 516 518 519 521 537 541 544 550 585 598 602 606 613 635 636 637 641 642 643 644 646 647 648 651 656 658 662 698 700 706 717 761 852 862 876 877 878 879 937 964 975 993 1003 1051 1119 1143 1154 1189 1217 1234 1237 1243 1245 1246 1251 1252 1266 1305 1313 1350 1394 1401 1402 1425 1449 1451 1464 1500 1558 1572 1724 1772 1778 1993 2009 2055 2097 2153 2202 2218 2219 2220 2343 2346 2441 2451 2456 2590 2764 2775 2821 2937 2995 3069 3154 3535 3578 3579 3580 3581 3582 3583 3584 3585 3596 3725 3736 3765 3951 3983 3989 3990 4009 4010 4011 4012 4013 4014 4015 4016 4020 4120 4121 4166 4314 4315 4316 4337 4777 4778 4791 4958 5406 5407 5416 5543 5743 5744 5747 5755 5826 5859 5860 5874 5970 6182 6247 6386 6389 6390 6432 6460 6611 6634 6635 6636 6637 6638 6723 6739 6741 6781 6807 6838 6839 6923 7081 7082 7083 7132 7168 7170 7251 7337 7394 7395 7396 7408 7557 7564 7571 7613 7965 8015 8016 8095 8096 8099 8102 8103 8104 8106 8108 8217,
7092,item_7092,,item_7092,,14 15 16 22 23 24 75 105 115 158 166 173 235 291 303 329 405 661 717 766 770 818 1051 1383 3561 4885 6867 6869 7721 8146,item 7092 features: 14 15 16 22 23 24 75 105 115 158 166 173 235 291 303 329 405 661 717 766 770 818 1051 1383 3561 4885 6867 6869 7721 8146,
7093,item_7093,,item_7093,,69 77 2071 5625,item 7093 features: 69 77 2071 5625,
7094,item_7094,,item_7094,,11 12 13 16 18 19 36 99 109 150 158 166 173 263 403 421 651 691 693 964 1313 1325 1374 1378 1380 1804 1901 1904 2639 6430 7292,item 7094 features: 11 12 13 16 18 19 36 99 109 150 158 166 173 263 403 421 651 691 693 964 1313 1325 1374 1378 1380 1804 1901 1904 2639 6430 7292,
7095,item_7095,,item_7095,,11 12 13 16 18 19 20 22 24 25 29 30 36 43 44 53 57 58 69 75 77 79 84 96 105 112 115 150 154 158 173 176 193 196 199 285 291 303 323 507 604 664 670 689 691 693 699 706 756 765 1071 1375 1484 1769 1895 2696 3132 3143 3392 3573 5038 5860 6341 6696 7127,item 7095 features: 11 12 13 16 18 19 20 22 24 25 29 30 36 43 44 53 57 58 69 75 77 79 84 96 105 112 115 150 154 158 173 176 193 196 199 285 291 303 323 507 604 664 670 689 691 693 699 706 756 765 1071 1375 1484 1769 1895 2696 3132 3143 3392 3573 5038 5860 6341 6696 7127,
7096,item_7096,,item_7096,,11 22 36 77 79 99 112 115 148 173 194 247 303 404 447 507 606 691 696 717 1447 1449,item 7096 features: 11 22 36 77 79 99 112 115 148 173 194 247 303 404 447 507 606 691 696 717 1447 1449,
7098,item_7098,,item_7098,,11 16 24 36 39 70 77 80 109 150 162 173 193 260 263 299 330 602 691 703 1656 2314 4316 5506 6401 6406 6687 7213 7970 8147,item 7098 features: 11 16 24 36 39 70 77 80 109 150 162 173 193 260 263 299 330 602 691 703 1656 2314 4316 5506 6401 6406 6687 7213 7970 8147,
7099,item_7099,,item_7099,,14 22 23 24 36 70 105 110 147 158 329 401 407 588 661 733 734 735 737 738 739 740 741 742 743 836 897 909 1272 1383 3017 6864 8059,item 7099 features: 14 22 23 24 36 70 105 110 147 158 329 401 407 588 661 733 734 735 737 738 739 740 741 742 743 836 897 909 1272 1383 3017 6864 8059,
7101,item_7101,,item_7101,,112 156 208 574 1049 1050 1596 3825 4677,item 7101 features: 112 156 208 574 1049 1050 1596 3825 4677,
7102,item_7102,,item_7102,,70,item 7102 features: 70,
7103,item_7103,,item_7103,,194 208 507 574 842 861 863 1050 1935 3226 3339 3340 5866,item 7103 features: 194 208 507 574 842 861 863 1050 1935 3226 3339 3340 5866,
7107,item_7107,,item_7107,,69 155 365 696,item 7107 features: 69 155 365 696,
7109,item_7109,,item_7109,,30 96 1903,item 7109 features: 30 96 1903,
7110,item_7110,,item_7110,,11 12 13 16 18 19 21 24 26 27 30 31 36 44 83 150 154 263 303 321 325 330 455 456 691 703 1153 1804 2627 2629 4000 6429,item 7110 features: 11 12 13 16 18 19 21 24 26 27 30 31 36 44 83 150 154 263 303 321 325 330 455 456 691 703 1153 1804 2627 2629 4000 6429,
7111,item_7111,,item_7111,,13 16 19 77 96 97 150 258 631 1903 4101 5139,item 7111 features: 13 16 19 77 96 97 150 258 631 1903 4101 5139,
7114,item_7114,,item_7114,,11 13 16 19 36 75 77 99 150 456 508 592 693 1484 1727 1851 2056 5134,item 7114 features: 11 13 16 19 36 75 77 99 150 456 508 592 693 1484 1727 1851 2056 5134,
7117,item_7117,,item_7117,,112 247 253 262 1502 6223,item 7117 features: 112 247 253 262 1502 6223,
7118,item_7118,,item_7118,,16 30 31 83 154 1484,item 7118 features: 16 30 31 83 154 1484,
7119,item_7119,,item_7119,,13 16 18 19 309 5141 8151 8152 8153,item 7119 features: 13 16 18 19 309 5141 8151 8152 8153,
7120,item_7120,,item_7120,,69 74 75 77 80 144 164 179 291 422 830 833 1603 2804 5107 5109 6569 6760 6763,item 7120 features: 69 74 75 77 80 144 164 179 291 422 830 833 1603 2804 5107 5109 6569 6760 6763,
7123,item_7123,,item_7123,,22 79 112 208 492 572 1221 3355 3356 3358,item 7123 features: 22 79 112 208 492 572 1221 3355 3356 3358,
7124,item_7124,,item_7124,,22 126 130 133 163 199 260 801 3735 3736 8056,item 7124 features: 22 126 130 133 163 199 260 801 3735 3736 8056,
7126,item_7126,,item_7126,,16 70 75 77 112 162 1161 7864,item 7126 features: 16 70 75 77 112 162 1161 7864,
7127,item_7127,,item_7127,,46 69 77 101 112 115 3783,item 7127 features: 46 69 77 101 112 115 3783,
7128,item_7128,,item_7128,,16 36 70 86 99 263 286 450 506 5313,item 7128 features: 16 36 70 86 99 263 286 450 506 5313,
7129,item_7129,,item_7129,,68 69 155 320 611 710 848 4607,item 7129 features: 68 69 155 320 611 710 848 4607,
7130,item_7130,,item_7130,,22 23 68 69 291 495 844 1046 7977,item 7130 features: 22 23 68 69 291 495 844 1046 7977,
7131,item_7131,,item_7131,,69 75 77 80 179 5020 7140,item 7131 features: 69 75 77 80 179 5020 7140,
7133,item_7133,,item_7133,,77 80 251 487 602 4571 4588 4591,item 7133 features: 77 80 251 487 602 4571 4588 4591,
7135,item_7135,,item_7135,,23 106 144 145 949 4216,item 7135 features: 23 106 144 145 949 4216,
7136,item_7136,,item_7136,,11 13 14 16 22 36 69 70 77 80 112 115 150 162 179 251 377 1161,item 7136 features: 11 13 14 16 22 36 69 70 77 80 112 115 150 162 179 251 377 1161,
7139,item_7139,,item_7139,,22 69 74 75 77 80 94 101 147 169 251 293 598 602 662 766 768 771 772 773 778 1456 2071 3456 4338 6120 6634 6636 7948 7949 8416,item 7139 features: 22 69 74 75 77 80 94 101 147 169 251 293 598 602 662 766 768 771 772 773 778 1456 2071 3456 4338 6120 6634 6636 7948 7949 8416,
7140,item_7140,,item_7140,,16 36 158 4316 4320 5544,item 7140 features: 16 36 158 4316 4320 5544,
7141,item_7141,,item_7141,,22 36 253 256 272,item 7141 features: 22 36 253 256 272,
7142,item_7142,,item_7142,,68 69 314 1503,item 7142 features: 68 69 314 1503,
7143,item_7143,,item_7143,,0 87 109 173 179 320,item 7143 features: 0 87 109 173 179 320,
7144,item_7144,,item_7144,,23 29 30 63 69 74 75 77 80 109 112 129 144 197 235 291 303 325 377 442 662 668 702 871 927 1352 1384 1604 1650 1662 1663 3368 4207 4209 4210 4212 4372 4373 4897 5836 5972 6688 6691 7967 8147 8432,item 7144 features: 23 29 30 63 69 74 75 77 80 109 112 129 144 197 235 291 303 325 377 442 662 668 702 871 927 1352 1384 1604 1650 1662 1663 3368 4207 4209 4210 4212 4372 4373 4897 5836 5972 6688 6691 7967 8147 8432,
7145,item_7145,,item_7145,,11 22 46 69 75 77 101 112 115 173 176 194 199 285 291 299 327 404 1334 1495 1793 2324 2835 3044 5445 5523 5528 5740 5745 5747 5754 5860 6881 7107 7246 7355 7720 7864 8015 8016 8018 8226 8432,item 7145 features: 11 22 46 69 75 77 101 112 115 173 176 194 199 285 291 299 327 404 1334 1495 1793 2324 2835 3044 5445 5523 5528 5740 5745 5747 5754 5860 6881 7107 7246 7355 7720 7864 8015 8016 8018 8226 8432,
7146,item_7146,,item_7146,,68 69 74 75 140 1052,item 7146 features: 68 69 74 75 140 1052,
7147,item_7147,,item_7147,,0 53 68 69 74 75 77 101 136 148 170 299 1052 1578 7708,item 7147 features: 0 53 68 69 74 75 77 101 136 148 170 299 1052 1578 7708,
7148,item_7148,,item_7148,,5 57 82 142 152 153 451 4789,item 7148 features: 5 57 82 142 152 153 451 4789,
7149,item_7149,,item_7149,,69 157 314,item 7149 features: 69 157 314,
7150,item_7150,,item_7150,,11 22 77 112 115 148 173 176 191 195 243 244 247 251 382 409 421 507 577 606 1023 1324 1775 2453 3790 3791 3792 3795 3796 3800 3801 3892 4121 4122 7864,item 7150 features: 11 22 77 112 115 148 173 176 191 195 243 244 247 251 382 409 421 507 577 606 1023 1324 1775 2453 3790 3791 3792 3795 3796 3800 3801 3892 4121 4122 7864,
7151,item_7151,,item_7151,,22 36 133 194 507 1060 1775 5826 6712 6714,item 7151 features: 22 36 133 194 507 1060 1775 5826 6712 6714,
7152,item_7152,,item_7152,,68 69 173 715 996,item 7152 features: 68 69 173 715 996,
7153,item_7153,,item_7153,,22 173 262 295 3914,item 7153 features: 22 173 262 295 3914,
7154,item_7154,,item_7154,,0 109 161 4074,item 7154 features: 0 109 161 4074,
7155,item_7155,,item_7155,,69 75 112 135,item 7155 features: 69 75 112 135,
7156,item_7156,,item_7156,,144 145 1328 4211,item 7156 features: 144 145 1328 4211,
7157,item_7157,,item_7157,,144 145 611 1658,item 7157 features: 144 145 611 1658,
7160,item_7160,,item_7160,,22 25 79 112 147 327 604 691 1786 7967 7968,item 7160 features: 22 25 79 112 147 327 604 691 1786 7967 7968,
7161,item_7161,,item_7161,,11 12 13 16 19 24 25 30 43 75 77 80 112 291 303 325 327 367 927 2258 3898 4372 4373 4677 4678 7107,item 7161 features: 11 12 13 16 19 24 25 30 43 75 77 80 112 291 303 325 327 367 927 2258 3898 4372 4373 4677 4678 7107,
7162,item_7162,,item_7162,,11 12 13 18 23 24 25 29 79 84 112 147 154 283 291 422 437 460 664 691 696 703 771 1009 1272 1372 2618 2681 4372 4373 4501 5576 5873 6401,item 7162 features: 11 12 13 18 23 24 25 29 79 84 112 147 154 283 291 422 437 460 664 691 696 703 771 1009 1272 1372 2618 2681 4372 4373 4501 5576 5873 6401,
7163,item_7163,,item_7163,,22 77 112 115 604 1786,item 7163 features: 22 77 112 115 604 1786,
7165,item_7165,,item_7165,,16 112 147 173 253 2122 3136 3493 5868 8428 8429,item 7165 features: 16 112 147 173 253 2122 3136 3493 5868 8428 8429,
7166,item_7166,,item_7166,,11 22 23 43 69 75 100 115 147 148 155 156 176 189 194 199 208 260 291 377 408 611 691 706 826 844 1048 1076 1581 1669,item 7166 features: 11 22 23 43 69 75 100 115 147 148 155 156 176 189 194 199 208 260 291 377 408 611 691 706 826 844 1048 1076 1581 1669,
7167,item_7167,,item_7167,,24 68 69 105 155 158 260 352 365 407 422 650 670 696 1581 1919 1984 3575 4955 4971 4975 8146,item 7167 features: 24 68 69 105 155 158 260 352 365 407 422 650 670 696 1581 1919 1984 3575 4955 4971 4975 8146,
7168,item_7168,,item_7168,,22 23 69 74 75 109 260 299 733 735 737 743 744 754 911 1650 1651 3044 3214 4906 5904 5914 5917 5920 5924 6557 6940 7512,item 7168 features: 22 23 69 74 75 109 260 299 733 735 737 743 744 754 911 1650 1651 3044 3214 4906 5904 5914 5917 5920 5924 6557 6940 7512,
7174,item_7174,,item_7174,,12 30 31 6415,item 7174 features: 12 30 31 6415,
7177,item_7177,,item_7177,,14 22 23 36 69 70 75 77 155 158 179 203 242 309 377 390 422 691 706 733 734 735 739 740 744 746 749 863 1048 1651 2055 2969 2973 5506 6090 7958,item 7177 features: 14 22 23 36 69 70 75 77 155 158 179 203 242 309 377 390 422 691 706 733 734 735 739 740 744 746 749 863 1048 1651 2055 2969 2973 5506 6090 7958,
7178,item_7178,,item_7178,,11 12 31 86 196 460 895 1140,item 7178 features: 11 12 31 86 196 460 895 1140,
7183,item_7183,,item_7183,,11 22 67 79 88 96 97 133 160 173 179 191 199 244 258 285 291 309 377 422 520 568 580 581 598 691 853 1060 1424 1462 1775 2097 2227 2315 2317 2318 2319 2320 2321 2324 2325 2329 2367 2423 2585 2586 2588 2589 2590 2591 2594 2595 2596 2598 2599 2601 2603 2604 2606 2608 2609 2919 3853 4367 4398 5788 7822,item 7183 features: 11 22 67 79 88 96 97 133 160 173 179 191 199 244 258 285 291 309 377 422 520 568 580 581 598 691 853 1060 1424 1462 1775 2097 2227 2315 2317 2318 2319 2320 2321 2324 2325 2329 2367 2423 2585 2586 2588 2589 2590 2591 2594 2595 2596 2598 2599 2601 2603 2604 2606 2608 2609 2919 3853 4367 4398 5788 7822,
7186,item_7186,,item_7186,,69 74 75 77 80 148 176 194 242 260 404 692 693 978 5743,item 7186 features: 69 74 75 77 80 148 176 194 242 260 404 692 693 978 5743,
7187,item_7187,,item_7187,,11 13 16 19 20 58 303 1363 1364 1898 1903,item 7187 features: 11 13 16 19 20 58 303 1363 1364 1898 1903,
7188,item_7188,,item_7188,,4 5 57 272 502 767,item 7188 features: 4 5 57 272 502 767,
7189,item_7189,,item_7189,,15 16 57 70 82 486 487 488 1325,item 7189 features: 15 16 57 70 82 486 487 488 1325,
7190,item_7190,,item_7190,,16 36 75 150 169 263 1136,item 7190 features: 16 36 75 150 169 263 1136,
7194,item_7194,,item_7194,,14 15 22 23 36 39 40 75 329 766 770 771 772 773 774 836 4825,item 7194 features: 14 15 22 23 36 39 40 75 329 766 770 771 772 773 774 836 4825,
7195,item_7195,,item_7195,,14 15 22 23 24 36 70 75 109 154 158 164 173 260 329 401 407 421 422 447 735 736 738 743 745 902 1140 1786 5862 5936,item 7195 features: 14 15 22 23 24 36 70 75 109 154 158 164 173 260 329 401 407 421 422 447 735 736 738 743 745 902 1140 1786 5862 5936,
7196,item_7196,,item_7196,,14 15 16 22 23 24 36 69 70 74 75 99 105 109 127 154 158 164 165 173 235 263 291 329 390 401 404 405 407 574 588 611 661 702 733 735 736 738 739 741 744 745 746 750 751 754 766 767 768 769 770 771 772 773 774 775 778 779 780 783 833 836 861 1203 1447 1450 1920 2044 2512 2783 3214 3293 3494 3551 3553 3576 3593 3813 3814 3820 4712 4819 4824 4835 4838 5903 5904 5913 5916 5924 5927 5938 5949 6320 6394 6971,item 7196 features: 14 15 16 22 23 24 36 69 70 74 75 99 105 109 127 154 158 164 165 173 235 263 291 329 390 401 404 405 407 574 588 611 661 702 733 735 736 738 739 741 744 745 746 750 751 754 766 767 768 769 770 771 772 773 774 775 778 779 780 783 833 836 861 1203 1447 1450 1920 2044 2512 2783 3214 3293 3494 3551 3553 3576 3593 3813 3814 3820 4712 4819 4824 4835 4838 5903 5904 5913 5916 5924 5927 5938 5949 6320 6394 6971,
7197,item_7197,,item_7197,,14 22 23 69 155 158 291 447 520 691 833 861 1346 1659 2055 5906,item 7197 features: 14 22 23 69 155 158 291 447 520 691 833 861 1346 1659 2055 5906,
7198,item_7198,,item_7198,,16 22 46 69 75 77 112 115 158 251 262 293 303 404 691 692 706 857 1046 1091 2055 5750 5875 5906 5951 6997 8195 8197 8209 8238,item 7198 features: 16 22 46 69 75 77 112 115 158 251 262 293 303 404 691 692 706 857 1046 1091 2055 5750 5875 5906 5951 6997 8195 8197 8209 8238,
7200,item_7200,,item_7200,,14 15 22 23 24 30 69 70 75 105 147 154 155 158 192 235 279 291 329 399 411 574 588 611 717 733 734 735 737 739 740 744 746 836 862 1047 1109 1272 1451 1650 1922 2506 3189 3214 3593 4372 4373 4700 4816 4817 4820 4823 4826 4831 4838 5445 5859 5862 5903 5905 5906 5907 5908 5909 5910 5911 5912 5913 5915 5916 5918 5922 5923 5924 5926 5927 5937 5938 5940 5941 8146,item 7200 features: 14 15 22 23 24 30 69 70 75 105 147 154 155 158 192 235 279 291 329 399 411 574 588 611 717 733 734 735 737 739 740 744 746 836 862 1047 1109 1272 1451 1650 1922 2506 3189 3214 3593 4372 4373 4700 4816 4817 4820 4823 4826 4831 4838 5445 5859 5862 5903 5905 5906 5907 5908 5909 5910 5911 5912 5913 5915 5916 5918 5922 5923 5924 5926 5927 5937 5938 5940 5941 8146,
7201,item_7201,,item_7201,,23 69 115 155 158 291 365 691 696 1048 1049 2448 4674 5861 5862 5863 5865,item 7201 features: 23 69 115 155 158 291 365 691 696 1048 1049 2448 4674 5861 5862 5863 5865,
7202,item_7202,,item_7202,,22 69 146 978 1076 1771,item 7202 features: 22 69 146 978 1076 1771,
7204,item_7204,,item_7204,,14 15 17 22 23 36 70 75 110 147 158 163 191 291 329 401 404 405 407 415 520 661 691 706 734 737 755 892 893 1650 3415 3547 3817 4874 5904 7958 8146,item 7204 features: 14 15 17 22 23 36 70 75 110 147 158 163 191 291 329 401 404 405 407 415 520 661 691 706 734 737 755 892 893 1650 3415 3547 3817 4874 5904 7958 8146,
7205,item_7205,,item_7205,,14 15 16 22 23 30 70 75 147 154 158 176 279 329 401 421 735 738 745 766 769 770 862 1091 1656 1896 2244 2781 3045 3133 3189 3415 3527 3576 3673 3676 4816 4831 5445 5446 5449 5506 6409 6864,item 7205 features: 14 15 16 22 23 30 70 75 147 154 158 176 279 329 401 421 735 738 745 766 769 770 862 1091 1656 1896 2244 2781 3045 3133 3189 3415 3527 3576 3673 3676 4816 4831 5445 5446 5449 5506 6409 6864,
7209,item_7209,,item_7209,,143 314,item 7209 features: 143 314,
7213,item_7213,,item_7213,,112 291 862 2803 6972,item 7213 features: 112 291 862 2803 6972,
7214,item_7214,,item_7214,,22 69 74 75 77 191 260 323 382 407 717 1462 1775 2615 5743 6431 8220,item 7214 features: 22 69 74 75 77 191 260 323 382 407 717 1462 1775 2615 5743 6431 8220,
7218,item_7218,,item_7218,,109 112 121 128 433 5423,item 7218 features: 109 112 121 128 433 5423,
7221,item_7221,,item_7221,,4 12 68 154 157 314 315 320 1677,item 7221 features: 4 12 68 154 157 314 315 320 1677,
7222,item_7222,,item_7222,,15 22 23 105 112 147 154 155 158 164 208 285 291 397 507 574 1653 1659 1667 2105 2635 3355 3676 4927 5688 5689 5692 5859 5864 5868,item 7222 features: 15 22 23 105 112 147 154 155 158 164 208 285 291 397 507 574 1653 1659 1667 2105 2635 3355 3676 4927 5688 5689 5692 5859 5864 5868,
7224,item_7224,,item_7224,,14 22 23 24 36 69 110 112 115 158 179 189 285 401 404 409 717 862 1046 1654 2105 2553 2766 3045 4234 6320,item 7224 features: 14 22 23 24 36 69 110 112 115 158 179 189 285 401 404 409 717 862 1046 1654 2105 2553 2766 3045 4234 6320,
7225,item_7225,,item_7225,,22 112 199 852 7988,item 7225 features: 22 112 199 852 7988,
7226,item_7226,,item_7226,,22 158 260 521 2105 6609 6610 8231,item 7226 features: 22 158 260 521 2105 6609 6610 8231,
7228,item_7228,,item_7228,,14 22 23 65 69 75 77 142 147 158 173 235 291 303 325 399 422 588 611 668 717 829 836 965 1109 1650 1666 2244 3494 3561 3562 4424 4823 4826 5449 5861 6282 8146,item 7228 features: 14 22 23 65 69 75 77 142 147 158 173 235 291 303 325 399 422 588 611 668 717 829 836 965 1109 1650 1666 2244 3494 3561 3562 4424 4823 4826 5449 5861 6282 8146,
7229,item_7229,,item_7229,,0 16 22 36 69 133 163 195 257 263 320 507 519 1985 3028 3137 3359 4188 4189 5543 8225,item 7229 features: 0 16 22 36 69 133 163 195 257 263 320 507 519 1985 3028 3137 3359 4188 4189 5543 8225,
7230,item_7230,,item_7230,,14 15 16 17 22 23 36 70 75 110 154 158 191 230 329 401 407 415 661 670 733 734 735 738 740 752 896 1272 1346 2491 2502 2503 2513 3045 3189 3415 3547 3813 5449 5551,item 7230 features: 14 15 16 17 22 23 36 70 75 110 154 158 191 230 329 401 407 415 661 670 733 734 735 738 740 752 896 1272 1346 2491 2502 2503 2513 3045 3189 3415 3547 3813 5449 5551,
7231,item_7231,,item_7231,,14 15 22 23 70 158 329 863 3500 3561 6320,item 7231 features: 14 15 22 23 70 158 329 863 3500 3561 6320,
7232,item_7232,,item_7232,,16 36 86 112 173 191 285 456 1045 1051 1313 1449 1457 1458 1459 1464 1465 6780 6783,item 7232 features: 16 36 86 112 173 191 285 456 1045 1051 1313 1449 1457 1458 1459 1464 1465 6780 6783,
7233,item_7233,,item_7233,,16 69 70 75 109 486 1728 3732 6865,item 7233 features: 16 69 70 75 109 486 1728 3732 6865,
7234,item_7234,,item_7234,,14 22 23 36 74 691,item 7234 features: 14 22 23 36 74 691,
7235,item_7235,,item_7235,,97 107 309 422 581 1424 1885 2367 2585 2586 2587 2588 2590 2591 2592 2601 2607 2608 4367,item 7235 features: 97 107 309 422 581 1424 1885 2367 2585 2586 2587 2588 2590 2591 2592 2601 2607 2608 4367,
7236,item_7236,,item_7236,,11 88 96 97 144 258 422 441 519 581 1302 1424 1775 2032 2191 2584 2585 2586 2587 2588 2591 2593 2594 2595 2597 2598 2604 2607 3299 4035 7013 7014 7017 7024 8000,item 7236 features: 11 88 96 97 144 258 422 441 519 581 1302 1424 1775 2032 2191 2584 2585 2586 2587 2588 2591 2593 2594 2595 2597 2598 2604 2607 3299 4035 7013 7014 7017 7024 8000,
7238,item_7238,,item_7238,,11 12 13 16 65 150 691 693 1140,item 7238 features: 11 12 13 16 65 150 691 693 1140,
7239,item_7239,,item_7239,,11 12 13 16 18 19 65 75 79 84 104 150 154 253 460 703 1140 2158 2631 8067,item 7239 features: 11 12 13 16 18 19 65 75 79 84 104 150 154 253 460 703 1140 2158 2631 8067,
7240,item_7240,,item_7240,,69 135 260,item 7240 features: 69 135 260,
7242,item_7242,,item_7242,,11 12 13 16 30 31 41 43 44 86 98 150 242 263 303 396 456 703 706 1109 4372 4373 4427 5133 5972 8116,item 7242 features: 11 12 13 16 30 31 41 43 44 86 98 150 242 263 303 396 456 703 706 1109 4372 4373 4427 5133 5972 8116,
7244,item_7244,,item_7244,,23 235 325 327 3145,item 7244 features: 23 235 325 327 3145,
7245,item_7245,,item_7245,,16 25 30 142 303 327 927 1352 1484 7107 7752,item 7245 features: 16 25 30 142 303 327 927 1352 1484 7107 7752,
7246,item_7246,,item_7246,,22 96 97 133 258 260 2615 8217,item 7246 features: 22 96 97 133 258 260 2615 8217,
7248,item_7248,,item_7248,,11 12 13 16 84 86 150 450 474 693 1140 1956 2158,item 7248 features: 11 12 13 16 84 86 150 450 474 693 1140 1956 2158,
7249,item_7249,,item_7249,,16 27 31 36 150 169 263 456 1109 1424 5414 5607 5764 8023,item 7249 features: 16 27 31 36 150 169 263 456 1109 1424 5414 5607 5764 8023,
7250,item_7250,,item_7250,,63 84 115 210 247 327 1352 3236,item 7250 features: 63 84 115 210 247 327 1352 3236,
7254,item_7254,,item_7254,,12 16 57,item 7254 features: 12 16 57,
7255,item_7255,,item_7255,,88 96 97 191 244 258 291 309 581 1424 1775 2097 2586 2587 2588 2590 2591 2592 2593 2595 2597 2598 2601 2608,item 7255 features: 88 96 97 191 244 258 291 309 581 1424 1775 2097 2586 2587 2588 2590 2591 2592 2593 2595 2597 2598 2601 2608,
7259,item_7259,,item_7259,,16 57 70 82 1109,item 7259 features: 16 57 70 82 1109,
7260,item_7260,,item_7260,,0 69 74 75 139 1052,item 7260 features: 0 69 74 75 139 1052,
7264,item_7264,,item_7264,,11 16 19 96 97 693 1363 1805 5141 7449 7696,item 7264 features: 11 16 19 96 97 693 1363 1805 5141 7449 7696,
7265,item_7265,,item_7265,,11 13 16 18 19 46 58 75 77 112 147 150 197 199 342 604 703 711 1424 3456 6693 7948 7949 8066 8266,item 7265 features: 11 13 16 18 19 46 58 75 77 112 147 150 197 199 342 604 703 711 1424 3456 6693 7948 7949 8066 8266,
7267,item_7267,,item_7267,,74 75 109 139 140 149 284 614 1369 2633,item 7267 features: 74 75 109 139 140 149 284 614 1369 2633,
7268,item_7268,,item_7268,,13 104 112 125 253 1850,item 7268 features: 13 104 112 125 253 1850,
7269,item_7269,,item_7269,,22 23 69 106 147 148 155 156 176 189 194 197 199 208 303 407 421 422 447 611 650 666 691 844 864 938 1048 1049 1076 1462 1894 2191 2453 2592 3108 4961 4969 4973 4975 6294 6359 6848 6900 7900 7911 7912 7918 7920 7922 8147,item 7269 features: 22 23 69 106 147 148 155 156 176 189 194 197 199 208 303 407 421 422 447 611 650 666 691 844 864 938 1048 1049 1076 1462 1894 2191 2453 2592 3108 4961 4969 4973 4975 6294 6359 6848 6900 7900 7911 7912 7918 7920 7922 8147,
7270,item_7270,,item_7270,,22 23 69 71 75 92 100 105 115 141 148 155 158 169 172 176 192 194 247 260 309 323 396 404 407 421 422 541 574 606 611 667 668 691 692 703 706 844 963 1049 1140 1324 1401 1627 1856 2759 2831 2835 3140 5028 5865 6878 7412,item 7270 features: 22 23 69 71 75 92 100 105 115 141 148 155 158 169 172 176 192 194 247 260 309 323 396 404 407 421 422 541 574 606 611 667 668 691 692 703 706 844 963 1049 1140 1324 1401 1627 1856 2759 2831 2835 3140 5028 5865 6878 7412,
7271,item_7271,,item_7271,,19 29 30 69 75 77 80 84 109 321 379 693 703 3699 4452 4553 4656 5428 5859 5860 6916 7125 7904,item 7271 features: 19 29 30 69 75 77 80 84 109 321 379 693 703 3699 4452 4553 4656 5428 5859 5860 6916 7125 7904,
7272,item_7272,,item_7272,,22 23 68 69 71 75 84 99 100 105 155 158 169 172 176 194 197 208 260 291 365 404 407 408 422 507 574 590 602 611 650 651 696 710 717 827 829 836 839 844 861 862 955 1325 1448 1462 1651 1667 1894 2128 2369 2554 2635 2671 2672 2673 3108 3113 3938 4673 4757 4762 4817 4827 4870 4976 5418 5439 5440 5441 5442 5688 5689 5690 5691 5692 5693 5958 6015 6556 6951 7140 7711 8147 8433,item 7272 features: 22 23 68 69 71 75 84 99 100 105 155 158 169 172 176 194 197 208 260 291 365 404 407 408 422 507 574 590 602 611 650 651 696 710 717 827 829 836 839 844 861 862 955 1325 1448 1462 1651 1667 1894 2128 2369 2554 2635 2671 2672 2673 3108 3113 3938 4673 4757 4762 4817 4827 4870 4976 5418 5439 5440 5441 5442 5688 5689 5690 5691 5692 5693 5958 6015 6556 6951 7140 7711 8147 8433,
7273,item_7273,,item_7273,,12 23 65 68 69 94 115 147 148 155 172 179 192 194 247 291 423 437 574 611 650 668 696 697 706 818 822 825 833 838 865 1109 2175 2191 2734 4823 5445 5859 5860 5865 5868 5873,item 7273 features: 12 23 65 68 69 94 115 147 148 155 172 179 192 194 247 291 423 437 574 611 650 668 696 697 706 818 822 825 833 838 865 1109 2175 2191 2734 4823 5445 5859 5860 5865 5868 5873,
7274,item_7274,,item_7274,,72 154 321 437 864 2055 5865 8147,item 7274 features: 72 154 321 437 864 2055 5865 8147,
7275,item_7275,,item_7275,,22 69 340 358 572 2975 3000,item 7275 features: 22 69 340 358 572 2975 3000,
7276,item_7276,,item_7276,,16 29 30 77 80 83 109 179 235 303 756 1604 3143 5225 5577 7968,item 7276 features: 16 29 30 77 80 83 109 179 235 303 756 1604 3143 5225 5577 7968,
7277,item_7277,,item_7277,,16 27 162 455 465 486 488,item 7277 features: 16 27 162 455 465 486 488,
7279,item_7279,,item_7279,,0 23 72 109 173 291 303 321 354 487 1274 4663 4664 4666 5162 5553 6711,item 7279 features: 0 23 72 109 173 291 303 321 354 487 1274 4663 4664 4666 5162 5553 6711,
7280,item_7280,,item_7280,,199 260 295 8382 8383,item 7280 features: 199 260 295 8382 8383,
7281,item_7281,,item_7281,,0 4 23 69 87 109 154 157 291 320 358 502 663 665 690 717 1348 1517 1875 2055 3164 3165 3964 7410,item 7281 features: 0 4 23 69 87 109 154 157 291 320 358 502 663 665 690 717 1348 1517 1875 2055 3164 3165 3964 7410,
7284,item_7284,,item_7284,,100 208 456 844 1098 5689 5691 6876,item 7284 features: 100 208 456 844 1098 5689 5691 6876,
7285,item_7285,,item_7285,,155 156 938,item 7285 features: 155 156 938,
7288,item_7288,,item_7288,,0 3 5 16 4799,item 7288 features: 0 3 5 16 4799,
7289,item_7289,,item_7289,,69 75 77 112 179 247 1599 5090 7125,item 7289 features: 69 75 77 112 179 247 1599 5090 7125,
7291,item_7291,,item_7291,,12 16 30 36 44 86 150 158 263 456 5972 7970,item 7291 features: 12 16 30 36 44 86 150 158 263 456 5972 7970,
7292,item_7292,,item_7292,,19 30 96 6401,item 7292 features: 19 30 96 6401,
7294,item_7294,,item_7294,,74,item 7294 features: 74,
7297,item_7297,,item_7297,,69 109 144 145 1674 2633,item 7297 features: 69 109 144 145 1674 2633,
7298,item_7298,,item_7298,,96 97 112 115 241 507 519 568 598 1302 2097 2317 2318 2367 2585 2589 2594 2604 2606,item 7298 features: 96 97 112 115 241 507 519 568 598 1302 2097 2317 2318 2367 2585 2589 2594 2604 2606,
7299,item_7299,,item_7299,,96 97 160 258 260 377 403 651 2376,item 7299 features: 96 97 160 258 260 377 403 651 2376,
7300,item_7300,,item_7300,,208 507 1162 5869 5873 8221,item 7300 features: 208 507 1162 5869 5873 8221,
7303,item_7303,,item_7303,,16 22 36 79 112 115 133 163 165 197 199 299 507 4906 5865 6818 6819 6820 6821 6822,item 7303 features: 16 22 36 79 112 115 133 163 165 197 199 299 507 4906 5865 6818 6819 6820 6821 6822,
7304,item_7304,,item_7304,,16 22 36 75 81 99 150 163 199 242 260 263 286 299 507 585 853 3494,item 7304 features: 16 22 36 75 81 99 150 163 199 242 260 263 286 299 507 585 853 3494,
7305,item_7305,,item_7305,,22 36 46 94 105 112 115 133 147 158 164 199 291 323 495 520 521 604 862 2108 2314 3551 3835 4394,item 7305 features: 22 36 46 94 105 112 115 133 147 158 164 199 291 323 495 520 521 604 862 2108 2314 3551 3835 4394,
7306,item_7306,,item_7306,,11 14 16 22 36 69 70 74 75 77 80 112 115 150 158 162 165 166 191 242 251 263 390 945 1161 1424 2153 2556 3519 4587 5874 6522 8196 8211,item 7306 features: 11 14 16 22 36 69 70 74 75 77 80 112 115 150 158 162 165 166 191 242 251 263 390 945 1161 1424 2153 2556 3519 4587 5874 6522 8196 8211,
7307,item_7307,,item_7307,,139 618 6690 6697 8021 8022,item 7307 features: 139 618 6690 6697 8021 8022,
7308,item_7308,,item_7308,,22 101 148 247 260 690 1775 4121 5544 5648,item 7308 features: 22 101 148 247 260 690 1775 4121 5544 5648,
7310,item_7310,,item_7310,,19 46 70 112 142 150 303 461,item 7310 features: 19 46 70 112 142 150 303 461,
7313,item_7313,,item_7313,,156 164 260 1076 1226 1449 2453,item 7313 features: 156 164 260 1076 1226 1449 2453,
7314,item_7314,,item_7314,,11 22 36 75 94 101 112 148 170 192 199 242 247 332 577 602 697 719 1046 1334 1543 3614 4899 5428 5519 5520 5521 5523 5524 5528 5529 5532 5533 5576 5577 5579 6634 6951 6956 7720 7722,item 7314 features: 11 22 36 75 94 101 112 148 170 192 199 242 247 332 577 602 697 719 1046 1334 1543 3614 4899 5428 5519 5520 5521 5523 5524 5528 5529 5532 5533 5576 5577 5579 6634 6951 6956 7720 7722,
7315,item_7315,,item_7315,,156 173 1332 4692 4693 6300,item 7315 features: 156 173 1332 4692 4693 6300,
7316,item_7316,,item_7316,,14 69 77 80 105 109 129 144 158 210 235 260 325 1350 3298 6685 6688 7824,item 7316 features: 14 69 77 80 105 109 129 144 158 210 235 260 325 1350 3298 6685 6688 7824,
7317,item_7317,,item_7317,,14 15 16 22 23 36 70 154 158 164 166 235 303 329 407 661 717 733 735 736 738 739 745 771 777 836 1143 1940 3132 3153 3561 4816 4818 4820 4833 6394 6397 6864 6867,item 7317 features: 14 15 16 22 23 36 70 154 158 164 166 235 303 329 407 661 717 733 735 736 738 739 745 771 777 836 1143 1940 3132 3153 3561 4816 4818 4820 4833 6394 6397 6864 6867,
7318,item_7318,,item_7318,,16 36 69 70 77 80 109 112 150 173 242 303 404 486 598 717 862 1263 1394 2071 4944 5625 5743 5745 6685 6686 8220 8409,item 7318 features: 16 36 69 70 77 80 109 112 150 173 242 303 404 486 598 717 862 1263 1394 2071 4944 5625 5743 5745 6685 6686 8220 8409,
7322,item_7322,,item_7322,,16 27 57 70 82 486,item 7322 features: 16 27 57 70 82 486,
7328,item_7328,,item_7328,,15 23 75 79 112 158 397 5863,item 7328 features: 15 23 75 79 112 158 397 5863,
7331,item_7331,,item_7331,,14 235 7967,item 7331 features: 14 235 7967,
7332,item_7332,,item_7332,,16 22 36 86 99 150 260 379 456 487 885 886 1051 1313 1474 3423,item 7332 features: 16 22 36 86 99 150 260 379 456 487 885 886 1051 1313 1474 3423,
7334,item_7334,,item_7334,,16 23 30 115 492 611,item 7334 features: 16 23 30 115 492 611,
7335,item_7335,,item_7335,,30 75 442 1604 8143,item 7335 features: 30 75 442 1604 8143,
7336,item_7336,,item_7336,,14 23 69 105 144 158 213 226 233 239 265 407 717 836 862 1143 1406 2889 3539 4818 4819 5502 5904 5914 8146,item 7336 features: 14 23 69 105 144 158 213 226 233 239 265 407 717 836 862 1143 1406 2889 3539 4818 4819 5502 5904 5914 8146,
7337,item_7337,,item_7337,,29 30 69 74 75 442 1601 1604 1605 2079 2639 2696 2697 5092 5093 5096 5569,item 7337 features: 29 30 69 74 75 442 1601 1604 1605 2079 2639 2696 2697 5092 5093 5096 5569,
7338,item_7338,,item_7338,,80 235 756 1662 1663,item 7338 features: 80 235 756 1662 1663,
7339,item_7339,,item_7339,,16 30 44 980 5972 5973 5974 7696 7697,item 7339 features: 16 30 44 980 5972 5973 5974 7696 7697,
7342,item_7342,,item_7342,,69 74 75 80 242 260 5743,item 7342 features: 69 74 75 80 242 260 5743,
7343,item_7343,,item_7343,,69 75 101 135 260 602 6634 6635 6636 6638,item 7343 features: 69 75 101 135 260 602 6634 6635 6636 6638,
7345,item_7345,,item_7345,,12 24 53 83 176 197 706 1107,item 7345 features: 12 24 53 83 176 197 706 1107,
7348,item_7348,,item_7348,,68 320 2169 2245 3964,item 7348 features: 68 320 2169 2245 3964,
7350,item_7350,,item_7350,,22 77 79 112 191 251 272 696 1324 1863 1898 6147 6626,item 7350 features: 22 77 79 112 191 251 272 696 1324 1863 1898 6147 6626,
7351,item_7351,,item_7351,,75 112 507 3633 5406,item 7351 features: 75 112 507 3633 5406,
7352,item_7352,,item_7352,,69 74 75 77 109 112 144 146 179 285 495 1598,item 7352 features: 69 74 75 77 109 112 144 146 179 285 495 1598,
7353,item_7353,,item_7353,,16 77 109,item 7353 features: 16 77 109,
7354,item_7354,,item_7354,,0 68 85 320 499 4463 4464,item 7354 features: 0 68 85 320 499 4463 4464,
7355,item_7355,,item_7355,,70 99,item 7355 features: 70 99,
7356,item_7356,,item_7356,,0 68 320 499 611 3656 4462 6955,item 7356 features: 0 68 320 499 611 3656 4462 6955,
7357,item_7357,,item_7357,,23 69 155 203 208 611 3415 4708,item 7357 features: 23 69 155 203 208 611 3415 4708,
7358,item_7358,,item_7358,,12 16 22 36 81 99 150 263,item 7358 features: 12 16 22 36 81 99 150 263,
7359,item_7359,,item_7359,,36 86 99 456 491 1045,item 7359 features: 36 86 99 456 491 1045,
7360,item_7360,,item_7360,,12 36 70 75 99 263 1109,item 7360 features: 12 36 70 75 99 263 1109,
7361,item_7361,,item_7361,,22 77 112 115 148 247 251 598 717 1775 2767 3622 3623 3636 3783,item 7361 features: 22 77 112 115 148 247 251 598 717 1775 2767 3622 3623 3636 3783,
7362,item_7362,,item_7362,,75 77 109 115 147 251 299 323 521 1400 1496 7154 8052 8219,item 7362 features: 75 77 109 115 147 251 299 323 521 1400 1496 7154 8052 8219,
7364,item_7364,,item_7364,,11 12 13 16 84 86 196 263 450 460 474 895 1140 1786 2152 2157 2158 7125,item 7364 features: 11 12 13 16 84 86 196 263 450 460 474 895 1140 1786 2152 2157 2158 7125,
7365,item_7365,,item_7365,,22 69 75 77 115 262 307 847 6008 6696 8020 8022,item 7365 features: 22 69 75 77 115 262 307 847 6008 6696 8020 8022,
7366,item_7366,,item_7366,,12 14 16 23 63 69 77 80 115 150 154 158 173 235 247 260 291 325 507 1161 1352,item 7366 features: 12 14 16 23 63 69 77 80 115 150 154 158 173 235 247 260 291 325 507 1161 1352,
7367,item_7367,,item_7367,,0 72 78 83 154 354 363 1028 5554,item 7367 features: 0 72 78 83 154 354 363 1028 5554,
7368,item_7368,,item_7368,,143 314 810,item 7368 features: 143 314 810,
7369,item_7369,,item_7369,,34 69 77 109 191 197 199 2097 3215 6118 7897 7898 7899 7900 7901 7904 7906 7907 7908 7910 7911 7912 7913 7914 7915 7916 7917 7918 7919 7920 7922,item 7369 features: 34 69 77 109 191 197 199 2097 3215 6118 7897 7898 7899 7900 7901 7904 7906 7907 7908 7910 7911 7912 7913 7914 7915 7916 7917 7918 7919 7920 7922,
7370,item_7370,,item_7370,,80 144,item 7370 features: 80 144,
7371,item_7371,,item_7371,,11 12 13 16 18 19 197 253 447 604 1140 1157 8066 8067,item 7371 features: 11 12 13 16 18 19 197 253 447 604 1140 1157 8066 8067,
7372,item_7372,,item_7372,,13 96 173 1805 2928,item 7372 features: 13 96 173 1805 2928,
7373,item_7373,,item_7373,,77 148 247,item 7373 features: 77 148 247,
7375,item_7375,,item_7375,,23 492 977 3341 6902,item 7375 features: 23 492 977 3341 6902,
7377,item_7377,,item_7377,,154 365 696 1042 2643 3116 3342 4843 5264 6149,item 7377 features: 154 365 696 1042 2643 3116 3342 4843 5264 6149,
7379,item_7379,,item_7379,,16 147 150 2674 2675 2676 7875,item 7379 features: 16 147 150 2674 2675 2676 7875,
7380,item_7380,,item_7380,,68 155,item 7380 features: 68 155,
7382,item_7382,,item_7382,,79 81 696,item 7382 features: 79 81 696,
7389,item_7389,,item_7389,,11 27 96 115 148,item 7389 features: 11 27 96 115 148,
7390,item_7390,,item_7390,,27 75 77 80 109 766 768 771 2905 4925,item 7390 features: 27 75 77 80 109 766 768 771 2905 4925,
7393,item_7393,,item_7393,,11 13 22 77 79 109 112 115 148 247 487 630 691 692 7125,item 7393 features: 11 13 22 77 79 109 112 115 148 247 487 630 691 692 7125,
7394,item_7394,,item_7394,,16 77 80 162 263 721 1161 2945 6496 7970,item 7394 features: 16 77 80 162 263 721 1161 2945 6496 7970,
7395,item_7395,,item_7395,,22 46 112 121 128 268 433 585 602 651 964 1022 2001 2006 7883,item 7395 features: 22 46 112 121 128 268 433 585 602 651 964 1022 2001 2006 7883,
7399,item_7399,,item_7399,,15 22 74 77 291 826 1804 3676,item 7399 features: 15 22 74 77 291 826 1804 3676,
7400,item_7400,,item_7400,,12 30 31 437 4093,item 7400 features: 12 30 31 437 4093,
7402,item_7402,,item_7402,,11 12 30 62 83 154 176 421 437 1484 2622 4567 4910 5576 5580 5766 6694 8031 8274,item 7402 features: 11 12 30 62 83 154 176 421 437 1484 2622 4567 4910 5576 5580 5766 6694 8031 8274,
7403,item_7403,,item_7403,,11 12 21 154 176 421 437 492 692 861 1009 2099 2622 4093 5576 5577 5580,item 7403 features: 11 12 21 154 176 421 437 492 692 861 1009 2099 2622 4093 5576 5577 5580,
7405,item_7405,,item_7405,,22 23 69 86 110 147 155 158 321 354 588 611 865,item 7405 features: 22 23 69 86 110 147 155 158 321 354 588 611 865,
7406,item_7406,,item_7406,,22 69 75 77 80 109 404 3783,item 7406 features: 22 69 75 77 80 109 404 3783,
7407,item_7407,,item_7407,,23 112 156 176 291 309 447 611 706 862 863 864 867 1046 1332 1395 1401 2055 3227 4692 5790,item 7407 features: 23 112 156 176 291 309 447 611 706 862 863 864 867 1046 1332 1395 1401 2055 3227 4692 5790,
7408,item_7408,,item_7408,,154 155 208 697 702 2782 5693,item 7408 features: 154 155 208 697 702 2782 5693,
7409,item_7409,,item_7409,,69 75 80 340 358 690 2559 4419 4421 4422,item 7409 features: 69 75 80 340 358 690 2559 4419 4421 4422,
7410,item_7410,,item_7410,,22 77 80 158 423 4816 8147,item 7410 features: 22 77 80 158 423 4816 8147,
7412,item_7412,,item_7412,,4 30 314 315 617 810,item 7412 features: 4 30 314 315 617 810,
7414,item_7414,,item_7414,,16 57 70 82 109 486 489 717 1109 2696 3724,item 7414 features: 16 57 70 82 109 486 489 717 1109 2696 3724,
7415,item_7415,,item_7415,,8 9 57 82 109 451 8119,item 7415 features: 8 9 57 82 109 451 8119,
7417,item_7417,,item_7417,,11 16 43 57 70 82 150 367 396 451 486 706,item 7417 features: 11 16 43 57 70 82 150 367 396 451 486 706,
7418,item_7418,,item_7418,,16 27 57 70 82 486 488,item 7418 features: 16 27 57 70 82 486 488,
7420,item_7420,,item_7420,,22 69 75 260 293 339 3137 3359,item 7420 features: 22 69 75 260 293 339 3137 3359,
7421,item_7421,,item_7421,,101 339,item 7421 features: 101 339,
7422,item_7422,,item_7422,,16 22 36 112 150 166 199 263 492 641 977 6902 8392 8393,item 7422 features: 16 22 36 112 150 166 199 263 492 641 977 6902 8392 8393,
7423,item_7423,,item_7423,,109 144 1165 1531,item 7423 features: 109 144 1165 1531,
7425,item_7425,,item_7425,,109 144 145 265 354 949 1165,item 7425 features: 109 144 145 265 354 949 1165,
7426,item_7426,,item_7426,,144 145 157 358 1165 3214 6435,item 7426 features: 144 145 157 358 1165 3214 6435,
7427,item_7427,,item_7427,,144 157 1165,item 7427 features: 144 157 1165,
