item_id,title,artist_name,track_name,category,tags,description
1,item_1,,item_1,,369 22 234 4 85,item 1 features: 369 22 234 4 85
8,item_8,,item_8,,69 1 22 51 242 76 4 2 5 44 55,item 8 features: 69 1 22 51 242 76 4 2 5 44 55
14,item_14,,item_14,,21 44,item 14 features: 21 44
15,item_15,,item_15,,69 33 22 2 483 3 177 4 5 120 546 85 31 50 16,item 15 features: 69 33 22 2 483 3 177 4 5 120 546 85 31 50 16
18,item_18,,item_18,,4,item 18 features: 4
26,item_26,,item_26,,37 65 447 21 188 309 424 6 31 750 32 193 373 472,item 26 features: 37 65 447 21 188 309 424 6 31 750 32 193 373 472
32,item_32,,item_32,,351 432,item 32 features: 351 432
34,item_34,,item_34,,161 21 406 265 55,item 34 features: 161 21 406 265 55
46,item_46,,item_46,,2 55,item 46 features: 2 55
50,item_50,,item_50,,58 416 2 34 4 253 14 16 44 5 10,item 50 features: 58 416 2 34 4 253 14 16 44 5 10
53,item_53,,item_53,,2 51 16 44 5,item 53 features: 2 51 16 44 5
58,item_58,,item_58,,51 55,item 58 features: 51 55
63,item_63,,item_63,,10 32 96 505 351 966 34 495 975 432 31 163,item 63 features: 10 32 96 505 351 966 34 495 975 432 31 163
67,item_67,,item_67,,2 5 31,item 67 features: 2 5 31
69,item_69,,item_69,,51 55,item 69 features: 51 55
72,item_72,,item_72,,55,item 72 features: 55
76,item_76,,item_76,,69 22 2 4 34 37 5 31,item 76 features: 69 22 2 4 34 37 5 31
77,item_77,,item_77,,32 2 649 34 4 849 37 173 103 31 10 23,item 77 features: 32 2 649 34 4 849 37 173 103 31 10 23
89,item_89,,item_89,,69 303 4 20 0,item 89 features: 69 303 4 20 0
95,item_95,,item_95,,57,item 95 features: 57
96,item_96,,item_96,,15 1 217 51 4 704 913 327 44 128,item 96 features: 15 1 217 51 4 704 913 327 44 128
100,item_100,,item_100,,22 2 50 5 55,item 100 features: 22 2 50 5 55
102,item_102,,item_102,,21 18 44,item 102 features: 21 18 44
105,item_105,,item_105,,2 50 44,item 105 features: 2 50 44
112,item_112,,item_112,,77 49 22 2 34 76 14 4 5 55,item 112 features: 77 49 22 2 34 76 14 4 5 55
114,item_114,,item_114,,15 51 4 20 44,item 114 features: 15 51 4 20 44
116,item_116,,item_116,,46 4 20 547 120,item 116 features: 46 4 20 547 120
121,item_121,,item_121,,332 71,item 121 features: 332 71
126,item_126,,item_126,,980 51 44,item 126 features: 980 51 44
127,item_127,,item_127,,51 55,item 127 features: 51 55
130,item_130,,item_130,,2 34 894 55,item 130 features: 2 34 894 55
134,item_134,,item_134,,15 49 51 2 4 34 136 28 31 26,item 134 features: 15 49 51 2 4 34 136 28 31 26
137,item_137,,item_137,,2 55,item 137 features: 2 55
140,item_140,,item_140,,4 27 14 100 44,item 140 features: 4 27 14 100 44
144,item_144,,item_144,,51 44,item 144 features: 51 44
148,item_148,,item_148,,65 59 29 32 21 2 31 13 570 37 300 198 121,item 148 features: 65 59 29 32 21 2 31 13 570 37 300 198 121
152,item_152,,item_152,,58 15 49 2 51 4 34 5 31 10,item 152 features: 58 15 49 2 51 4 34 5 31 10
153,item_153,,item_153,,46 32 2 55 253 97 265 31 30 10 124,item 153 features: 46 32 2 55 253 97 265 31 30 10 124
157,item_157,,item_157,,2 55,item 157 features: 2 55
173,item_173,,item_173,,58 125 46 34 25 37 10 33 2 4 173 103 5 77 51 14 31 32,item 173 features: 58 125 46 34 25 37 10 33 2 4 173 103 5 77 51 14 31 32
174,item_174,,item_174,,2 34 103 55,item 174 features: 2 34 103 55
175,item_175,,item_175,,10 53 2 34 4 5 31,item 175 features: 10 53 2 34 4 5 31
177,item_177,,item_177,,69 22 2 50 76 4 5 31,item 177 features: 69 22 2 50 76 4 5 31
186,item_186,,item_186,,58 126 512 416 19 166 53 2 4 5 31,item 186 features: 58 126 512 416 19 166 53 2 4 5 31
189,item_189,,item_189,,77 528 2 51 4 37 44 5 55 102,item 189 features: 77 528 2 51 4 37 44 5 55 102
190,item_190,,item_190,,89 312 32 390 37 44 133 425,item 190 features: 89 312 32 390 37 44 133 425
192,item_192,,item_192,,236 38 34 20 10 2 4 162 173 103 14 31 49 117 16 110,item 192 features: 236 38 34 20 10 2 4 162 173 103 14 31 49 117 16 110
197,item_197,,item_197,,21 64 31,item 197 features: 21 64 31
209,item_209,,item_209,,58 53 51 2 4 5 28 55 120,item 209 features: 58 53 51 2 4 5 28 55 120
210,item_210,,item_210,,51 44,item 210 features: 51 44
215,item_215,,item_215,,2 50 25 34 270 16 5 103 55 173 10 23,item 215 features: 2 50 25 34 270 16 5 103 55 173 10 23
218,item_218,,item_218,,43 161 51 76 2 5 769 55 194,item 218 features: 43 161 51 76 2 5 769 55 194
221,item_221,,item_221,,10,item 221 features: 10
231,item_231,,item_231,,2 667 76 5 16 31,item 231 features: 2 667 76 5 16 31
238,item_238,,item_238,,51 55 262,item 238 features: 51 55 262
241,item_241,,item_241,,38 416 2 25 4 861 5 55,item 241 features: 38 416 2 25 4 861 5 55
247,item_247,,item_247,,24 49 150 2 34 4 5 16 173 103 55 23,item 247 features: 24 49 150 2 34 4 5 16 173 103 55 23
248,item_248,,item_248,,58 125 34 25 37 55 10 65 33 53 2 4 345 5 51 67 31 460 32 49 253,item 248 features: 58 125 34 25 37 55 10 65 33 53 2 4 345 5 51 67 31 460 32 49 253
252,item_252,,item_252,,65 524 119 32 6 97 37 62,item 252 features: 65 524 119 32 6 97 37 62
253,item_253,,item_253,,425 129 21 91 2 116 31,item 253 features: 425 129 21 91 2 116 31
262,item_262,,item_262,,209 152 651 39 69 22 2 4 113 5 85 31 50 234 16,item 262 features: 209 152 651 39 69 22 2 4 113 5 85 31 50 234 16
266,item_266,,item_266,,51 55,item 266 features: 51 55
267,item_267,,item_267,,69 22 4 20 802 85 60,item 267 features: 69 22 4 20 802 85 60
271,item_271,,item_271,,406 2 34 4 527 14 84 31 10,item 271 features: 406 2 34 4 527 14 84 31 10
279,item_279,,item_279,,123 235 4,item 279 features: 123 235 4
282,item_282,,item_282,,34 37 28 10 2 214 103 5 51 625 31 134 49 193 16,item 282 features: 34 37 28 10 2 214 103 5 51 625 31 134 49 193 16
283,item_283,,item_283,,69 15 51 4 92 20 5 55 231 586,item 283 features: 69 15 51 4 92 20 5 55 231 586
293,item_293,,item_293,,49 2 34 173 103 55 23,item 293 features: 49 2 34 173 103 55 23
299,item_299,,item_299,,15 22 2 51 5 55 128,item 299 features: 15 22 2 51 5 55 128
307,item_307,,item_307,,34 37 55 10 65 21 2 250 424 6 332 32 230 138 472,item 307 features: 34 37 55 10 65 21 2 250 424 6 332 32 230 138 472
309,item_309,,item_309,,103 55 23,item 309 features: 103 55 23
322,item_322,,item_322,,28 55 2 5 51 31 268 294,item 322 features: 28 55 2 5 51 31 268 294
323,item_323,,item_323,,34 37 185 687 65 52 2 72 57 62 31 64 49 193 472 124,item 323 features: 34 37 185 687 65 52 2 72 57 62 31 64 49 193 472 124
325,item_325,,item_325,,15 51 31 4 294 55 128,item 325 features: 15 51 31 4 294 55 128
328,item_328,,item_328,,51 55,item 328 features: 51 55
329,item_329,,item_329,,49 2 34 173 103 31,item 329 features: 49 2 34 173 103 31
333,item_333,,item_333,,906 4 804 20 102,item 333 features: 906 4 804 20 102
337,item_337,,item_337,,119 646 59 37 300 185 198 65 29 121 32 151 385,item 337 features: 119 646 59 37 300 185 198 65 29 121 32 151 385
338,item_338,,item_338,,51 55,item 338 features: 51 55
342,item_342,,item_342,,33 435 25 4 54 473,item 342 features: 33 435 25 4 54 473
350,item_350,,item_350,,34 37 185 213 198 21 2 62 31 32 193 856 192,item 350 features: 34 37 185 213 198 21 2 62 31 32 193 856 192
353,item_353,,item_353,,34 103 55,item 353 features: 34 103 55
361,item_361,,item_361,,15 2 51 34 4 5 28 31,item 361 features: 15 2 51 34 4 5 28 31
366,item_366,,item_366,,58 125 126 34 55 10 53 2 4 345 5 650 67 32 49 253 494,item 366 features: 58 125 126 34 55 10 53 2 4 345 5 650 67 32 49 253 494
375,item_375,,item_375,,22 2 25 5 699 31 575,item 375 features: 22 2 25 5 699 31 575
377,item_377,,item_377,,896 69 363 22 4,item 377 features: 896 69 363 22 4
380,item_380,,item_380,,983 2 50 270 55,item 380 features: 983 2 50 270 55
390,item_390,,item_390,,51 55,item 390 features: 51 55
391,item_391,,item_391,,594,item 391 features: 594
395,item_395,,item_395,,77 568 2 39 55 5 868,item 395 features: 77 568 2 39 55 5 868
400,item_400,,item_400,,51 2 50 270 643 226 31 5,item 400 features: 51 2 50 270 643 226 31 5
402,item_402,,item_402,,58 939 126 53 582 2 19 4 271 166 5 31,item 402 features: 58 939 126 53 582 2 19 4 271 166 5 31
404,item_404,,item_404,,22 2 34 4 55,item 404 features: 22 2 34 4 55
417,item_417,,item_417,,228 326 37 629 213 198 590 782 4 29 400 6 750 64 32 338 472 124,item 417 features: 228 326 37 629 213 198 590 782 4 29 400 6 750 64 32 338 472 124
418,item_418,,item_418,,4 345,item 418 features: 4 345
430,item_430,,item_430,,21 919 2 193 34 31 173 103 121 37 889 142,item 430 features: 21 919 2 193 34 31 173 103 121 37 889 142
431,item_431,,item_431,,265 2 44,item 431 features: 265 2 44
446,item_446,,item_446,,15 51 2 4 31 5 55,item 446 features: 15 51 2 4 31 5 55
453,item_453,,item_453,,881,item 453 features: 881
454,item_454,,item_454,,89 46 37 133 55 889 2 29 390 121 149 73 142,item 454 features: 89 46 37 133 55 889 2 29 390 121 149 73 142
460,item_460,,item_460,,69 74 500 832 2 4 338 76 5 55 0 120,item 460 features: 69 74 500 832 2 4 338 76 5 55 0 120
463,item_463,,item_463,,2 51 13 4 5 28 31,item 463 features: 2 51 13 4 5 28 31
464,item_464,,item_464,,69 255 125 33 22 2 4 76 715 31,item 464 features: 69 255 125 33 22 2 4 76 715 31
465,item_465,,item_465,,51 2 34 55 5 28 31,item 465 features: 51 2 34 55 5 28 31
466,item_466,,item_466,,386 37 21 120 886 6 31 750 193 138 472,item 466 features: 386 37 21 120 886 6 31 750 193 138 472
469,item_469,,item_469,,69 31,item 469 features: 69 31
470,item_470,,item_470,,15 2 75 5 436 469 31 461,item 470 features: 15 2 75 5 436 469 31 461
471,item_471,,item_471,,524 338 691,item 471 features: 524 338 691
472,item_472,,item_472,,15 2 51 5 44 372,item 472 features: 15 2 51 5 44 372
474,item_474,,item_474,,51 55,item 474 features: 51 55
477,item_477,,item_477,,2 361 44,item 477 features: 2 361 44
478,item_478,,item_478,,228 34 292 10 21 2 290 400 31,item 478 features: 228 34 292 10 21 2 290 400 31
481,item_481,,item_481,,10 2 4 5 16 55,item 481 features: 10 2 4 5 16 55
493,item_493,,item_493,,69 255 125 33 2 76 4 715 31 120,item 493 features: 69 255 125 33 2 76 4 715 31 120
497,item_497,,item_497,,4,item 497 features: 4
500,item_500,,item_500,,37 185,item 500 features: 37 185
505,item_505,,item_505,,28 55 26 372 15 2 562 4 5 51 31 319,item 505 features: 28 55 26 372 15 2 562 4 5 51 31 319
507,item_507,,item_507,,69 22 4 31 102,item 507 features: 69 22 4 31 102
519,item_519,,item_519,,58 45 15 51 25 4 34 5 28 31,item 519 features: 58 45 15 51 25 4 34 5 28 31
520,item_520,,item_520,,21 415 2 56 37 44 779,item 520 features: 21 415 2 56 37 44 779
526,item_526,,item_526,,2 4 16 5 55,item 526 features: 2 4 16 5 55
529,item_529,,item_529,,46 193 34 4 37 31 0,item 529 features: 46 193 34 4 37 31 0
533,item_533,,item_533,,58 15 1 51 2 34 4 167 31 5 28 55 382,item 533 features: 58 15 1 51 2 34 4 167 31 5 28 55 382
537,item_537,,item_537,,2 527 963 31,item 537 features: 2 527 963 31
541,item_541,,item_541,,885 37 55 21 787 400 6 437 32 8 138,item 541 features: 885 37 55 21 787 400 6 437 32 8 138
542,item_542,,item_542,,356 2 51 851 28 44 55 5,item 542 features: 356 2 51 851 28 44 55 5
551,item_551,,item_551,,161 2 55,item 551 features: 161 2 55
552,item_552,,item_552,,52 57 804 8,item 552 features: 52 57 804 8
559,item_559,,item_559,,108 31,item 559 features: 108 31
560,item_560,,item_560,,4,item 560 features: 4
564,item_564,,item_564,,4,item 564 features: 4
568,item_568,,item_568,,21 49 2 56 34 173 103 55 23,item 568 features: 21 49 2 56 34 173 103 55 23
577,item_577,,item_577,,69 15 22 2 51 4 39 76 5 28 86 31 0,item 577 features: 69 15 22 2 51 4 39 76 5 28 86 31 0
580,item_580,,item_580,,21 44,item 580 features: 21 44
582,item_582,,item_582,,69 1 2 51 5 86 31,item 582 features: 69 1 2 51 5 86 31
586,item_586,,item_586,,134 506 2 51 117 4 16 28 5 31,item 586 features: 134 506 2 51 117 4 16 28 5 31
588,item_588,,item_588,,57 4 37,item 588 features: 57 4 37
591,item_591,,item_591,,89 46 21 404 390 2 406 4 73 636 165 31 122,item 591 features: 89 46 21 404 390 2 406 4 73 636 165 31 122
593,item_593,,item_593,,161 25 103 55 23,item 593 features: 161 25 103 55 23
595,item_595,,item_595,,186 2,item 595 features: 186 2
602,item_602,,item_602,,78,item 602 features: 78
609,item_609,,item_609,,168 2 51 20 5 44 55 370 128,item 609 features: 168 2 51 20 5 44 55 370 128
615,item_615,,item_615,,168 32 170 618 2 4 25 14 5 16 31,item 615 features: 168 32 170 618 2 4 25 14 5 16 31
622,item_622,,item_622,,69 22 4 25 162 610 967,item 622 features: 69 22 4 25 162 610 967
629,item_629,,item_629,,15 51 2 841 5 31,item 629 features: 15 51 2 841 5 31
630,item_630,,item_630,,51 662 31,item 630 features: 51 662 31
634,item_634,,item_634,,65 32 21 56 34 97 37 55 10,item 634 features: 65 32 21 56 34 97 37 55 10
636,item_636,,item_636,,793 4,item 636 features: 793 4
642,item_642,,item_642,,217 2 51 44 128,item 642 features: 217 2 51 44 128
643,item_643,,item_643,,69 46 1 382 2 51 4 25 14 5 55,item 643 features: 69 46 1 382 2 51 4 25 14 5 55
644,item_644,,item_644,,2 55,item 644 features: 2 55
645,item_645,,item_645,,155 4 20,item 645 features: 155 4 20
647,item_647,,item_647,,58 39 25 28 44 55 537 22 2 4 5 51 474 534 194 16,item 647 features: 58 39 25 28 44 55 537 22 2 4 5 51 474 534 194 16
652,item_652,,item_652,,10 15 51 2 34 4 55 44 31,item 652 features: 10 15 51 2 34 4 55 44 31
653,item_653,,item_653,,69 738 2 51 4 14 20 16 31,item 653 features: 69 738 2 51 4 14 20 16 31
654,item_654,,item_654,,125 25 94 65 52 33 2 4 5 184 615 14 31 403 253,item 654 features: 125 25 94 65 52 33 2 4 5 184 615 14 31 403 253
657,item_657,,item_657,,51 2 167 5 28 31,item 657 features: 51 2 167 5 28 31
658,item_658,,item_658,,55,item 658 features: 55
660,item_660,,item_660,,32 96 2 25 432 124,item 660 features: 32 96 2 25 432 124
665,item_665,,item_665,,69 98 22 2 50 4 39 5 31,item 665 features: 69 98 22 2 50 4 39 5 31
683,item_683,,item_683,,273 34 25 28 44 10 2 377 103 5 23 51 31 49 711,item 683 features: 273 34 25 28 44 10 2 377 103 5 23 51 31 49 711
684,item_684,,item_684,,125 25 10 33 2 4 345 5 184 492 864 14 31 468 618 16,item 684 features: 125 25 10 33 2 4 345 5 184 492 864 14 31 468 618 16
686,item_686,,item_686,,820 185 465 101 2 54 223 122 243 62 31 64,item 686 features: 820 185 465 101 2 54 223 122 243 62 31 64
687,item_687,,item_687,,77 125 33 2 4 253 14 5 44 102,item 687 features: 77 125 33 2 4 253 14 5 44 102
690,item_690,,item_690,,2 56,item 690 features: 2 56
691,item_691,,item_691,,2 31,item 691 features: 2 31
696,item_696,,item_696,,51 55,item 696 features: 51 55
699,item_699,,item_699,,69 22 34 4 31,item 699 features: 69 22 34 4 31
706,item_706,,item_706,,4 20 267,item 706 features: 4 20 267
709,item_709,,item_709,,37 185 65 2 103 23 97 31 30 32 64 192 124,item 709 features: 37 185 65 2 103 23 97 31 30 32 64 192 124
717,item_717,,item_717,,69 324 22 2 50 4 76 234 85 55 120,item 717 features: 69 324 22 2 50 4 76 234 85 55 120
732,item_732,,item_732,,468 46 635 2 25 5 44,item 732 features: 468 46 635 2 25 5 44
735,item_735,,item_735,,96 49 2 31 37 110 322 55,item 735 features: 96 49 2 31 37 110 322 55
739,item_739,,item_739,,51 2 31 341 723 827 5 952 55 28 378,item 739 features: 51 2 31 341 723 827 5 952 55 28 378
742,item_742,,item_742,,4,item 742 features: 4
752,item_752,,item_752,,516 2 725 31 194,item 752 features: 516 2 725 31 194
757,item_757,,item_757,,58 401 225 2 4 253 5 31 120 7,item 757 features: 58 401 225 2 4 253 5 31 120 7
758,item_758,,item_758,,161 15 2 51 34 20 5 55 10,item 758 features: 161 15 2 51 34 20 5 55 10
768,item_768,,item_768,,21 34 31 10,item 768 features: 21 34 31 10
769,item_769,,item_769,,76 5 31 23,item 769 features: 76 5 31 23
773,item_773,,item_773,,76 44 55 69 782 22 2 4 111 120 51 16 176,item 773 features: 76 44 55 69 782 22 2 4 111 120 51 16 176
780,item_780,,item_780,,2 51 39 112 622 28 31 5,item 780 features: 2 51 39 112 622 28 31 5
781,item_781,,item_781,,161 21 2 16 103 55 23,item 781 features: 161 21 2 16 103 55 23
787,item_787,,item_787,,804,item 787 features: 804
789,item_789,,item_789,,76 55 69 22 2 4 5 168 305 809 50 234 0,item 789 features: 76 55 69 22 2 4 5 168 305 809 50 234 0
790,item_790,,item_790,,51 55,item 790 features: 51 55
792,item_792,,item_792,,2 34 55,item 792 features: 2 34 55
804,item_804,,item_804,,65 288 187 64 88 225 2 50 34 37 55 0 124,item 804 features: 65 288 187 64 88 225 2 50 34 37 55 0 124
807,item_807,,item_807,,10 49 618 2 25 4 34 5 55,item 807 features: 10 49 618 2 25 4 34 5 55
812,item_812,,item_812,,114 618 2 253 16 44 174 5,item 812 features: 114 618 2 253 16 44 174 5
819,item_819,,item_819,,896 10 416 2 25 4 34 16 5 55 120,item 819 features: 896 10 416 2 25 4 34 16 5 55 120
821,item_821,,item_821,,800,item 821 features: 800
822,item_822,,item_822,,64 34 44,item 822 features: 64 34 44
823,item_823,,item_823,,77 2 4 37 44 5 102,item 823 features: 77 2 4 37 44 5 102
826,item_826,,item_826,,21 2 55,item 826 features: 21 2 55
831,item_831,,item_831,,502 125 132 28 96 33 2 167 4 5 484 184 51 709 84 31,item 831 features: 502 125 132 28 96 33 2 167 4 5 484 184 51 709 84 31
837,item_837,,item_837,,69 324 168 22 2 4,item 837 features: 69 324 168 22 2 4
840,item_840,,item_840,,34 28 15 2 4 75 5 120 482 51 436 31 205 461,item 840 features: 34 28 15 2 4 75 5 120 482 51 436 31 205 461
841,item_841,,item_841,,433 4 20,item 841 features: 433 4 20
845,item_845,,item_845,,21 44,item 845 features: 21 44
846,item_846,,item_846,,34 44 10 65 21 2 173 103 23 97 32 49 56,item 846 features: 34 44 10 65 21 2 173 103 23 97 32 49 56
853,item_853,,item_853,,642 44 28 60 15 2 4 5 484 51 529,item 853 features: 642 44 28 60 15 2 4 5 484 51 529
863,item_863,,item_863,,15 51 25 4 28 244 5 31 212 609 120,item 863 features: 15 51 25 4 28 244 5 31 212 609 120
865,item_865,,item_865,,2 51 4 25 464 5 28 16 31,item 865 features: 2 51 4 25 464 5 28 16 31
879,item_879,,item_879,,24 161 46 2 4 44 16 459 103 5 23,item 879 features: 24 161 46 2 4 44 16 459 103 5 23
883,item_883,,item_883,,119 74 32 88 37 121,item 883 features: 119 74 32 88 37 121
885,item_885,,item_885,,46 114 2 4 25 14 5 16 31,item 885 features: 46 114 2 4 25 14 5 16 31
891,item_891,,item_891,,21 44,item 891 features: 21 44
899,item_899,,item_899,,59 947 55 21 2 103 743 29 121 161 88 165,item 899 features: 59 947 55 21 2 103 743 29 121 161 88 165
901,item_901,,item_901,,69 52 22 2 50 39 4 31 402 85 5 847,item 901 features: 69 52 22 2 50 39 4 31 402 85 5 847
905,item_905,,item_905,,64 849 44,item 905 features: 64 849 44
906,item_906,,item_906,,15 2 55,item 906 features: 15 2 55
909,item_909,,item_909,,69 593 22 4 20,item 909 features: 69 593 22 4 20
910,item_910,,item_910,,839,item 910 features: 839
911,item_911,,item_911,,51 55,item 911 features: 51 55
919,item_919,,item_919,,34 103 55 23,item 919 features: 34 103 55 23
929,item_929,,item_929,,69 22 50 25 816 4 85 522 5 31,item 929 features: 69 22 50 25 816 4 85 522 5 31
930,item_930,,item_930,,51 34 44 10,item 930 features: 51 34 44 10
935,item_935,,item_935,,433 4 20 102,item 935 features: 433 4 20 102
946,item_946,,item_946,,57 433 4 20 37,item 946 features: 57 433 4 20 37
948,item_948,,item_948,,51 55,item 948 features: 51 55
952,item_952,,item_952,,1 15 2 51 34 4 31 5 28 937,item 952 features: 1 15 2 51 34 4 31 5 28 937
953,item_953,,item_953,,763 51 55,item 953 features: 763 51 55
958,item_958,,item_958,,10 2 34 55,item 958 features: 10 2 34 55
962,item_962,,item_962,,2 76 769 5 31,item 962 features: 2 76 769 5 31
966,item_966,,item_966,,69 22 51 4 411 31,item 966 features: 69 22 51 4 411 31
974,item_974,,item_974,,69 168 821 2 50 4 22 16 44 102,item 974 features: 69 168 821 2 50 4 22 16 44 102
976,item_976,,item_976,,69 10 168 22 2 34 113 4 987 5 31 0 120,item 976 features: 69 10 168 22 2 34 113 4 987 5 31 0 120
977,item_977,,item_977,,21 56 31,item 977 features: 21 56 31
978,item_978,,item_978,,387 2 34 51 31 16 972 28 55 5,item 978 features: 387 2 34 51 31 16 972 28 55 5
982,item_982,,item_982,,15 49 2 51 4 20 377 28 44 120,item 982 features: 15 49 2 51 4 20 377 28 44 120
984,item_984,,item_984,,15 34 4 31,item 984 features: 15 34 4 31
986,item_986,,item_986,,58 15 53 2 5 31,item 986 features: 58 15 53 2 5 31
989,item_989,,item_989,,2 5 31,item 989 features: 2 5 31
992,item_992,,item_992,,880 2 55,item 992 features: 880 2 55
997,item_997,,item_997,,34 55,item 997 features: 34 55
999,item_999,,item_999,,64 44,item 999 features: 64 44
1003,item_1003,,item_1003,,32 64 401 225 2 31 124,item 1003 features: 32 64 401 225 2 31 124
1006,item_1006,,item_1006,,10 49 2 6 34 4 5 55 0,item 1006 features: 10 49 2 6 34 4 5 55 0
1013,item_1013,,item_1013,,15 2 5 461 75 31,item 1013 features: 15 2 5 461 75 31
1021,item_1021,,item_1021,,55,item 1021 features: 55
1028,item_1028,,item_1028,,21 2 56 55,item 1028 features: 21 2 56 55
1032,item_1032,,item_1032,,34 270 28 55 69 983 22 2 4 5 168 51 85 31 50 234,item 1032 features: 34 270 28 55 69 983 22 2 4 5 168 51 85 31 50 234
1036,item_1036,,item_1036,,58 481 87 53 2 4 253 5 55,item 1036 features: 58 481 87 53 2 4 253 5 55
1038,item_1038,,item_1038,,2 34 4 292 16 110 44 10,item 1038 features: 2 34 4 292 16 110 44 10
1044,item_1044,,item_1044,,2 5 28 31,item 1044 features: 2 5 28 31
1049,item_1049,,item_1049,,31,item 1049 features: 31
1056,item_1056,,item_1056,,45 4 25 5 31,item 1056 features: 45 4 25 5 31
1058,item_1058,,item_1058,,2 34 44 10,item 1058 features: 2 34 44 10
1061,item_1061,,item_1061,,29 129 126 21 246 253 199 44,item 1061 features: 29 129 126 21 246 253 199 44
1063,item_1063,,item_1063,,642 55 90 2 4 5 51 529 16,item 1063 features: 642 55 90 2 4 5 51 529 16
1069,item_1069,,item_1069,,4 704,item 1069 features: 4 704
1072,item_1072,,item_1072,,103 31 23,item 1072 features: 103 31 23
1074,item_1074,,item_1074,,516 242 51 561 4 2 5 176 31 120 194,item 1074 features: 516 242 51 561 4 2 5 176 31 120 194
1076,item_1076,,item_1076,,46 386 34 37 10 447 21 2 188 173 103 6 31 750 49 193 373 472,item 1076 features: 46 386 34 37 10 447 21 2 188 173 103 6 31 750 49 193 373 472
1083,item_1083,,item_1083,,58 125 46 1 776 25 37 69 52 96 33 22 2 4 327 223 5 57 51 615 14 85 31 234 199 8,item 1083 features: 58 125 46 1 776 25 37 69 52 96 33 22 2 4 327 223 5 57 51 615 14 85 31 234 199 8
1093,item_1093,,item_1093,,51 34 837 55,item 1093 features: 51 34 837 55
1098,item_1098,,item_1098,,103 55 23,item 1098 features: 103 55 23
1100,item_1100,,item_1100,,49 2 51 4 28 44 31,item 1100 features: 49 2 51 4 28 44 31
1106,item_1106,,item_1106,,740 77 840 2 4 20 37 5 44 120 102,item 1106 features: 740 77 840 2 4 20 37 5 44 120 102
1109,item_1109,,item_1109,,192 332 462 21 2 34 44,item 1109 features: 192 332 462 21 2 34 44
1117,item_1117,,item_1117,,15 2 51 34 39 44 5,item 1117 features: 15 2 51 34 39 44 5
1119,item_1119,,item_1119,,51 662 44,item 1119 features: 51 662 44
1124,item_1124,,item_1124,,674 29 32 399 97 149,item 1124 features: 674 29 32 399 97 149
1131,item_1131,,item_1131,,2 55,item 1131 features: 2 55
1132,item_1132,,item_1132,,919 142,item 1132 features: 919 142
1133,item_1133,,item_1133,,34 37 697 28 55 10 2 4 5 120 77 57 51 31,item 1133 features: 34 37 697 28 55 10 2 4 5 120 77 57 51 31
1134,item_1134,,item_1134,,32 122 97 37 947 300 501,item 1134 features: 32 122 97 37 947 300 501
1135,item_1135,,item_1135,,46 34 44 28 55 26 372 15 2 562 4 5 120 51 319,item 1135 features: 46 34 44 28 55 26 372 15 2 562 4 5 120 51 319
1138,item_1138,,item_1138,,15 865 49 2 51 34 5 31,item 1138 features: 15 865 49 2 51 34 5 31
1139,item_1139,,item_1139,,885 64 228 400 158 57 37 124,item 1139 features: 885 64 228 400 158 57 37 124
1141,item_1141,,item_1141,,1 15 2 51 4 20 5 40 55 638 746,item 1141 features: 1 15 2 51 4 20 5 40 55 638 746
1153,item_1153,,item_1153,,69 22 4 5 0,item 1153 features: 69 22 4 5 0
1166,item_1166,,item_1166,,195 54 156 122,item 1166 features: 195 54 156 122
1171,item_1171,,item_1171,,24 791 981 52 22 2 50 34 164 85 44 5,item 1171 features: 24 791 981 52 22 2 50 34 164 85 44 5
1174,item_1174,,item_1174,,21 44,item 1174 features: 21 44
1181,item_1181,,item_1181,,137,item 1181 features: 137
1188,item_1188,,item_1188,,2 208 265 55,item 1188 features: 2 208 265 55
1213,item_1213,,item_1213,,44 463 588,item 1213 features: 44 463 588
1214,item_1214,,item_1214,,4 20 445,item 1214 features: 4 20 445
1215,item_1215,,item_1215,,2 76 5 86 31,item 1215 features: 2 76 5 86 31
1221,item_1221,,item_1221,,46 812 135 2 22 76 4 20 5 44,item 1221 features: 46 812 135 2 22 76 4 20 5 44
1224,item_1224,,item_1224,,46 205 13 570 854 31 212,item 1224 features: 46 205 13 570 854 31 212
1229,item_1229,,item_1229,,2 25 44 31,item 1229 features: 2 25 44 31
1236,item_1236,,item_1236,,52 595 8,item 1236 features: 52 595 8
1237,item_1237,,item_1237,,2 76 31,item 1237 features: 2 76 31
1244,item_1244,,item_1244,,161 2 103 55 23,item 1244 features: 161 2 103 55 23
1246,item_1246,,item_1246,,157 823 49 51 34 5 110 28 103 31,item 1246 features: 157 823 49 51 34 5 110 28 103 31
1254,item_1254,,item_1254,,958 55,item 1254 features: 958 55
1260,item_1260,,item_1260,,4,item 1260 features: 4
1263,item_1263,,item_1263,,32 121 142,item 1263 features: 32 121 142
1269,item_1269,,item_1269,,15 51 34 4 136 44 28 31,item 1269 features: 15 51 34 4 136 44 28 31
1275,item_1275,,item_1275,,4 14,item 1275 features: 4 14
1280,item_1280,,item_1280,,10 49 2 34 25 23 173 110 322 55 102 103,item 1280 features: 10 49 2 34 25 23 173 110 322 55 102 103
1289,item_1289,,item_1289,,58 53 51 2 34 4 200 28 5 55 120,item 1289 features: 58 53 51 2 34 4 200 28 5 55 120
1305,item_1305,,item_1305,,502 134 2 51 34 4 84 5 44 31 28,item 1305 features: 502 134 2 51 34 4 84 5 44 31 28
1307,item_1307,,item_1307,,15 2 51 4 34 5 28 31 26,item 1307 features: 15 2 51 4 34 5 28 31 26
1324,item_1324,,item_1324,,31,item 1324 features: 31
1330,item_1330,,item_1330,,2 25 16 31,item 1330 features: 2 25 16 31
1334,item_1334,,item_1334,,21 2 55,item 1334 features: 21 2 55
1346,item_1346,,item_1346,,69 22 492 4 0,item 1346 features: 69 22 492 4 0
1347,item_1347,,item_1347,,69 168 22 4 715 0,item 1347 features: 69 168 22 4 715 0
1349,item_1349,,item_1349,,22 34 4 31,item 1349 features: 22 34 4 31
1352,item_1352,,item_1352,,25,item 1352 features: 25
1363,item_1363,,item_1363,,929,item 1363 features: 929
1365,item_1365,,item_1365,,52 4 5,item 1365 features: 52 4 5
1366,item_1366,,item_1366,,15 452 49 2 55 544 5 31 316,item 1366 features: 15 452 49 2 55 544 5 31 316
1370,item_1370,,item_1370,,4 37 532 489,item 1370 features: 4 37 532 489
1374,item_1374,,item_1374,,4,item 1374 features: 4
1375,item_1375,,item_1375,,2 57 37 8 44,item 1375 features: 2 57 37 8 44
1388,item_1388,,item_1388,,58 126 512 53 582 2 4 19 5 44,item 1388 features: 58 126 512 53 582 2 4 19 5 44
1390,item_1390,,item_1390,,209 152 651 34 69 22 2 4 113 5 85 31 50 234,item 1390 features: 209 152 651 34 69 22 2 4 113 5 85 31 50 234
1394,item_1394,,item_1394,,51 4 44,item 1394 features: 51 4 44
1398,item_1398,,item_1398,,64 246 52 57 37 166 100 687 472,item 1398 features: 64 246 52 57 37 166 100 687 472
1399,item_1399,,item_1399,,939 58 19 819 736 53 4 5 67 31,item 1399 features: 939 58 19 819 736 53 4 5 67 31
1406,item_1406,,item_1406,,69 209 22 2 4 25 112 5 16 31,item 1406 features: 69 209 22 2 4 25 112 5 16 31
1414,item_1414,,item_1414,,15 2 4 55 31 811,item 1414 features: 15 2 4 55 31 811
1418,item_1418,,item_1418,,1 25 55 69 22 2 4 54 40 5 122 473 184 197 154 413 156,item 1418 features: 1 25 55 69 22 2 4 54 40 5 122 473 184 197 154 413 156
1420,item_1420,,item_1420,,69 22 2 4 20 765 5 31 102,item 1420 features: 69 22 2 4 20 765 5 31 102
1422,item_1422,,item_1422,,21 2 185 55,item 1422 features: 21 2 185 55
1423,item_1423,,item_1423,,2 5 16 31,item 1423 features: 2 5 16 31
1426,item_1426,,item_1426,,2 34 55,item 1426 features: 2 34 55
1429,item_1429,,item_1429,,10 49 2 34 658 13 5 44 103 47 742 23,item 1429 features: 10 49 2 34 658 13 5 44 103 47 742 23
1432,item_1432,,item_1432,,58 15 53 2 51 34 4 707 5 31,item 1432 features: 58 15 53 2 51 34 4 707 5 31
1433,item_1433,,item_1433,,58 399 776 94 25 335 10 272 96 33 2 4 5 650 14 67 31 32 439 618 16,item 1433 features: 58 399 776 94 25 335 10 272 96 33 2 4 5 650 14 67 31 32 439 618 16
1435,item_1435,,item_1435,,51 55,item 1435 features: 51 55
1447,item_1447,,item_1447,,46 25 2 4 345 5 122 473 237 197 14 31 16 156,item 1447 features: 46 25 2 4 345 5 122 473 237 197 14 31 16 156
1452,item_1452,,item_1452,,69 915 22 2 338 25 4 499 335 16 5 31,item 1452 features: 69 915 22 2 338 25 4 499 335 16 5 31
1453,item_1453,,item_1453,,125 46 33 2 51 25 4 193 55 652 16 72 31,item 1453 features: 125 46 33 2 51 25 4 193 55 652 16 72 31
1454,item_1454,,item_1454,,51 44,item 1454 features: 51 44
1459,item_1459,,item_1459,,15 2 51 714 55,item 1459 features: 15 2 51 714 55
1460,item_1460,,item_1460,,69 22 51 234 4 60 85 55,item 1460 features: 69 22 51 234 4 60 85 55
1462,item_1462,,item_1462,,733 2 4 16 5 55,item 1462 features: 733 2 4 16 5 55
1464,item_1464,,item_1464,,45,item 1464 features: 45
1467,item_1467,,item_1467,,517 34 55 15 2 173 103 937 5 23 51 31 161 49 13,item 1467 features: 517 34 55 15 2 173 103 937 5 23 51 31 161 49 13
1471,item_1471,,item_1471,,2 31 124,item 1471 features: 2 31 124
1474,item_1474,,item_1474,,65 32 64 97 124,item 1474 features: 65 32 64 97 124
1477,item_1477,,item_1477,,51 55,item 1477 features: 51 55
1478,item_1478,,item_1478,,69 22 2 4 20 765 5 31 102,item 1478 features: 69 22 2 4 20 765 5 31 102
1495,item_1495,,item_1495,,524 21 2 56 37 31,item 1495 features: 524 21 2 56 37 31
1497,item_1497,,item_1497,,161 668 2 103 55 23,item 1497 features: 161 668 2 103 55 23
1498,item_1498,,item_1498,,217 55 889 15 22 53 2 4 5 51,item 1498 features: 217 55 889 15 22 53 2 4 5 51
1508,item_1508,,item_1508,,688 2 51 511 113 31 162 301 5 55,item 1508 features: 688 2 51 511 113 31 162 301 5 55
1510,item_1510,,item_1510,,5 55,item 1510 features: 5 55
1511,item_1511,,item_1511,,46 512 738 2 4 25 92 20 162 5 55,item 1511 features: 46 512 738 2 4 25 92 20 162 5 55
1515,item_1515,,item_1515,,58 10 15 53 51 2 55 253 166 31,item 1515 features: 58 10 15 53 51 2 55 253 166 31
1525,item_1525,,item_1525,,69 58 52 22 2 50 585 4 5 44 321,item 1525 features: 69 58 52 22 2 50 585 4 5 44 321
1527,item_1527,,item_1527,,69 306 4 20,item 1527 features: 69 306 4 20
1528,item_1528,,item_1528,,2 749 31,item 1528 features: 2 749 31
1538,item_1538,,item_1538,,32 46 96 505 351 163 34 25 495 949 975 432 55 325,item 1538 features: 32 46 96 505 351 163 34 25 495 949 975 432 55 325
1550,item_1550,,item_1550,,10 52 22 4 34 85 31,item 1550 features: 10 52 22 4 34 85 31
1554,item_1554,,item_1554,,69 513 51 373 4 34 31 0 120,item 1554 features: 69 513 51 373 4 34 31 0 120
1566,item_1566,,item_1566,,49 2 34 28 44 103 378 23,item 1566 features: 49 2 34 28 44 103 378 23
1570,item_1570,,item_1570,,161 406 2 197 888 54 156 31 165 473,item 1570 features: 161 406 2 197 888 54 156 31 165 473
1572,item_1572,,item_1572,,58 34 25 55 91 15 53 2 103 5 120 23 51 161,item 1572 features: 58 34 25 55 91 15 53 2 103 5 120 23 51 161
1574,item_1574,,item_1574,,65 32 34 97,item 1574 features: 65 32 34 97
1575,item_1575,,item_1575,,69 303 22 4 20 0,item 1575 features: 69 303 22 4 20 0
1582,item_1582,,item_1582,,2 4 410 34 14 16 44 5 10,item 1582 features: 2 4 410 34 14 16 44 5 10
1584,item_1584,,item_1584,,2 28 55,item 1584 features: 2 28 55
1589,item_1589,,item_1589,,447 10 49 2 34 4 25 188 14 37 16 31 5,item 1589 features: 447 10 49 2 34 4 25 188 14 37 16 31 5
1592,item_1592,,item_1592,,22 2 504 313 25 4 5,item 1592 features: 22 2 504 313 25 4 5
1593,item_1593,,item_1593,,51 55,item 1593 features: 51 55
1598,item_1598,,item_1598,,77 906 568 2 57 4 37 55 5 120 102,item 1598 features: 77 906 568 2 57 4 37 55 5 120 102
1602,item_1602,,item_1602,,58 850 49 2 34 173 44 5 10 23 103,item 1602 features: 58 850 49 2 34 173 44 5 10 23 103
1603,item_1603,,item_1603,,2 20 503 5 31 370,item 1603 features: 2 20 503 5 31 370
1605,item_1605,,item_1605,,15 2 51 5 55,item 1605 features: 15 2 51 5 55
1627,item_1627,,item_1627,,55,item 1627 features: 55
1628,item_1628,,item_1628,,516 51 561 76 2 31 5 176 55 120,item 1628 features: 516 51 561 76 2 31 5 176 55 120
1630,item_1630,,item_1630,,25 37 44 537 102 69 15 2 4 214 5 120 77 51 474 534 31,item 1630 features: 25 37 44 537 102 69 15 2 4 214 5 120 77 51 474 534 31
1633,item_1633,,item_1633,,812 2 51 4 5 16 31,item 1633 features: 812 2 51 4 5 16 31
1636,item_1636,,item_1636,,46 2 678 31,item 1636 features: 46 2 678 31
1638,item_1638,,item_1638,,69 22 234 4 85 734,item 1638 features: 69 22 234 4 85 734
1643,item_1643,,item_1643,,779 4 34 25 16 31,item 1643 features: 779 4 34 25 16 31
1644,item_1644,,item_1644,,51 55,item 1644 features: 51 55
1645,item_1645,,item_1645,,15 516 2 51 517 44 5 55,item 1645 features: 15 516 2 51 517 44 5 55
1653,item_1653,,item_1653,,64 2 37 54 970 31,item 1653 features: 64 2 37 54 970 31
1656,item_1656,,item_1656,,125 178 25 37 10 33 2 4 393 5 171 14 31 16,item 1656 features: 125 178 25 37 10 33 2 4 393 5 171 14 31 16
1662,item_1662,,item_1662,,51 44,item 1662 features: 51 44
1667,item_1667,,item_1667,,69 22 274 4 85 31 0,item 1667 features: 69 22 274 4 85 31 0
1670,item_1670,,item_1670,,10 32 161 2 25 34 173 265 103 55 23 850,item 1670 features: 10 32 161 2 25 34 173 265 103 55 23 850
1675,item_1675,,item_1675,,2 50 226 85 16 301 31,item 1675 features: 2 50 226 85 16 301 31
1677,item_1677,,item_1677,,25 37 185 213 198 55 21 2 208 265 62 754 32 338 56 192 0 124,item 1677 features: 25 37 185 213 198 55 21 2 208 265 62 754 32 338 56 192 0 124
1678,item_1678,,item_1678,,500 22 832 2 50 76 5 31,item 1678 features: 500 22 832 2 50 76 5 31
1695,item_1695,,item_1695,,91 2 4 55 5,item 1695 features: 91 2 4 55 5
1703,item_1703,,item_1703,,149 32 21 151 2 856 55 62 185 192 121 198,item 1703 features: 149 32 21 151 2 856 55 62 185 192 121 198
1704,item_1704,,item_1704,,65 32 424 175 97 37 243,item 1704 features: 65 32 424 175 97 37 243
1705,item_1705,,item_1705,,10 51 2 4 5 44,item 1705 features: 10 51 2 4 5 44
1708,item_1708,,item_1708,,69 22 4 0,item 1708 features: 69 22 4 0
1712,item_1712,,item_1712,,324 31,item 1712 features: 324 31
1715,item_1715,,item_1715,,58 15 2 51 34 177 546 271 5 55,item 1715 features: 58 15 2 51 34 177 546 271 5 55
1716,item_1716,,item_1716,,69 22 4 166,item 1716 features: 69 22 4 166
1723,item_1723,,item_1723,,125 94 25 10 33 2 4 597 280 249 5 615 14 31 16,item 1723 features: 125 94 25 10 33 2 4 597 280 249 5 615 14 31 16
1732,item_1732,,item_1732,,69 152 651 22 2 50 4 113 234 5 31 10,item 1732 features: 69 152 651 22 2 50 4 113 234 5 31 10
1751,item_1751,,item_1751,,750 21 2 56 31,item 1751 features: 750 21 2 56 31
1757,item_1757,,item_1757,,10,item 1757 features: 10
1758,item_1758,,item_1758,,49 51 2 444 55,item 1758 features: 49 51 2 444 55
1764,item_1764,,item_1764,,51 55,item 1764 features: 51 55
1768,item_1768,,item_1768,,15 416 51 2 31 20 5 55 231,item 1768 features: 15 416 51 2 31 20 5 55 231
1778,item_1778,,item_1778,,554 2 183,item 1778 features: 554 2 183
1782,item_1782,,item_1782,,1 132 217 28 55 609 15 2 167 4 484 909 31 161 244,item 1782 features: 1 132 217 28 55 609 15 2 167 4 484 909 31 161 244
1785,item_1785,,item_1785,,21 151 2 44,item 1785 features: 21 151 2 44
1790,item_1790,,item_1790,,34 55 10 69 22 2 4 5 85 31 147 50,item 1790 features: 34 55 10 69 22 2 4 5 85 31 147 50
1791,item_1791,,item_1791,,15 2 51 4 55 5 31,item 1791 features: 15 2 51 4 55 5 31
1801,item_1801,,item_1801,,125 46 25 892 158 33 2 4 652 72 5 246 57 51 31,item 1801 features: 125 46 25 892 158 33 2 4 652 72 5 246 57 51 31
1807,item_1807,,item_1807,,2 34 4 5 44,item 1807 features: 2 34 4 5 44
1812,item_1812,,item_1812,,693,item 1812 features: 693
1825,item_1825,,item_1825,,51 4 20 67 55 262,item 1825 features: 51 4 20 67 55 262
1827,item_1827,,item_1827,,69 718 22 4 0,item 1827 features: 69 718 22 4 0
1829,item_1829,,item_1829,,69 2 76 5 86 55,item 1829 features: 69 2 76 5 86 55
1843,item_1843,,item_1843,,15 53 51 2 34 5 44 10,item 1843 features: 15 53 51 2 34 5 44 10
1844,item_1844,,item_1844,,685,item 1844 features: 685
1851,item_1851,,item_1851,,2 578 25 5 31,item 1851 features: 2 578 25 5 31
1863,item_1863,,item_1863,,153 34 4 5 16 31 10,item 1863 features: 153 34 4 5 16 31 10
1867,item_1867,,item_1867,,69 1 22 2 51 39 76 4 709 86 31 5,item 1867 features: 69 1 22 2 51 39 76 4 709 86 31 5
1871,item_1871,,item_1871,,54 122 35 473 616 180 197 536 32 64 150 282 156 124,item 1871 features: 54 122 35 473 616 180 197 536 32 64 150 282 156 124
1875,item_1875,,item_1875,,186 2 55,item 1875 features: 186 2 55
1878,item_1878,,item_1878,,55,item 1878 features: 55
1885,item_1885,,item_1885,,46 52 2 25 4 5 16 31,item 1885 features: 46 52 2 25 4 5 16 31
1889,item_1889,,item_1889,,51 2 34 5 28 55,item 1889 features: 51 2 34 5 28 55
1893,item_1893,,item_1893,,15 2 51 837 166 31,item 1893 features: 15 2 51 837 166 31
1895,item_1895,,item_1895,,5,item 1895 features: 5
1901,item_1901,,item_1901,,32 64 637 424 97 62 185,item 1901 features: 32 64 637 424 97 62 185
1904,item_1904,,item_1904,,34 4 31,item 1904 features: 34 4 31
1909,item_1909,,item_1909,,288 64 318 85 185 198 0 124,item 1909 features: 288 64 318 85 185 198 0 124
1911,item_1911,,item_1911,,192 32 439 424 34 44 37 754 171,item 1911 features: 192 32 439 424 34 44 37 754 171
1914,item_1914,,item_1914,,34 10,item 1914 features: 34 10
1921,item_1921,,item_1921,,10 344 53 2 34 4 19 31 549,item 1921 features: 10 344 53 2 34 4 19 31 549
1923,item_1923,,item_1923,,58 34 25 20 44 28 537 15 2 167 4 5 120 51 474 534 31 194 0,item 1923 features: 58 34 25 20 44 28 537 15 2 167 4 5 120 51 474 534 31 194 0
1926,item_1926,,item_1926,,76 28 91 69 15 22 2 4 54 5 120 51 31 16 852,item 1926 features: 76 28 91 69 15 22 2 4 54 5 120 51 31 16 852
1928,item_1928,,item_1928,,58 125 34 44 10 15 33 2 4 5 120 51 31 49,item 1928 features: 58 125 34 44 10 15 33 2 4 5 120 51 31 49
1937,item_1937,,item_1937,,52 4 253 14 16 5 31,item 1937 features: 52 4 253 14 16 5 31
1950,item_1950,,item_1950,,2 25 4 37 16 31 5 549,item 1950 features: 2 25 4 37 16 31 5 549
1956,item_1956,,item_1956,,32 21 887 2 44 121,item 1956 features: 32 21 887 2 44 121
1963,item_1963,,item_1963,,34 25 37 55 21 2 173 103 23 31 750 49 56,item 1963 features: 34 25 37 55 21 2 173 103 23 31 750 49 56
1974,item_1974,,item_1974,,21 2 44,item 1974 features: 21 2 44
1983,item_1983,,item_1983,,192 32 185 856 37 62 629 198 243,item 1983 features: 192 32 185 856 37 62 629 198 243
1986,item_1986,,item_1986,,738 109 2 51 20 55,item 1986 features: 738 109 2 51 20 55
1993,item_1993,,item_1993,,90 629 32 37 62 185 192 198 243,item 1993 features: 90 629 32 37 62 185 192 198 243
1996,item_1996,,item_1996,,34,item 1996 features: 34
1999,item_1999,,item_1999,,186 55,item 1999 features: 186 55
2000,item_2000,,item_2000,,1 2 51 4 28 55,item 2000 features: 1 2 51 4 28 55
2004,item_2004,,item_2004,,2 34 4 55,item 2004 features: 2 34 4 55
2012,item_2012,,item_2012,,15 51 4 55 10,item 2012 features: 15 51 4 55 10
2013,item_2013,,item_2013,,69 152 651 22 2 50 34 4 113 5 16 31 120,item 2013 features: 69 152 651 22 2 50 34 4 113 5 16 31 120
2018,item_2018,,item_2018,,21 2 56 31 183,item 2018 features: 21 2 56 31 183
2029,item_2029,,item_2029,,46 49 4 25 16 71 5 31 302,item 2029 features: 46 49 4 25 16 71 5 31 302
2031,item_2031,,item_2031,,58 10 126 4 67 271 5,item 2031 features: 58 10 126 4 67 271 5
2033,item_2033,,item_2033,,69 22 2 4 202 103 55 0 23,item 2033 features: 69 22 2 4 202 103 55 0 23
2037,item_2037,,item_2037,,2 50 34 10,item 2037 features: 2 50 34 10
2048,item_2048,,item_2048,,90 64 54,item 2048 features: 90 64 54
2049,item_2049,,item_2049,,22 4 82 715 0,item 2049 features: 22 4 82 715 0
2052,item_2052,,item_2052,,2 4 14 971 5 55 102,item 2052 features: 2 4 14 971 5 55 102
2054,item_2054,,item_2054,,34 28 55 10 15 2 4 103 937 5 23 51 31 161 13,item 2054 features: 34 28 55 10 15 2 4 103 937 5 23 51 31 161 13
2059,item_2059,,item_2059,,51 55,item 2059 features: 51 55
2067,item_2067,,item_2067,,236 25 20 55 15 2 4 83 5 51 100 31 117 16,item 2067 features: 236 25 20 55 15 2 4 83 5 51 100 31 117 16
2074,item_2074,,item_2074,,51 31,item 2074 features: 51 31
2076,item_2076,,item_2076,,447 205 188 31 124,item 2076 features: 447 205 188 31 124
2080,item_2080,,item_2080,,208,item 2080 features: 208
2097,item_2097,,item_2097,,4 16 44,item 2097 features: 4 16 44
2101,item_2101,,item_2101,,209 152 651 34 10 69 22 2 4 113 5 85 31 50 234 16,item 2101 features: 209 152 651 34 10 69 22 2 4 113 5 85 31 50 234 16
2104,item_2104,,item_2104,,77 2 5 55 602,item 2104 features: 77 2 5 55 602
2112,item_2112,,item_2112,,32 51 2 4 14 67 5 747 55,item 2112 features: 32 51 2 4 14 67 5 747 55
2124,item_2124,,item_2124,,453 32 154 197 54 122,item 2124 features: 453 32 154 197 54 122
2128,item_2128,,item_2128,,10 394 49 2 34 349 173 103 55 23,item 2128 features: 10 394 49 2 34 349 173 103 55 23
2132,item_2132,,item_2132,,10 22 2 50 4 16 5 31,item 2132 features: 10 22 2 50 4 16 5 31
2148,item_2148,,item_2148,,51 4 20 67 55 262,item 2148 features: 51 4 20 67 55 262
2149,item_2149,,item_2149,,69 22 2 50 34 44 5 10,item 2149 features: 69 22 2 50 34 44 5 10
2152,item_2152,,item_2152,,58 34 44 10 15 2 177 4 173 143 103 5 120 23 51 546 31 49,item 2152 features: 58 34 44 10 15 2 177 4 173 143 103 5 120 23 51 546 31 49
2157,item_2157,,item_2157,,134 773 560 51 2 34 5 44 28,item 2157 features: 134 773 560 51 2 34 5 44 28
2159,item_2159,,item_2159,,29 32 2 208 31 121 142,item 2159 features: 29 32 2 208 31 121 142
2162,item_2162,,item_2162,,153 51 44,item 2162 features: 153 51 44
2163,item_2163,,item_2163,,34 683 37 60 10 21 2 173 103 23 288 24 31 161 64 88 49,item 2163 features: 34 683 37 60 10 21 2 173 103 23 288 24 31 161 64 88 49
2164,item_2164,,item_2164,,833 2 25 16 5 31,item 2164 features: 833 2 25 16 5 31
2168,item_2168,,item_2168,,58 125 94 37 33 53 2 4 5 120 440 650 14 271 31 640 32 131,item 2168 features: 58 125 94 37 33 53 2 4 5 120 440 650 14 271 31 640 32 131
2178,item_2178,,item_2178,,500 832 2 76 200 5 31,item 2178 features: 500 832 2 76 200 5 31
2181,item_2181,,item_2181,,2 76 31,item 2181 features: 2 76 31
2182,item_2182,,item_2182,,69 52 22 507 2 4 113 14 456 16 566 5 31,item 2182 features: 69 52 22 507 2 4 113 14 456 16 566 5 31
2186,item_2186,,item_2186,,110 52 49 2 34 4 930 173 374 103 31 5,item 2186 features: 110 52 49 2 34 4 930 173 374 103 31 5
2192,item_2192,,item_2192,,21 49 2 25 34 173 103 31,item 2192 features: 21 49 2 25 34 173 103 31
2193,item_2193,,item_2193,,34 16 31 10,item 2193 features: 34 16 31 10
2198,item_2198,,item_2198,,15 217 22 880 2 25 51 20 5 44 586 846,item 2198 features: 15 217 22 880 2 25 51 20 5 44 586 846
2201,item_2201,,item_2201,,2,item 2201 features: 2
2202,item_2202,,item_2202,,2 5 110 28 31,item 2202 features: 2 5 110 28 31
2210,item_2210,,item_2210,,52 2 729 34 25 4 5 31 8 10 102,item 2210 features: 52 2 729 34 25 4 5 31 8 10 102
2211,item_2211,,item_2211,,87 2 51 4 44,item 2211 features: 87 2 51 4 44
2214,item_2214,,item_2214,,89 32 21 404 390 2 637 25 121 37 133 31 142,item 2214 features: 89 32 21 404 390 2 637 25 121 37 133 31 142
2215,item_2215,,item_2215,,58 1 28 55 26 15 2 4 5 382 51 31 123,item 2215 features: 58 1 28 55 26 15 2 4 5 382 51 31 123
2217,item_2217,,item_2217,,65 524 119 32 21 2 97 44 31 654,item 2217 features: 65 524 119 32 21 2 97 44 31 654
2218,item_2218,,item_2218,,332 462 25,item 2218 features: 332 462 25
2220,item_2220,,item_2220,,426 2 76 5 55,item 2220 features: 426 2 76 5 55
2221,item_2221,,item_2221,,524 21 2 338 56 55,item 2221 features: 524 21 2 338 56 55
2225,item_2225,,item_2225,,51 16 5 31 212,item 2225 features: 51 16 5 31 212
2235,item_2235,,item_2235,,51 5 55,item 2235 features: 51 5 55
2236,item_2236,,item_2236,,2,item 2236 features: 2
2237,item_2237,,item_2237,,51 44,item 2237 features: 51 44
2242,item_2242,,item_2242,,255 2 4 25 14 16 5 337 55,item 2242 features: 255 2 4 25 14 16 5 337 55
2244,item_2244,,item_2244,,34 270 10 69 983 22 2 4 5 168 51 85 31 50 234 0,item 2244 features: 34 270 10 69 983 22 2 4 5 168 51 85 31 50 234 0
2254,item_2254,,item_2254,,2 44,item 2254 features: 2 44
2270,item_2270,,item_2270,,663 2 880 167 55,item 2270 features: 663 2 880 167 55
2299,item_2299,,item_2299,,31,item 2299 features: 31
2301,item_2301,,item_2301,,69 10 52 22 34 234 4 85 31,item 2301 features: 69 10 52 22 34 234 4 85 31
2309,item_2309,,item_2309,,2 410 16 5 55,item 2309 features: 2 410 16 5 55
2321,item_2321,,item_2321,,125 46 34 25 343 37 102 69 33 22 716 4 5 77 184 51 14 216 31 584 727 13,item 2321 features: 125 46 34 25 343 37 102 69 33 22 716 4 5 77 184 51 14 216 31 584 727 13
2325,item_2325,,item_2325,,87 520 4 91,item 2325 features: 87 520 4 91
2331,item_2331,,item_2331,,32 64 124,item 2331 features: 32 64 124
2335,item_2335,,item_2335,,2 50 44 31,item 2335 features: 2 50 44 31
2337,item_2337,,item_2337,,55 212 10,item 2337 features: 55 212 10
2342,item_2342,,item_2342,,2 57 4 115 37 16 5 31,item 2342 features: 2 57 4 115 37 16 5 31
2345,item_2345,,item_2345,,21 49 2 34 173 55,item 2345 features: 21 49 2 34 173 55
2352,item_2352,,item_2352,,15 217 51 4 20 92 44,item 2352 features: 15 217 51 4 20 92 44
2371,item_2371,,item_2371,,22 2 4 113 545 31,item 2371 features: 22 2 4 113 545 31
2379,item_2379,,item_2379,,21 97 31,item 2379 features: 21 97 31
2380,item_2380,,item_2380,,69 845 22 51 34 4 55 5 31 10,item 2380 features: 69 845 22 51 34 4 55 5 31 10
2382,item_2382,,item_2382,,21 2 31,item 2382 features: 21 2 31
2386,item_2386,,item_2386,,399 613 213 10 54 674 97 31 941 32 64 124,item 2386 features: 399 613 213 10 54 674 97 31 941 32 64 124
2390,item_2390,,item_2390,,2 55,item 2390 features: 2 55
2392,item_2392,,item_2392,,46 219 34 25 31 124,item 2392 features: 46 219 34 25 31 124
2393,item_2393,,item_2393,,2 76 769 28 5 55,item 2393 features: 2 76 769 28 5 55
2394,item_2394,,item_2394,,58 66 2 31 477,item 2394 features: 58 66 2 31 477
2397,item_2397,,item_2397,,236 2 4 117 5 55,item 2397 features: 236 2 4 117 5 55
2398,item_2398,,item_2398,,306,item 2398 features: 306
2401,item_2401,,item_2401,,689 34 28 44 55 10 2 4 113 103 5 23 462 49 294 16,item 2401 features: 689 34 28 44 55 10 2 4 113 103 5 23 462 49 294 16
2402,item_2402,,item_2402,,32 21 415 526 37 31,item 2402 features: 32 21 415 526 37 31
2403,item_2403,,item_2403,,125 46 25 212 467 33 4 854 5 237 895 14 100 31 16,item 2403 features: 125 46 25 212 467 33 4 854 5 237 895 14 100 31 16
2405,item_2405,,item_2405,,10 64 49 2 34 226 173 103 31,item 2405 features: 10 64 49 2 34 226 173 103 31
2414,item_2414,,item_2414,,89 675 404 390 435 73 406 122 165,item 2414 features: 89 675 404 390 435 73 406 122 165
2416,item_2416,,item_2416,,31,item 2416 features: 31
2427,item_2427,,item_2427,,15 51 2 4 34 5 44 31,item 2427 features: 15 51 2 4 34 5 44 31
2431,item_2431,,item_2431,,926 10 821 618 51 2 4 31 265 55,item 2431 features: 926 10 821 618 51 2 4 31 265 55
2435,item_2435,,item_2435,,58 502 46 34 25 28 44 47 10 2 4 173 103 5 23 51 14 271 31 13,item 2435 features: 58 502 46 34 25 28 44 47 10 2 4 173 103 5 23 51 14 271 31 13
2461,item_2461,,item_2461,,192 2 226 62 185 198 31 243,item 2461 features: 192 2 226 62 185 198 31 243
2467,item_2467,,item_2467,,2 16 55,item 2467 features: 2 16 55
2475,item_2475,,item_2475,,227,item 2475 features: 227
2479,item_2479,,item_2479,,10 34,item 2479 features: 10 34
2484,item_2484,,item_2484,,55 91 15 53 2 4 327 5 120 23 51,item 2484 features: 55 91 15 53 2 4 327 5 120 23 51
2494,item_2494,,item_2494,,69 168 46 22 2 25 4 50 13 5 892 31,item 2494 features: 69 168 46 22 2 25 4 50 13 5 892 31
2496,item_2496,,item_2496,,46 22 2 76 4 202 5 0,item 2496 features: 46 22 2 76 4 202 5 0
2500,item_2500,,item_2500,,797 2 34 527 55 10,item 2500 features: 797 2 34 527 55 10
2503,item_2503,,item_2503,,32 208 37,item 2503 features: 32 208 37
2504,item_2504,,item_2504,,524 55 0,item 2504 features: 524 55 0
2508,item_2508,,item_2508,,69 22 4 20 318 734,item 2508 features: 69 22 4 20 318 734
2519,item_2519,,item_2519,,21 338 44,item 2519 features: 21 338 44
2522,item_2522,,item_2522,,2 4 165 31,item 2522 features: 2 4 165 31
2525,item_2525,,item_2525,,69 862 22 4,item 2525 features: 69 862 22 4
2529,item_2529,,item_2529,,4 20 92 166 267,item 2529 features: 4 20 92 166 267
2535,item_2535,,item_2535,,91 51 34 4 16 44 31,item 2535 features: 91 51 34 4 16 44 31
2542,item_2542,,item_2542,,15 51 31 34 4 5 91 26,item 2542 features: 15 51 31 34 4 5 91 26
2543,item_2543,,item_2543,,32 338 590,item 2543 features: 32 338 590
2546,item_2546,,item_2546,,2 274 4 5 44,item 2546 features: 2 274 4 5 44
2548,item_2548,,item_2548,,58 394 49 2 34 173 349 103 31 10,item 2548 features: 58 394 49 2 34 173 349 103 31 10
2558,item_2558,,item_2558,,15 51 2 20 5 55 370 128,item 2558 features: 15 51 2 20 5 55 370 128
2575,item_2575,,item_2575,,65 64 2 25 14 340 162 265 661 124,item 2575 features: 65 64 2 25 14 340 162 265 661 124
2580,item_2580,,item_2580,,253 16 31,item 2580 features: 253 16 31
2583,item_2583,,item_2583,,65 64 52 57 14 37 629 124,item 2583 features: 65 64 52 57 14 37 629 124
2584,item_2584,,item_2584,,69 22 60 4 145 31,item 2584 features: 69 22 60 4 145 31
2592,item_2592,,item_2592,,437 281 401 446,item 2592 features: 437 281 401 446
2594,item_2594,,item_2594,,51 55,item 2594 features: 51 55
2600,item_2600,,item_2600,,939 398 46 512 197 4 14 5 31,item 2600 features: 939 398 46 512 197 4 14 5 31
2603,item_2603,,item_2603,,91 72 31,item 2603 features: 91 72 31
2607,item_2607,,item_2607,,46 49 2 34 4 173 5 16 103 31 10,item 2607 features: 46 49 2 34 4 173 5 16 103 31 10
2608,item_2608,,item_2608,,272 125 33 51 44,item 2608 features: 272 125 33 51 44
2609,item_2609,,item_2609,,31,item 2609 features: 31
2618,item_2618,,item_2618,,777,item 2618 features: 777
2619,item_2619,,item_2619,,980,item 2619 features: 980
2622,item_2622,,item_2622,,42,item 2622 features: 42
2634,item_2634,,item_2634,,512 34 25 10 2 345 173 103 5 31 49 16,item 2634 features: 512 34 25 10 2 345 173 103 5 31 49 16
2636,item_2636,,item_2636,,46 2 4 34 14 37 296 5 31 10,item 2636 features: 46 2 4 34 14 37 296 5 31 10
2637,item_2637,,item_2637,,2 25 5 31,item 2637 features: 2 25 5 31
2641,item_2641,,item_2641,,229 500 22 2 832 34 76 50 31 5 10,item 2641 features: 229 500 22 2 832 34 76 50 31 5 10
2644,item_2644,,item_2644,,2,item 2644 features: 2
2658,item_2658,,item_2658,,58 178 34 25 55 10 2 4 5 77 276 67,item 2658 features: 58 178 34 25 55 10 2 4 5 77 276 67
2663,item_2663,,item_2663,,236 25 28 55 537 69 22 2 4 71 5 120 168 474 85 534 50 234 117,item 2663 features: 236 25 28 55 537 69 22 2 4 71 5 120 168 474 85 534 50 234 117
2677,item_2677,,item_2677,,626 51 31 128,item 2677 features: 626 51 31 128
2678,item_2678,,item_2678,,2 16 55 701,item 2678 features: 2 16 55 701
2686,item_2686,,item_2686,,69 43 22 2 4 76 51 769 5 55 0,item 2686 features: 69 43 22 2 4 76 51 769 5 55 0
2691,item_2691,,item_2691,,69 324 22 2 50 234 4 34 5 85 31,item 2691 features: 69 324 22 2 50 234 4 34 5 85 31
2692,item_2692,,item_2692,,21 31,item 2692 features: 21 31
2700,item_2700,,item_2700,,15 865 49 2 51 4 55 5 31 26,item 2700 features: 15 865 49 2 51 4 55 5 31 26
2709,item_2709,,item_2709,,969 31,item 2709 features: 969 31
2711,item_2711,,item_2711,,141 161 15 53 2 4 20 361 31 370 128,item 2711 features: 141 161 15 53 2 4 20 361 31 370 128
2714,item_2714,,item_2714,,69 22 234 4 20 120,item 2714 features: 69 22 234 4 20 120
2715,item_2715,,item_2715,,2 44 31 183,item 2715 features: 2 44 31 183
2716,item_2716,,item_2716,,69 22 2 50 25 4 5 31,item 2716 features: 69 22 2 50 25 4 5 31
2723,item_2723,,item_2723,,22 34 4 31,item 2723 features: 22 34 4 31
2724,item_2724,,item_2724,,801,item 2724 features: 801
2728,item_2728,,item_2728,,25 563 2 113 5 831 184 168 31 605 50 13 16,item 2728 features: 25 563 2 113 5 831 184 168 31 605 50 13 16
2730,item_2730,,item_2730,,119 37 629 213 185 198 74 243 6 62 121 32 88 338 192 472,item 2730 features: 119 37 629 213 185 198 74 243 6 62 121 32 88 338 192 472
2735,item_2735,,item_2735,,21 2 56 55,item 2735 features: 21 2 56 55
2738,item_2738,,item_2738,,69 2 4 14 31,item 2738 features: 69 2 4 14 31
2744,item_2744,,item_2744,,46 15 51 193 2 4 55 5 31 102,item 2744 features: 46 15 51 193 2 4 55 5 31 102
2745,item_2745,,item_2745,,15 53 2 20 55 120,item 2745 features: 15 53 2 20 55 120
2750,item_2750,,item_2750,,10,item 2750 features: 10
2759,item_2759,,item_2759,,69 168 15 2 51 4 34 31 5 28 634 55 0,item 2759 features: 69 168 15 2 51 4 34 31 5 28 634 55 0
2760,item_2760,,item_2760,,2 51 76 31 5 111,item 2760 features: 2 51 76 31 5 111
2763,item_2763,,item_2763,,58 125 52 51 2 177 546 4 5 31 120,item 2763 features: 58 125 52 51 2 177 546 4 5 31 120
2766,item_2766,,item_2766,,51 2 34 4 294 44 5 649,item 2766 features: 51 2 34 4 294 44 5 649
2775,item_2775,,item_2775,,69 58 439 582 4 76 67 120,item 2775 features: 69 58 439 582 4 76 67 120
2783,item_2783,,item_2783,,21 264 277 55 535,item 2783 features: 21 264 277 55 535
2784,item_2784,,item_2784,,447 55,item 2784 features: 447 55
2785,item_2785,,item_2785,,245 34,item 2785 features: 245 34
2788,item_2788,,item_2788,,51 55,item 2788 features: 51 55
2789,item_2789,,item_2789,,32 246 2 34 410 4 14 5 16 31 10,item 2789 features: 32 246 2 34 410 4 14 5 16 31 10
2791,item_2791,,item_2791,,784,item 2791 features: 784
2792,item_2792,,item_2792,,69 168 22 2 34 4 173 103 31 10 23,item 2792 features: 69 168 22 2 34 4 173 103 31 10 23
2798,item_2798,,item_2798,,37 102 884 2 4 538 5 120 77 57 357 395 633 31 32 205 8,item 2798 features: 37 102 884 2 4 538 5 120 77 57 357 395 633 31 32 205 8
2799,item_2799,,item_2799,,304 312 17 853 425,item 2799 features: 304 312 17 853 425
2801,item_2801,,item_2801,,77 528 2 4 37 31,item 2801 features: 77 528 2 4 37 31
2803,item_2803,,item_2803,,257 51 44,item 2803 features: 257 51 44
2805,item_2805,,item_2805,,46 2 854 31 5 212,item 2805 features: 46 2 854 31 5 212
2809,item_2809,,item_2809,,58 46 399 34 55 10 102 65 232 53 2 4 552 5 120 77 650 32 49 253,item 2809 features: 58 46 399 34 55 10 102 65 232 53 2 4 552 5 120 77 650 32 49 253
2811,item_2811,,item_2811,,34 103 55,item 2811 features: 34 103 55
2814,item_2814,,item_2814,,820 473 64 57 4 14 54 465 156 122 124,item 2814 features: 820 473 64 57 4 14 54 465 156 122 124
2821,item_2821,,item_2821,,51 55,item 2821 features: 51 55
2823,item_2823,,item_2823,,69 4 14 20 16 120 102,item 2823 features: 69 4 14 20 16 120 102
2831,item_2831,,item_2831,,58 53 2 51 34 4 44 5 28 55 120,item 2831 features: 58 53 2 51 34 4 44 5 28 55 120
2835,item_2835,,item_2835,,2 25 14 4 376 16 5 31 37,item 2835 features: 2 25 14 4 376 16 5 31 37
2837,item_2837,,item_2837,,15 217 22 880 51 4 2 20 5 31 846,item 2837 features: 15 217 22 880 51 4 2 20 5 31 846
2843,item_2843,,item_2843,,435 406 25 2 780 4 54 636 5 122 473 197 31 156 165 124,item 2843 features: 435 406 25 2 780 4 54 636 5 122 473 197 31 156 165 124
2854,item_2854,,item_2854,,21 2 34 173 103 31,item 2854 features: 21 2 34 173 103 31
2864,item_2864,,item_2864,,298 125 33 2 25 4 174 16 44 432 5,item 2864 features: 298 125 33 2 25 4 174 16 44 432 5
2871,item_2871,,item_2871,,25 37 713 65 447 2 188 4 250 6 31 32 64 56 124,item 2871 features: 25 37 713 65 447 2 188 4 250 6 31 32 64 56 124
2874,item_2874,,item_2874,,21 887 2 265 55,item 2874 features: 21 887 2 265 55
2888,item_2888,,item_2888,,626 51 55 31 128,item 2888 features: 626 51 55 31 128
2889,item_2889,,item_2889,,2 31 102,item 2889 features: 2 31 102
2891,item_2891,,item_2891,,69 369 32 22 890 2 76 4 20 5 31,item 2891 features: 69 369 32 22 890 2 76 4 20 5 31
2903,item_2903,,item_2903,,419 22 2 50 5 31,item 2903 features: 419 22 2 50 5 31
2904,item_2904,,item_2904,,12 2 16 55,item 2904 features: 12 2 16 55
2907,item_2907,,item_2907,,69 10 52 22 50 39 4 34 234 85 5 31,item 2907 features: 69 10 52 22 50 39 4 34 234 85 5 31
2913,item_2913,,item_2913,,58 126 512 25 166 44 53 2 4 5 246 650 271 253,item 2913 features: 58 126 512 25 166 44 53 2 4 5 246 650 271 253
2914,item_2914,,item_2914,,2 34 4 31,item 2914 features: 2 34 4 31
2917,item_2917,,item_2917,,228 37 331 300 752 21 745 2 290 787 400 31,item 2917 features: 228 37 331 300 752 21 745 2 290 787 400 31
2918,item_2918,,item_2918,,46 2 4 14 5 31 260,item 2918 features: 46 2 4 14 5 31 260
2923,item_2923,,item_2923,,65 447 21 2 188 37 55 309 10,item 2923 features: 65 447 21 2 188 37 55 309 10
2925,item_2925,,item_2925,,2 51 4 31 5 28 55,item 2925 features: 2 51 4 31 5 28 55
2935,item_2935,,item_2935,,161 64 91 399 228 2 55 221 103 31 23,item 2935 features: 161 64 91 399 228 2 55 221 103 31 23
2939,item_2939,,item_2939,,672 22 4,item 2939 features: 672 22 4
2941,item_2941,,item_2941,,406 4 20 643 636 165 122,item 2941 features: 406 4 20 643 636 165 122
2945,item_2945,,item_2945,,263 2 556 25 4 166 5 16 31 350,item 2945 features: 263 2 556 25 4 166 5 16 31 350
2946,item_2946,,item_2946,,10 15 51 2 4 55 31,item 2946 features: 10 15 51 2 4 55 31
2953,item_2953,,item_2953,,46 453 943 415 487 2 54 265 787 122 197 97 970 31 154 156,item 2953 features: 46 453 943 415 487 2 54 265 787 122 197 97 970 31 154 156
2954,item_2954,,item_2954,,77 2 4 37 577 31 120,item 2954 features: 77 2 4 37 577 31 120
2955,item_2955,,item_2955,,29 32 64 8 526 166 37 438 171,item 2955 features: 29 32 64 8 526 166 37 438 171
2956,item_2956,,item_2956,,255 125 25 715 69 33 22 2 4 5 120 615 31 32 16 0,item 2956 features: 255 125 25 715 69 33 22 2 4 5 120 615 31 32 16 0
2965,item_2965,,item_2965,,31,item 2965 features: 31
2971,item_2971,,item_2971,,549 49 2 34 4 253 14 173 110 16 5 31 103,item 2971 features: 549 49 2 34 4 253 14 173 110 16 5 31 103
2984,item_2984,,item_2984,,49 2 34 322 55,item 2984 features: 49 2 34 322 55
2985,item_2985,,item_2985,,51 2 34 4 28 409,item 2985 features: 51 2 34 4 28 409
2990,item_2990,,item_2990,,34 25 563 10 22 2 113 5 831 168 31 605 16,item 2990 features: 34 25 563 10 22 2 113 5 831 168 31 605 16
2993,item_2993,,item_2993,,528 2 39 4 37 5 31 602 102,item 2993 features: 528 2 39 4 37 5 31 602 102
2995,item_2995,,item_2995,,69 168 22 2 34 113 987 4 335 31,item 2995 features: 69 168 22 2 34 113 987 4 335 31
2996,item_2996,,item_2996,,51 2 55 16 31,item 2996 features: 51 2 55 16 31
2999,item_2999,,item_2999,,55 473,item 2999 features: 55 473
3000,item_3000,,item_3000,,700 21 44,item 3000 features: 700 21 44
3005,item_3005,,item_3005,,2 577 282 31 501,item 3005 features: 2 577 282 31 501
3006,item_3006,,item_3006,,74 64 2 31,item 3006 features: 74 64 2 31
3009,item_3009,,item_3009,,15 22 2 880 20 55 846,item 3009 features: 15 22 2 880 20 55 846
3013,item_3013,,item_3013,,21 2 34 55 10,item 3013 features: 21 2 34 55 10
3014,item_3014,,item_3014,,51 6 4 28 44,item 3014 features: 51 6 4 28 44
3016,item_3016,,item_3016,,21 2 55,item 3016 features: 21 2 55
3018,item_3018,,item_3018,,10 15 2 51 4 39 34 959 294 44 28 5,item 3018 features: 10 15 2 51 4 39 34 959 294 44 28 5
3029,item_3029,,item_3029,,31,item 3029 features: 31
3032,item_3032,,item_3032,,15 51 4 28 55,item 3032 features: 15 51 4 28 55
3053,item_3053,,item_3053,,32 649 97,item 3053 features: 32 649 97
3054,item_3054,,item_3054,,49 2 34 4 715 16 173 103 55 5 23 260,item 3054 features: 49 2 34 4 715 16 173 103 55 5 23 260
3056,item_3056,,item_3056,,21 44,item 3056 features: 21 44
3057,item_3057,,item_3057,,2 44,item 3057 features: 2 44
3064,item_3064,,item_3064,,21 2 31,item 3064 features: 21 2 31
3068,item_3068,,item_3068,,65 32 54,item 3068 features: 65 32 54
3076,item_3076,,item_3076,,209 55 102,item 3076 features: 209 55 102
3081,item_3081,,item_3081,,77 568 2 25 39 5 44 868,item 3081 features: 77 568 2 25 39 5 44 868
3082,item_3082,,item_3082,,4,item 3082 features: 4
3083,item_3083,,item_3083,,51 44,item 3083 features: 51 44
3105,item_3105,,item_3105,,46 1 382 2 51 31 55,item 3105 features: 46 1 382 2 51 31 55
3107,item_3107,,item_3107,,69 22 50 816 4 234 5 522 31,item 3107 features: 69 22 50 816 4 234 5 522 31
3109,item_3109,,item_3109,,21 2 25 56 31 648,item 3109 features: 21 2 25 56 31 648
3110,item_3110,,item_3110,,45 637 8 37 854 863 31 122,item 3110 features: 45 637 8 37 854 863 31 122
3114,item_3114,,item_3114,,982 21 290 44 787 501,item 3114 features: 982 21 290 44 787 501
3119,item_3119,,item_3119,,15 2 51 31 5 28 55,item 3119 features: 15 2 51 31 5 28 55
3127,item_3127,,item_3127,,2 4 14 16 5 31,item 3127 features: 2 4 14 16 5 31
3129,item_3129,,item_3129,,4 267,item 3129 features: 4 267
3131,item_3131,,item_3131,,55 10 69 52 2 4 5 51 57 14 374 31 16 110,item 3131 features: 55 10 69 52 2 4 5 51 57 14 374 31 16 110
3132,item_3132,,item_3132,,34 4 16 5 55,item 3132 features: 34 4 16 5 55
3133,item_3133,,item_3133,,77 49 51 2 39 102 5 44 31,item 3133 features: 77 49 51 2 39 102 5 44 31
3135,item_3135,,item_3135,,2 56 55,item 3135 features: 2 56 55
3137,item_3137,,item_3137,,58 1 53 22 2 25 4 51 76 5 44 31,item 3137 features: 58 1 53 22 2 25 4 51 76 5 44 31
3145,item_3145,,item_3145,,51 2 4 55 5 28 31 378,item 3145 features: 51 2 4 55 5 28 31 378
3147,item_3147,,item_3147,,77 10 716 50 34 2 55 37 5 85 31 8,item 3147 features: 77 10 716 50 34 2 55 37 5 85 31 8
3148,item_3148,,item_3148,,743 29 161 21 435 2 636 103 55 165 23,item 3148 features: 743 29 161 21 435 2 636 103 55 165 23
3152,item_3152,,item_3152,,52 4 20 371,item 3152 features: 52 4 20 371
3154,item_3154,,item_3154,,21 2 265 31,item 3154 features: 21 2 265 31
3155,item_3155,,item_3155,,192 32 185 326 654 37 62 754 198,item 3155 features: 192 32 185 326 654 37 62 754 198
3156,item_3156,,item_3156,,15 51 34 31,item 3156 features: 15 51 34 31
3159,item_3159,,item_3159,,2 5 16 31,item 3159 features: 2 5 16 31
3161,item_3161,,item_3161,,10 114 2 25 16 5 55,item 3161 features: 10 114 2 25 16 5 55
3168,item_3168,,item_3168,,44,item 3168 features: 44
3182,item_3182,,item_3182,,269,item 3182 features: 269
3190,item_3190,,item_3190,,34 270 55 91 69 983 22 2 4 5 168 51 14 85 50,item 3190 features: 34 270 55 91 69 983 22 2 4 5 168 51 14 85 50
3191,item_3191,,item_3191,,58 272 2 51 34 4 347 84 28 31,item 3191 features: 58 272 2 51 34 4 347 84 28 31
3199,item_3199,,item_3199,,437 32 21 401 225 2 73 25 148 31,item 3199 features: 437 32 21 401 225 2 73 25 148 31
3203,item_3203,,item_3203,,34 44 28 10 22 2 103 5 23 831 51 31 50 16,item 3203 features: 34 44 28 10 22 2 103 5 23 831 51 31 50 16
3209,item_3209,,item_3209,,58 2 31,item 3209 features: 58 2 31
3216,item_3216,,item_3216,,31,item 3216 features: 31
3221,item_3221,,item_3221,,55,item 3221 features: 55
3226,item_3226,,item_3226,,21 55,item 3226 features: 21 55
3227,item_3227,,item_3227,,5 31,item 3227 features: 5 31
3230,item_3230,,item_3230,,69 22 4 34 14 31,item 3230 features: 69 22 4 34 14 31
3238,item_3238,,item_3238,,58 46 416 25 343 344 53 2 4 5 31 582 13,item 3238 features: 58 46 416 25 343 344 53 2 4 5 31 582 13
3241,item_3241,,item_3241,,58 2 25 31,item 3241 features: 58 2 25 31
3246,item_3246,,item_3246,,32 52 57 166 37,item 3246 features: 32 52 57 166 37
3247,item_3247,,item_3247,,77 568 2 39 55 5,item 3247 features: 77 568 2 39 55 5
3253,item_3253,,item_3253,,254 2 50 76 31,item 3253 features: 254 2 50 76 31
3254,item_3254,,item_3254,,2 5 28 31,item 3254 features: 2 5 28 31
3257,item_3257,,item_3257,,69 862 22 2 76 4,item 3257 features: 69 862 22 2 76 4
3268,item_3268,,item_3268,,51 55,item 3268 features: 51 55
3270,item_3270,,item_3270,,2 51 34 4 5 28 31 120 10,item 3270 features: 2 51 34 4 5 28 31 120 10
3273,item_3273,,item_3273,,24 52 22 2 50 234 4 39 85 5 55,item 3273 features: 24 52 22 2 50 234 4 39 85 5 55
3274,item_3274,,item_3274,,15 49 51 2 34 756 173 28 16 31 10 103,item 3274 features: 15 49 51 2 34 756 173 28 16 31 10 103
3282,item_3282,,item_3282,,125 46 178 34 44 10 33 2 4 173 103 5 237 51 14 31 49,item 3282 features: 125 46 178 34 44 10 33 2 4 173 103 5 237 51 14 31 49
3283,item_3283,,item_3283,,2 4 16 5 31,item 3283 features: 2 4 16 5 31
3287,item_3287,,item_3287,,51 55,item 3287 features: 51 55
3288,item_3288,,item_3288,,170 2 5 16 31,item 3288 features: 170 2 5 16 31
3289,item_3289,,item_3289,,519 2 31,item 3289 features: 519 2 31
3291,item_3291,,item_3291,,77 568 2 39 55 5,item 3291 features: 77 568 2 39 55 5
3302,item_3302,,item_3302,,22 716 51 31 37 951 44 16 5,item 3302 features: 22 716 51 31 37 951 44 16 5
3309,item_3309,,item_3309,,2 34 173 103 55 10 23,item 3309 features: 2 34 173 103 55 10 23
3312,item_3312,,item_3312,,125 52 33 2 4 166 16 55 5 10,item 3312 features: 125 52 33 2 4 166 16 55 5 10
3317,item_3317,,item_3317,,77 22 2 55,item 3317 features: 77 22 2 55
3323,item_3323,,item_3323,,540,item 3323 features: 540
3326,item_3326,,item_3326,,10 32 21 2 34 37 31,item 3326 features: 10 32 21 2 34 37 31
3327,item_3327,,item_3327,,2 31,item 3327 features: 2 31
3335,item_3335,,item_3335,,2 16 31,item 3335 features: 2 16 31
3341,item_3341,,item_3341,,69 22 4 5 279 0,item 3341 features: 69 22 4 5 279 0
3345,item_3345,,item_3345,,15 2 806 55,item 3345 features: 15 2 806 55
3356,item_3356,,item_3356,,21 435 2 406 31,item 3356 features: 21 435 2 406 31
3357,item_3357,,item_3357,,49 2 34 173 103 31,item 3357 features: 49 2 34 173 103 31
3358,item_3358,,item_3358,,4 16 31 10,item 3358 features: 4 16 31 10
3372,item_3372,,item_3372,,258,item 3372 features: 258
3373,item_3373,,item_3373,,961,item 3373 features: 961
3381,item_3381,,item_3381,,58 2 5 454 31 16,item 3381 features: 58 2 5 454 31 16
3383,item_3383,,item_3383,,46 635 55 69 22 2 4 81 5 51 31 468 16 124,item 3383 features: 46 635 55 69 22 2 4 81 5 51 31 468 16 124
3386,item_3386,,item_3386,,76 28 55 22 2 4 769 5 120 51 31 43,item 3386 features: 76 28 55 22 2 4 769 5 120 51 31 43
3391,item_3391,,item_3391,,906 2,item 3391 features: 906 2
3397,item_3397,,item_3397,,1 51 4 40 55,item 3397 features: 1 51 4 40 55
3401,item_3401,,item_3401,,21 44,item 3401 features: 21 44
3405,item_3405,,item_3405,,69 24 10 22 667 2 34 4 76 5 16 333 44,item 3405 features: 69 24 10 22 667 2 34 4 76 5 16 333 44
3406,item_3406,,item_3406,,49 2 377 55,item 3406 features: 49 2 377 55
3414,item_3414,,item_3414,,69 77 528 22 2 4 31 685 102,item 3414 features: 69 77 528 22 2 4 31 685 102
3423,item_3423,,item_3423,,55,item 3423 features: 55
3424,item_3424,,item_3424,,77 568 51 2 44 55 868,item 3424 features: 77 568 51 2 44 55 868
3427,item_3427,,item_3427,,2 525 113 31,item 3427 features: 2 525 113 31
3428,item_3428,,item_3428,,688 2 51 301 5 31,item 3428 features: 688 2 51 301 5 31
3430,item_3430,,item_3430,,46 178 34 44 10 447 188 4 71 83 5 51 14 31 302 16,item 3430 features: 46 178 34 44 10 447 188 4 71 83 5 51 14 31 302 16
3432,item_3432,,item_3432,,4 37 120 102,item 3432 features: 4 37 120 102
3444,item_3444,,item_3444,,16 293 44,item 3444 features: 16 293 44
3445,item_3445,,item_3445,,780 483 197 3 122 37 293 40 111 472,item 3445 features: 780 483 197 3 122 37 293 40 111 472
3446,item_3446,,item_3446,,32 21 64 2 34 25 97 37 192 31 10,item 3446 features: 32 21 64 2 34 25 97 37 192 31 10
3449,item_3449,,item_3449,,34 331 28 44 26 752 15 764 2 4 136 51 31 49,item 3449 features: 34 331 28 44 26 752 15 764 2 4 136 51 31 49
3457,item_3457,,item_3457,,69 22 4 279,item 3457 features: 69 22 4 279
3459,item_3459,,item_3459,,217 51 55,item 3459 features: 217 51 55
3465,item_3465,,item_3465,,58 10,item 3465 features: 58 10
3469,item_3469,,item_3469,,34 44 15 2 4 75 103 5 51 436 31 461,item 3469 features: 34 44 15 2 4 75 103 5 51 436 31 461
3474,item_3474,,item_3474,,49 2 34 173 265 165 31 10 103,item 3474 features: 49 2 34 173 265 165 31 10 103
3486,item_3486,,item_3486,,487 150 2 97 37 282 55 35,item 3486 features: 487 150 2 97 37 282 55 35
3503,item_3503,,item_3503,,21 2,item 3503 features: 21 2
3509,item_3509,,item_3509,,2 4 345 5 55,item 3509 features: 2 4 345 5 55
3514,item_3514,,item_3514,,4 16 72 31,item 3514 features: 4 16 72 31
3520,item_3520,,item_3520,,15 2 51 4 5 44 28 31 806,item 3520 features: 15 2 51 4 5 44 28 31 806
3543,item_3543,,item_3543,,51 595 44,item 3543 features: 51 595 44
3559,item_3559,,item_3559,,184 942 4 16 5 376 31 212,item 3559 features: 184 942 4 16 5 376 31 212
3569,item_3569,,item_3569,,125 2 4 25 14 16 5 31,item 3569 features: 125 2 4 25 14 16 5 31
3572,item_3572,,item_3572,,58 298 1 2 51 25 167 76 4 39 16 5 31,item 3572 features: 58 298 1 2 51 25 167 76 4 39 16 5 31
3574,item_3574,,item_3574,,674 32 424 97 37 31 10,item 3574 features: 674 32 424 97 37 31 10
3576,item_3576,,item_3576,,15 313 413 4,item 3576 features: 15 313 413 4
3586,item_3586,,item_3586,,735,item 3586 features: 735
3587,item_3587,,item_3587,,667 2 16 333 103 55 23,item 3587 features: 667 2 16 333 103 55 23
3594,item_3594,,item_3594,,32 21 199 37 31,item 3594 features: 32 21 199 37 31
3595,item_3595,,item_3595,,34 28 44 74 2 313 377 103 5 23 51 986 49 16,item 3595 features: 34 28 44 74 2 313 377 103 5 23 51 986 49 16
3601,item_3601,,item_3601,,414 4 14,item 3601 features: 414 4 14
3604,item_3604,,item_3604,,828 228 400 2 290 44 295 497,item 3604 features: 828 228 400 2 290 44 295 497
3608,item_3608,,item_3608,,255 2 31,item 3608 features: 255 2 31
3619,item_3619,,item_3619,,264,item 3619 features: 264
3620,item_3620,,item_3620,,2 4 5 55,item 3620 features: 2 4 5 55
3630,item_3630,,item_3630,,58 34 28 44 10 2 4 5 120 51 31 49,item 3630 features: 58 34 28 44 10 2 4 5 120 51 31 49
3634,item_3634,,item_3634,,125 653 467 21 33 345 597 280 265 264 31 32 64 13 315 221,item 3634 features: 125 653 467 21 33 345 597 280 265 264 31 32 64 13 315 221
3635,item_3635,,item_3635,,186,item 3635 features: 186
3638,item_3638,,item_3638,,2 25 167 55 103 31,item 3638 features: 2 25 167 55 103 31
3639,item_3639,,item_3639,,5,item 3639 features: 5
3641,item_3641,,item_3641,,250 2 4 338 14 5 44,item 3641 features: 250 2 4 338 14 5 44
3643,item_3643,,item_3643,,15 965 49 2 51 34 4 5 244 28 31 609,item 3643 features: 15 965 49 2 51 34 4 5 244 28 31 609
3647,item_3647,,item_3647,,2 50 933 5 55,item 3647 features: 2 50 933 5 55
3650,item_3650,,item_3650,,2 16 55,item 3650 features: 2 16 55
3656,item_3656,,item_3656,,10 22 34 4 31,item 3656 features: 10 22 34 4 31
3660,item_3660,,item_3660,,34 37 55,item 3660 features: 34 37 55
3665,item_3665,,item_3665,,65 750 447 6 188 37 309 31 472,item 3665 features: 65 750 447 6 188 37 309 31 472
3670,item_3670,,item_3670,,69 640 1 51 34 413 4 55,item 3670 features: 69 640 1 51 34 413 4 55
3676,item_3676,,item_3676,,2 56 44 91,item 3676 features: 2 56 44 91
3678,item_3678,,item_3678,,963 31,item 3678 features: 963 31
3685,item_3685,,item_3685,,2 51 5 44 28 31,item 3685 features: 2 51 5 44 28 31
3692,item_3692,,item_3692,,2 50 5 31,item 3692 features: 2 50 5 31
3696,item_3696,,item_3696,,76 55 69 22 2 4 5 168 305 809 50,item 3696 features: 76 55 69 22 2 4 5 168 305 809 50
3700,item_3700,,item_3700,,15 2,item 3700 features: 15 2
3704,item_3704,,item_3704,,45 125 170 46 33 51 4 14 16 28 5 31,item 3704 features: 45 125 170 46 33 51 4 14 16 28 5 31
3713,item_3713,,item_3713,,57 4 20 296 72,item 3713 features: 57 4 20 296 72
3719,item_3719,,item_3719,,34 25 37 174 10 772 65 52 2 113 173 103 5 77 57 31 49 50,item 3719 features: 34 25 37 174 10 772 65 52 2 113 173 103 5 77 57 31 49 50
3723,item_3723,,item_3723,,2,item 3723 features: 2
3735,item_3735,,item_3735,,4 92 20 267,item 3735 features: 4 92 20 267
3740,item_3740,,item_3740,,186,item 3740 features: 186
3741,item_3741,,item_3741,,69 10 22 2 50 4 34 5 44 147,item 3741 features: 69 10 22 2 50 4 34 5 44 147
3742,item_3742,,item_3742,,51 55 249,item 3742 features: 51 55 249
3744,item_3744,,item_3744,,22 51 2 525 113 55 799 5 31,item 3744 features: 22 51 2 525 113 55 799 5 31
3753,item_3753,,item_3753,,2 34 76 5 31,item 3753 features: 2 34 76 5 31
3754,item_3754,,item_3754,,15 217 51 4 92 20 31 586,item 3754 features: 15 217 51 4 92 20 31 586
3759,item_3759,,item_3759,,2 31,item 3759 features: 2 31
3760,item_3760,,item_3760,,141 53 2 4 20 361 16 5 55 370 128,item 3760 features: 141 53 2 4 20 361 16 5 55 370 128
3766,item_3766,,item_3766,,51 55,item 3766 features: 51 55
3775,item_3775,,item_3775,,426 39 31 5,item 3775 features: 426 39 31 5
3778,item_3778,,item_3778,,217 76 69 22 2 4 5 120 596 305 85 31 624 50 234,item 3778 features: 217 76 69 22 2 4 5 120 596 305 85 31 624 50 234
3782,item_3782,,item_3782,,58 125 170 34 44 28 26 10 15 2 177 4 173 103 5 51 546 31 964 49,item 3782 features: 58 125 170 34 44 28 26 10 15 2 177 4 173 103 5 51 546 31 964 49
3784,item_3784,,item_3784,,914 94 44 661,item 3784 features: 914 94 44 661
3790,item_3790,,item_3790,,2 39 4 57 16 5 0,item 3790 features: 2 39 4 57 16 5 0
3802,item_3802,,item_3802,,398 2 4 14 16 5 31,item 3802 features: 398 2 4 14 16 5 31
3805,item_3805,,item_3805,,69 2 5 86 31,item 3805 features: 69 2 5 86 31
3809,item_3809,,item_3809,,727 22 50 901 31,item 3809 features: 727 22 50 901 31
3815,item_3815,,item_3815,,69 22 4 318 0,item 3815 features: 69 22 4 318 0
3825,item_3825,,item_3825,,2 4 37 223 5 31 102,item 3825 features: 2 4 37 223 5 31 102
3836,item_3836,,item_3836,,2 167 34 13 25 742 393 5 47 382,item 3836 features: 2 167 34 13 25 742 393 5 47 382
3861,item_3861,,item_3861,,2 5 16 31,item 3861 features: 2 5 16 31
3867,item_3867,,item_3867,,834 31,item 3867 features: 834 31
3870,item_3870,,item_3870,,15 2 51 39 55 130 31 5,item 3870 features: 15 2 51 39 55 130 31 5
3890,item_3890,,item_3890,,255 53 2 31,item 3890 features: 255 53 2 31
3894,item_3894,,item_3894,,46 2 51 4 55 14 314 393 5 31,item 3894 features: 46 2 51 4 55 14 314 393 5 31
3896,item_3896,,item_3896,,39 34 28 44 567 2 4 173 103 5 23 51 31 49 16,item 3896 features: 39 34 28 44 567 2 4 173 103 5 23 51 31 49 16
3899,item_3899,,item_3899,,69 10 161 22 2 34 4 103 55 23,item 3899 features: 69 10 161 22 2 34 4 103 55 23
3902,item_3902,,item_3902,,2 34 4 55,item 3902 features: 2 34 4 55
3905,item_3905,,item_3905,,21 401 148 225 44,item 3905 features: 21 401 148 225 44
3906,item_3906,,item_3906,,512 2 34 292 5 16 44 10,item 3906 features: 512 2 34 292 5 16 44 10
3914,item_3914,,item_3914,,2 55,item 3914 features: 2 55
3920,item_3920,,item_3920,,90 21 2 56 971 31,item 3920 features: 90 21 2 56 971 31
3926,item_3926,,item_3926,,21 2 44 63 31,item 3926 features: 21 2 44 63 31
3933,item_3933,,item_3933,,34 296 55 10 2 4 173 103 5 23 14 49 16 110,item 3933 features: 34 296 55 10 2 4 173 103 5 23 14 49 16 110
3935,item_3935,,item_3935,,2 25 4 14 5 16 55,item 3935 features: 2 25 4 14 5 16 55
3940,item_3940,,item_3940,,69 396 4 20,item 3940 features: 69 396 4 20
3947,item_3947,,item_3947,,15 51 2 4 44 55,item 3947 features: 15 51 2 4 44 55
3948,item_3948,,item_3948,,49 2 34 4 55 5 16 337 60 10,item 3948 features: 49 2 34 4 55 5 16 337 60 10
3949,item_3949,,item_3949,,109,item 3949 features: 109
3951,item_3951,,item_3951,,58 77 184 178 2 4 14 5 31,item 3951 features: 58 77 184 178 2 4 14 5 31
3959,item_3959,,item_3959,,1 51 2 39 44 5,item 3959 features: 1 51 2 39 44 5
3962,item_3962,,item_3962,,34 37 44 102 551 2 4 173 103 5 23 24 137 49 16 8,item 3962 features: 34 37 44 102 551 2 4 173 103 5 23 24 137 49 16 8
3963,item_3963,,item_3963,,34 20 44 26 10 316 15 2 4 103 5 23 51 625 544 31 49,item 3963 features: 34 20 44 26 10 316 15 2 4 103 5 23 51 625 544 31 49
3964,item_3964,,item_3964,,65 447 161 21 188 37 103 31 309,item 3964 features: 65 447 161 21 188 37 103 31 309
3965,item_3965,,item_3965,,664 4 20 248,item 3965 features: 664 4 20 248
3966,item_3966,,item_3966,,69 43 22 2 50 4 76 769 40 5 55 194,item 3966 features: 69 43 22 2 50 4 76 769 40 5 55 194
3971,item_3971,,item_3971,,435 2 31 25 16 5 779 240,item 3971 features: 435 2 31 25 16 5 779 240
3975,item_3975,,item_3975,,65 524 59 32 208 213 37 62 185 44 198,item 3975 features: 65 524 59 32 208 213 37 62 185 44 198
3987,item_3987,,item_3987,,21 44,item 3987 features: 21 44
3989,item_3989,,item_3989,,2 4 37 661 122 473,item 3989 features: 2 4 37 661 122 473
4000,item_4000,,item_4000,,24 168 983 2 31 234 4 270 85 5 55,item 4000 features: 24 168 983 2 31 234 4 270 85 5 55
4006,item_4006,,item_4006,,10 32 416 2 34 4 498 37 16 5 31,item 4006 features: 10 32 416 2 34 4 498 37 16 5 31
4014,item_4014,,item_4014,,186,item 4014 features: 186
4019,item_4019,,item_4019,,595 4 20,item 4019 features: 595 4 20
4020,item_4020,,item_4020,,51 44,item 4020 features: 51 44
4025,item_4025,,item_4025,,15 51 2 34 5 44 372,item 4025 features: 15 51 2 34 5 44 372
4027,item_4027,,item_4027,,52 4 253 16,item 4027 features: 52 4 253 16
4046,item_4046,,item_4046,,33 2 57 115 4 14 5 16 103 55 23,item 4046 features: 33 2 57 115 4 14 5 16 103 55 23
4050,item_4050,,item_4050,,69 672 375 451 22 2 50 4 34 5 44,item 4050 features: 69 672 375 451 22 2 50 4 34 5 44
4051,item_4051,,item_4051,,21 2 56 25 31,item 4051 features: 21 2 56 25 31
4057,item_4057,,item_4057,,217 51 55,item 4057 features: 217 51 55
4058,item_4058,,item_4058,,32 208 192,item 4058 features: 32 208 192
4068,item_4068,,item_4068,,119 37 185 213 198 65 243 97 62 30 32 338 385,item 4068 features: 119 37 185 213 198 65 243 97 62 30 32 338 385
4071,item_4071,,item_4071,,110 31,item 4071 features: 110 31
4078,item_4078,,item_4078,,186 2 34 31,item 4078 features: 186 2 34 31
4082,item_4082,,item_4082,,69 324 2 50 4 5 85 31 120,item 4082 features: 69 324 2 50 4 5 85 31 120
4084,item_4084,,item_4084,,15 2 51 4 55 5 806,item 4084 features: 15 2 51 4 55 5 806
4088,item_4088,,item_4088,,32 4 14 37 109,item 4088 features: 32 4 14 37 109
4089,item_4089,,item_4089,,32 96 505 351 163 325 25 31 495 432 55 10,item 4089 features: 32 96 505 351 163 325 25 31 495 432 55 10
4105,item_4105,,item_4105,,51 55,item 4105 features: 51 55
4107,item_4107,,item_4107,,34 25 10,item 4107 features: 34 25 10
4130,item_4130,,item_4130,,69 10 22 51 50 4 31 55 846,item 4130 features: 69 10 22 51 50 4 31 55 846
4131,item_4131,,item_4131,,21 2 44,item 4131 features: 21 2 44
4132,item_4132,,item_4132,,2 4 861 16 55,item 4132 features: 2 4 861 16 55
4145,item_4145,,item_4145,,380 619 328 427 893 569 836 61 695 93 284 813 515 485 694,item 4145 features: 380 619 328 427 893 569 836 61 695 93 284 813 515 485 694
4147,item_4147,,item_4147,,2 34 31 10,item 4147 features: 2 34 31 10
4155,item_4155,,item_4155,,58 125 126 232 4 253 67 271 103 31 23,item 4155 features: 58 125 126 232 4 253 67 271 103 31 23
4169,item_4169,,item_4169,,426 2 76 5 44,item 4169 features: 426 2 76 5 44
4172,item_4172,,item_4172,,1 581 51 4 40 31,item 4172 features: 1 581 51 4 40 31
4176,item_4176,,item_4176,,89 743 21 390 2 56,item 4176 features: 89 743 21 390 2 56
4180,item_4180,,item_4180,,161 2 76 34 25 16 5 55 248,item 4180 features: 161 2 76 34 25 16 5 55 248
4185,item_4185,,item_4185,,887 300 198 133 736 2 168 121 31 32 142,item 4185 features: 887 300 198 133 736 2 168 121 31 32 142
4189,item_4189,,item_4189,,10 21 49 2 34 173 103 31,item 4189 features: 10 21 49 2 34 173 103 31
4193,item_4193,,item_4193,,37 185 198 101 65 2 637 243 424 97 62 31 30 32,item 4193 features: 37 185 198 101 65 2 637 243 424 97 62 31 30 32
4215,item_4215,,item_4215,,4 44,item 4215 features: 4 44
4216,item_4216,,item_4216,,77 2 57 4 14 37 31 102,item 4216 features: 77 2 57 4 14 37 31 102
4221,item_4221,,item_4221,,2 4 16 100 5 31,item 4221 features: 2 4 16 100 5 31
4229,item_4229,,item_4229,,10 22 2 4 34 710 31,item 4229 features: 10 22 2 4 34 710 31
4237,item_4237,,item_4237,,21 2 55,item 4237 features: 21 2 55
4238,item_4238,,item_4238,,51 55,item 4238 features: 51 55
4253,item_4253,,item_4253,,51 44,item 4253 features: 51 44
4265,item_4265,,item_4265,,784,item 4265 features: 784
4277,item_4277,,item_4277,,125 49 33 2 34 13 4 5 173 31 103,item 4277 features: 125 49 33 2 34 13 4 5 173 31 103
4281,item_4281,,item_4281,,69 10 22 2 34 4 85 44,item 4281 features: 69 10 22 2 34 4 85 44
4290,item_4290,,item_4290,,52 2 25 4 930 5 31,item 4290 features: 52 2 25 4 930 5 31
4299,item_4299,,item_4299,,69 718 22 4 120,item 4299 features: 69 718 22 4 120
4301,item_4301,,item_4301,,440 437 401 225 37 148 149,item 4301 features: 440 437 401 225 37 148 149
4306,item_4306,,item_4306,,208 338 31,item 4306 features: 208 338 31
4307,item_4307,,item_4307,,2 51 4 31 20 166 55 128,item 4307 features: 2 51 4 31 20 166 55 128
4310,item_4310,,item_4310,,15 53 51 2 34 5 31,item 4310 features: 15 53 51 2 34 5 31
4313,item_4313,,item_4313,,228 400 2 37 31,item 4313 features: 228 400 2 37 31
4315,item_4315,,item_4315,,69 24 168 718 22 2 50 4 14 85 31,item 4315 features: 69 24 168 718 22 2 50 4 14 85 31
4325,item_4325,,item_4325,,58 46 1 34 76 25 39 28 55 10 22 2 4 5 382 51 31,item 4325 features: 58 46 1 34 76 25 39 28 55 10 22 2 4 5 382 51 31
4327,item_4327,,item_4327,,609 2 51 4 244 5 28 31,item 4327 features: 609 2 51 4 244 5 28 31
4328,item_4328,,item_4328,,416 53 2 340 31,item 4328 features: 416 53 2 340 31
4333,item_4333,,item_4333,,15 764 51 2 55 5 31,item 4333 features: 15 764 51 2 55 5 31
4335,item_4335,,item_4335,,32 46 2 4 202 55 120,item 4335 features: 32 46 2 4 202 55 120
4336,item_4336,,item_4336,,1 15 2 51 167 4 44 5 28 31 382,item 4336 features: 1 15 2 51 167 4 44 5 28 31 382
4345,item_4345,,item_4345,,236 1 635 25 28 55 69 15 2 4 5 120 484 250 51 6 87 117,item 4345 features: 236 1 635 25 28 55 69 15 2 4 5 120 484 250 51 6 87 117
4348,item_4348,,item_4348,,2 39 31 5 602 102,item 4348 features: 2 39 31 5 602 102
4349,item_4349,,item_4349,,69 12 1 2 51 4 16 55,item 4349 features: 69 12 1 2 51 4 16 55
4360,item_4360,,item_4360,,2 55,item 4360 features: 2 55
4361,item_4361,,item_4361,,15 51 34 4 136 44 31 26,item 4361 features: 15 51 34 4 136 44 31 26
4375,item_4375,,item_4375,,114 4 14 5,item 4375 features: 114 4 14 5
4388,item_4388,,item_4388,,34 25 37 10 69 52 22 2 4 173 103 5 57 14 31 49 930 110,item 4388 features: 34 25 37 10 69 52 22 2 4 173 103 5 57 14 31 49 930 110
4396,item_4396,,item_4396,,192 674 32 399 613 97 62 185 198 243,item 4396 features: 192 674 32 399 613 97 62 185 198 243
4406,item_4406,,item_4406,,664 52 4 20,item 4406 features: 664 52 4 20
4407,item_4407,,item_4407,,192 29 32 122 62 185 198 121 654 243,item 4407 features: 192 29 32 122 62 185 198 121 654 243
4408,item_4408,,item_4408,,64 31,item 4408 features: 64 31
4410,item_4410,,item_4410,,2 4 55 14 16 573,item 4410 features: 2 4 55 14 16 573
4412,item_4412,,item_4412,,33 57 450 234 338 4 296 0,item 4412 features: 33 57 450 234 338 4 296 0
4413,item_4413,,item_4413,,2 532 31,item 4413 features: 2 532 31
4418,item_4418,,item_4418,,969 22 2 4 25 34 5 31,item 4418 features: 969 22 2 4 25 34 5 31
4424,item_4424,,item_4424,,46 2 31,item 4424 features: 46 2 31
4428,item_4428,,item_4428,,125 52 33 2 4 20 14 16 5 337 31,item 4428 features: 125 52 33 2 4 20 14 16 5 337 31
4431,item_4431,,item_4431,,257 51 2 4 397 28 5 55 120,item 4431 features: 257 51 2 4 397 28 5 55 120
4435,item_4435,,item_4435,,51 31,item 4435 features: 51 31
4439,item_4439,,item_4439,,161 32 21 2 55,item 4439 features: 161 32 21 2 55
4440,item_4440,,item_4440,,53 2 51 34 31 5 55 128,item 4440 features: 53 2 51 34 31 5 55 128
4441,item_4441,,item_4441,,13 788 343,item 4441 features: 13 788 343
4442,item_4442,,item_4442,,134 51 4 20 31,item 4442 features: 134 51 4 20 31
4446,item_4446,,item_4446,,69 24 862 46 22 2 25 13 76 34 4 44,item 4446 features: 69 24 862 46 22 2 25 13 76 34 4 44
4449,item_4449,,item_4449,,57 51 4 37 31,item 4449 features: 57 51 4 37 31
4450,item_4450,,item_4450,,78,item 4450 features: 78
4453,item_4453,,item_4453,,87 4 16 44,item 4453 features: 87 4 16 44
4454,item_4454,,item_4454,,10 32 161 2 37 31,item 4454 features: 10 32 161 2 37 31
4455,item_4455,,item_4455,,1 39 34 76 44 69 15 22 2 4 5 51 242 0,item 4455 features: 1 39 34 76 44 69 15 22 2 4 5 51 242 0
4461,item_4461,,item_4461,,2 259 113 777,item 4461 features: 2 259 113 777
4477,item_4477,,item_4477,,34 28 44 15 2 173 103 5 23 51 31 49 294 16 206,item 4477 features: 34 28 44 15 2 173 103 5 23 51 31 49 294 16 206
4478,item_4478,,item_4478,,15 130 2 51 39 34 44 31 5,item 4478 features: 15 130 2 51 39 34 44 31 5
4485,item_4485,,item_4485,,774 2 162 16 5 31,item 4485 features: 774 2 162 16 5 31
4488,item_4488,,item_4488,,69 22 2 4 34 85 162 31 739 10,item 4488 features: 69 22 2 4 34 85 162 31 739 10
4489,item_4489,,item_4489,,49 2 34 31 10,item 4489 features: 49 2 34 31 10
4492,item_4492,,item_4492,,34 25 166 10 65 2 173 322 103 5 977 298 184 31 32 49,item 4492 features: 34 25 166 10 65 2 173 322 103 5 977 298 184 31 32 49
4495,item_4495,,item_4495,,87 2 84 337 55,item 4495 features: 87 2 84 337 55
4502,item_4502,,item_4502,,153 22 2 34 4 31,item 4502 features: 153 22 2 34 4 31
4505,item_4505,,item_4505,,31 34 4 91,item 4505 features: 31 34 4 91
4510,item_4510,,item_4510,,31,item 4510 features: 31
4513,item_4513,,item_4513,,58 34 44 10 2 4 173 103 23 437 394 49 253,item 4513 features: 58 34 44 10 2 4 173 103 23 437 394 49 253
4522,item_4522,,item_4522,,2 55,item 4522 features: 2 55
4526,item_4526,,item_4526,,49 2 34 4 793 16 110 173 103 31 5 708,item 4526 features: 49 2 34 4 793 16 110 173 103 31 5 708
4533,item_4533,,item_4533,,804 4 20,item 4533 features: 804 4 20
4536,item_4536,,item_4536,,58 53 2 4 5 55,item 4536 features: 58 53 2 4 5 55
4540,item_4540,,item_4540,,516 561 37 55 2 4 5 120 51 31 194 32 176 0,item 4540 features: 516 561 37 55 2 4 5 120 51 31 194 32 176 0
4543,item_4543,,item_4543,,15 2 51 34 4 5 327 44 55,item 4543 features: 15 2 51 34 4 5 327 44 55
4544,item_4544,,item_4544,,125 34 25 65 33 2 4 173 103 5 14 31 32 49,item 4544 features: 125 34 25 65 33 2 4 173 103 5 14 31 32 49
4545,item_4545,,item_4545,,34 5,item 4545 features: 34 5
4550,item_4550,,item_4550,,25,item 4550 features: 25
4559,item_4559,,item_4559,,69 22 353 4 279 5 55 366,item 4559 features: 69 22 353 4 279 5 55 366
4569,item_4569,,item_4569,,34 4,item 4569 features: 34 4
4574,item_4574,,item_4574,,598 2 265 31,item 4574 features: 598 2 265 31
4576,item_4576,,item_4576,,262,item 4576 features: 262
4581,item_4581,,item_4581,,28 55 26 372 15 2 4 5 51 31 319,item 4581 features: 28 55 26 372 15 2 4 5 51 31 319
4585,item_4585,,item_4585,,77 5 44,item 4585 features: 77 5 44
4590,item_4590,,item_4590,,34 37 10 700 21 2 173 103 309 31 32 49 338 56 192,item 4590 features: 34 37 10 700 21 2 173 103 309 31 32 49 338 56 192
4591,item_4591,,item_4591,,65 447 32 2 193 25 188 37 123 309,item 4591 features: 65 447 32 2 193 25 188 37 123 309
4592,item_4592,,item_4592,,738 109 51 55,item 4592 features: 738 109 51 55
4596,item_4596,,item_4596,,2 34 498 16 31,item 4596 features: 2 34 498 16 31
4603,item_4603,,item_4603,,250 6 4 0,item 4603 features: 250 6 4 0
4605,item_4605,,item_4605,,10 387 52 49 2 57 34 4 14 16 5 55,item 4605 features: 10 387 52 49 2 57 34 4 14 16 5 55
4609,item_4609,,item_4609,,819 354 217 51 909 55 370,item 4609 features: 819 354 217 51 909 55 370
4611,item_4611,,item_4611,,57 4 37,item 4611 features: 57 4 37
4613,item_4613,,item_4613,,248,item 4613 features: 248
4622,item_4622,,item_4622,,69 896 22 2 667 34 76 4 5 16 333 55 120,item 4622 features: 69 896 22 2 667 34 76 4 5 16 333 55 120
4624,item_4624,,item_4624,,32 64 34 14 103 31 8 124,item 4624 features: 32 64 34 14 103 31 8 124
4630,item_4630,,item_4630,,21 2 56 31,item 4630 features: 21 2 56 31
4631,item_4631,,item_4631,,564 2 4 25 20 92 67 5 14 16 296,item 4631 features: 564 2 4 25 20 92 67 5 14 16 296
4641,item_4641,,item_4641,,31,item 4641 features: 31
4647,item_4647,,item_4647,,4 345,item 4647 features: 4 345
4649,item_4649,,item_4649,,168 64 809,item 4649 features: 168 64 809
4650,item_4650,,item_4650,,53 2 20 55,item 4650 features: 53 2 20 55
4652,item_4652,,item_4652,,31,item 4652 features: 31
4657,item_4657,,item_4657,,32 2 34 4 578 14 5 16 337 55,item 4657 features: 32 2 34 4 578 14 5 16 337 55
4660,item_4660,,item_4660,,22 2 4 55 31,item 4660 features: 22 2 4 55 31
4668,item_4668,,item_4668,,482,item 4668 features: 482
4671,item_4671,,item_4671,,58 10 394 49 2 34 173 349 103 31,item 4671 features: 58 10 394 49 2 34 173 349 103 31
4673,item_4673,,item_4673,,564 2 4 20 67 5 31,item 4673 features: 564 2 4 20 67 5 31
4674,item_4674,,item_4674,,830,item 4674 features: 830
4675,item_4675,,item_4675,,58 416 19 44 53 2 4 345 5 51 31 253 199,item 4675 features: 58 416 19 44 53 2 4 345 5 51 31 253 199
4686,item_4686,,item_4686,,74 635 4 14 16 5,item 4686 features: 74 635 4 14 16 5
4694,item_4694,,item_4694,,382 2 51 39 16 44 5 31,item 4694 features: 382 2 51 39 16 44 5 31
4695,item_4695,,item_4695,,22 2 50 76 832 5 31,item 4695 features: 22 2 50 76 832 5 31
4699,item_4699,,item_4699,,640 2 31 34 4 16 10,item 4699 features: 640 2 31 34 4 16 10
4700,item_4700,,item_4700,,69 12 1 22 51 2 4 16 55,item 4700 features: 69 12 1 22 51 2 4 16 55
4701,item_4701,,item_4701,,88 318 162 121,item 4701 features: 88 318 162 121
4716,item_4716,,item_4716,,21 31 10,item 4716 features: 21 31 10
4718,item_4718,,item_4718,,69 22 2 50 4 900 31,item 4718 features: 69 22 2 50 4 900 31
4722,item_4722,,item_4722,,25 37 44 28 537 102 69 2 4 5 120 474 100 534 134 0,item 4722 features: 25 37 44 28 537 102 69 2 4 5 120 474 100 534 134 0
4725,item_4725,,item_4725,,77 568 2 4 39 44 5 868 102,item 4725 features: 77 568 2 4 39 44 5 868 102
4727,item_4727,,item_4727,,22 2 34 4 55 10,item 4727 features: 22 2 34 4 55 10
4730,item_4730,,item_4730,,15 764 2 5 55,item 4730 features: 15 764 2 5 55
4732,item_4732,,item_4732,,53 2 55 31,item 4732 features: 53 2 55 31
4739,item_4739,,item_4739,,10 15 130 51 2 34 39 5 44 31,item 4739 features: 10 15 130 51 2 34 39 5 44 31
4758,item_4758,,item_4758,,15 2 51 34 4 345 5 83 31,item 4758 features: 15 2 51 34 4 345 5 83 31
4765,item_4765,,item_4765,,5,item 4765 features: 5
4766,item_4766,,item_4766,,16 44 0,item 4766 features: 16 44 0
4767,item_4767,,item_4767,,31,item 4767 features: 31
4768,item_4768,,item_4768,,335 752 32 21 526 37 629 55,item 4768 features: 335 752 32 21 526 37 629 55
4774,item_4774,,item_4774,,34 20 270 55 69 983 22 2 4 5 168 51 85 31 50 234,item 4774 features: 34 20 270 55 69 983 22 2 4 5 168 51 85 31 50 234
4775,item_4775,,item_4775,,516 55 10 520 22 2 4 5 51 895 31 87,item 4775 features: 516 55 10 520 22 2 4 5 51 895 31 87
4779,item_4779,,item_4779,,58 126 19 55 53 4 796 5 14 271 709 640 253 199 131,item 4779 features: 58 126 19 55 53 4 796 5 14 271 709 640 253 199 131
4780,item_4780,,item_4780,,369 10 250 230 22 2 25 4 5 44,item 4780 features: 369 10 250 230 22 2 25 4 5 44
4781,item_4781,,item_4781,,867 2 51 39 4 28 397 44 5 55 120,item 4781 features: 867 2 51 39 4 28 397 44 5 55 120
4786,item_4786,,item_4786,,15 303 57 4 20 37 28 102,item 4786 features: 15 303 57 4 20 37 28 102
4787,item_4787,,item_4787,,46 399 34 613 55 10 2 364 265 674 97 31 32 64 124,item 4787 features: 46 399 34 613 55 10 2 364 265 674 97 31 32 64 124
4788,item_4788,,item_4788,,22 2 4 20 765 5 31 102,item 4788 features: 22 2 4 20 765 5 31 102
4790,item_4790,,item_4790,,32 91 96 2 193 13 25 393 5 31,item 4790 features: 32 91 96 2 193 13 25 393 5 31
4795,item_4795,,item_4795,,69 1 451 22 471 51 4 2 683 31 55 0 10,item 4795 features: 69 1 451 22 471 51 4 2 683 31 55 0 10
4801,item_4801,,item_4801,,2 31,item 4801 features: 2 31
4807,item_4807,,item_4807,,2 5 31 102,item 4807 features: 2 5 31 102
4808,item_4808,,item_4808,,4 55,item 4808 features: 4 55
4813,item_4813,,item_4813,,69 255 22 2 492 313 5 16 31,item 4813 features: 69 255 22 2 492 313 5 16 31
4814,item_4814,,item_4814,,273 51 2 34 5 28 31,item 4814 features: 273 51 2 34 5 28 31
4824,item_4824,,item_4824,,609 15 132 53 2 20 16 28 55,item 4824 features: 609 15 132 53 2 20 16 28 55
4839,item_4839,,item_4839,,31 322 55 10,item 4839 features: 31 322 55 10
4840,item_4840,,item_4840,,51 31,item 4840 features: 51 31
4842,item_4842,,item_4842,,34 25 749 297 44 69 22 2 4 173 337 103 5 120 87 16,item 4842 features: 34 25 749 297 44 69 22 2 4 173 337 103 5 120 87 16
4843,item_4843,,item_4843,,10 166 541 31,item 4843 features: 10 166 541 31
4844,item_4844,,item_4844,,2 16 5 31,item 4844 features: 2 16 5 31
4848,item_4848,,item_4848,,58 69 1 22 51 2 39 4 5 86 31,item 4848 features: 58 69 1 22 51 2 39 4 5 86 31
4849,item_4849,,item_4849,,15 34 102,item 4849 features: 15 34 102
4865,item_4865,,item_4865,,34 28 15 2 4 54 75 5 51 436 31 461,item 4865 features: 34 28 15 2 4 54 75 5 51 436 31 461
4873,item_4873,,item_4873,,4 44,item 4873 features: 4 44
4875,item_4875,,item_4875,,21 44 10,item 4875 features: 21 44 10
4886,item_4886,,item_4886,,21 2 31,item 4886 features: 21 2 31
4894,item_4894,,item_4894,,21 2 265 55,item 4894 features: 21 2 265 55
4901,item_4901,,item_4901,,437 29 621 787,item 4901 features: 437 29 621 787
4902,item_4902,,item_4902,,51 4 20 55 638,item 4902 features: 51 4 20 55 638
4905,item_4905,,item_4905,,21 31,item 4905 features: 21 31
4914,item_4914,,item_4914,,21 919 44,item 4914 features: 21 919 44
4917,item_4917,,item_4917,,2 25 166 16 335 55 5,item 4917 features: 2 25 166 16 335 55 5
4919,item_4919,,item_4919,,51 55,item 4919 features: 51 55
4924,item_4924,,item_4924,,55,item 4924 features: 55
4946,item_4946,,item_4946,,39 34 658 28 44 2 4 173 103 5 23 51 31 49 16,item 4946 features: 39 34 658 28 44 2 4 173 103 5 23 51 31 49 16
4949,item_4949,,item_4949,,89 404 390 621 133,item 4949 features: 89 404 390 621 133
4950,item_4950,,item_4950,,788,item 4950 features: 788
4956,item_4956,,item_4956,,2 4 16 5 337 31,item 4956 features: 2 4 16 5 337 31
4960,item_4960,,item_4960,,15 2 51 55,item 4960 features: 15 2 51 55
4966,item_4966,,item_4966,,763,item 4966 features: 763
4968,item_4968,,item_4968,,2 31,item 4968 features: 2 31
4969,item_4969,,item_4969,,186 49 2 34 31,item 4969 features: 186 49 2 34 31
4981,item_4981,,item_4981,,65 32 64 124 34 4 97 30 243,item 4981 features: 65 32 64 124 34 4 97 30 243
4987,item_4987,,item_4987,,2 34 55,item 4987 features: 2 34 55
4990,item_4990,,item_4990,,4 20 445,item 4990 features: 4 20 445
4991,item_4991,,item_4991,,672 114 22 4,item 4991 features: 672 114 22 4
4993,item_4993,,item_4993,,125 33 635 2 464 4 51 5 432 16 31,item 4993 features: 125 33 635 2 464 4 51 5 432 16 31
4999,item_4999,,item_4999,,943 49 22 2 34 4 14 345 173 574 103 31,item 4999 features: 943 49 22 2 34 4 14 345 173 574 103 31
5017,item_5017,,item_5017,,69 845 22 51 4 55,item 5017 features: 69 845 22 51 4 55
5021,item_5021,,item_5021,,44,item 5021 features: 44
5024,item_5024,,item_5024,,77 2 55,item 5024 features: 77 2 55
5025,item_5025,,item_5025,,727 34 31 584,item 5025 features: 727 34 31 584
5038,item_5038,,item_5038,,52 2 8 4 20 765 5 31 102,item 5038 features: 52 2 8 4 20 765 5 31 102
5039,item_5039,,item_5039,,2 34 4 55,item 5039 features: 2 34 4 55
5040,item_5040,,item_5040,,576 88,item 5040 features: 576 88
5041,item_5041,,item_5041,,121 889 142,item 5041 features: 121 889 142
5044,item_5044,,item_5044,,2 51 44 376 28 5 378,item 5044 features: 2 51 44 376 28 5 378
5045,item_5045,,item_5045,,31,item 5045 features: 31
5047,item_5047,,item_5047,,49 53 2 34 4 377 44,item 5047 features: 49 53 2 34 4 377 44
5050,item_5050,,item_5050,,58 25 166 44 10 53 2 4 5 482 51 67 271 31 708,item 5050 features: 58 25 166 44 10 53 2 4 5 482 51 67 271 31 708
5052,item_5052,,item_5052,,2 34 55,item 5052 features: 2 34 55
5061,item_5061,,item_5061,,31 10,item 5061 features: 31 10
5067,item_5067,,item_5067,,15 51 34 4 28 31 26,item 5067 features: 15 51 34 4 28 31 26
5074,item_5074,,item_5074,,10 21 34 31,item 5074 features: 10 21 34 31
5075,item_5075,,item_5075,,58 15 2 51 4 5 55 120,item 5075 features: 58 15 2 51 4 5 55 120
5078,item_5078,,item_5078,,21 44 142,item 5078 features: 21 44 142
5094,item_5094,,item_5094,,49 2 34 972 5 103 55 10 23,item 5094 features: 49 2 34 972 5 103 55 10 23
5099,item_5099,,item_5099,,1 91 382 2 880 51 25 55 5 31,item 5099 features: 1 91 382 2 880 51 25 55 5 31
5104,item_5104,,item_5104,,4 20 283,item 5104 features: 4 20 283
5107,item_5107,,item_5107,,935,item 5107 features: 935
5115,item_5115,,item_5115,,502 18 34 28 44 10 15 567 2 4 173 103 5 977 23 31 49,item 5115 features: 502 18 34 28 44 10 15 567 2 4 173 103 5 977 23 31 49
5117,item_5117,,item_5117,,10 49 2 34 349 44 103 173,item 5117 features: 10 49 2 34 349 44 103 173
5129,item_5129,,item_5129,,77 689 2 4 37 577 5 31 120,item 5129 features: 77 689 2 4 37 577 5 31 120
5132,item_5132,,item_5132,,77 2 4 20 765 5 31 102,item 5132 features: 77 2 4 20 765 5 31 102
5151,item_5151,,item_5151,,25 2 5 831 168 31 605 205 50 13 563,item 5151 features: 25 2 5 831 168 31 605 205 50 13 563
5153,item_5153,,item_5153,,2 51 4 14 44 5 16 31 681,item 5153 features: 2 51 4 14 44 5 16 31 681
5159,item_5159,,item_5159,,2 691 55,item 5159 features: 2 691 55
5162,item_5162,,item_5162,,642 28 55 69 15 22 2 4 5 484 51 529 16,item 5162 features: 642 28 55 69 15 22 2 4 5 484 51 529 16
5170,item_5170,,item_5170,,2 25 4 5 747 55,item 5170 features: 2 25 4 5 747 55
5173,item_5173,,item_5173,,849 31 10,item 5173 features: 849 31 10
5184,item_5184,,item_5184,,15 51 4 20 967 31 262 120,item 5184 features: 15 51 4 20 967 31 262 120
5192,item_5192,,item_5192,,69 24 763 4 20,item 5192 features: 69 24 763 4 20
5193,item_5193,,item_5193,,24 52 57 166 37 374 31 171,item 5193 features: 24 52 57 166 37 374 31 171
5195,item_5195,,item_5195,,69 896 219 382 22 51 50 4 2 5 55,item 5195 features: 69 896 219 382 22 51 50 4 2 5 55
5196,item_5196,,item_5196,,4 14 120,item 5196 features: 4 14 120
5197,item_5197,,item_5197,,91 522 31,item 5197 features: 91 522 31
5200,item_5200,,item_5200,,64 44,item 5200 features: 64 44
5208,item_5208,,item_5208,,15 49 2 51 544 377 55 316,item 5208 features: 15 49 2 51 544 377 55 316
5212,item_5212,,item_5212,,49 2 34 294 28 103 31,item 5212 features: 49 2 34 294 28 103 31
5213,item_5213,,item_5213,,784,item 5213 features: 784
5214,item_5214,,item_5214,,867 2 51 4 39 44 5 397 28 55 120,item 5214 features: 867 2 51 4 39 44 5 397 28 55 120
5215,item_5215,,item_5215,,58 51 2 464 4 39 16 31 5,item 5215 features: 58 51 2 464 4 39 16 31 5
5217,item_5217,,item_5217,,25 892 55 69 22 2 4 5 616 180 482 708 16,item 5217 features: 25 892 55 69 22 2 4 5 616 180 482 708 16
5218,item_5218,,item_5218,,414 55,item 5218 features: 414 55
5226,item_5226,,item_5226,,580 219 4 20 31 102,item 5226 features: 580 219 4 20 31 102
5231,item_5231,,item_5231,,58 15 452 2 51 31,item 5231 features: 58 15 452 2 51 31
5232,item_5232,,item_5232,,15 47 2 51 34 13 55 5 84 31,item 5232 features: 15 47 2 51 34 13 55 5 84 31
5235,item_5235,,item_5235,,76 116 44 69 22 2 4 5 596 305 51 31 624 50,item 5235 features: 76 116 44 69 22 2 4 5 596 305 51 31 624 50
5242,item_5242,,item_5242,,2 265 103 31 23,item 5242 features: 2 265 103 31 23
5248,item_5248,,item_5248,,209 57 4 20 802 37,item 5248 features: 209 57 4 20 802 37
5253,item_5253,,item_5253,,2 50 76,item 5253 features: 2 50 76
5263,item_5263,,item_5263,,47 2 31 25 13 4 393 5,item 5263 features: 47 2 31 25 13 4 393 5
5268,item_5268,,item_5268,,246 52 4 20 283 374,item 5268 features: 246 52 4 20 283 374
5269,item_5269,,item_5269,,69 2 5 86 31,item 5269 features: 69 2 5 86 31
5277,item_5277,,item_5277,,265 2 34 44,item 5277 features: 265 2 34 44
5283,item_5283,,item_5283,,51 296 892 44,item 5283 features: 51 296 892 44
5303,item_5303,,item_5303,,2 16 44 5,item 5303 features: 2 16 44 5
5304,item_5304,,item_5304,,32 21 390 2 31,item 5304 features: 32 21 390 2 31
5305,item_5305,,item_5305,,69 22 2 50 4 34 5 31,item 5305 features: 69 22 2 50 4 34 5 31
5307,item_5307,,item_5307,,29 404 21 44 787,item 5307 features: 29 404 21 44 787
5312,item_5312,,item_5312,,125 46 34 94 25 55 10 33 2 4 173 103 5 23 14 709 49 618 253,item 5312 features: 125 46 34 94 25 55 10 33 2 4 173 103 5 23 14 709 49 618 253
5313,item_5313,,item_5313,,2 34 44 10,item 5313 features: 2 34 44 10
5317,item_5317,,item_5317,,4 20 189,item 5317 features: 4 20 189
5331,item_5331,,item_5331,,49 2 34 4 55 173 16 761 103 31 10 23,item 5331 features: 49 2 34 4 55 173 16 761 103 31 10 23
5333,item_5333,,item_5333,,32 21 2 56 97 37 55 649,item 5333 features: 32 21 2 56 97 37 55 649
5335,item_5335,,item_5335,,34 28 55 10 2 4 173 103 5 23 51 625 31 49 110,item 5335 features: 34 28 55 10 2 4 173 103 5 23 51 625 31 49 110
5338,item_5338,,item_5338,,800,item 5338 features: 800
5341,item_5341,,item_5341,,1 51 4 55,item 5341 features: 1 51 4 55
5346,item_5346,,item_5346,,819 582 2 44,item 5346 features: 819 582 2 44
5352,item_5352,,item_5352,,2 667 16 333 31,item 5352 features: 2 667 16 333 31
5353,item_5353,,item_5353,,10 168 2 16 892 5 31,item 5353 features: 10 168 2 16 892 5 31
5360,item_5360,,item_5360,,65 125 33 94 31,item 5360 features: 65 125 33 94 31
5383,item_5383,,item_5383,,15 51 4 44,item 5383 features: 15 51 4 44
5388,item_5388,,item_5388,,46 4 20 547,item 5388 features: 46 4 20 547
5393,item_5393,,item_5393,,21 2 56 55 185 91,item 5393 features: 21 2 56 55 185 91
5398,item_5398,,item_5398,,2 4 37 5 55,item 5398 features: 2 4 37 5 55
5403,item_5403,,item_5403,,618 2 4 25 67 16 5 55,item 5403 features: 618 2 4 25 67 16 5 55
5413,item_5413,,item_5413,,108 2 16 55,item 5413 features: 108 2 16 55
5415,item_5415,,item_5415,,2 51 25 652 16 5 31,item 5415 features: 2 51 25 652 16 5 31
5425,item_5425,,item_5425,,332 32,item 5425 features: 332 32
5426,item_5426,,item_5426,,69 32 22 2 51 4 55 31,item 5426 features: 69 32 22 2 51 4 55 31
5428,item_5428,,item_5428,,881 217,item 5428 features: 881 217
5431,item_5431,,item_5431,,2 50 4 31 5 715,item 5431 features: 2 50 4 31 5 715
5434,item_5434,,item_5434,,24 2 50 34 113 4 31 120 10,item 5434 features: 24 2 50 34 113 4 31 120 10
5441,item_5441,,item_5441,,46 34 44 28 10 2 4 113 103 5 23 51 31 49,item 5441 features: 46 34 44 28 10 2 4 113 103 5 23 51 31 49
5444,item_5444,,item_5444,,2 50 25 31 5 301,item 5444 features: 2 50 25 31 5 301
5446,item_5446,,item_5446,,69 58 862 22 2 34 4 31 0,item 5446 features: 69 58 862 22 2 34 4 31 0
5460,item_5460,,item_5460,,64 2 44,item 5460 features: 64 2 44
5461,item_5461,,item_5461,,834 4 16 44 0,item 5461 features: 834 4 16 44 0
5462,item_5462,,item_5462,,15 2 55,item 5462 features: 15 2 55
5469,item_5469,,item_5469,,51 55,item 5469 features: 51 55
5471,item_5471,,item_5471,,69 298 168 929 22 50 85 5,item 5471 features: 69 298 168 929 22 50 85 5
5481,item_5481,,item_5481,,134 2 51 294 44 28 31 5,item 5481 features: 134 2 51 294 44 28 31 5
5483,item_5483,,item_5483,,4 16 44,item 5483 features: 4 16 44
5485,item_5485,,item_5485,,134 168 2 51 4 39 37 28 31 5,item 5485 features: 134 168 2 51 4 39 37 28 31 5
5492,item_5492,,item_5492,,915 2 50 5 31,item 5492 features: 915 2 50 5 31
5495,item_5495,,item_5495,,69 168 929 22 4 234 85 44 0,item 5495 features: 69 168 929 22 4 234 85 44 0
5507,item_5507,,item_5507,,65 77 10 618 2 4 34 14 5 223 173 103 31,item 5507 features: 65 77 10 618 2 4 34 14 5 223 173 103 31
5515,item_5515,,item_5515,,15 867 51 4 2 39 28 397 44 55 5 120,item 5515 features: 15 867 51 4 2 39 28 397 44 55 5 120
5522,item_5522,,item_5522,,186,item 5522 features: 186
5535,item_5535,,item_5535,,51 55,item 5535 features: 51 55
5537,item_5537,,item_5537,,90 157 826 473 122 4 571 54 290 497,item 5537 features: 90 157 826 473 122 4 571 54 290 497
5540,item_5540,,item_5540,,21 64 228 554 400 57 31 124,item 5540 features: 21 64 228 554 400 57 31 124
5543,item_5543,,item_5543,,22 2 55 113 545 31,item 5543 features: 22 2 55 113 545 31
5552,item_5552,,item_5552,,77 568 51 2 44 55,item 5552 features: 77 568 51 2 44 55
5555,item_5555,,item_5555,,69 298 22 2 13 113 4 39 25 286 5 31 307,item 5555 features: 69 298 22 2 13 113 4 39 25 286 5 31 307
5559,item_5559,,item_5559,,506 2 51 34 4 28 44 55,item 5559 features: 506 2 51 34 4 28 44 55
5562,item_5562,,item_5562,,4 175 16 55,item 5562 features: 4 175 16 55
5567,item_5567,,item_5567,,2 34 76 5 44,item 5567 features: 2 34 76 5 44
5576,item_5576,,item_5576,,4,item 5576 features: 4
5583,item_5583,,item_5583,,34 55 101 157 2 54 173 103 23 104 31 49,item 5583 features: 34 55 101 157 2 54 173 103 23 104 31 49
5586,item_5586,,item_5586,,87 22 4 5 55 120,item 5586 features: 87 22 4 5 55 120
5587,item_5587,,item_5587,,225 2 31,item 5587 features: 225 2 31
5591,item_5591,,item_5591,,298 184 46 125 52 2 25 4 14 5 31,item 5591 features: 298 184 46 125 52 2 25 4 14 5 31
5592,item_5592,,item_5592,,500 167 55,item 5592 features: 500 167 55
5593,item_5593,,item_5593,,237 2 25 4 14 345 5 55,item 5593 features: 237 2 25 4 14 345 5 55
5595,item_5595,,item_5595,,804 4 20,item 5595 features: 804 4 20
5596,item_5596,,item_5596,,2 208 31,item 5596 features: 2 208 31
5608,item_5608,,item_5608,,10 161 21 49 2 34 173 103 55 23,item 5608 features: 10 161 21 49 2 34 173 103 55 23
5609,item_5609,,item_5609,,51 34 31,item 5609 features: 51 34 31
5611,item_5611,,item_5611,,46 32 458 51 2 76 5 31,item 5611 features: 46 32 458 51 2 76 5 31
5614,item_5614,,item_5614,,403 2 25 31,item 5614 features: 403 2 25 31
5619,item_5619,,item_5619,,58 394 49 2 34 349 173 103 31 10,item 5619 features: 58 394 49 2 34 349 173 103 31 10
5624,item_5624,,item_5624,,49 2 34 173 110 103 55,item 5624 features: 49 2 34 173 110 103 55
5626,item_5626,,item_5626,,52 22 2 34 4 85 173 103 55 10,item 5626 features: 52 22 2 34 4 85 173 103 55 10
5630,item_5630,,item_5630,,184 21 797 2 25 63 55,item 5630 features: 184 21 797 2 25 63 55
5633,item_5633,,item_5633,,15 1 2 51 34 5 55,item 5633 features: 15 1 2 51 34 5 55
5636,item_5636,,item_5636,,419,item 5636 features: 419
5637,item_5637,,item_5637,,513 51 72 31,item 5637 features: 513 51 72 31
5640,item_5640,,item_5640,,15 2 34 5 55,item 5640 features: 15 2 34 5 55
5647,item_5647,,item_5647,,51 55,item 5647 features: 51 55
5655,item_5655,,item_5655,,10 34 4,item 5655 features: 10 34 4
5657,item_5657,,item_5657,,21 2 55,item 5657 features: 21 2 55
5660,item_5660,,item_5660,,65 2 51 44 55,item 5660 features: 65 2 51 44 55
5664,item_5664,,item_5664,,750 25,item 5664 features: 750 25
5667,item_5667,,item_5667,,89 404 390 2 73 121 133 31,item 5667 features: 89 404 390 2 73 121 133 31
5678,item_5678,,item_5678,,51 55,item 5678 features: 51 55
5687,item_5687,,item_5687,,15 49 51 2 4 34 55 377 5 31 26,item 5687 features: 15 49 51 2 4 34 55 377 5 31 26
5688,item_5688,,item_5688,,21 44,item 5688 features: 21 44
5689,item_5689,,item_5689,,10 500 2 34 338 5 16 55 0,item 5689 features: 10 500 2 34 338 5 16 55 0
5690,item_5690,,item_5690,,69 22 4 25,item 5690 features: 69 22 4 25
5691,item_5691,,item_5691,,96 2 16 265 5 31,item 5691 features: 96 2 16 265 5 31
5692,item_5692,,item_5692,,25 28 55 537 15 2 4 5 51 474 709 534 31,item 5692 features: 25 28 55 537 15 2 4 5 51 474 709 534 31
5699,item_5699,,item_5699,,87 2 55,item 5699 features: 87 2 55
5700,item_5700,,item_5700,,51 55 262,item 5700 features: 51 55 262
5715,item_5715,,item_5715,,51 463 44 31,item 5715 features: 51 463 44 31
5716,item_5716,,item_5716,,10 34 894 55,item 5716 features: 10 34 894 55
5718,item_5718,,item_5718,,160 31,item 5718 features: 160 31
5719,item_5719,,item_5719,,77 2 25 4 20 14 16 709 55 10,item 5719 features: 77 2 25 4 20 14 16 709 55 10
5721,item_5721,,item_5721,,228 400,item 5721 features: 228 400
5722,item_5722,,item_5722,,426 5 55,item 5722 features: 426 5 55
5725,item_5725,,item_5725,,49 2 34 4 14 173 103 31 10 102,item 5725 features: 49 2 34 4 14 173 103 31 10 102
5730,item_5730,,item_5730,,49 2 34 801 173 103 31,item 5730 features: 49 2 34 801 173 103 31
5733,item_5733,,item_5733,,51 44,item 5733 features: 51 44
5734,item_5734,,item_5734,,702,item 5734 features: 702
5735,item_5735,,item_5735,,49 2 193 34 37 100 31 10,item 5735 features: 49 2 193 34 37 100 31 10
5738,item_5738,,item_5738,,77 2 814 5 31,item 5738 features: 77 2 814 5 31
5741,item_5741,,item_5741,,46 21 2 34 31,item 5741 features: 46 21 2 34 31
5743,item_5743,,item_5743,,65 32 37 8 31 309,item 5743 features: 65 32 37 8 31 309
5745,item_5745,,item_5745,,65 10 253 265 31 440,item 5745 features: 65 10 253 265 31 440
5757,item_5757,,item_5757,,15 2 51 4 436 5 461 28 75 31,item 5757 features: 15 2 51 4 436 5 461 28 75 31
5767,item_5767,,item_5767,,10 170 1 581 2 51 4 909 44 31,item 5767 features: 10 170 1 581 2 51 4 909 44 31
5772,item_5772,,item_5772,,49 2 34 173 103 31,item 5772 features: 49 2 34 173 103 31
5778,item_5778,,item_5778,,55 21 2 647 162 446 677 437 64 401 199,item 5778 features: 55 21 2 647 162 446 677 437 64 401 199
5782,item_5782,,item_5782,,69 22 338 76 4 16 852,item 5782 features: 69 22 338 76 4 16 852
5783,item_5783,,item_5783,,46 554 34 10 21 2 173 290 103 400 31 982 49,item 5783 features: 46 554 34 10 21 2 173 290 103 400 31 982 49
5788,item_5788,,item_5788,,965 2 54 31,item 5788 features: 965 2 54 31
5796,item_5796,,item_5796,,58 2 4 55 120,item 5796 features: 58 2 4 55 120
5798,item_5798,,item_5798,,58 125 34 25 10 15 33 2 177 4 5 51 546 31 49,item 5798 features: 58 125 34 25 10 15 33 2 177 4 5 51 546 31 49
5805,item_5805,,item_5805,,126 46 52 2 4 16 110 44 5,item 5805 features: 126 46 52 2 4 16 110 44 5
5811,item_5811,,item_5811,,25,item 5811 features: 25
5812,item_5812,,item_5812,,437 32 401 225 37 148 187,item 5812 features: 437 32 401 225 37 148 187
5817,item_5817,,item_5817,,15 2,item 5817 features: 15 2
5818,item_5818,,item_5818,,43 573 2 76 5 28 55,item 5818 features: 43 573 2 76 5 28 55
5821,item_5821,,item_5821,,788,item 5821 features: 788
5826,item_5826,,item_5826,,65 32 64 124 97 30,item 5826 features: 65 32 64 124 97 30
5827,item_5827,,item_5827,,58 51 193 55 420,item 5827 features: 58 51 193 55 420
5828,item_5828,,item_5828,,2 50 226 107 610 5 31 460,item 5828 features: 2 50 226 107 610 5 31 460
5830,item_5830,,item_5830,,10 2 16 761 5 31,item 5830 features: 10 2 16 761 5 31
5833,item_5833,,item_5833,,34 91 55 10 2 4 173 322 103 23 31 49 110,item 5833 features: 34 91 55 10 2 4 173 322 103 23 31 49 110
5843,item_5843,,item_5843,,77 2 4 598 5 31 120 102,item 5843 features: 77 2 4 598 5 31 120 102
5852,item_5852,,item_5852,,21 44,item 5852 features: 21 44
5863,item_5863,,item_5863,,22 2 5 55 269,item 5863 features: 22 2 5 55 269
5869,item_5869,,item_5869,,186,item 5869 features: 186
5870,item_5870,,item_5870,,2 62 185 243,item 5870 features: 2 62 185 243
5875,item_5875,,item_5875,,451 2 34 4 221 14 5 44 10,item 5875 features: 451 2 34 4 221 14 5 44 10
5876,item_5876,,item_5876,,134 4 28,item 5876 features: 134 4 28
5878,item_5878,,item_5878,,69 22 50 816 113 4 234 5 522 31,item 5878 features: 69 22 50 816 113 4 234 5 522 31
5879,item_5879,,item_5879,,21 2 44,item 5879 features: 21 2 44
5883,item_5883,,item_5883,,2 31 124,item 5883 features: 2 31 124
5889,item_5889,,item_5889,,21 386 452 2 373 44,item 5889 features: 21 386 452 2 373 44
5891,item_5891,,item_5891,,46 219 37 55 4 5 120 168 51 14 31 580 618 16 8,item 5891 features: 46 219 37 55 4 5 120 168 51 14 31 580 618 16 8
5892,item_5892,,item_5892,,37 185 198 65 243 29 62 32 856 192,item 5892 features: 37 185 198 65 243 29 62 32 856 192
5895,item_5895,,item_5895,,49 2 34 4 173 103 31,item 5895 features: 49 2 34 4 173 103 31
5900,item_5900,,item_5900,,125 39 20 102 69 33 22 2 4 27 765 92 72 5 14 100 31,item 5900 features: 125 39 20 102 69 33 22 2 4 27 765 92 72 5 14 100 31
5903,item_5903,,item_5903,,65 32 21 424 199 37 31,item 5903 features: 65 32 21 424 199 37 31
5905,item_5905,,item_5905,,2 322 55,item 5905 features: 2 322 55
5922,item_5922,,item_5922,,69 10 51 4 25 20 166 55 262,item 5922 features: 69 10 51 4 25 20 166 55 262
5927,item_5927,,item_5927,,53 2 28 55,item 5927 features: 53 2 28 55
5931,item_5931,,item_5931,,209 152 651 69 22 2 4 113 5 85 31 50 234 16,item 5931 features: 209 152 651 69 22 2 4 113 5 85 31 50 234 16
5935,item_5935,,item_5935,,31,item 5935 features: 31
5944,item_5944,,item_5944,,4,item 5944 features: 4
5957,item_5957,,item_5957,,69 77 22 2 4 5 31,item 5957 features: 69 77 22 2 4 5 31
5963,item_5963,,item_5963,,55,item 5963 features: 55
5965,item_5965,,item_5965,,24 52 22 2 504 76 4 16 374 5 55 0,item 5965 features: 24 52 22 2 504 76 4 16 374 5 55 0
5968,item_5968,,item_5968,,172 248,item 5968 features: 172 248
5970,item_5970,,item_5970,,34 76 333 55 10 69 22 2 4 5 120 667 100 16 0,item 5970 features: 34 76 333 55 10 69 22 2 4 5 120 667 100 16 0
5972,item_5972,,item_5972,,65 447 64 6 188 4 37 138 309,item 5972 features: 65 447 64 6 188 4 37 138 309
5979,item_5979,,item_5979,,433 4 20 460,item 5979 features: 433 4 20 460
5985,item_5985,,item_5985,,2 55,item 5985 features: 2 55
5999,item_5999,,item_5999,,719 2 4 55,item 5999 features: 719 2 4 55
6001,item_6001,,item_6001,,21 44,item 6001 features: 21 44
6010,item_6010,,item_6010,,15 937 51 34 4 397 28 31,item 6010 features: 15 937 51 34 4 397 28 31
6015,item_6015,,item_6015,,95,item 6015 features: 95
6018,item_6018,,item_6018,,51 31 55,item 6018 features: 51 31 55
6024,item_6024,,item_6024,,51 55 231,item 6024 features: 51 55 231
6037,item_6037,,item_6037,,51 34 16 44 5 31,item 6037 features: 51 34 16 44 5 31
6050,item_6050,,item_6050,,34 55 2 556 4 173 223 103 5 23 263 49 16 110,item 6050 features: 34 55 2 556 4 173 223 103 5 23 263 49 16 110
6057,item_6057,,item_6057,,45 125 94 25 340 33 4 393 866 5 661 14 31,item 6057 features: 45 125 94 25 340 33 4 393 866 5 661 14 31
6060,item_6060,,item_6060,,134 433 4 20 14,item 6060 features: 134 433 4 20 14
6062,item_6062,,item_6062,,161 46 22 50 34 25 76 226 292 522 31 5 10,item 6062 features: 161 46 22 50 34 25 76 226 292 522 31 5 10
6064,item_6064,,item_6064,,49 2 34 31,item 6064 features: 49 2 34 31
6072,item_6072,,item_6072,,58 126 44 15 53 2 4 345 5 51 31 134 582 199,item 6072 features: 58 126 44 15 53 2 4 345 5 51 31 134 582 199
6085,item_6085,,item_6085,,2 34 4 16 31,item 6085 features: 2 34 4 16 31
6088,item_6088,,item_6088,,12 2 16 55,item 6088 features: 12 2 16 55
6090,item_6090,,item_6090,,125 46 228 400 33 31 122 23 183,item 6090 features: 125 46 228 400 33 31 122 23 183
6098,item_6098,,item_6098,,10 21 51 2 31,item 6098 features: 10 21 51 2 31
6103,item_6103,,item_6103,,51 55,item 6103 features: 51 55
6105,item_6105,,item_6105,,398 780 197 5 40 31 122,item 6105 features: 398 780 197 5 40 31 122
6107,item_6107,,item_6107,,51 44,item 6107 features: 51 44
6108,item_6108,,item_6108,,59 125 94 37 33 2 728 200 29 31 438 8,item 6108 features: 59 125 94 37 33 2 728 200 29 31 438 8
6110,item_6110,,item_6110,,77 15 2 193 4 51 55 166 294 31 5 102 26,item 6110 features: 77 15 2 193 4 51 55 166 294 31 5 102 26
6117,item_6117,,item_6117,,69 24 2 50 4 16 327 5 31,item 6117 features: 69 24 2 50 4 16 327 5 31
6121,item_6121,,item_6121,,5 55,item 6121 features: 5 55
6132,item_6132,,item_6132,,2 31 183,item 6132 features: 2 31 183
6133,item_6133,,item_6133,,2 34 39 16 28 5 31,item 6133 features: 2 34 39 16 28 5 31
6141,item_6141,,item_6141,,58 125 126 19 94 166 2 4 5 615 454 31 7 253 199 16,item 6141 features: 58 125 126 19 94 166 2 4 5 615 454 31 7 253 199 16
6146,item_6146,,item_6146,,804,item 6146 features: 804
6147,item_6147,,item_6147,,69 22 4 14 162 85 44 0,item 6147 features: 69 22 4 14 162 85 44 0
6160,item_6160,,item_6160,,4,item 6160 features: 4
6176,item_6176,,item_6176,,906 52 4 493,item 6176 features: 906 52 4 493
6178,item_6178,,item_6178,,2 4 14 16 5 31,item 6178 features: 2 4 14 16 5 31
6179,item_6179,,item_6179,,51 55,item 6179 features: 51 55
6180,item_6180,,item_6180,,24 366 34 4 55,item 6180 features: 24 366 34 4 55
6185,item_6185,,item_6185,,51 55,item 6185 features: 51 55
6190,item_6190,,item_6190,,51 2 377 44 31,item 6190 features: 51 2 377 44 31
6192,item_6192,,item_6192,,46 64 951 44,item 6192 features: 46 64 951 44
6200,item_6200,,item_6200,,51 55,item 6200 features: 51 55
6202,item_6202,,item_6202,,305 2 76 44,item 6202 features: 305 2 76 44
6212,item_6212,,item_6212,,55,item 6212 features: 55
6214,item_6214,,item_6214,,2 31,item 6214 features: 2 31
6216,item_6216,,item_6216,,2 51 5 28 55,item 6216 features: 2 51 5 28 55
6220,item_6220,,item_6220,,668 2 50 4 5 16 31,item 6220 features: 668 2 50 4 5 16 31
6228,item_6228,,item_6228,,642 28 55 2 4 484 51 529,item 6228 features: 642 28 55 2 4 484 51 529
6232,item_6232,,item_6232,,4 20,item 6232 features: 4 20
6233,item_6233,,item_6233,,34 44 28 55 10 2 173 103 5 23 51 959 84 49,item 6233 features: 34 44 28 55 10 2 173 103 5 23 51 959 84 49
6234,item_6234,,item_6234,,69 10 1 2 760 76 34 4 51 5 55 102,item 6234 features: 69 10 1 2 760 76 34 4 51 5 55 102
6235,item_6235,,item_6235,,44 128,item 6235 features: 44 128
6236,item_6236,,item_6236,,49 23 2 34 253 4 345 14 747 5 103 55 173,item 6236 features: 49 23 2 34 253 4 345 14 747 5 103 55 173
6241,item_6241,,item_6241,,524,item 6241 features: 524
6243,item_6243,,item_6243,,236 2 51 4 113 117 16 223 44 5 31,item 6243 features: 236 2 51 4 113 117 16 223 44 5 31
6246,item_6246,,item_6246,,168 809 2 31 25 4 5 16,item 6246 features: 168 809 2 31 25 4 5 16
6248,item_6248,,item_6248,,58 77 2 51 25 5 31 102,item 6248 features: 58 77 2 51 25 5 31 102
6252,item_6252,,item_6252,,77 209 2 223 4 102 598 5 31,item 6252 features: 77 209 2 223 4 102 598 5 31
6256,item_6256,,item_6256,,437 401 225 37 148 187,item 6256 features: 437 401 225 37 148 187
6259,item_6259,,item_6259,,2 31,item 6259 features: 2 31
6264,item_6264,,item_6264,,2 16 747 31,item 6264 features: 2 16 747 31
6268,item_6268,,item_6268,,15 2 34 4 31,item 6268 features: 15 2 34 4 31
6277,item_6277,,item_6277,,31 212,item 6277 features: 31 212
6285,item_6285,,item_6285,,46 4 166 37 5 91 102,item 6285 features: 46 4 166 37 5 91 102
6288,item_6288,,item_6288,,750 21 6 489 37 44 472,item 6288 features: 750 21 6 489 37 44 472
6292,item_6292,,item_6292,,1 15 91 51 2 31 5 55,item 6292 features: 1 15 91 51 2 31 5 55
6293,item_6293,,item_6293,,34 4 31,item 6293 features: 34 4 31
6311,item_6311,,item_6311,,916,item 6311 features: 916
6315,item_6315,,item_6315,,4 5,item 6315 features: 4 5
6323,item_6323,,item_6323,,24 34 4 44,item 6323 features: 24 34 4 44
6330,item_6330,,item_6330,,125 46 37 55 65 21 52 33 2 4 27 265 919 14 100 374 31 403 124,item 6330 features: 125 46 37 55 65 21 52 33 2 4 27 265 919 14 100 374 31 403 124
6332,item_6332,,item_6332,,10 32 21 64 2 31 56 34 97 849 55 649,item 6332 features: 10 32 21 64 2 31 56 34 97 849 55 649
6333,item_6333,,item_6333,,15 51 4 92 20 166 55 231,item 6333 features: 15 51 4 92 20 166 55 231
6334,item_6334,,item_6334,,166 467 65 4 265 51 14 31 648 580 64 920 253 124,item 6334 features: 166 467 65 4 265 51 14 31 648 580 64 920 253 124
6336,item_6336,,item_6336,,21 2 55,item 6336 features: 21 2 55
6340,item_6340,,item_6340,,21 404 2 55 122,item 6340 features: 21 404 2 55 122
6345,item_6345,,item_6345,,582 20 337,item 6345 features: 582 20 337
6349,item_6349,,item_6349,,55,item 6349 features: 55
6361,item_6361,,item_6361,,2 28 31,item 6361 features: 2 28 31
6363,item_6363,,item_6363,,22 34 4 31,item 6363 features: 22 34 4 31
6371,item_6371,,item_6371,,21 2 25 31,item 6371 features: 21 2 25 31
6374,item_6374,,item_6374,,69 1 22 51 2 25 4 31 16 5 55,item 6374 features: 69 1 22 51 2 25 4 31 16 5 55
6392,item_6392,,item_6392,,2 31,item 6392 features: 2 31
6396,item_6396,,item_6396,,29 32 64 228 400 54 290 295 661,item 6396 features: 29 32 64 228 400 54 290 295 661
6400,item_6400,,item_6400,,2 55,item 6400 features: 2 55
6402,item_6402,,item_6402,,28 55 537 69 22 2 4 5 120 51 677 474 534 31 194 0,item 6402 features: 28 55 537 69 22 2 4 5 120 51 677 474 534 31 194 0
6405,item_6405,,item_6405,,55 220,item 6405 features: 55 220
6412,item_6412,,item_6412,,881 4,item 6412 features: 881 4
6422,item_6422,,item_6422,,819 4 14,item 6422 features: 819 4 14
6424,item_6424,,item_6424,,32 21 44,item 6424 features: 32 21 44
6427,item_6427,,item_6427,,34 39 28 44 55 10 2 898 103 5 23 51 49 16,item 6427 features: 34 39 28 44 55 10 2 898 103 5 23 51 49 16
6433,item_6433,,item_6433,,58 125 46 94 25 467 96 33 2 274 4 5 184 615 14 31 32 16,item 6433 features: 58 125 46 94 25 467 96 33 2 274 4 5 184 615 14 31 32 16
6447,item_6447,,item_6447,,411,item 6447 features: 411
6450,item_6450,,item_6450,,31 676 55,item 6450 features: 31 676 55
6457,item_6457,,item_6457,,25 4 20,item 6457 features: 25 4 20
6462,item_6462,,item_6462,,34 37 55 10 21 2 498 173 103 23 97 31 32 49,item 6462 features: 34 37 55 10 21 2 498 173 103 23 97 31 32 49
6474,item_6474,,item_6474,,21 2 56 31,item 6474 features: 21 2 56 31
6478,item_6478,,item_6478,,51 55,item 6478 features: 51 55
6480,item_6480,,item_6480,,69 46 22 2 4 202 55 120,item 6480 features: 69 46 22 2 4 202 55 120
6484,item_6484,,item_6484,,453 154 197 345 473,item 6484 features: 453 154 197 345 473
6485,item_6485,,item_6485,,10 34,item 6485 features: 10 34
6492,item_6492,,item_6492,,89 65 74 64 390 34 37 124,item 6492 features: 89 65 74 64 390 34 37 124
6493,item_6493,,item_6493,,119 326 37 185 198 55 21 2 787 62 121 32 193 192 142,item 6493 features: 119 326 37 185 198 55 21 2 787 62 121 32 193 192 142
6495,item_6495,,item_6495,,69 471 4 120,item 6495 features: 69 471 4 120
6499,item_6499,,item_6499,,10 34 4 5 31,item 6499 features: 10 34 4 5 31
6505,item_6505,,item_6505,,10 34,item 6505 features: 10 34
6509,item_6509,,item_6509,,53 2 20 55,item 6509 features: 53 2 20 55
6511,item_6511,,item_6511,,4 20 283 248,item 6511 features: 4 20 283 248
6514,item_6514,,item_6514,,752 21 228 2 34 56 331 55,item 6514 features: 752 21 228 2 34 56 331 55
6515,item_6515,,item_6515,,52 51 509 374 55,item 6515 features: 52 51 509 374 55
6546,item_6546,,item_6546,,15 764 51 34 2 31 5 55,item 6546 features: 15 764 51 34 2 31 5 55
6555,item_6555,,item_6555,,58 34 25 55 10 102 22 2 4 173 103 5 23 394 49 253 850,item 6555 features: 58 34 25 55 10 102 22 2 4 173 103 5 23 394 49 253 850
6558,item_6558,,item_6558,,49 696 51 2 34 173 44 16 31 23 103,item 6558 features: 49 696 51 2 34 173 44 16 31 23 103
6561,item_6561,,item_6561,,69 22 4 765 102,item 6561 features: 69 22 4 765 102
6562,item_6562,,item_6562,,2 322 55,item 6562 features: 2 322 55
6564,item_6564,,item_6564,,77 2 5 44 602,item 6564 features: 77 2 5 44 602
6566,item_6566,,item_6566,,69 22 507 4 2 27 456 5 566 31 120 366,item 6566 features: 69 22 507 4 2 27 456 5 566 31 120 366
6572,item_6572,,item_6572,,51 55 238,item 6572 features: 51 55 238
6573,item_6573,,item_6573,,250 500 2 76 4 5 55,item 6573 features: 250 500 2 76 4 5 55
6576,item_6576,,item_6576,,887 25 185 629 198 74 21 2 243 62 121 31 161 56 192 142,item 6576 features: 887 25 185 629 198 74 21 2 243 62 121 31 161 56 192 142
6581,item_6581,,item_6581,,1 51 4 31,item 6581 features: 1 51 4 31
6583,item_6583,,item_6583,,593 22 4,item 6583 features: 593 22 4
6586,item_6586,,item_6586,,236 524 65 32 2 185 117 37 62 754 198 31,item 6586 features: 236 524 65 32 2 185 117 37 62 754 198 31
6594,item_6594,,item_6594,,58 125 397 28 15 2 4 5 120 51 271 31 13,item 6594 features: 58 125 397 28 15 2 4 5 120 51 271 31 13
6598,item_6598,,item_6598,,65 119 32 64 2 637 97 37 31 101 30,item 6598 features: 65 119 32 64 2 637 97 37 31 101 30
6600,item_6600,,item_6600,,69 2 51 4 34 28 44 31,item 6600 features: 69 2 51 4 34 28 44 31
6604,item_6604,,item_6604,,2 55,item 6604 features: 2 55
6611,item_6611,,item_6611,,51 55,item 6611 features: 51 55
6614,item_6614,,item_6614,,34 25 37 91 55 10 65 21 2 173 103 23 97 32 64 49,item 6614 features: 34 25 37 91 55 10 65 21 2 173 103 23 97 32 64 49
6620,item_6620,,item_6620,,32 21 44,item 6620 features: 32 21 44
6625,item_6625,,item_6625,,15 516 2 51 517 44 5 55,item 6625 features: 15 516 2 51 517 44 5 55
6641,item_6641,,item_6641,,77 51 2 4 5 31 102,item 6641 features: 77 51 2 4 5 31 102
6645,item_6645,,item_6645,,51 110 44,item 6645 features: 51 110 44
6648,item_6648,,item_6648,,157 4 591,item 6648 features: 157 4 591
6654,item_6654,,item_6654,,51 44,item 6654 features: 51 44
6657,item_6657,,item_6657,,54,item 6657 features: 54
6658,item_6658,,item_6658,,32 2 31 4 14 37 91 102,item 6658 features: 32 2 31 4 14 37 91 102
6667,item_6667,,item_6667,,2 25 393 31 240,item 6667 features: 2 25 393 31 240
6669,item_6669,,item_6669,,2 635 25 5 31,item 6669 features: 2 635 25 5 31
6670,item_6670,,item_6670,,819 4 31,item 6670 features: 819 4 31
6675,item_6675,,item_6675,,2 25 4 16 5 31,item 6675 features: 2 25 4 16 5 31
6679,item_6679,,item_6679,,727,item 6679 features: 727
6680,item_6680,,item_6680,,2 104 31,item 6680 features: 2 104 31
6687,item_6687,,item_6687,,15 867 51 2 4 330 31 397 28 55,item 6687 features: 15 867 51 2 4 330 31 397 28 55
6697,item_6697,,item_6697,,51 2 39 28 55 5 744,item 6697 features: 51 2 39 28 55 5 744
6703,item_6703,,item_6703,,32 153 4 37 335,item 6703 features: 32 153 4 37 335
6704,item_6704,,item_6704,,2 5 16,item 6704 features: 2 5 16
6708,item_6708,,item_6708,,52 49 2 34 4 5 16 173 55 23 103,item 6708 features: 52 49 2 34 4 5 16 173 55 23 103
6710,item_6710,,item_6710,,823 51 34 110 31,item 6710 features: 823 51 34 110 31
6730,item_6730,,item_6730,,618 2 16 5 31,item 6730 features: 618 2 16 5 31
6740,item_6740,,item_6740,,50 5,item 6740 features: 50 5
6752,item_6752,,item_6752,,51 463 44 31,item 6752 features: 51 463 44 31
6758,item_6758,,item_6758,,233 69 153 22 4 715,item 6758 features: 233 69 153 22 4 715
6760,item_6760,,item_6760,,2 55,item 6760 features: 2 55
6761,item_6761,,item_6761,,184 205 854 31 212,item 6761 features: 184 205 854 31 212
6763,item_6763,,item_6763,,227,item 6763 features: 227
6766,item_6766,,item_6766,,298 834 4 123,item 6766 features: 298 834 4 123
6767,item_6767,,item_6767,,161 22 2 34 25 16 103 55 10,item 6767 features: 161 22 2 34 25 16 103 55 10
6773,item_6773,,item_6773,,69 10 52 22 51 2 4 55 14 5 31,item 6773 features: 69 10 52 22 51 2 4 55 14 5 31
6775,item_6775,,item_6775,,34 25 76 28 55 609 22 2 4 5 51 31 294 244,item 6775 features: 34 25 76 28 55 609 22 2 4 5 51 31 294 244
6784,item_6784,,item_6784,,10 134 51 2 25 34 20 16 44 5 31 28,item 6784 features: 10 134 51 2 25 34 20 16 44 5 31 28
6785,item_6785,,item_6785,,209 51 4 25 16 28 31,item 6785 features: 209 51 4 25 16 28 31
6788,item_6788,,item_6788,,69 22 4 279,item 6788 features: 69 22 4 279
6791,item_6791,,item_6791,,21 34 31,item 6791 features: 21 34 31
6794,item_6794,,item_6794,,125 28 297 33 2 4 5 661 484 51 31 16,item 6794 features: 125 28 297 33 2 4 5 661 484 51 31 16
6798,item_6798,,item_6798,,58 126 53 51 2 25 253 4 67 5 31,item 6798 features: 58 126 53 51 2 25 253 4 67 5 31
6799,item_6799,,item_6799,,46 351 25 495 432 55 52 505 2 298 966 31 205 325,item 6799 features: 46 351 25 495 432 55 52 505 2 298 966 31 205 325
6802,item_6802,,item_6802,,2 4 14 20 5 55,item 6802 features: 2 4 14 20 5 55
6816,item_6816,,item_6816,,161 91 49 2 34 173 265 103 55 10 23,item 6816 features: 161 91 49 2 34 173 265 103 55 10 23
6817,item_6817,,item_6817,,69 22 234 4 601 467,item 6817 features: 69 22 234 4 601 467
6818,item_6818,,item_6818,,2 25 345 5 55,item 6818 features: 2 25 345 5 55
6819,item_6819,,item_6819,,2 50 301 31,item 6819 features: 2 50 301 31
6820,item_6820,,item_6820,,258 217 51 44 128,item 6820 features: 258 217 51 44 128
6826,item_6826,,item_6826,,843 51 55,item 6826 features: 843 51 55
6828,item_6828,,item_6828,,77 568 2 39 5 44 868,item 6828 features: 77 568 2 39 5 44 868
6830,item_6830,,item_6830,,2 338 185 55,item 6830 features: 2 338 185 55
6833,item_6833,,item_6833,,2 16 55,item 6833 features: 2 16 55
6834,item_6834,,item_6834,,28 15 2 4 345 75 5 51 436 469 31 461,item 6834 features: 28 15 2 4 345 75 5 51 436 469 31 461
6836,item_6836,,item_6836,,51 55,item 6836 features: 51 55
6840,item_6840,,item_6840,,317 51 5 31,item 6840 features: 317 51 5 31
6843,item_6843,,item_6843,,10 22 2 34 4 44,item 6843 features: 10 22 2 34 4 44
6845,item_6845,,item_6845,,34 37 10 65 21 2 173 103 309 441 31 750 49,item 6845 features: 34 37 10 65 21 2 173 103 309 441 31 750 49
6850,item_6850,,item_6850,,839,item 6850 features: 839
6854,item_6854,,item_6854,,58 34 55 15 232 52 2 562 4 120 51 271 31,item 6854 features: 58 34 55 15 232 52 2 562 4 120 51 271 31
6857,item_6857,,item_6857,,15 49 2 469 436 5 461 55,item 6857 features: 15 49 2 469 436 5 461 55
6865,item_6865,,item_6865,,209 719 2 22 4 5 55,item 6865 features: 209 719 2 22 4 5 55
6878,item_6878,,item_6878,,15 51 837 31,item 6878 features: 15 51 837 31
6879,item_6879,,item_6879,,69 833 22 2 50 25 4 16 5 31 120 440,item 6879 features: 69 833 22 2 50 25 4 16 5 31 120 440
6880,item_6880,,item_6880,,51 2 34 55 112 622 28 5 31,item 6880 features: 51 2 34 55 112 622 28 5 31
6894,item_6894,,item_6894,,46 34 25 76 55 10 69 2 4 5 51 880 14 253,item 6894 features: 46 34 25 76 55 10 69 2 4 5 51 880 14 253
6900,item_6900,,item_6900,,21 2 25 56 31,item 6900 features: 21 2 25 56 31
6908,item_6908,,item_6908,,2 34 25 16 31,item 6908 features: 2 34 25 16 31
6912,item_6912,,item_6912,,426 2 25 16 5 55,item 6912 features: 426 2 25 16 5 55
6916,item_6916,,item_6916,,22 2 50 34 55,item 6916 features: 22 2 50 34 55
6921,item_6921,,item_6921,,58 34 55 15 2 4 75 5 120 51 436 271 31 49 461,item 6921 features: 58 34 55 15 2 4 75 5 120 51 436 271 31 49 461
6922,item_6922,,item_6922,,51 509 31,item 6922 features: 51 509 31
6929,item_6929,,item_6929,,65 10 150 193 216 37 31 35,item 6929 features: 65 10 150 193 216 37 31 35
6930,item_6930,,item_6930,,46 727 49 4 34 14 5 16 103 31 584 173,item 6930 features: 46 727 49 4 34 14 5 16 103 31 584 173
6931,item_6931,,item_6931,,34 28 44 10 15 2 4 103 5 23 51 625 31 49 16,item 6931 features: 34 28 44 10 15 2 4 103 5 23 51 625 31 49 16
6933,item_6933,,item_6933,,4,item 6933 features: 4
6937,item_6937,,item_6937,,76 25 55 69 22 2 4 5 661 596 305 85 624 50 234,item 6937 features: 76 25 55 69 22 2 4 5 661 596 305 85 624 50 234
6941,item_6941,,item_6941,,69 52 22 4 234 85,item 6941 features: 69 52 22 4 234 85
6942,item_6942,,item_6942,,209 37,item 6942 features: 209 37
6949,item_6949,,item_6949,,49 2 34 110 55,item 6949 features: 49 2 34 110 55
6954,item_6954,,item_6954,,91 52 57 4 25 20 37 166 31,item 6954 features: 91 52 57 4 25 20 37 166 31
6960,item_6960,,item_6960,,32 2 34 4 410 253 37 5 14 55 16 10,item 6960 features: 32 2 34 4 410 253 37 5 14 55 16 10
6965,item_6965,,item_6965,,433 4 14 20 638,item 6965 features: 433 4 14 20 638
6967,item_6967,,item_6967,,688 2 51 34 113 511 31 5 301,item 6967 features: 688 2 51 34 113 511 31 5 301
6979,item_6979,,item_6979,,15 53 2 28 55,item 6979 features: 15 53 2 28 55
6982,item_6982,,item_6982,,46 2 50 107 610 31,item 6982 features: 46 2 50 107 610 31
6985,item_6985,,item_6985,,392 15 51 2 34 4 377 44 39 28 31 5,item 6985 features: 392 15 51 2 34 4 377 44 39 28 31 5
6991,item_6991,,item_6991,,32 2 166 16 31 5,item 6991 features: 32 2 166 16 31 5
6993,item_6993,,item_6993,,564 2 5 16 31,item 6993 features: 564 2 5 16 31
6998,item_6998,,item_6998,,58 7 2 4 31,item 6998 features: 58 7 2 4 31
7006,item_7006,,item_7006,,53 2 20 55 102,item 7006 features: 53 2 20 55 102
7012,item_7012,,item_7012,,46 219 5 31,item 7012 features: 46 219 5 31
7014,item_7014,,item_7014,,51 2 31 28 5 55,item 7014 features: 51 2 31 28 5 55
7015,item_7015,,item_7015,,91 2 55,item 7015 features: 91 2 55
7024,item_7024,,item_7024,,2 25 410 4 16 5 31,item 7024 features: 2 25 410 4 16 5 31
7031,item_7031,,item_7031,,255 225 2 4 5 16 216 55,item 7031 features: 255 225 2 4 5 16 216 55
7032,item_7032,,item_7032,,450,item 7032 features: 450
7033,item_7033,,item_7033,,15 764 51 2 31 5 55,item 7033 features: 15 764 51 2 31 5 55
7034,item_7034,,item_7034,,689 51 4 25 20 85 55 262,item 7034 features: 689 51 4 25 20 85 55 262
7041,item_7041,,item_7041,,64 49 2 34 173 44 103 23,item 7041 features: 64 49 2 34 173 44 103 23
7042,item_7042,,item_7042,,236 887 185 198 21 2 62 31 121 524 32 73 117,item 7042 features: 236 887 185 198 21 2 62 31 121 524 32 73 117
7049,item_7049,,item_7049,,2 4 55,item 7049 features: 2 4 55
7050,item_7050,,item_7050,,37 55,item 7050 features: 37 55
7058,item_7058,,item_7058,,58 51 4 253 31,item 7058 features: 58 51 4 253 31
7060,item_7060,,item_7060,,1 20 44 15 22 2 167 4 5 51 503 370,item 7060 features: 1 20 44 15 22 2 167 4 5 51 503 370
7064,item_7064,,item_7064,,51 480 31,item 7064 features: 51 480 31
7073,item_7073,,item_7073,,161 50 226 44,item 7073 features: 161 50 226 44
7081,item_7081,,item_7081,,298 22 2 50 4 5 44 847,item 7081 features: 298 22 2 50 4 5 44 847
7082,item_7082,,item_7082,,22 34 4 31,item 7082 features: 22 34 4 31
7085,item_7085,,item_7085,,217 51 31,item 7085 features: 217 51 31
7088,item_7088,,item_7088,,10 46 64 2 34 25 55 265 31,item 7088 features: 10 46 64 2 34 25 55 265 31
7091,item_7091,,item_7091,,961,item 7091 features: 961
7096,item_7096,,item_7096,,10 47 2 34 13 5 55 742,item 7096 features: 10 47 2 34 13 5 55 742
7106,item_7106,,item_7106,,2 25 5 16 31,item 7106 features: 2 25 5 16 31
7111,item_7111,,item_7111,,2 930 55,item 7111 features: 2 930 55
7123,item_7123,,item_7123,,32 64 2 31 34 97 55 10,item 7123 features: 32 64 2 31 34 97 55 10
7128,item_7128,,item_7128,,181 500 2 76 4 5 55 0,item 7128 features: 181 500 2 76 4 5 55 0
7132,item_7132,,item_7132,,49 51 2 44 55,item 7132 features: 49 51 2 44 55
7134,item_7134,,item_7134,,211 22 2 4 76 5 16 55 859,item 7134 features: 211 22 2 4 76 5 16 55 859
7142,item_7142,,item_7142,,500 22 2 50 34 4 76 832 55,item 7142 features: 500 22 2 50 34 4 76 832 55
7144,item_7144,,item_7144,,195 157 122 2 104 338 54 31,item 7144 features: 195 157 122 2 104 338 54 31
7145,item_7145,,item_7145,,700 10 33 2 338 4 20 16 110 44 5,item 7145 features: 700 10 33 2 338 4 20 16 110 44 5
7148,item_7148,,item_7148,,58 10 49 2 34 253 4 19 54 5 55 102,item 7148 features: 58 10 49 2 34 253 4 19 54 5 55 102
7156,item_7156,,item_7156,,51 2 34 16 756 103 31 5,item 7156 features: 51 2 34 16 756 103 31 5
7158,item_7158,,item_7158,,2 4 253 753 16 747 5 31,item 7158 features: 2 4 253 753 16 747 5 31
7161,item_7161,,item_7161,,58 15 51 2 34 347 5 44,item 7161 features: 58 15 51 2 34 347 5 44
7164,item_7164,,item_7164,,2 25 265 55,item 7164 features: 2 25 265 55
7165,item_7165,,item_7165,,31,item 7165 features: 31
7170,item_7170,,item_7170,,22 4 717 715,item 7170 features: 22 4 717 715
7185,item_7185,,item_7185,,750 32 21 649 55 97 37 31 8 10,item 7185 features: 750 32 21 649 55 97 37 31 8 10
7186,item_7186,,item_7186,,39 34 28 44 10 860 2 173 103 5 23 51 31 49 16,item 7186 features: 39 34 28 44 10 860 2 173 103 5 23 51 31 49 16
7190,item_7190,,item_7190,,49 2 51 34 658 4 31 5 28 103 55 23,item 7190 features: 49 2 51 34 658 4 31 5 28 103 55 23
7195,item_7195,,item_7195,,15 51 2 34 4 436 5 75 461 31 28,item 7195 features: 15 51 2 34 4 436 5 75 461 31 28
7196,item_7196,,item_7196,,389,item 7196 features: 389
7199,item_7199,,item_7199,,2 51 34 4 658 16 28 31,item 7199 features: 2 51 34 4 658 16 28 31
7201,item_7201,,item_7201,,305 76 116 91,item 7201 features: 305 76 116 91
7204,item_7204,,item_7204,,10 22 2 4 39 31 5,item 7204 features: 10 22 2 4 39 31 5
7205,item_7205,,item_7205,,46 1 28 55 10 15 2 4 5 382 440 51 14 85 31,item 7205 features: 46 1 28 55 10 15 2 4 5 382 440 51 14 85 31
7209,item_7209,,item_7209,,406 473,item 7209 features: 406 473
7220,item_7220,,item_7220,,5,item 7220 features: 5
7221,item_7221,,item_7221,,2 34 338 4 5 55 0 120,item 7221 features: 2 34 338 4 5 55 0 120
7225,item_7225,,item_7225,,89 166 185 198 133 55 2 243 29 919 390 32 64 438 192 142 124,item 7225 features: 89 166 185 198 133 55 2 243 29 919 390 32 64 438 192 142 124
7227,item_7227,,item_7227,,51 31,item 7227 features: 51 31
7234,item_7234,,item_7234,,32 2 37 16 31,item 7234 features: 32 2 37 16 31
7235,item_7235,,item_7235,,69 43 22 51 50 2 39 76 769 55 5 194,item 7235 features: 69 43 22 51 50 2 39 76 769 55 5 194
7236,item_7236,,item_7236,,32 4 31,item 7236 features: 32 4 31
7263,item_7263,,item_7263,,69 303 22 4 20 0,item 7263 features: 69 303 22 4 20 0
7265,item_7265,,item_7265,,69 672 375 451 22 2 50 677 4 318 5 55,item 7265 features: 69 672 375 451 22 2 50 677 4 318 5 55
7273,item_7273,,item_7273,,15 2 4 714 5 26,item 7273 features: 15 2 4 714 5 26
7274,item_7274,,item_7274,,2 50 55,item 7274 features: 2 50 55
7275,item_7275,,item_7275,,51 55,item 7275 features: 51 55
7282,item_7282,,item_7282,,369 784,item 7282 features: 369 784
7286,item_7286,,item_7286,,22 2 51 34 5 31 10,item 7286 features: 22 2 51 34 5 31 10
7294,item_7294,,item_7294,,21 64 2 56 55,item 7294 features: 21 64 2 56 55
7297,item_7297,,item_7297,,481 77 250 53 2 649 5 55,item 7297 features: 481 77 250 53 2 649 5 55
7299,item_7299,,item_7299,,32 2 166 861 16 5 31,item 7299 features: 32 2 166 861 16 5 31
7300,item_7300,,item_7300,,51 55,item 7300 features: 51 55
7301,item_7301,,item_7301,,161 103 55 23,item 7301 features: 161 103 55 23
7302,item_7302,,item_7302,,283,item 7302 features: 283
7304,item_7304,,item_7304,,69 22 4 37 460 838,item 7304 features: 69 22 4 37 460 838
7306,item_7306,,item_7306,,15 2 130 31,item 7306 features: 15 2 130 31
7310,item_7310,,item_7310,,69 15 2 51 4 20 5 44 31 0 40 746,item 7310 features: 69 15 2 51 4 20 5 44 31 0 40 746
7314,item_7314,,item_7314,,51 480 31,item 7314 features: 51 480 31
7317,item_7317,,item_7317,,2 859 31,item 7317 features: 2 859 31
7319,item_7319,,item_7319,,516 2 561 4 0 5 176 55 120 194,item 7319 features: 516 2 561 4 0 5 176 55 120 194
7320,item_7320,,item_7320,,21 31 360,item 7320 features: 21 31 360
7324,item_7324,,item_7324,,125 46 94 33 2 4 866 5 197 14 64 16 124,item 7324 features: 125 46 94 33 2 4 866 5 197 14 64 16 124
7325,item_7325,,item_7325,,21 554 2 44 10,item 7325 features: 21 554 2 44 10
7327,item_7327,,item_7327,,514,item 7327 features: 514
7329,item_7329,,item_7329,,69 582 22 4,item 7329 features: 69 582 22 4
7330,item_7330,,item_7330,,186 31,item 7330 features: 186 31
7339,item_7339,,item_7339,,5,item 7339 features: 5
7346,item_7346,,item_7346,,168 16 31,item 7346 features: 168 16 31
7348,item_7348,,item_7348,,302 5 28 31,item 7348 features: 302 5 28 31
7350,item_7350,,item_7350,,500 2 338 5 55,item 7350 features: 500 2 338 5 55
7352,item_7352,,item_7352,,65 125 161 64 33 94 25 14 37 103 31 23 124,item 7352 features: 65 125 161 64 33 94 25 14 37 103 31 23 124
7353,item_7353,,item_7353,,10 49 2 34 4 14 5 173 103 55 23,item 7353 features: 10 49 2 34 4 14 5 173 103 55 23
7368,item_7368,,item_7368,,29 787 501,item 7368 features: 29 787 501
7374,item_7374,,item_7374,,2 25 16 5 31,item 7374 features: 2 25 16 5 31
7382,item_7382,,item_7382,,10 2 50 34 226 5 31,item 7382 features: 10 2 50 34 226 5 31
7385,item_7385,,item_7385,,58 209 125 46 25 55 52 33 2 4 345 5 184 246 615 16,item 7385 features: 58 209 125 46 25 55 52 33 2 4 345 5 184 246 615 16
7386,item_7386,,item_7386,,10 2 34 527 55,item 7386 features: 10 2 34 527 55
7387,item_7387,,item_7387,,2 749 389 31,item 7387 features: 2 749 389 31
7388,item_7388,,item_7388,,22 2 39 269 55 5,item 7388 features: 22 2 39 269 55 5
7390,item_7390,,item_7390,,49 2 55,item 7390 features: 49 2 55
7395,item_7395,,item_7395,,516 34 55 15 2 345 103 5 23 51 31 13,item 7395 features: 516 34 55 15 2 345 103 5 23 51 31 13
7399,item_7399,,item_7399,,49 2 34 5 173 103 31 10,item 7399 features: 49 2 34 5 173 103 31 10
7412,item_7412,,item_7412,,90 965 2 571 54 31 473,item 7412 features: 90 965 2 571 54 31 473
7415,item_7415,,item_7415,,2 56 31 10,item 7415 features: 2 56 31 10
7416,item_7416,,item_7416,,10 161 21 2 56 133 31,item 7416 features: 10 161 21 2 56 133 31
7417,item_7417,,item_7417,,824 241 936 15 620 431 2 443 627 600 285 31 979,item 7417 features: 824 241 936 15 620 431 2 443 627 600 285 31 979
7419,item_7419,,item_7419,,46 96 738 2 51 4 25 20 16 44 31,item 7419 features: 46 96 738 2 51 4 25 20 16 44 31
7421,item_7421,,item_7421,,689 2 39 4 20 503 44 5,item 7421 features: 689 2 39 4 20 503 44 5
7425,item_7425,,item_7425,,236 25 819 2 4 5 360 246 376 374 31 117 578 16,item 7425 features: 236 25 819 2 4 5 360 246 376 374 31 117 578 16
7427,item_7427,,item_7427,,22 2 34 4 44,item 7427 features: 22 2 34 4 44
7431,item_7431,,item_7431,,46 2 94 25 16 5 55,item 7431 features: 46 2 94 25 16 5 55
7433,item_7433,,item_7433,,34 25 28 10 69 15 52 22 2 167 4 5 51 31,item 7433 features: 34 25 28 10 69 15 52 22 2 167 4 5 51 31
7436,item_7436,,item_7436,,759 125 34 28 44 55 26 15 33 2 4 5 120 51 31 786,item 7436 features: 759 125 34 28 44 55 26 15 33 2 4 5 120 51 31 786
7437,item_7437,,item_7437,,246 512 4 44 291,item 7437 features: 246 512 4 44 291
7442,item_7442,,item_7442,,161 1 22 2 51 76 5 86 31 23 103,item 7442 features: 161 1 22 2 51 76 5 86 31 23 103
7448,item_7448,,item_7448,,885 2 39 4 577 31 5,item 7448 features: 885 2 39 4 577 31 5
7450,item_7450,,item_7450,,354 4 199 20,item 7450 features: 354 4 199 20
7454,item_7454,,item_7454,,161 103 55 23,item 7454 features: 161 103 55 23
7455,item_7455,,item_7455,,186 34,item 7455 features: 186 34
7456,item_7456,,item_7456,,65 524 119 32 97 37 691,item 7456 features: 65 524 119 32 97 37 691
7457,item_7457,,item_7457,,58 15 2 51 34 31 707 5 55 120,item 7457 features: 58 15 2 51 34 31 707 5 55 120
7459,item_7459,,item_7459,,15 22 2 55,item 7459 features: 15 22 2 55
7481,item_7481,,item_7481,,433 4 92 20 296 37,item 7481 features: 433 4 92 20 296 37
7482,item_7482,,item_7482,,96 505 351 966 34 495 432 55,item 7482 features: 96 505 351 966 34 495 432 55
7483,item_7483,,item_7483,,34 28 44 10 2 173 103 5 23 51 31 506 49 16,item 7483 features: 34 28 44 10 2 173 103 5 23 51 31 506 49 16
7499,item_7499,,item_7499,,58 32 2 4 162 55 102,item 7499 features: 58 32 2 4 162 55 102
7500,item_7500,,item_7500,,2 185 31,item 7500 features: 2 185 31
7507,item_7507,,item_7507,,294 5 31,item 7507 features: 294 5 31
7509,item_7509,,item_7509,,46 91 13 31 5 212,item 7509 features: 46 91 13 31 5 212
7512,item_7512,,item_7512,,305 2 25 20 5 55,item 7512 features: 305 2 25 20 5 55
7520,item_7520,,item_7520,,288 24 88 2 34 173 162 103 55 0 10 23,item 7520 features: 288 24 88 2 34 173 162 103 55 0 10 23
7525,item_7525,,item_7525,,65 64 2 193 793 253 27 37 100 31 648 124,item 7525 features: 65 64 2 193 793 253 27 37 100 31 648 124
7526,item_7526,,item_7526,,15 51 34 4 670 28 5 31,item 7526 features: 15 51 34 4 670 28 5 31
7529,item_7529,,item_7529,,34 25 166 44 55 551 2 4 5 51 14 67 137 16,item 7529 features: 34 25 166 44 55 551 2 4 5 51 14 67 137 16
7530,item_7530,,item_7530,,34 28 55 26 372 15 2 4 562 5 51 31 319,item 7530 features: 34 28 55 26 372 15 2 4 562 5 51 31 319
7541,item_7541,,item_7541,,10 2 51 4 34 44 5 28 55,item 7541 features: 10 2 51 4 34 44 5 28 55
7543,item_7543,,item_7543,,157 21 2 34 54 290 55 165 156,item 7543 features: 157 21 2 34 54 290 55 165 156
7544,item_7544,,item_7544,,32 25 185 198 121,item 7544 features: 32 25 185 198 121
7545,item_7545,,item_7545,,21 2 963 55,item 7545 features: 21 2 963 55
7557,item_7557,,item_7557,,69 22 2 50 4 900 31 0,item 7557 features: 69 22 2 50 4 900 31 0
7560,item_7560,,item_7560,,51 44,item 7560 features: 51 44
7563,item_7563,,item_7563,,49 2 51 39 34 28 44 103 31 5 425 23 16,item 7563 features: 49 2 51 39 34 28 44 103 31 5 425 23 16
7566,item_7566,,item_7566,,304 312 32 64 17 34 55 425,item 7566 features: 304 312 32 64 17 34 55 425
7569,item_7569,,item_7569,,24 49 2 34 4 173 110 103 55,item 7569 features: 24 49 2 34 4 173 110 103 55
7583,item_7583,,item_7583,,55,item 7583 features: 55
7585,item_7585,,item_7585,,15 2 51 764 5 44,item 7585 features: 15 2 51 764 5 44
7613,item_7613,,item_7613,,15 51 2 34 5 44 31,item 7613 features: 15 51 2 34 5 44 31
7623,item_7623,,item_7623,,132 2 34 116 51 986 244 28 55 609,item 7623 features: 132 2 34 116 51 986 244 28 55 609
7625,item_7625,,item_7625,,2 4 14 16 892 5 31,item 7625 features: 2 4 14 16 892 5 31
7626,item_7626,,item_7626,,46 1 217 25 28 10 609 2 167 4 5 484 51 909 84 31 244,item 7626 features: 46 1 217 25 28 10 609 2 167 4 5 484 51 909 84 31 244
7628,item_7628,,item_7628,,58 22 2 50 4 39 847 5 55,item 7628 features: 58 22 2 50 4 39 847 5 55
7629,item_7629,,item_7629,,233 64 415 49 2 34 14 173 103 55 23 124,item 7629 features: 233 64 415 49 2 34 14 173 103 55 23 124
7631,item_7631,,item_7631,,288 2 37,item 7631 features: 288 2 37
7634,item_7634,,item_7634,,77 568 2 6 4 39 5 55,item 7634 features: 77 568 2 6 4 39 5 55
7636,item_7636,,item_7636,,37 590 65 447 188 4 309 6 100 460 32 64 193 472,item 7636 features: 37 590 65 447 188 4 309 6 100 460 32 64 193 472
7637,item_7637,,item_7637,,168 2 861 44 5,item 7637 features: 168 2 861 44 5
7641,item_7641,,item_7641,,619 380 328 427 893 569 836 61 695 93 284 813 515 485 694,item 7641 features: 619 380 328 427 893 569 836 61 695 93 284 813 515 485 694
7660,item_7660,,item_7660,,34 16 31,item 7660 features: 34 16 31
7678,item_7678,,item_7678,,599,item 7678 features: 599
7686,item_7686,,item_7686,,77 2 34 16 31 440,item 7686 features: 77 2 34 16 31 440
7688,item_7688,,item_7688,,426 76 31,item 7688 features: 426 76 31
7697,item_7697,,item_7697,,49 2 34 173 103 31,item 7697 features: 49 2 34 173 103 31
7703,item_7703,,item_7703,,65 90 32 64 4 14 54 166 156 473 124,item 7703 features: 65 90 32 64 4 14 54 166 156 473 124
7705,item_7705,,item_7705,,39 34 44 28 10 15 2 4 173 103 5 23 51 31 49 696 16,item 7705 features: 39 34 44 28 10 15 2 4 173 103 5 23 51 31 49 696 16
7709,item_7709,,item_7709,,186 2,item 7709 features: 186 2
7712,item_7712,,item_7712,,15 2 51 34 31 5 55,item 7712 features: 15 2 51 34 31 5 55
7722,item_7722,,item_7722,,21 2 31,item 7722 features: 21 2 31
7723,item_7723,,item_7723,,58 698 392 34 555 44 28 768 842 950 15 530 53 2 857 177 4 631 491 5 51 546 523 31 817 470 978 938 222 682,item 7723 features: 58 698 392 34 555 44 28 768 842 950 15 530 53 2 857 177 4 631 491 5 51 546 523 31 817 470 978 938 222 682
7729,item_7729,,item_7729,,52 22 2 25 34 5 110 44 31 10,item 7729 features: 52 22 2 25 34 5 110 44 31 10
7731,item_7731,,item_7731,,34 10 943 33 2 4 173 103 5 14 31 49,item 7731 features: 34 10 943 33 2 4 173 103 5 14 31 49
7736,item_7736,,item_7736,,51 55,item 7736 features: 51 55
7740,item_7740,,item_7740,,34 16 31,item 7740 features: 34 16 31
7748,item_7748,,item_7748,,21 887 2 44,item 7748 features: 21 887 2 44
7750,item_7750,,item_7750,,46 34 28 55 423 2 103 5 23 51 31 781 49,item 7750 features: 46 34 28 55 423 2 103 5 23 51 31 781 49
7752,item_7752,,item_7752,,506 2 51 39 4 5 28 31,item 7752 features: 506 2 51 39 4 5 28 31
7774,item_7774,,item_7774,,10,item 7774 features: 10
7776,item_7776,,item_7776,,21 2 34 56 31 661,item 7776 features: 21 2 34 56 31 661
7778,item_7778,,item_7778,,4 20 283,item 7778 features: 4 20 283
7780,item_7780,,item_7780,,15 52 51 4 509 374 55,item 7780 features: 15 52 51 4 509 374 55
7788,item_7788,,item_7788,,2 31,item 7788 features: 2 31
7789,item_7789,,item_7789,,58 94 25 10 53 2 22 4 5 51 615 31 50 318,item 7789 features: 58 94 25 10 53 2 22 4 5 51 615 31 50 318
7790,item_7790,,item_7790,,69 32 2 50 25 474 4 39 5 534 44 537 120,item 7790 features: 69 32 2 50 25 474 4 39 5 534 44 537 120
7799,item_7799,,item_7799,,51 2 57 4 20 37 31 102,item 7799 features: 51 2 57 4 20 37 31 102
7804,item_7804,,item_7804,,32 21 2 635 31,item 7804 features: 32 21 2 635 31
7807,item_7807,,item_7807,,15 2 51 4 5 31 26,item 7807 features: 15 2 51 4 5 31 26
7808,item_7808,,item_7808,,34 31 10,item 7808 features: 34 31 10
7814,item_7814,,item_7814,,51 55,item 7814 features: 51 55
7816,item_7816,,item_7816,,21 400 676 55,item 7816 features: 21 400 676 55
7822,item_7822,,item_7822,,21 2 963 55 187,item 7822 features: 21 2 963 55 187
7836,item_7836,,item_7836,,5,item 7836 features: 5
7845,item_7845,,item_7845,,21 2 56 55,item 7845 features: 21 2 56 55
7846,item_7846,,item_7846,,46 1 217 25 44 15 663 2 167 4 327 5 880 51 31,item 7846 features: 46 1 217 25 44 15 663 2 167 4 327 5 880 51 31
7848,item_7848,,item_7848,,69 22 2 39 4 5 44,item 7848 features: 69 22 2 39 4 5 44
7858,item_7858,,item_7858,,262,item 7858 features: 262
7861,item_7861,,item_7861,,2 31 91 309,item 7861 features: 2 31 91 309
7862,item_7862,,item_7862,,34 44 28 10 15 2 4 103 5 120 51 625 31 409 378,item 7862 features: 34 44 28 10 15 2 4 103 5 120 51 625 31 409 378
7864,item_7864,,item_7864,,304 17 34 55 10,item 7864 features: 304 17 34 55 10
7871,item_7871,,item_7871,,69 55 22 51 76 4 20 14 92 28 5 31 0,item 7871 features: 69 55 22 51 76 4 20 14 92 28 5 31 0
7873,item_7873,,item_7873,,2 34 4 55 10,item 7873 features: 2 34 4 55 10
7874,item_7874,,item_7874,,77 250 2 6 4 37 489 55 5 102,item 7874 features: 77 250 2 6 4 37 489 55 5 102
7875,item_7875,,item_7875,,34 28 55 26 372 15 2 4 5 51 319,item 7875 features: 34 28 55 26 372 15 2 4 5 51 319
7879,item_7879,,item_7879,,58 4 460 102,item 7879 features: 58 4 460 102
7880,item_7880,,item_7880,,58 2 5 55,item 7880 features: 58 2 5 55
7889,item_7889,,item_7889,,21 423 44 165 781,item 7889 features: 21 423 44 165 781
7890,item_7890,,item_7890,,664 2 4 20 37 5 16 55,item 7890 features: 664 2 4 20 37 5 16 55
7892,item_7892,,item_7892,,228 501 2 37 138 31 472,item 7892 features: 228 501 2 37 138 31 472
7893,item_7893,,item_7893,,2 793 16 31 248,item 7893 features: 2 793 16 31 248
7905,item_7905,,item_7905,,2 50 5 31,item 7905 features: 2 50 5 31
7906,item_7906,,item_7906,,69 2 76 25 16 44 91,item 7906 features: 69 2 76 25 16 44 91
7924,item_7924,,item_7924,,49 2 6 25 34 4 173 110 5 103 55 10 23,item 7924 features: 49 2 6 25 34 4 173 110 5 103 55 10 23
7928,item_7928,,item_7928,,32 151 856 62 185 192 198,item 7928 features: 32 151 856 62 185 192 198
7940,item_7940,,item_7940,,15 2 51 34 5 44 31,item 7940 features: 15 2 51 34 5 44 31
7944,item_7944,,item_7944,,800 55,item 7944 features: 800 55
7946,item_7946,,item_7946,,69 22 4,item 7946 features: 69 22 4
7950,item_7950,,item_7950,,69 2 50 4 900 31,item 7950 features: 69 2 50 4 900 31
7951,item_7951,,item_7951,,69 22 4 20 802,item 7951 features: 69 22 4 20 802
7953,item_7953,,item_7953,,635 51 39 2 31 16 55 5,item 7953 features: 635 51 39 2 31 16 55 5
7955,item_7955,,item_7955,,15 2 51 34 31 5 55,item 7955 features: 15 2 51 34 31 5 55
7966,item_7966,,item_7966,,51 31,item 7966 features: 51 31
7971,item_7971,,item_7971,,74 338 62 5,item 7971 features: 74 338 62 5
7986,item_7986,,item_7986,,49 2 34 293 173 103 31,item 7986 features: 49 2 34 293 173 103 31
7992,item_7992,,item_7992,,2 25 279 5 31,item 7992 features: 2 25 279 5 31
8001,item_8001,,item_8001,,69 22 2 4 39 20 765 31 5,item 8001 features: 69 22 2 4 39 20 765 31 5
8004,item_8004,,item_8004,,69 24 22 2 4 31,item 8004 features: 69 24 22 2 4 31
8007,item_8007,,item_8007,,21 2,item 8007 features: 21 2
8021,item_8021,,item_8021,,4 10 440,item 8021 features: 4 10 440
8031,item_8031,,item_8031,,21 2 31 911,item 8031 features: 21 2 31 911
8036,item_8036,,item_8036,,646 37 185 55 65 21 2 31 64 193 622 282 124,item 8036 features: 646 37 185 55 65 21 2 31 64 193 622 282 124
8037,item_8037,,item_8037,,4,item 8037 features: 4
8063,item_8063,,item_8063,,53 2 34 4 20 54 55,item 8063 features: 53 2 34 4 20 54 55
8064,item_8064,,item_8064,,55,item 8064 features: 55
8067,item_8067,,item_8067,,969 2 4 14 37 44 393 31 5,item 8067 features: 969 2 4 14 37 44 393 31 5
8069,item_8069,,item_8069,,90 473 122 197 37 54 156 603,item 8069 features: 90 473 122 197 37 54 156 603
8070,item_8070,,item_8070,,69 513 51 4 28 31 0 120,item 8070 features: 69 513 51 4 28 31 0 120
8071,item_8071,,item_8071,,55,item 8071 features: 55
8075,item_8075,,item_8075,,5,item 8075 features: 5
8076,item_8076,,item_8076,,55 301,item 8076 features: 55 301
8078,item_8078,,item_8078,,51 55,item 8078 features: 51 55
8079,item_8079,,item_8079,,78,item 8079 features: 78
8080,item_8080,,item_8080,,125 528 46 2 51 25 4 34 55 31,item 8080 features: 125 528 46 2 51 25 4 34 55 31
8082,item_8082,,item_8082,,2 4 5 55,item 8082 features: 2 4 5 55
8083,item_8083,,item_8083,,616 180 648 32 64 793 253 536 597 280 350,item 8083 features: 616 180 648 32 64 793 253 536 597 280 350
8084,item_8084,,item_8084,,2 4 14 16 5 55 165,item 8084 features: 2 4 14 16 5 55 165
8086,item_8086,,item_8086,,69 22 2 34 4 50 162 44 5,item 8086 features: 69 22 2 34 4 50 162 44 5
8092,item_8092,,item_8092,,21 2,item 8092 features: 21 2
8093,item_8093,,item_8093,,34 25 28 44 537 10 69 22 2 4 5 120 77 474 534 50,item 8093 features: 34 25 28 44 537 10 69 22 2 4 5 120 77 474 534 50
8094,item_8094,,item_8094,,69 396 4 20,item 8094 features: 69 396 4 20
8104,item_8104,,item_8104,,96 2 25 4 76 14 16 5 55 10,item 8104 features: 96 2 25 4 76 14 16 5 55 10
8107,item_8107,,item_8107,,69 32 500 22 2 4 31 0,item 8107 features: 69 32 500 22 2 4 31 0
8111,item_8111,,item_8111,,233 4 25 16 31,item 8111 features: 233 4 25 16 31
8116,item_8116,,item_8116,,103 55 23,item 8116 features: 103 55 23
8123,item_8123,,item_8123,,161 91 53 2 25 34 4 103 31 23,item 8123 features: 161 91 53 2 25 34 4 103 31 23
8124,item_8124,,item_8124,,10 46 4 14 34 16 5 31,item 8124 features: 10 46 4 14 34 16 5 31
8125,item_8125,,item_8125,,58 15 2 51 34 4 5 28 31 120 220 372 26,item 8125 features: 58 15 2 51 34 4 5 28 31 120 220 372 26
8126,item_8126,,item_8126,,811 2 166 5 16 110 55,item 8126 features: 811 2 166 5 16 110 55
8127,item_8127,,item_8127,,77 598 2 4 102 5 31,item 8127 features: 77 598 2 4 102 5 31
8129,item_8129,,item_8129,,49 2 51 658 4 34 5 16 397 28 103 31,item 8129 features: 49 2 51 658 4 34 5 16 397 28 103 31
8132,item_8132,,item_8132,,1 15 217 51 4 34 5 40 31 10,item 8132 features: 1 15 217 51 4 34 5 40 31 10
8143,item_8143,,item_8143,,69 58 1 51 4 40 55,item 8143 features: 69 58 1 51 4 40 55
8144,item_8144,,item_8144,,49 2 34 31,item 8144 features: 49 2 34 31
8145,item_8145,,item_8145,,541 55,item 8145 features: 541 55
8148,item_8148,,item_8148,,21 44,item 8148 features: 21 44
8152,item_8152,,item_8152,,15 2 51 44 31,item 8152 features: 15 2 51 44 31
8154,item_8154,,item_8154,,69 387 305 2 51 4 5 28 574 55 467,item 8154 features: 69 387 305 2 51 4 5 28 574 55 467
8156,item_8156,,item_8156,,21 2 56 265 55,item 8156 features: 21 2 56 265 55
8157,item_8157,,item_8157,,77 91 53 5 55,item 8157 features: 77 91 53 5 55
8163,item_8163,,item_8163,,1 51 2 4 552 5 31,item 8163 features: 1 51 2 4 552 5 31
8167,item_8167,,item_8167,,22 2 44,item 8167 features: 22 2 44
8168,item_8168,,item_8168,,49 719 2 13 31,item 8168 features: 49 719 2 13 31
8182,item_8182,,item_8182,,653 597 280 467,item 8182 features: 653 597 280 467
8184,item_8184,,item_8184,,69 593 22 51 4 14 55 0,item 8184 features: 69 593 22 51 4 14 55 0
8194,item_8194,,item_8194,,69 22 51 2 4 14 5 31 291,item 8194 features: 69 22 51 2 4 14 5 31 291
8205,item_8205,,item_8205,,34 10,item 8205 features: 34 10
8207,item_8207,,item_8207,,877 6 4 92 20 102,item 8207 features: 877 6 4 92 20 102
8208,item_8208,,item_8208,,2 4 76 55,item 8208 features: 2 4 76 55
8210,item_8210,,item_8210,,305 25 20 5 55,item 8210 features: 305 25 20 5 55
8211,item_8211,,item_8211,,58 125 516 635 34 25 55 10 232 33 53 2 4 173 103 5 120 23 67 32 439 49,item 8211 features: 58 125 516 635 34 25 55 10 232 33 53 2 4 173 103 5 120 23 67 32 439 49
8214,item_8214,,item_8214,,34,item 8214 features: 34
8218,item_8218,,item_8218,,250 2 102,item 8218 features: 250 2 102
8230,item_8230,,item_8230,,804,item 8230 features: 804
8232,item_8232,,item_8232,,16 5 31,item 8232 features: 16 5 31
8236,item_8236,,item_8236,,161 21 2 25 56 103 55 23,item 8236 features: 161 21 2 25 56 103 55 23
8243,item_8243,,item_8243,,366 6 373 4 37 31 0,item 8243 features: 366 6 373 4 37 31 0
8244,item_8244,,item_8244,,65 49 2 223 25 377 44 37 16 72 5,item 8244 features: 65 49 2 223 25 377 44 37 16 72 5
8253,item_8253,,item_8253,,2 76 4 55,item 8253 features: 2 76 4 55
8258,item_8258,,item_8258,,22 2 4 20 765 5 31 102,item 8258 features: 22 2 4 20 765 5 31 102
8259,item_8259,,item_8259,,46 34 16 31,item 8259 features: 46 34 16 31
8269,item_8269,,item_8269,,21 44,item 8269 features: 21 44
8281,item_8281,,item_8281,,32 2 4 166 16 747 5 31,item 8281 features: 32 2 4 166 16 747 5 31
8286,item_8286,,item_8286,,21 263 223 44,item 8286 features: 21 263 223 44
8299,item_8299,,item_8299,,2 34 31,item 8299 features: 2 34 31
8301,item_8301,,item_8301,,141 15 1 382 51 2 4 34 31 5 55,item 8301 features: 141 15 1 382 51 2 4 34 31 5 55
8309,item_8309,,item_8309,,4 20 541,item 8309 features: 4 20 541
8319,item_8319,,item_8319,,34 37 55 572 21 158 2 265 103 23 974 6 161 64 124,item 8319 features: 34 37 55 572 21 158 2 265 103 23 974 6 161 64 124
8322,item_8322,,item_8322,,51 55,item 8322 features: 51 55
8324,item_8324,,item_8324,,258 55,item 8324 features: 258 55
8325,item_8325,,item_8325,,312,item 8325 features: 312
8328,item_8328,,item_8328,,51 2 25 4 14 83 63 31,item 8328 features: 51 2 25 4 14 83 63 31
8333,item_8333,,item_8333,,69 168 809 22 4 367,item 8333 features: 69 168 809 22 4 367
8337,item_8337,,item_8337,,2 16 31,item 8337 features: 2 16 31
8352,item_8352,,item_8352,,58 45 125 170 94 33 4 5 51 31 135 373 16,item 8352 features: 58 45 125 170 94 33 4 5 51 31 135 373 16
8356,item_8356,,item_8356,,2 51 4 16 44 120 194,item 8356 features: 2 51 4 16 44 120 194
8359,item_8359,,item_8359,,184 2 25 166 16 5 63 55,item 8359 features: 184 2 25 166 16 5 63 55
8367,item_8367,,item_8367,,55,item 8367 features: 55
8371,item_8371,,item_8371,,77 2 4 14 20 5 31 102,item 8371 features: 77 2 4 14 20 5 31 102
8374,item_8374,,item_8374,,21 919 2 44 122,item 8374 features: 21 919 2 44 122
8382,item_8382,,item_8382,,2 349,item 8382 features: 2 349
8383,item_8383,,item_8383,,804 4 20,item 8383 features: 804 4 20
8390,item_8390,,item_8390,,53 22 2 50 55,item 8390 features: 53 22 2 50 55
8394,item_8394,,item_8394,,58 125 15 33 2 4 177 143 5 120 51 546 31 49,item 8394 features: 58 125 15 33 2 4 177 143 5 120 51 546 31 49
8398,item_8398,,item_8398,,2 34 4 76 855 16 55 0 120,item 8398 features: 2 34 4 76 855 16 55 0 120
8400,item_8400,,item_8400,,65 236 87 32 797 2 34 117 527 44,item 8400 features: 65 236 87 32 797 2 34 117 527 44
8403,item_8403,,item_8403,,69 22 4 76 16 174 852,item 8403 features: 69 22 4 76 16 174 852
8407,item_8407,,item_8407,,801,item 8407 features: 801
8412,item_8412,,item_8412,,161 15 237 51 2 25 4 14 16 5 31 10,item 8412 features: 161 15 237 51 2 25 4 14 16 5 31 10
8413,item_8413,,item_8413,,219 2 31 121 142,item 8413 features: 219 2 31 121 142
8415,item_8415,,item_8415,,236 32 2 51 464 117 25 16 28 5 31,item 8415 features: 236 32 2 51 464 117 25 16 28 5 31
8422,item_8422,,item_8422,,46 2 4 578 5 72 819,item 8422 features: 46 2 4 578 5 72 819
8447,item_8447,,item_8447,,29 637 570 13 138 122 473,item 8447 features: 29 637 570 13 138 122 473
8448,item_8448,,item_8448,,91,item 8448 features: 91
8449,item_8449,,item_8449,,53 2,item 8449 features: 53 2
8450,item_8450,,item_8450,,64 2 44,item 8450 features: 64 2 44
8455,item_8455,,item_8455,,21 44,item 8455 features: 21 44
8465,item_8465,,item_8465,,69 22 51 274 4 55,item 8465 features: 69 22 51 274 4 55
8492,item_8492,,item_8492,,2 44 265,item 8492 features: 2 44 265
8495,item_8495,,item_8495,,58 15 1 51 4 5 31,item 8495 features: 58 15 1 51 4 5 31
8506,item_8506,,item_8506,,15 1 611 51 4 20 31,item 8506 features: 15 1 611 51 4 20 31
8509,item_8509,,item_8509,,51 4 28 55,item 8509 features: 51 4 28 55
8510,item_8510,,item_8510,,392 2 51 34 555 39 55 5 28 31,item 8510 features: 392 2 51 34 555 39 55 5 28 31
8512,item_8512,,item_8512,,524 208,item 8512 features: 524 208
8517,item_8517,,item_8517,,53 2 34 31 10,item 8517 features: 53 2 34 31 10
8521,item_8521,,item_8521,,398 4 14 20 5 16 31,item 8521 features: 398 4 14 20 5 16 31
8523,item_8523,,item_8523,,10 22 2 50 34 25 113 4 270 44 5 715,item 8523 features: 10 22 2 50 34 25 113 4 270 44 5 715
8524,item_8524,,item_8524,,22 2 5 31,item 8524 features: 22 2 5 31
8525,item_8525,,item_8525,,21 55,item 8525 features: 21 55
8531,item_8531,,item_8531,,31 10,item 8531 features: 31 10
8533,item_8533,,item_8533,,2 34 16 5 31,item 8533 features: 2 34 16 5 31
8535,item_8535,,item_8535,,2 31,item 8535 features: 2 31
8537,item_8537,,item_8537,,51 753 55 262,item 8537 features: 51 753 55 262
8539,item_8539,,item_8539,,500 832 2 50 4 76 31,item 8539 features: 500 832 2 50 4 76 31
8541,item_8541,,item_8541,,161 32 21 782 2 34 25 55 173 103 31 10,item 8541 features: 161 32 21 782 2 34 25 55 173 103 31 10
8543,item_8543,,item_8543,,646 263 2 31,item 8543 features: 646 263 2 31
8544,item_8544,,item_8544,,789,item 8544 features: 789
8545,item_8545,,item_8545,,32 21 2 97 31,item 8545 features: 32 21 2 97 31
8547,item_8547,,item_8547,,21 849 44,item 8547 features: 21 849 44
8552,item_8552,,item_8552,,2 50 34 31,item 8552 features: 2 50 34 31
8557,item_8557,,item_8557,,2 202 103 55 23,item 8557 features: 2 202 103 55 23
8564,item_8564,,item_8564,,58 554 2 31,item 8564 features: 58 554 2 31
8568,item_8568,,item_8568,,58 15 2 51 67 5 44 55 120 7,item 8568 features: 58 15 2 51 67 5 44 55 120 7
8569,item_8569,,item_8569,,672 375 4 5 31,item 8569 features: 672 375 4 5 31
8572,item_8572,,item_8572,,15 53 2 55,item 8572 features: 15 53 2 55
8574,item_8574,,item_8574,,161 2 208 338 691 55,item 8574 features: 161 2 208 338 691 55
8576,item_8576,,item_8576,,21 44,item 8576 features: 21 44
8578,item_8578,,item_8578,,4 253 14 67 5 216 31,item 8578 features: 4 253 14 67 5 216 31
8581,item_8581,,item_8581,,21 2 44,item 8581 features: 21 2 44
8582,item_8582,,item_8582,,21 44,item 8582 features: 21 44
8589,item_8589,,item_8589,,51 55,item 8589 features: 51 55
8594,item_8594,,item_8594,,2 16 5,item 8594 features: 2 16 5
8601,item_8601,,item_8601,,178 618 2 25 4 14 796 16 5 31,item 8601 features: 178 618 2 25 4 14 796 16 5 31
8602,item_8602,,item_8602,,948 51 31,item 8602 features: 948 51 31
8609,item_8609,,item_8609,,51 55,item 8609 features: 51 55
8615,item_8615,,item_8615,,32 415 8 34 37 162,item 8615 features: 32 415 8 34 37 162
8619,item_8619,,item_8619,,10 91 2 34 55 16 31,item 8619 features: 10 91 2 34 55 16 31
8621,item_8621,,item_8621,,369 2 4 221 345 91,item 8621 features: 369 2 4 221 345 91
8629,item_8629,,item_8629,,674 59 32 64 14 97 62 185 10 124,item 8629 features: 674 59 32 64 14 97 62 185 10 124
8633,item_8633,,item_8633,,10,item 8633 features: 10
8639,item_8639,,item_8639,,752 64 228 225 2 25 55 331 779 183,item 8639 features: 752 64 228 225 2 25 55 331 779 183
8646,item_8646,,item_8646,,51 509 55,item 8646 features: 51 509 55
8649,item_8649,,item_8649,,564 161 103 31,item 8649 features: 564 161 103 31
8657,item_8657,,item_8657,,34,item 8657 features: 34
8668,item_8668,,item_8668,,599 10,item 8668 features: 599 10
8672,item_8672,,item_8672,,168 890 2 76 5 85,item 8672 features: 168 890 2 76 5 85
8675,item_8675,,item_8675,,22 53 2 28 55,item 8675 features: 22 53 2 28 55
8683,item_8683,,item_8683,,69 516 2 561 4 176 120,item 8683 features: 69 516 2 561 4 176 120
8688,item_8688,,item_8688,,528 85 216,item 8688 features: 528 85 216
8694,item_8694,,item_8694,,15 51 4 9 55,item 8694 features: 15 51 4 9 55
8696,item_8696,,item_8696,,51 44,item 8696 features: 51 44
8697,item_8697,,item_8697,,77 46 4 34 37 5 31 10,item 8697 features: 77 46 4 34 37 5 31 10
8709,item_8709,,item_8709,,58 4 7,item 8709 features: 58 4 7
8711,item_8711,,item_8711,,51 55,item 8711 features: 51 55
8713,item_8713,,item_8713,,78,item 8713 features: 78
8721,item_8721,,item_8721,,49 2 51 55,item 8721 features: 49 2 51 55
8724,item_8724,,item_8724,,170 322 31 10,item 8724 features: 170 322 31 10
8725,item_8725,,item_8725,,69 303 22 4 20,item 8725 features: 69 303 22 4 20
8740,item_8740,,item_8740,,258 217 413 128,item 8740 features: 258 217 413 128
8761,item_8761,,item_8761,,49 51 2 34 5 28 972 55 16 23 103,item 8761 features: 49 51 2 34 5 28 972 55 16 23 103
8764,item_8764,,item_8764,,51 837 376 31,item 8764 features: 51 837 376 31
8774,item_8774,,item_8774,,396 155,item 8774 features: 396 155
8778,item_8778,,item_8778,,251,item 8778 features: 251
8798,item_8798,,item_8798,,4 34,item 8798 features: 4 34
8799,item_8799,,item_8799,,57 450,item 8799 features: 57 450
8801,item_8801,,item_8801,,2 37 577 31,item 8801 features: 2 37 577 31
8802,item_8802,,item_8802,,77 2 5 577 55 120,item 8802 features: 77 2 5 577 55 120
8813,item_8813,,item_8813,,752 228 4 37 331,item 8813 features: 752 228 4 37 331
8821,item_8821,,item_8821,,1 2 167 55,item 8821 features: 1 2 167 55
8824,item_8824,,item_8824,,186 2 34 55,item 8824 features: 186 2 34 55
8827,item_8827,,item_8827,,77 250 840 2 6 4 20 14 37 16,item 8827 features: 77 250 840 2 6 4 20 14 37 16
8829,item_8829,,item_8829,,58 125 15 52 51 4 271 28 31 120,item 8829 features: 58 125 15 52 51 4 271 28 31 120
8832,item_8832,,item_8832,,51 44,item 8832 features: 51 44
8835,item_8835,,item_8835,,32 21 887 501 2 185 56 37 62 629 44 198 243,item 8835 features: 32 21 887 501 2 185 56 37 62 629 44 198 243
8839,item_8839,,item_8839,,777 2 113 259 31,item 8839 features: 777 2 113 259 31
8840,item_8840,,item_8840,,516 91 2 55,item 8840 features: 516 91 2 55
8848,item_8848,,item_8848,,49 2 44,item 8848 features: 49 2 44
8849,item_8849,,item_8849,,2 313 4 5 16 55 440,item 8849 features: 2 313 4 5 16 55 440
8851,item_8851,,item_8851,,69 209 52 925 22 4 907 85 31,item 8851 features: 69 209 52 925 22 4 907 85 31
8854,item_8854,,item_8854,,737 2 337 31 819,item 8854 features: 737 2 337 31 819
8860,item_8860,,item_8860,,161 103 55 23,item 8860 features: 161 103 55 23
8861,item_8861,,item_8861,,15 217 51 4 92 20 44,item 8861 features: 15 217 51 4 92 20 44
8863,item_8863,,item_8863,,34 44 55 10 102 2 4 345 173 103 5 23 616 180 14 137 49 253 110 0,item 8863 features: 34 44 55 10 102 2 4 345 173 103 5 23 616 180 14 137 49 253 110 0
8871,item_8871,,item_8871,,791 34 39 10 52 22 2 164 173 103 5 23 24 981 85 31 50,item 8871 features: 791 34 39 10 52 22 2 164 173 103 5 23 24 981 85 31 50
8872,item_8872,,item_8872,,1 581 51 4 31,item 8872 features: 1 581 51 4 31
8881,item_8881,,item_8881,,2 202 55,item 8881 features: 2 202 55
8884,item_8884,,item_8884,,51 55,item 8884 features: 51 55
8885,item_8885,,item_8885,,2 50 85 31 916,item 8885 features: 2 50 85 31 916
8894,item_8894,,item_8894,,29 122 2 55 165,item 8894 features: 29 122 2 55 165
8896,item_8896,,item_8896,,332 2 910 31,item 8896 features: 332 2 910 31
8899,item_8899,,item_8899,,575,item 8899 features: 575
8901,item_8901,,item_8901,,506 2 51 34 4 5 28 16 31,item 8901 features: 506 2 51 34 4 5 28 16 31
8908,item_8908,,item_8908,,451 253,item 8908 features: 451 253
8920,item_8920,,item_8920,,1 105 34 44 28 15 2 4 173 103 5 23 298 51 31 49 696,item 8920 features: 1 105 34 44 28 15 2 4 173 103 5 23 298 51 31 49 696
8921,item_8921,,item_8921,,58 582 2 53 4 67 5 31,item 8921 features: 58 582 2 53 4 67 5 31
8934,item_8934,,item_8934,,51 55,item 8934 features: 51 55
8937,item_8937,,item_8937,,21 2 56 597 280 165 31 10 467,item 8937 features: 21 2 56 597 280 165 31 10 467
8942,item_8942,,item_8942,,15 611 51 4 20 55 638,item 8942 features: 15 611 51 4 20 55 638
8945,item_8945,,item_8945,,345 478,item 8945 features: 345 478
8954,item_8954,,item_8954,,58 125 33 2 4 16 5 31 10 102,item 8954 features: 58 125 33 2 4 16 5 31 10 102
8957,item_8957,,item_8957,,161 103 55 23,item 8957 features: 161 103 55 23
8958,item_8958,,item_8958,,21 2 4 56 31,item 8958 features: 21 2 4 56 31
8959,item_8959,,item_8959,,15 865 49 2 51 34 39 31 5,item 8959 features: 15 865 49 2 51 34 39 31 5
8963,item_8963,,item_8963,,1 217 20 44 55 2 167 4 377 51 84 503 452 49 370,item 8963 features: 1 217 20 44 55 2 167 4 377 51 84 503 452 49 370
8970,item_8970,,item_8970,,49 2 110 55,item 8970 features: 49 2 110 55
8975,item_8975,,item_8975,,1 22 2 51 76 5 55 831,item 8975 features: 1 22 2 51 76 5 55 831
8979,item_8979,,item_8979,,51 44,item 8979 features: 51 44
8982,item_8982,,item_8982,,51 44,item 8982 features: 51 44
8984,item_8984,,item_8984,,22 4 318,item 8984 features: 22 4 318
8988,item_8988,,item_8988,,69 22 871 50 76 4 2 318 755 5 55,item 8988 features: 69 22 871 50 76 4 2 318 755 5 55
8991,item_8991,,item_8991,,31 916,item 8991 features: 31 916
9012,item_9012,,item_9012,,21 52 44,item 9012 features: 21 52 44
9013,item_9013,,item_9013,,1 581 51 4 40 31,item 9013 features: 1 581 51 4 40 31
9020,item_9020,,item_9020,,209 313 4 31,item 9020 features: 209 313 4 31
9022,item_9022,,item_9022,,50 25 2 5 31,item 9022 features: 50 25 2 5 31
9038,item_9038,,item_9038,,750 2 25 37 31,item 9038 features: 750 2 25 37 31
9051,item_9051,,item_9051,,21 2 34 55,item 9051 features: 21 2 34 55
9061,item_9061,,item_9061,,2 50 76,item 9061 features: 2 50 76
9066,item_9066,,item_9066,,4 20,item 9066 features: 4 20
9067,item_9067,,item_9067,,5,item 9067 features: 5
9078,item_9078,,item_9078,,426 451 4 5 55,item 9078 features: 426 451 4 5 55
9084,item_9084,,item_9084,,58 255 125 25 715 69 33 22 871 2 4 5 120 615 755 32 318 0,item 9084 features: 58 255 125 25 715 69 33 22 871 2 4 5 120 615 755 32 318 0
9085,item_9085,,item_9085,,2 31,item 9085 features: 2 31
9094,item_9094,,item_9094,,2 55 31,item 9094 features: 2 55 31
9095,item_9095,,item_9095,,119 2 37 133 31 309 142,item 9095 features: 119 2 37 133 31 309 142
9105,item_9105,,item_9105,,34 103 31,item 9105 features: 34 103 31
9106,item_9106,,item_9106,,593 335,item 9106 features: 593 335
9108,item_9108,,item_9108,,976 31,item 9108 features: 976 31
9111,item_9111,,item_9111,,22 34 4 31,item 9111 features: 22 34 4 31
9117,item_9117,,item_9117,,246 94 4 14 67,item 9117 features: 246 94 4 14 67
9118,item_9118,,item_9118,,21 919 2 55,item 9118 features: 21 919 2 55
9135,item_9135,,item_9135,,65 10 1 2 51 25 677 167 39 5 31 382,item 9135 features: 65 10 1 2 51 25 677 167 39 5 31 382
9137,item_9137,,item_9137,,4 20 267,item 9137 features: 4 20 267
9142,item_9142,,item_9142,,46 34 55 372 15 2 5 51 31 319,item 9142 features: 46 34 55 372 15 2 5 51 31 319
9143,item_9143,,item_9143,,69 22 34 4,item 9143 features: 69 22 34 4
9162,item_9162,,item_9162,,939 2 51 31 16 5 55 249,item 9162 features: 939 2 51 31 16 5 55 249
9164,item_9164,,item_9164,,939 87 32 64 246 512 793 253 648,item 9164 features: 939 87 32 64 246 512 793 253 648
9168,item_9168,,item_9168,,770 406 2 435 199 165,item 9168 features: 770 406 2 435 199 165
9169,item_9169,,item_9169,,5 16 31,item 9169 features: 5 16 31
9173,item_9173,,item_9173,,69 1 2 51 166 5 86 31,item 9173 features: 69 1 2 51 166 5 86 31
9175,item_9175,,item_9175,,10 31,item 9175 features: 10 31
9180,item_9180,,item_9180,,69 862 22 4,item 9180 features: 69 862 22 4
9192,item_9192,,item_9192,,15 2 31,item 9192 features: 15 2 31
9199,item_9199,,item_9199,,15 1 2 51 762 5 55,item 9199 features: 15 1 2 51 762 5 55
9204,item_9204,,item_9204,,15 51 34 4 55 31 26,item 9204 features: 15 51 34 4 55 31 26
9205,item_9205,,item_9205,,55,item 9205 features: 55
9207,item_9207,,item_9207,,46 595,item 9207 features: 46 595
9208,item_9208,,item_9208,,15 764 51 34 2 31 5 55 372,item 9208 features: 15 764 51 34 2 31 5 55 372
9211,item_9211,,item_9211,,125 34 25 10 33 2 4 173 103 441 6 14 31 16,item 9211 features: 125 34 25 10 33 2 4 173 103 441 6 14 31 16
9218,item_9218,,item_9218,,24 2 34 4 226 16 761 5 55,item 9218 features: 24 2 34 4 226 16 761 5 55
9223,item_9223,,item_9223,,58 53 2 4 67 55,item 9223 features: 58 53 2 4 67 55
9233,item_9233,,item_9233,,34 55 10 15 2 103 5 51 625 31 49 294,item 9233 features: 34 55 10 15 2 103 5 51 625 31 49 294
9236,item_9236,,item_9236,,58 4,item 9236 features: 58 4
9237,item_9237,,item_9237,,2 31 91,item 9237 features: 2 31 91
9240,item_9240,,item_9240,,58 125 34 44 10 15 2 177 143 5 120 51 546 31 49,item 9240 features: 58 125 34 44 10 15 2 177 143 5 120 51 546 31 49
9259,item_9259,,item_9259,,77 34 4 31,item 9259 features: 77 34 4 31
9260,item_9260,,item_9260,,58 125 15 4 395 31 120 7,item 9260 features: 58 125 15 4 395 31 120 7
9261,item_9261,,item_9261,,77 2 57 4 37 55 5 102,item 9261 features: 77 2 57 4 37 55 5 102
9264,item_9264,,item_9264,,58 229 15 2 4 31 10,item 9264 features: 58 229 15 2 4 31 10
9267,item_9267,,item_9267,,21 44,item 9267 features: 21 44
9272,item_9272,,item_9272,,77 31,item 9272 features: 77 31
9277,item_9277,,item_9277,,2 5 55 102,item 9277 features: 2 5 55 102
9279,item_9279,,item_9279,,228 34 37 331 55 425 501 4 400 149 757 472,item 9279 features: 228 34 37 331 55 425 501 4 400 149 757 472
9283,item_9283,,item_9283,,69 297 668 22 2 4 44 31 120,item 9283 features: 69 297 668 22 2 4 44 31 120
9286,item_9286,,item_9286,,77 2 39 31 5 602 102,item 9286 features: 77 2 39 31 5 602 102
9291,item_9291,,item_9291,,205 51 2 25 4 14 464 5 28 16 31,item 9291 features: 205 51 2 25 4 14 464 5 28 16 31
9292,item_9292,,item_9292,,150 2 193 4 25 37 216 35,item 9292 features: 150 2 193 4 25 37 216 35
9296,item_9296,,item_9296,,881 15 51 4 20 16 55,item 9296 features: 881 15 51 4 20 16 55
9297,item_9297,,item_9297,,500 2 338 55,item 9297 features: 500 2 338 55
9298,item_9298,,item_9298,,46 4 296,item 9298 features: 46 4 296
9303,item_9303,,item_9303,,51 4 20 92 31 262,item 9303 features: 51 4 20 92 31 262
9306,item_9306,,item_9306,,32 6 4 14 37 102,item 9306 features: 32 6 4 14 37 102
9315,item_9315,,item_9315,,21 338 54 31,item 9315 features: 21 338 54 31
9317,item_9317,,item_9317,,10 34 16 31,item 9317 features: 10 34 16 31
9322,item_9322,,item_9322,,34 55 15 2 4 75 5 469 436 31 16 461,item 9322 features: 34 55 15 2 4 75 5 469 436 31 16 461
9331,item_9331,,item_9331,,2 5 31,item 9331 features: 2 5 31
9332,item_9332,,item_9332,,49 51 2 377 34 44 518 31,item 9332 features: 49 51 2 377 34 44 518 31
9333,item_9333,,item_9333,,672 55,item 9333 features: 672 55
9335,item_9335,,item_9335,,2,item 9335 features: 2
9342,item_9342,,item_9342,,51 463 44 31,item 9342 features: 51 463 44 31
9352,item_9352,,item_9352,,4,item 9352 features: 4
9353,item_9353,,item_9353,,25,item 9353 features: 25
9356,item_9356,,item_9356,,2 25 4 14 34 643 499 364 44 5 16 10 410,item 9356 features: 2 25 4 14 34 643 499 364 44 5 16 10 410
9366,item_9366,,item_9366,,390 56,item 9366 features: 390 56
9369,item_9369,,item_9369,,2 4 67 5 265 55,item 9369 features: 2 4 67 5 265 55
9371,item_9371,,item_9371,,58 126 34 25 19 44 2 4 173 103 5 23 271 49 199 16,item 9371 features: 58 126 34 25 19 44 2 4 173 103 5 23 271 49 199 16
9375,item_9375,,item_9375,,77 568 2 39 55 5,item 9375 features: 77 568 2 39 55 5
9383,item_9383,,item_9383,,10 34 4 16 5 31,item 9383 features: 10 34 4 16 5 31
9386,item_9386,,item_9386,,34 55,item 9386 features: 34 55
9398,item_9398,,item_9398,,2 4,item 9398 features: 2 4
9404,item_9404,,item_9404,,800,item 9404 features: 800
9422,item_9422,,item_9422,,15 2 167 28 44 382,item 9422 features: 15 2 167 28 44 382
9425,item_9425,,item_9425,,22 2 51 76 39 4 54 16 28 31 5 120,item 9425 features: 22 2 51 76 39 4 54 16 28 31 5 120
9426,item_9426,,item_9426,,31 4 25 71 5 165 91 302 122,item 9426 features: 31 4 25 71 5 165 91 302 122
9432,item_9432,,item_9432,,2 25 933 31,item 9432 features: 2 25 933 31
9433,item_9433,,item_9433,,58 125 15 2 51 4 681 5 28 31 120,item 9433 features: 58 125 15 2 51 4 681 5 28 31 120
9435,item_9435,,item_9435,,55,item 9435 features: 55
9437,item_9437,,item_9437,,55 691 31,item 9437 features: 55 691 31
9439,item_9439,,item_9439,,614,item 9439 features: 614
9459,item_9459,,item_9459,,187 437 21 401 225 25 37 148 31,item 9459 features: 187 437 21 401 225 25 37 148 31
9467,item_9467,,item_9467,,646 263 556 37,item 9467 features: 646 263 556 37
9471,item_9471,,item_9471,,34 28 44 10 567 2 4 103 5 23 51 31 205 49 0,item 9471 features: 34 28 44 10 567 2 4 103 5 23 51 31 205 49 0
9475,item_9475,,item_9475,,437 32 21 97 37 44,item 9475 features: 437 32 21 97 37 44
9476,item_9476,,item_9476,,403 2 51 34 4 615 14 5 31 467,item 9476 features: 403 2 51 34 4 615 14 5 31 467
9479,item_9479,,item_9479,,298 90 820 888 465 122,item 9479 features: 298 90 820 888 465 122
9481,item_9481,,item_9481,,32 96 351 25 325 432 163 10,item 9481 features: 32 96 351 25 325 432 163 10
9498,item_9498,,item_9498,,51 662 55,item 9498 features: 51 662 55
9500,item_9500,,item_9500,,2 4 14 5 31,item 9500 features: 2 4 14 5 31
9509,item_9509,,item_9509,,452 49 2 55,item 9509 features: 452 49 2 55
9516,item_9516,,item_9516,,2 34 4 173 103 31 23,item 9516 features: 2 34 4 173 103 31 23
9519,item_9519,,item_9519,,2 155 4 20 85 31,item 9519 features: 2 155 4 20 85 31
9531,item_9531,,item_9531,,103 55 23,item 9531 features: 103 55 23
9533,item_9533,,item_9533,,303 4 20,item 9533 features: 303 4 20
9534,item_9534,,item_9534,,4 14,item 9534 features: 4 14
9539,item_9539,,item_9539,,74 941 21 2 31,item 9539 features: 74 941 21 2 31
9540,item_9540,,item_9540,,618 2 4 16 5 31,item 9540 features: 618 2 4 16 5 31
9555,item_9555,,item_9555,,58 66 2 31 477,item 9555 features: 58 66 2 31 477
9557,item_9557,,item_9557,,65 77 263 2 4 556 37 16 31,item 9557 features: 65 77 263 2 4 556 37 16 31
9564,item_9564,,item_9564,,69 605 32 22 2 4 113 25 5 563,item 9564 features: 69 605 32 22 2 4 113 25 5 563
9568,item_9568,,item_9568,,21 44,item 9568 features: 21 44
9571,item_9571,,item_9571,,44 128,item 9571 features: 44 128
9573,item_9573,,item_9573,,51 55 294 31 128,item 9573 features: 51 55 294 31 128
9577,item_9577,,item_9577,,516 2 194 31 725,item 9577 features: 516 2 194 31 725
9578,item_9578,,item_9578,,2 76 4 176 31 0 120,item 9578 features: 2 76 4 176 31 0 120
9579,item_9579,,item_9579,,34 25 715 69 22 2 4 103 5 23 31 50 861 16,item 9579 features: 34 25 715 69 22 2 4 103 5 23 31 50 861 16
9580,item_9580,,item_9580,,87 2 51 4 14 28 5 31 120,item 9580 features: 87 2 51 4 14 28 5 31 120
9583,item_9583,,item_9583,,735,item 9583 features: 735
9588,item_9588,,item_9588,,738 2 51 4 5 31,item 9588 features: 738 2 51 4 5 31
9595,item_9595,,item_9595,,34 25 55 10 102 2 4 173 223 103 5 661 23 14 49 16 131,item 9595 features: 34 25 55 10 102 2 4 173 223 103 5 661 23 14 49 16 131
9596,item_9596,,item_9596,,21 44,item 9596 features: 21 44
9600,item_9600,,item_9600,,32 516 22 2 76 4 202 5 55,item 9600 features: 32 516 22 2 76 4 202 5 55
9602,item_9602,,item_9602,,1 5,item 9602 features: 1 5
9614,item_9614,,item_9614,,69 15 2 51 76 5 16 86 31,item 9614 features: 69 15 2 51 76 5 16 86 31
9622,item_9622,,item_9622,,2 50 76 5 31,item 9622 features: 2 50 76 5 31
9623,item_9623,,item_9623,,15 49 2 51 4 136 28 5 31 40 26,item 9623 features: 15 49 2 51 4 136 28 5 31 40 26
9634,item_9634,,item_9634,,58 15 2 51 55 5 28 31,item 9634 features: 58 15 2 51 55 5 28 31
9645,item_9645,,item_9645,,414 4,item 9645 features: 414 4
9647,item_9647,,item_9647,,77 161 458 2 103 55 23,item 9647 features: 77 161 458 2 103 55 23
9665,item_9665,,item_9665,,727 22 50 34 901 31,item 9665 features: 727 22 50 34 901 31
9668,item_9668,,item_9668,,15 2 34 5 31,item 9668 features: 15 2 34 5 31
9670,item_9670,,item_9670,,561 76 55 69 22 2 4 111 5 120 395 14 16 176,item 9670 features: 561 76 55 69 22 2 4 111 5 120 395 14 16 176
9673,item_9673,,item_9673,,10 32 21 88 338 55 691 121,item 9673 features: 10 32 21 88 338 55 691 121
9676,item_9676,,item_9676,,2 25 253 527 335 44,item 9676 features: 2 25 253 527 335 44
9677,item_9677,,item_9677,,516 561 55 821 2 4 630 5 944 120 51 31 926 762 176 0,item 9677 features: 516 561 55 821 2 4 630 5 944 120 51 31 926 762 176 0
9684,item_9684,,item_9684,,69 77 22 2 4 31 685,item 9684 features: 69 77 22 2 4 31 685
9685,item_9685,,item_9685,,58 516 2 561 4 194 5 176 0 120,item 9685 features: 58 516 2 561 4 194 5 176 0 120
9689,item_9689,,item_9689,,608 49 2 34 173 103 31,item 9689 features: 608 49 2 34 173 103 31
9693,item_9693,,item_9693,,235 4 20,item 9693 features: 235 4 20
9694,item_9694,,item_9694,,21 158 44,item 9694 features: 21 158 44
9695,item_9695,,item_9695,,52 2 615 25 4 5 44 31,item 9695 features: 52 2 615 25 4 5 44 31
9697,item_9697,,item_9697,,44 103,item 9697 features: 44 103
9702,item_9702,,item_9702,,34 37 44 447 21 2 188 6 750 332 32,item 9702 features: 34 37 44 447 21 2 188 6 750 332 32
9710,item_9710,,item_9710,,25 37 10 102 69 458 821 2 5 77 57 31 926 618,item 9710 features: 25 37 10 102 69 458 821 2 5 77 57 31 926 618
9712,item_9712,,item_9712,,91 22 2 4 113 987 31,item 9712 features: 91 22 2 4 113 987 31
9721,item_9721,,item_9721,,34 37 629 213 185 44 198 10 21 2 208 173 103 23 243 62 754 229 32 49 56 192,item 9721 features: 34 37 629 213 185 44 198 10 21 2 208 173 103 23 243 62 754 229 32 49 56 192
9723,item_9723,,item_9723,,15 382 2 51 313 5 31,item 9723 features: 15 382 2 51 313 5 31
9739,item_9739,,item_9739,,22 2 4 14 16 5 55 460,item 9739 features: 22 2 4 14 16 5 55 460
9742,item_9742,,item_9742,,58 69 1 51 2 167 4 39 55 5 86 31,item 9742 features: 58 69 1 51 2 167 4 39 55 5 86 31
9743,item_9743,,item_9743,,1 382 2 51 25 39 4 31 16 5 55,item 9743 features: 1 382 2 51 25 39 4 31 16 5 55
9747,item_9747,,item_9747,,31,item 9747 features: 31
9749,item_9749,,item_9749,,10 823 51 637 4 28 44,item 9749 features: 10 823 51 637 4 28 44
9752,item_9752,,item_9752,,51 55 262,item 9752 features: 51 55 262
9768,item_9768,,item_9768,,2 31,item 9768 features: 2 31
9773,item_9773,,item_9773,,4 20 267,item 9773 features: 4 20 267
9782,item_9782,,item_9782,,186 44,item 9782 features: 186 44
9784,item_9784,,item_9784,,64 2 34 31 10,item 9784 features: 64 2 34 31 10
9794,item_9794,,item_9794,,25 55,item 9794 features: 25 55
9799,item_9799,,item_9799,,46 205 400 228 2 4 31,item 9799 features: 46 205 400 228 2 4 31
9804,item_9804,,item_9804,,5 31,item 9804 features: 5 31
9806,item_9806,,item_9806,,2 5 31,item 9806 features: 2 5 31
9810,item_9810,,item_9810,,10 46 51 2 34 31 16 55,item 9810 features: 10 46 51 2 34 31 16 55
9813,item_9813,,item_9813,,25,item 9813 features: 25
9819,item_9819,,item_9819,,34 116 697 28 55 10 2 103 5 122 23 400 51 31 49,item 9819 features: 34 116 697 28 55 10 2 103 5 122 23 400 51 31 49
9821,item_9821,,item_9821,,15 2 51 34 5 28 55 102,item 9821 features: 15 2 51 34 5 28 55 102
9827,item_9827,,item_9827,,25,item 9827 features: 25
9839,item_9839,,item_9839,,22 4 739,item 9839 features: 22 4 739
9842,item_9842,,item_9842,,46 34 27 5 16 44 212,item 9842 features: 46 34 27 5 16 44 212
9853,item_9853,,item_9853,,2,item 9853 features: 2
9855,item_9855,,item_9855,,91 2 31 4 55 16,item 9855 features: 91 2 31 4 55 16
9856,item_9856,,item_9856,,34 37 44 10 65 447 21 158 188 309 6 750 32 373 56 138 472,item 9856 features: 34 37 44 10 65 447 21 158 188 309 6 750 32 373 56 138 472
9858,item_9858,,item_9858,,2 51 39 76 4 0 16 44 368 5 212 467,item 9858 features: 2 51 39 76 4 0 16 44 368 5 212 467
9860,item_9860,,item_9860,,21 2 56 44,item 9860 features: 21 2 56 44
9862,item_9862,,item_9862,,688 51 50 511 113 2 31 162 5 301 55,item 9862 features: 688 51 50 511 113 2 31 162 5 301 55
9864,item_9864,,item_9864,,161 21 2 103 55 23,item 9864 features: 161 21 2 103 55 23
9889,item_9889,,item_9889,,69 22 4 574,item 9889 features: 69 22 4 574
9892,item_9892,,item_9892,,4,item 9892 features: 4
9894,item_9894,,item_9894,,2 37,item 9894 features: 2 37
9910,item_9910,,item_9910,,125 34 25 10 65 447 33 2 188 173 103 5 6 31 32 49 16,item 9910 features: 125 34 25 10 65 447 33 2 188 173 103 5 6 31 32 49 16
9918,item_9918,,item_9918,,51 44,item 9918 features: 51 44
9924,item_9924,,item_9924,,2 31 124,item 9924 features: 2 31 124
9926,item_9926,,item_9926,,2 20 5 55 701,item 9926 features: 2 20 5 55 701
9928,item_9928,,item_9928,,64 178 25,item 9928 features: 64 178 25
9929,item_9929,,item_9929,,69 51 2 50 25 4 20 14 861 16 5 31,item 9929 features: 69 51 2 50 25 4 20 14 861 16 5 31
9932,item_9932,,item_9932,,356 34 851 28 44 55 2 4 5 120 51,item 9932 features: 356 34 851 28 44 55 2 4 5 120 51
9935,item_9935,,item_9935,,10 4 14 5 374 31,item 9935 features: 10 4 14 5 374 31
9939,item_9939,,item_9939,,2 55,item 9939 features: 2 55
9948,item_9948,,item_9948,,22 2 50 55 847,item 9948 features: 22 2 50 55 847
9953,item_9953,,item_9953,,15 1 217 51 4 704 913 44 128,item 9953 features: 15 1 217 51 4 704 913 44 128
9962,item_9962,,item_9962,,15 2 51 4 25 517 5 31,item 9962 features: 15 2 51 4 25 517 5 31
9964,item_9964,,item_9964,,987,item 9964 features: 987
9968,item_9968,,item_9968,,186 2,item 9968 features: 186 2
9972,item_9972,,item_9972,,15 49 705 2 5 31,item 9972 features: 15 49 705 2 5 31
9977,item_9977,,item_9977,,69 862 10 225 22 2 451 34 4 44,item 9977 features: 69 862 10 225 22 2 451 34 4 44
9980,item_9980,,item_9980,,34 16 31,item 9980 features: 34 16 31
9981,item_9981,,item_9981,,34 37 185 10 74 21 2 173 265 103 462 62 31 332 49 192,item 9981 features: 34 37 185 10 74 21 2 173 265 103 462 62 31 332 49 192
9982,item_9982,,item_9982,,4 25 34 16 55 10,item 9982 features: 4 25 34 16 55 10
9984,item_9984,,item_9984,,688 2 511 113 162 301 5 31,item 9984 features: 688 2 511 113 162 301 5 31
9988,item_9988,,item_9988,,784,item 9988 features: 784
9989,item_9989,,item_9989,,15 51 764 34 2 31 5 55,item 9989 features: 15 51 764 34 2 31 5 55
9993,item_9993,,item_9993,,298 2 44 124,item 9993 features: 298 2 44 124
9999,item_9999,,item_9999,,2 4 55,item 9999 features: 2 4 55
10014,item_10014,,item_10014,,2 103 31 23,item 10014 features: 2 103 31 23
10019,item_10019,,item_10019,,10 49 51 2 34 294 5 44 28 31 16 543,item 10019 features: 10 49 51 2 34 294 5 44 28 31 16 543
10025,item_10025,,item_10025,,843 51 55,item 10025 features: 843 51 55
10026,item_10026,,item_10026,,15 865 49 2 51 34 4 5 28 31 26,item 10026 features: 15 865 49 2 51 34 4 5 28 31 26
10030,item_10030,,item_10030,,77 51 2 55 5 31,item 10030 features: 77 51 2 55 5 31
10038,item_10038,,item_10038,,52 57 4 20 283 37,item 10038 features: 52 57 4 20 283 37
10042,item_10042,,item_10042,,69 4 20 139,item 10042 features: 69 4 20 139
10048,item_10048,,item_10048,,582 2 53 5 31,item 10048 features: 582 2 53 5 31
10049,item_10049,,item_10049,,24 2 50 16 5 55 366,item 10049 features: 24 2 50 16 5 55 366
10050,item_10050,,item_10050,,15 927 217 2 51 4 31 20 92 5 55 231,item 10050 features: 15 927 217 2 51 4 31 20 92 5 55 231
10059,item_10059,,item_10059,,58 125 34 166 37 10 102 52 2 4 54 214 5 120 886 271 31 49,item 10059 features: 58 125 34 166 37 10 102 52 2 4 54 214 5 120 886 271 31 49
10062,item_10062,,item_10062,,640 618 2 4 14 31 10,item 10062 features: 640 618 2 4 14 31 10
10067,item_10067,,item_10067,,55,item 10067 features: 55
10068,item_10068,,item_10068,,4 16 44,item 10068 features: 4 16 44
10074,item_10074,,item_10074,,52 4 166 374,item 10074 features: 52 4 166 374
10084,item_10084,,item_10084,,55,item 10084 features: 55
10089,item_10089,,item_10089,,51 55 262,item 10089 features: 51 55 262
10092,item_10092,,item_10092,,49 51 898 4 34 2 16 44 28 5 23 103,item 10092 features: 49 51 898 4 34 2 16 44 28 5 23 103
10096,item_10096,,item_10096,,2 39 20 765 5 31,item 10096 features: 2 39 20 765 5 31
10098,item_10098,,item_10098,,2 34 173 103 55 23,item 10098 features: 2 34 173 103 55 23
10100,item_10100,,item_10100,,4,item 10100 features: 4
10105,item_10105,,item_10105,,2 50 76,item 10105 features: 2 50 76
10106,item_10106,,item_10106,,317 5,item 10106 features: 317 5
10113,item_10113,,item_10113,,69 22 4 85,item 10113 features: 69 22 4 85
10118,item_10118,,item_10118,,640 451 2 410 796 16 5 55,item 10118 features: 640 451 2 410 796 16 5 55
10124,item_10124,,item_10124,,51 55,item 10124 features: 51 55
10125,item_10125,,item_10125,,58 125 46 55 69 22 2 4 5 298 14 64 50 321 124,item 10125 features: 58 125 46 55 69 22 2 4 5 298 14 64 50 321 124
10126,item_10126,,item_10126,,2 31 124,item 10126 features: 2 31 124
10127,item_10127,,item_10127,,49 2 34 31,item 10127 features: 49 2 34 31
10134,item_10134,,item_10134,,21 2 208 185 44,item 10134 features: 21 2 208 185 44
10153,item_10153,,item_10153,,15 51 2 5 44 55,item 10153 features: 15 51 2 5 44 55
10156,item_10156,,item_10156,,267,item 10156 features: 267
10163,item_10163,,item_10163,,119 32 64 97 37 62 243 124,item 10163 features: 119 32 64 97 37 62 243 124
10171,item_10171,,item_10171,,21 44,item 10171 features: 21 44
10183,item_10183,,item_10183,,4 14 100,item 10183 features: 4 14 100
10185,item_10185,,item_10185,,5,item 10185 features: 5
10191,item_10191,,item_10191,,65 182 46 51 2 4 37 549 31 501,item 10191 features: 65 182 46 51 2 4 37 549 31 501
10192,item_10192,,item_10192,,186 31,item 10192 features: 186 31
10193,item_10193,,item_10193,,21 415 31 440,item 10193 features: 21 415 31 440
10201,item_10201,,item_10201,,257 51 55,item 10201 features: 257 51 55
10203,item_10203,,item_10203,,4 44,item 10203 features: 4 44
10208,item_10208,,item_10208,,55,item 10208 features: 55
10217,item_10217,,item_10217,,752 21 111 37 31,item 10217 features: 752 21 111 37 31
10220,item_10220,,item_10220,,15 2 55,item 10220 features: 15 2 55
10231,item_10231,,item_10231,,2 31,item 10231 features: 2 31
10233,item_10233,,item_10233,,2 16,item 10233 features: 2 16
10234,item_10234,,item_10234,,46 2 202 55,item 10234 features: 46 2 202 55
10244,item_10244,,item_10244,,468 2 4 14 5 55,item 10244 features: 468 2 4 14 5 55
10249,item_10249,,item_10249,,21 2 56 55,item 10249 features: 21 2 56 55
10250,item_10250,,item_10250,,49 2 51 377 44 55,item 10250 features: 49 2 51 377 44 55
10251,item_10251,,item_10251,,516 513 2 51 5 44 31 120,item 10251 features: 516 513 2 51 5 44 31 120
10257,item_10257,,item_10257,,49 2 51 34 4 16 173 103 31,item 10257 features: 49 2 51 34 4 16 173 103 31
10264,item_10264,,item_10264,,51 55,item 10264 features: 51 55
10271,item_10271,,item_10271,,304 17 2 34 853 55 10,item 10271 features: 304 17 2 34 853 55 10
10276,item_10276,,item_10276,,58 34 55 10 15 53 2 483 3 177 5 120 51 546 31,item 10276 features: 58 34 55 10 15 53 2 483 3 177 5 120 51 546 31
10278,item_10278,,item_10278,,2 31,item 10278 features: 2 31
10282,item_10282,,item_10282,,64,item 10282 features: 64
10283,item_10283,,item_10283,,595,item 10283 features: 595
10287,item_10287,,item_10287,,51 2 34 4 5 28 31,item 10287 features: 51 2 34 4 5 28 31
10301,item_10301,,item_10301,,242 51 55,item 10301 features: 242 51 55
10306,item_10306,,item_10306,,2 55,item 10306 features: 2 55
10318,item_10318,,item_10318,,15 51 34 31,item 10318 features: 15 51 34 31
10320,item_10320,,item_10320,,1 34 76 28 44 22 2 4 5 120 51 31 242 0,item 10320 features: 1 34 76 28 44 22 2 4 5 120 51 31 242 0
10324,item_10324,,item_10324,,611 51 4 55,item 10324 features: 611 51 4 55
10329,item_10329,,item_10329,,69 718 22 4,item 10329 features: 69 718 22 4
10336,item_10336,,item_10336,,69 22 4,item 10336 features: 69 22 4
10337,item_10337,,item_10337,,2 51 5 28 31 10,item 10337 features: 2 51 5 28 31 10
10339,item_10339,,item_10339,,32 37,item 10339 features: 32 37
10351,item_10351,,item_10351,,51 788 31,item 10351 features: 51 788 31
10355,item_10355,,item_10355,,158 150 2 37 31,item 10355 features: 158 150 2 37 31
10358,item_10358,,item_10358,,58 25 15 2 4 120 6 197 14 31 194 230 0,item 10358 features: 58 25 15 2 4 120 6 197 14 31 194 230 0
10375,item_10375,,item_10375,,181 500 2 76 55,item 10375 features: 181 500 2 76 55
10391,item_10391,,item_10391,,24 76 5 337 31,item 10391 features: 24 76 5 337 31
10394,item_10394,,item_10394,,2 50 900 31,item 10394 features: 2 50 900 31
10396,item_10396,,item_10396,,304 312 10 17 34 103 31,item 10396 features: 304 312 10 17 34 103 31
10398,item_10398,,item_10398,,69 324 22 2 50 4 76 85 5 55 120,item 10398 features: 69 324 22 2 50 4 76 85 5 55 120
10401,item_10401,,item_10401,,544 785,item 10401 features: 544 785
10402,item_10402,,item_10402,,482 44 124,item 10402 features: 482 44 124
10403,item_10403,,item_10403,,4,item 10403 features: 4
10411,item_10411,,item_10411,,58 2 39 4 25 37 5 577 31,item 10411 features: 58 2 39 4 25 37 5 577 31
10413,item_10413,,item_10413,,839 4 20,item 10413 features: 839 4 20
10415,item_10415,,item_10415,,69 763 22 4 313 20,item 10415 features: 69 763 22 4 313 20
10420,item_10420,,item_10420,,2 51 464 4 5 16 31,item 10420 features: 2 51 464 4 5 16 31
10424,item_10424,,item_10424,,51 662 44,item 10424 features: 51 662 44
10425,item_10425,,item_10425,,2 115 16 5 31,item 10425 features: 2 115 16 5 31
10427,item_10427,,item_10427,,635 2 81 5 55,item 10427 features: 635 2 81 5 55
10432,item_10432,,item_10432,,229 46 2 51 31 10,item 10432 features: 229 46 2 51 31 10
10433,item_10433,,item_10433,,324 2 76 4 85 44 5,item 10433 features: 324 2 76 4 85 44 5
10444,item_10444,,item_10444,,69 787 109 22 2 50 4 900 5 31,item 10444 features: 69 787 109 22 2 50 4 900 5 31
10445,item_10445,,item_10445,,51 55,item 10445 features: 51 55
10448,item_10448,,item_10448,,820 32 465 122,item 10448 features: 820 32 465 122
10451,item_10451,,item_10451,,2 31,item 10451 features: 2 31
10463,item_10463,,item_10463,,69 2 4 413 55 16 459 861 5 0,item 10463 features: 69 2 4 413 55 16 459 861 5 0
10464,item_10464,,item_10464,,2 50 55,item 10464 features: 2 50 55
10472,item_10472,,item_10472,,513 2 76 55,item 10472 features: 513 2 76 55
10473,item_10473,,item_10473,,31,item 10473 features: 31
10476,item_10476,,item_10476,,21 208 44,item 10476 features: 21 208 44
10493,item_10493,,item_10493,,926 21 2 31 944 10,item 10493 features: 926 21 2 31 944 10
10498,item_10498,,item_10498,,44,item 10498 features: 44
10502,item_10502,,item_10502,,689 22 2 4 20 503 5,item 10502 features: 689 22 2 4 20 503 5
10506,item_10506,,item_10506,,2 50 5 55,item 10506 features: 2 50 5 55
10508,item_10508,,item_10508,,1 382 51 2 5 28 31 609,item 10508 features: 1 382 51 2 5 28 31 609
10510,item_10510,,item_10510,,15 4 5,item 10510 features: 15 4 5
10519,item_10519,,item_10519,,15 2 51 5 44 55,item 10519 features: 15 2 51 5 44 55
10521,item_10521,,item_10521,,49 2 34 173 110 103 55,item 10521 features: 49 2 34 173 110 103 55
10522,item_10522,,item_10522,,65 447 472 188 37 309,item 10522 features: 65 447 472 188 37 309
10528,item_10528,,item_10528,,312 406 473,item 10528 features: 312 406 473
10532,item_10532,,item_10532,,34 25 10 69 96 22 2 4 162 5 31 50 16,item 10532 features: 34 25 10 69 96 22 2 4 162 5 31 50 16
10533,item_10533,,item_10533,,914 25 13 44 47 5 742,item 10533 features: 914 25 13 44 47 5 742
10534,item_10534,,item_10534,,34 25 28 44 55 52 2 377 5 51 374 49,item 10534 features: 34 25 28 44 55 52 2 377 5 51 374 49
10539,item_10539,,item_10539,,51 44,item 10539 features: 51 44
10548,item_10548,,item_10548,,635 25 28 44 69 22 2 4 81 5 51 14 709 31 16,item 10548 features: 635 25 28 44 69 22 2 4 81 5 51 14 709 31 16
10551,item_10551,,item_10551,,31,item 10551 features: 31
10555,item_10555,,item_10555,,15 51 34 764 2 5 44 55,item 10555 features: 15 51 34 764 2 5 44 55
10565,item_10565,,item_10565,,298 2 25 16 5 55,item 10565 features: 298 2 25 16 5 55
10570,item_10570,,item_10570,,2 4 5 44 16,item 10570 features: 2 4 5 44 16
10571,item_10571,,item_10571,,2,item 10571 features: 2
10578,item_10578,,item_10578,,103 31 23,item 10578 features: 103 31 23
10585,item_10585,,item_10585,,49 51 2 34 31 5 28 103 55 23,item 10585 features: 49 51 2 34 31 5 28 103 55 23
10586,item_10586,,item_10586,,298,item 10586 features: 298
10591,item_10591,,item_10591,,2 676 55,item 10591 features: 2 676 55
10592,item_10592,,item_10592,,69 24 767 52 366 22 882 85 31,item 10592 features: 69 24 767 52 366 22 882 85 31
10598,item_10598,,item_10598,,49 2 34 173 103 55 23,item 10598 features: 49 2 34 173 103 55 23
10604,item_10604,,item_10604,,37 185 21 404 782 2 208 243 250 6 31 332 32,item 10604 features: 37 185 21 404 782 2 208 243 250 6 31 332 32
10609,item_10609,,item_10609,,31,item 10609 features: 31
10622,item_10622,,item_10622,,5 31,item 10622 features: 5 31
10628,item_10628,,item_10628,,186 2 34 56 31,item 10628 features: 186 2 34 56 31
10629,item_10629,,item_10629,,21 31,item 10629 features: 21 31
10632,item_10632,,item_10632,,21 668 2 44,item 10632 features: 21 668 2 44
10637,item_10637,,item_10637,,3,item 10637 features: 3
10638,item_10638,,item_10638,,826 554 2 55 183,item 10638 features: 826 554 2 55 183
10653,item_10653,,item_10653,,77 2 498 5 598 31,item 10653 features: 77 2 498 5 598 31
10654,item_10654,,item_10654,,103 55 23,item 10654 features: 103 55 23
10657,item_10657,,item_10657,,718 2 50 85 31,item 10657 features: 718 2 50 85 31
10659,item_10659,,item_10659,,672 22 4,item 10659 features: 672 22 4
10671,item_10671,,item_10671,,91 22 6 4 62 5 176 31 0 120,item 10671 features: 91 22 6 4 62 5 176 31 0 120
10677,item_10677,,item_10677,,96 50 25 76,item 10677 features: 96 50 25 76
10684,item_10684,,item_10684,,2 50 34 76 5 31,item 10684 features: 2 50 34 76 5 31
10689,item_10689,,item_10689,,15 2 51 5 16 44 55,item 10689 features: 15 2 51 5 16 44 55
10690,item_10690,,item_10690,,58 15 2 51 4 34 841 5 31 120,item 10690 features: 58 15 2 51 4 34 841 5 31 120
10695,item_10695,,item_10695,,248,item 10695 features: 248
10699,item_10699,,item_10699,,32 637 97 643,item 10699 features: 32 637 97 643
10700,item_10700,,item_10700,,51 55,item 10700 features: 51 55
10716,item_10716,,item_10716,,50 34 4 31 10,item 10716 features: 50 34 4 31 10
10721,item_10721,,item_10721,,257 51 55,item 10721 features: 257 51 55
10735,item_10735,,item_10735,,69 767 22 57 234 4 85 44 882,item 10735 features: 69 767 22 57 234 4 85 44 882
10736,item_10736,,item_10736,,24 34 4 31,item 10736 features: 24 34 4 31
10744,item_10744,,item_10744,,2 880 20 55 846,item 10744 features: 2 880 20 55 846
10752,item_10752,,item_10752,,451 53 2 31,item 10752 features: 451 53 2 31
10766,item_10766,,item_10766,,15 611 51 4 20 44,item 10766 features: 15 611 51 4 20 44
10768,item_10768,,item_10768,,64 2 55,item 10768 features: 64 2 55
10771,item_10771,,item_10771,,51 2 294 5 28 31,item 10771 features: 51 2 294 5 28 31
10773,item_10773,,item_10773,,51 55,item 10773 features: 51 55
10777,item_10777,,item_10777,,235 2 4 25 14 5 31 123,item 10777 features: 235 2 4 25 14 5 31 123
10780,item_10780,,item_10780,,1 2 51 76 5 44 769 31 28,item 10780 features: 1 2 51 76 5 44 769 31 28
10784,item_10784,,item_10784,,21 2 34 173 103 55 23,item 10784 features: 21 2 34 173 103 55 23
10785,item_10785,,item_10785,,324 550 500 2 334 5 55,item 10785 features: 324 550 500 2 334 5 55
10791,item_10791,,item_10791,,51 55,item 10791 features: 51 55
10794,item_10794,,item_10794,,24 791 981 52 22 2 50 34 164 85 44 5,item 10794 features: 24 791 981 52 22 2 50 34 164 85 44 5
10795,item_10795,,item_10795,,21 2 55,item 10795 features: 21 2 55
10796,item_10796,,item_10796,,961,item 10796 features: 961
10801,item_10801,,item_10801,,69 22 2 4 5 16 31,item 10801 features: 69 22 2 4 5 16 31
10827,item_10827,,item_10827,,10 15 51 2 55 31 5,item 10827 features: 10 15 51 2 55 31 5
10828,item_10828,,item_10828,,22 2 55 113 545 31,item 10828 features: 22 2 55 113 545 31
10831,item_10831,,item_10831,,46 1 55 10 69 22 2 4 5 382 896 880 51 31 16,item 10831 features: 46 1 55 10 69 22 2 4 5 382 896 880 51 31 16
10834,item_10834,,item_10834,,614 4 20,item 10834 features: 614 4 20
10848,item_10848,,item_10848,,31,item 10848 features: 31
10849,item_10849,,item_10849,,750 332 782 2 37 629 55,item 10849 features: 750 332 782 2 37 629 55
10851,item_10851,,item_10851,,161 406 55 156,item 10851 features: 161 406 55 156
10854,item_10854,,item_10854,,217 51 55,item 10854 features: 217 51 55
10856,item_10856,,item_10856,,688 51 31 301 55,item 10856 features: 688 51 31 301 55
10857,item_10857,,item_10857,,4,item 10857 features: 4
10872,item_10872,,item_10872,,69 32 22 667 2 4 34 76 16 5 55 0,item 10872 features: 69 32 22 667 2 4 34 76 16 5 55 0
10883,item_10883,,item_10883,,826 554 2 676 31 183,item 10883 features: 826 554 2 676 31 183
10888,item_10888,,item_10888,,32 2 208 44,item 10888 features: 32 2 208 44
10891,item_10891,,item_10891,,2 28 31,item 10891 features: 2 28 31
10894,item_10894,,item_10894,,69 22 51 2 25 34 4 5 40 31 10 102,item 10894 features: 69 22 51 2 25 34 4 5 40 31 10 102
10898,item_10898,,item_10898,,51 327 55,item 10898 features: 51 327 55
10899,item_10899,,item_10899,,69 52 458 57 2 25 4 76 37 5 55 102,item 10899 features: 69 52 458 57 2 25 4 76 37 5 55 102
10900,item_10900,,item_10900,,21 2 364 44,item 10900 features: 21 2 364 44
10903,item_10903,,item_10903,,69 22 4 120,item 10903 features: 69 22 4 120
10904,item_10904,,item_10904,,15 2 51 167 4 31 55,item 10904 features: 15 2 51 167 4 31 55
10905,item_10905,,item_10905,,125 33 4 527 31 0,item 10905 features: 125 33 4 527 31 0
10920,item_10920,,item_10920,,281 2 963 31 10,item 10920 features: 281 2 963 31 10
10924,item_10924,,item_10924,,21 208 44,item 10924 features: 21 208 44
10926,item_10926,,item_10926,,877 4 20,item 10926 features: 877 4 20
10937,item_10937,,item_10937,,91 22 832 2 76 50 5 31,item 10937 features: 91 22 832 2 76 50 5 31
10938,item_10938,,item_10938,,668 2 5 31,item 10938 features: 668 2 5 31
10955,item_10955,,item_10955,,255 225 2 4 345 5 16 55,item 10955 features: 255 225 2 4 345 5 16 55
10958,item_10958,,item_10958,,65 32 21 64 253 14 37 44 472,item 10958 features: 65 32 21 64 253 14 37 44 472
10969,item_10969,,item_10969,,21 228 400 2 527 56 31 183,item 10969 features: 21 228 400 2 527 56 31 183
10970,item_10970,,item_10970,,71,item 10970 features: 71
10975,item_10975,,item_10975,,77 2 55,item 10975 features: 77 2 55
10976,item_10976,,item_10976,,49 2 34 4 173 103 31 10,item 10976 features: 49 2 34 4 173 103 31 10
10977,item_10977,,item_10977,,257 51 4 5 397 28 55 120,item 10977 features: 257 51 4 5 397 28 55 120
10980,item_10980,,item_10980,,15 1 2 51 4 20 5 44 31 40 746,item 10980 features: 15 1 2 51 4 20 5 44 31 40 746
10990,item_10990,,item_10990,,2,item 10990 features: 2
10998,item_10998,,item_10998,,324 2 50 4 76 44,item 10998 features: 324 2 50 4 76 44
11000,item_11000,,item_11000,,69 168 22 4 715 0,item 11000 features: 69 168 22 4 715 0
11002,item_11002,,item_11002,,513 51 2 31 120,item 11002 features: 513 51 2 31 120
11005,item_11005,,item_11005,,34,item 11005 features: 34
11007,item_11007,,item_11007,,2 5 31,item 11007 features: 2 5 31
11014,item_11014,,item_11014,,548 22 4 31,item 11014 features: 548 22 4 31
11018,item_11018,,item_11018,,2 51 39 25 5 86 31 194,item 11018 features: 2 51 39 25 5 86 31 194
11019,item_11019,,item_11019,,804 4 20 102,item 11019 features: 804 4 20 102
11024,item_11024,,item_11024,,103 55 23,item 11024 features: 103 55 23
11031,item_11031,,item_11031,,288 32 64 150 121 0 35,item 11031 features: 288 32 64 150 121 0 35
11033,item_11033,,item_11033,,426 39 5 55,item 11033 features: 426 39 5 55
11037,item_11037,,item_11037,,437 401 225 2 57 148 31,item 11037 features: 437 401 225 2 57 148 31
11043,item_11043,,item_11043,,2 51 34 31 5 28 55,item 11043 features: 2 51 34 31 5 28 55
11046,item_11046,,item_11046,,2 31,item 11046 features: 2 31
11057,item_11057,,item_11057,,64 193 37 100 31,item 11057 features: 64 193 37 100 31
11073,item_11073,,item_11073,,2 50 107 44 610 5 460,item 11073 features: 2 50 107 44 610 5 460
11084,item_11084,,item_11084,,105 4 552 20 638,item 11084 features: 105 4 552 20 638
11090,item_11090,,item_11090,,49 2 34 173 103 55 23,item 11090 features: 49 2 34 173 103 55 23
11092,item_11092,,item_11092,,193 37,item 11092 features: 193 37
11095,item_11095,,item_11095,,44 103 23,item 11095 features: 44 103 23
11101,item_11101,,item_11101,,161 53 2 103 55 23,item 11101 features: 161 53 2 103 55 23
11115,item_11115,,item_11115,,77 2 115 16 5 31,item 11115 features: 77 2 115 16 5 31
11124,item_11124,,item_11124,,15 2 76,item 11124 features: 15 2 76
11128,item_11128,,item_11128,,21 385 44,item 11128 features: 21 385 44
11133,item_11133,,item_11133,,15 2 51 25 5 31,item 11133 features: 15 2 51 25 5 31
11137,item_11137,,item_11137,,53 2 55 102,item 11137 features: 53 2 55 102
11140,item_11140,,item_11140,,64 2 338 55,item 11140 features: 64 2 338 55
11143,item_11143,,item_11143,,69 22 4,item 11143 features: 69 22 4
11150,item_11150,,item_11150,,58 15 217 51 2 4 34 377 327 28 31,item 11150 features: 58 15 217 51 2 4 34 377 327 28 31
11152,item_11152,,item_11152,,31,item 11152 features: 31
11156,item_11156,,item_11156,,2 265 31,item 11156 features: 2 265 31
11158,item_11158,,item_11158,,125 46 33 2 4 25 14 678 103 31 5 23,item 11158 features: 125 46 33 2 4 25 14 678 103 31 5 23
11160,item_11160,,item_11160,,186,item 11160 features: 186
11162,item_11162,,item_11162,,69 22 890 4 715,item 11162 features: 69 22 890 4 715
11167,item_11167,,item_11167,,53 2 67 5 55,item 11167 features: 53 2 67 5 55
11168,item_11168,,item_11168,,233 4 20,item 11168 features: 233 4 20
11171,item_11171,,item_11171,,46 528 2 4 37 5 31 602 102,item 11171 features: 46 528 2 4 37 5 31 602 102
11176,item_11176,,item_11176,,4 20 16,item 11176 features: 4 20 16
11177,item_11177,,item_11177,,236 64 49 2 117 683 34 751 173 103 31 10,item 11177 features: 236 64 49 2 117 683 34 751 173 103 31 10
11180,item_11180,,item_11180,,2,item 11180 features: 2
11190,item_11190,,item_11190,,49 2 34 173 103 31 10,item 11190 features: 49 2 34 173 103 31 10
11207,item_11207,,item_11207,,46 2 51 25 5 397 28 31,item 11207 features: 46 2 51 25 5 397 28 31
11217,item_11217,,item_11217,,1 76 28 22 2 4 769 5 51 31 43 234,item 11217 features: 1 76 28 22 2 4 769 5 51 31 43 234
11218,item_11218,,item_11218,,58 15 52 2 51 19 8 5 327 55,item 11218 features: 58 15 52 2 51 19 8 5 327 55
11220,item_11220,,item_11220,,2 31,item 11220 features: 2 31
11223,item_11223,,item_11223,,55,item 11223 features: 55
11226,item_11226,,item_11226,,2 185 55,item 11226 features: 2 185 55
11230,item_11230,,item_11230,,166,item 11230 features: 166
11239,item_11239,,item_11239,,125 34 94 55 811 33 2 4 173 83 103 5 23 886 51 14 31 49 16 131,item 11239 features: 125 34 94 55 811 33 2 4 173 83 103 5 23 886 51 14 31 49 16 131
11244,item_11244,,item_11244,,51 55,item 11244 features: 51 55
11256,item_11256,,item_11256,,10 15 51 4 20 670 28 5 31,item 11256 features: 10 15 51 4 20 670 28 5 31
11274,item_11274,,item_11274,,69 925 22 4 907 234 85 31,item 11274 features: 69 925 22 4 907 234 85 31
11275,item_11275,,item_11275,,34 4 31,item 11275 features: 34 4 31
11279,item_11279,,item_11279,,87 520 1 2 895 167 51 5 44 10,item 11279 features: 87 520 1 2 895 167 51 5 44 10
11283,item_11283,,item_11283,,305 4 226 31,item 11283 features: 305 4 226 31
11290,item_11290,,item_11290,,15 51 4 44,item 11290 features: 15 51 4 44
11293,item_11293,,item_11293,,406 2 597 280 31 156,item 11293 features: 406 2 597 280 31 156
11294,item_11294,,item_11294,,653 165,item 11294 features: 653 165
11298,item_11298,,item_11298,,907,item 11298 features: 907
11309,item_11309,,item_11309,,580 219 53 51 31 34 5 55,item 11309 features: 580 219 53 51 31 34 5 55
11310,item_11310,,item_11310,,15 217 51 4 20 55,item 11310 features: 15 217 51 4 20 55
11321,item_11321,,item_11321,,69 168 22 2 50 4 234 270 5 85 31,item 11321 features: 69 168 22 2 50 4 234 270 5 85 31
11324,item_11324,,item_11324,,626 51 31 55 128,item 11324 features: 626 51 31 55 128
11336,item_11336,,item_11336,,263 556 4 37 31 102,item 11336 features: 263 556 4 37 31 102
11351,item_11351,,item_11351,,69 52 22 2 50 39 4 847 402 234 85 5 31,item 11351 features: 69 52 22 2 50 39 4 847 402 234 85 5 31
11355,item_11355,,item_11355,,64 150 549 120 35 124,item 11355 features: 64 150 549 120 35 124
11374,item_11374,,item_11374,,296 44,item 11374 features: 296 44
11381,item_11381,,item_11381,,382 2 51 25 44 5 244 28 31 609 977,item 11381 features: 382 2 51 25 44 5 244 28 31 609 977
11384,item_11384,,item_11384,,265 31,item 11384 features: 265 31
11385,item_11385,,item_11385,,21 2 55,item 11385 features: 21 2 55
11387,item_11387,,item_11387,,750 21 2 37 55,item 11387 features: 750 21 2 37 55
11390,item_11390,,item_11390,,53 2 34 4 25 28 31 609,item 11390 features: 53 2 34 4 25 28 31 609
11391,item_11391,,item_11391,,5 31,item 11391 features: 5 31
11404,item_11404,,item_11404,,235 49 2 4 377 14 5 72 31 123,item 11404 features: 235 49 2 4 377 14 5 72 31 123
11406,item_11406,,item_11406,,21 2 31 248,item 11406 features: 21 2 31 248
11423,item_11423,,item_11423,,4 174 109 790,item 11423 features: 4 174 109 790
11425,item_11425,,item_11425,,69 22 4 574,item 11425 features: 69 22 4 574
11427,item_11427,,item_11427,,77 2 37 910 55 5,item 11427 features: 77 2 37 910 55 5
11438,item_11438,,item_11438,,46 2 50 4 34 715 5 31,item 11438 features: 46 2 50 4 34 715 5 31
11442,item_11442,,item_11442,,24 983 366 2 50 34 31 270 5 16 55,item 11442 features: 24 983 366 2 50 34 31 270 5 16 55
11457,item_11457,,item_11457,,186 976 2 31,item 11457 features: 186 976 2 31
11460,item_11460,,item_11460,,16 55,item 11460 features: 16 55
11470,item_11470,,item_11470,,69 548 22 4,item 11470 features: 69 548 22 4
11473,item_11473,,item_11473,,65 77 2 50 4 14 202 5 55 460,item 11473 features: 65 77 2 50 4 14 202 5 55 460
11474,item_11474,,item_11474,,447 21 188 10,item 11474 features: 447 21 188 10
11476,item_11476,,item_11476,,32 97 30,item 11476 features: 32 97 30
11477,item_11477,,item_11477,,77 298 49 2 34 37 44 5 489,item 11477 features: 77 298 49 2 34 37 44 5 489
11484,item_11484,,item_11484,,65 209 46 4 547,item 11484 features: 65 209 46 4 547
11494,item_11494,,item_11494,,10 15 91 2 31,item 11494 features: 10 15 91 2 31
11497,item_11497,,item_11497,,215 21 44,item 11497 features: 215 21 44
11499,item_11499,,item_11499,,43 51 2 4 14 55 769 28 5 31 76,item 11499 features: 43 51 2 4 14 55 769 28 5 31 76
11511,item_11511,,item_11511,,564 618 2 4 25 55 14 296 166 16 779 5,item 11511 features: 564 618 2 4 25 55 14 296 166 16 779 5
11514,item_11514,,item_11514,,103 55 23 227,item 11514 features: 103 55 23 227
11515,item_11515,,item_11515,,58 77 229 53 2 34 55 5 10 102,item 11515 features: 58 77 229 53 2 34 55 5 10 102
11555,item_11555,,item_11555,,52 8,item 11555 features: 52 8
11557,item_11557,,item_11557,,34 55,item 11557 features: 34 55
11562,item_11562,,item_11562,,46 52 458 53 2 6 4 76 31,item 11562 features: 46 52 458 53 2 6 4 76 31
11568,item_11568,,item_11568,,49 2 34 5 28 103 55 10 23,item 11568 features: 49 2 34 5 28 103 55 10 23
11576,item_11576,,item_11576,,20,item 11576 features: 20
11584,item_11584,,item_11584,,55,item 11584 features: 55
11591,item_11591,,item_11591,,618 2 4 14 166 31 5,item 11591 features: 618 2 4 14 166 31 5
11594,item_11594,,item_11594,,332 74 21 2 37 31,item 11594 features: 332 74 21 2 37 31
11597,item_11597,,item_11597,,69 915 22 51 2 76 4 55 5 86 31,item 11597 features: 69 915 22 51 2 76 4 55 5 86 31
11601,item_11601,,item_11601,,32 253 97 30,item 11601 features: 32 253 97 30
11602,item_11602,,item_11602,,58 15 51 2 4 199 841 5 31,item 11602 features: 58 15 51 2 4 199 841 5 31
11608,item_11608,,item_11608,,371 4 20,item 11608 features: 371 4 20
11609,item_11609,,item_11609,,15 2 44 806,item 11609 features: 15 2 44 806
11614,item_11614,,item_11614,,53 2 51 244 28 44 5 55 609,item 11614 features: 53 2 51 244 28 44 5 55 609
11622,item_11622,,item_11622,,2 4 14 44 120,item 11622 features: 2 4 14 44 120
11633,item_11633,,item_11633,,10 49 2 34 103 55 23,item 11633 features: 10 49 2 34 103 55 23
11635,item_11635,,item_11635,,186 2 44,item 11635 features: 186 2 44
11636,item_11636,,item_11636,,21 44,item 11636 features: 21 44
11644,item_11644,,item_11644,,15 516 2 51 517 44 5 55,item 11644 features: 15 516 2 51 517 44 5 55
11647,item_11647,,item_11647,,484 609 53 2 55,item 11647 features: 484 609 53 2 55
11656,item_11656,,item_11656,,51 2 44 5 341 28 55 723,item 11656 features: 51 2 44 5 341 28 55 723
11657,item_11657,,item_11657,,76 69 22 2 4 5 120 596 305 85 31 624 50 234,item 11657 features: 76 69 22 2 4 5 120 596 305 85 31 624 50 234
11661,item_11661,,item_11661,,926 458 821 57 4 37 100 166 0,item 11661 features: 926 458 821 57 4 37 100 166 0
11662,item_11662,,item_11662,,21 290 44,item 11662 features: 21 290 44
11663,item_11663,,item_11663,,329 21 400,item 11663 features: 329 21 400
11669,item_11669,,item_11669,,2 28 55,item 11669 features: 2 28 55
11672,item_11672,,item_11672,,2 338 4 44 0,item 11672 features: 2 338 4 44 0
11702,item_11702,,item_11702,,2 34 31,item 11702 features: 2 34 31
11703,item_11703,,item_11703,,208,item 11703 features: 208
11705,item_11705,,item_11705,,161 2 4 5 16 31 102,item 11705 features: 161 2 4 5 16 31 102
11709,item_11709,,item_11709,,32 64 97 55 30,item 11709 features: 32 64 97 55 30
11714,item_11714,,item_11714,,58 123 235 2 4 14 5 55 10 248,item 11714 features: 58 123 235 2 4 14 5 55 10 248
11716,item_11716,,item_11716,,2 34 55,item 11716 features: 2 34 55
11735,item_11735,,item_11735,,25 21 2 4 345 54 265 122 473 29 237 14 31 32 64 199 124,item 11735 features: 25 21 2 4 345 54 265 122 473 29 237 14 31 32 64 199 124
11739,item_11739,,item_11739,,10 39 498 4 16 335 5 31,item 11739 features: 10 39 498 4 16 335 5 31
11742,item_11742,,item_11742,,15 2,item 11742 features: 15 2
11744,item_11744,,item_11744,,2 4 25 55 5 91,item 11744 features: 2 4 25 55 5 91
11747,item_11747,,item_11747,,582 2 704 370,item 11747 features: 582 2 704 370
11764,item_11764,,item_11764,,58 516 2 55,item 11764 features: 58 516 2 55
11770,item_11770,,item_11770,,51 55,item 11770 features: 51 55
11772,item_11772,,item_11772,,69 672 375 451 22 2 50 4 5 55,item 11772 features: 69 672 375 451 22 2 50 4 5 55
11776,item_11776,,item_11776,,58 125 32 33 2 25 4 14 19 5 31 102,item 11776 features: 58 125 32 33 2 25 4 14 19 5 31 102
11781,item_11781,,item_11781,,2 658 28 55,item 11781 features: 2 658 28 55
11782,item_11782,,item_11782,,46 468 1 2 51 635 167 81 4 14 5 55,item 11782 features: 46 468 1 2 51 635 167 81 4 14 5 55
11784,item_11784,,item_11784,,478,item 11784 features: 478
11798,item_11798,,item_11798,,22 2 34 5 55,item 11798 features: 22 2 34 5 55
11800,item_11800,,item_11800,,184 22 57 716 50 2 37 85 5 31 10,item 11800 features: 184 22 57 716 50 2 37 85 5 31 10
11802,item_11802,,item_11802,,320,item 11802 features: 320
11805,item_11805,,item_11805,,10 49 2 31 34 578 173 110 322 55 103,item 11805 features: 10 49 2 31 34 578 173 110 322 55 103
11815,item_11815,,item_11815,,689 416 51 44,item 11815 features: 689 416 51 44
11816,item_11816,,item_11816,,1 28 44 55 15 2 562 4 103 5 23 51 31,item 11816 features: 1 28 44 55 15 2 562 4 103 5 23 51 31
11821,item_11821,,item_11821,,10 2 34 894 55,item 11821 features: 10 2 34 894 55
11824,item_11824,,item_11824,,51 2 55 5 28 31,item 11824 features: 51 2 55 5 28 31
11828,item_11828,,item_11828,,55,item 11828 features: 55
11829,item_11829,,item_11829,,161 2 55,item 11829 features: 161 2 55
11830,item_11830,,item_11830,,21 55,item 11830 features: 21 55
11831,item_11831,,item_11831,,161 103 55 23,item 11831 features: 161 103 55 23
11835,item_11835,,item_11835,,500 2 376 55,item 11835 features: 500 2 376 55
11849,item_11849,,item_11849,,69 22 4 647 715,item 11849 features: 69 22 4 647 715
11852,item_11852,,item_11852,,1 51 4 5 31,item 11852 features: 1 51 4 5 31
11855,item_11855,,item_11855,,184 170 403 2 866 25 5 31,item 11855 features: 184 170 403 2 866 25 5 31
11856,item_11856,,item_11856,,1 382 2 51 34 25 39 5 44 31 10,item 11856 features: 1 382 2 51 34 25 39 5 44 31 10
11857,item_11857,,item_11857,,2 34 31,item 11857 features: 2 34 31
11858,item_11858,,item_11858,,186,item 11858 features: 186
11869,item_11869,,item_11869,,34 4,item 11869 features: 34 4
11883,item_11883,,item_11883,,69 324 22 2 4 76 234 85 44,item 11883 features: 69 324 22 2 4 76 234 85 44
11885,item_11885,,item_11885,,4 14 37,item 11885 features: 4 14 37
11888,item_11888,,item_11888,,77 568 2 39 5 55 868,item 11888 features: 77 568 2 39 5 55 868
11891,item_11891,,item_11891,,15 2 51 55 5 31,item 11891 features: 15 2 51 55 5 31
11892,item_11892,,item_11892,,2,item 11892 features: 2
11893,item_11893,,item_11893,,49 2 34 173 31 103,item 11893 features: 49 2 34 173 31 103
11894,item_11894,,item_11894,,184 46 2 498 864 5 31,item 11894 features: 184 46 2 498 864 5 31
11897,item_11897,,item_11897,,4 20 720,item 11897 features: 4 20 720
11904,item_11904,,item_11904,,21 782 55,item 11904 features: 21 782 55
11905,item_11905,,item_11905,,4,item 11905 features: 4
11907,item_11907,,item_11907,,398 39 25 5 31,item 11907 features: 398 39 25 5 31
11908,item_11908,,item_11908,,877 52 4 20,item 11908 features: 877 52 4 20
11909,item_11909,,item_11909,,4 541 31,item 11909 features: 4 541 31
11911,item_11911,,item_11911,,51 31,item 11911 features: 51 31
11922,item_11922,,item_11922,,2 34 4 31,item 11922 features: 2 34 4 31
11938,item_11938,,item_11938,,2 44,item 11938 features: 2 44
11942,item_11942,,item_11942,,51 55,item 11942 features: 51 55
11945,item_11945,,item_11945,,49 2 31,item 11945 features: 49 2 31
11948,item_11948,,item_11948,,52 57 37 687,item 11948 features: 52 57 37 687
11949,item_11949,,item_11949,,740 403 2 4 37 5 31 102,item 11949 features: 740 403 2 4 37 5 31 102
11953,item_11953,,item_11953,,2 621,item 11953 features: 2 621
11960,item_11960,,item_11960,,46 34 397 44 28 10 316 2 4 103 120 23 51 625 544 785 31 49,item 11960 features: 46 34 397 44 28 10 316 2 4 103 120 23 51 625 544 785 31 49
11965,item_11965,,item_11965,,51 31 20 55 262,item 11965 features: 51 31 20 55 262
11970,item_11970,,item_11970,,877 49 2 20 377 55,item 11970 features: 877 49 2 20 377 55
12005,item_12005,,item_12005,,10 2 76 4 34 5 110 31,item 12005 features: 10 2 76 4 34 5 110 31
12011,item_12011,,item_12011,,236 46 34 25 811 10 102 2 173 83 103 5 184 51 31 49 117 16 110,item 12011 features: 236 46 34 25 811 10 102 2 173 83 103 5 184 51 31 49 117 16 110
12017,item_12017,,item_12017,,217 4,item 12017 features: 217 4
12022,item_12022,,item_12022,,2 25 44 91,item 12022 features: 2 25 44 91
12024,item_12024,,item_12024,,34 697 10 2 4 389 103 5 977 14 31 49 16 0,item 12024 features: 34 697 10 2 4 389 103 5 977 14 31 49 16 0
12026,item_12026,,item_12026,,34 5 31 10 124,item 12026 features: 34 5 31 10 124
12028,item_12028,,item_12028,,21 31,item 12028 features: 21 31
12029,item_12029,,item_12029,,516 2 776 338 4 76 561 5 176 0 120,item 12029 features: 516 2 776 338 4 76 561 5 176 0 120
12033,item_12033,,item_12033,,34 4 37 31 171,item 12033 features: 34 4 37 31 171
12035,item_12035,,item_12035,,763,item 12035 features: 763
12036,item_12036,,item_12036,,567 2 51 34 4 39 5 28 31,item 12036 features: 567 2 51 34 4 39 5 28 31
12037,item_12037,,item_12037,,69 22 4 647 754 859,item 12037 features: 69 22 4 647 754 859
12042,item_12042,,item_12042,,44,item 12042 features: 44
12056,item_12056,,item_12056,,2 34 55,item 12056 features: 2 34 55
12064,item_12064,,item_12064,,21 2 31,item 12064 features: 21 2 31
12073,item_12073,,item_12073,,22 16 31,item 12073 features: 22 16 31
12076,item_12076,,item_12076,,32 64 97 44,item 12076 features: 32 64 97 44
12077,item_12077,,item_12077,,29 297 415 37 192 472 10,item 12077 features: 29 297 415 37 192 472 10
12088,item_12088,,item_12088,,34,item 12088 features: 34
12093,item_12093,,item_12093,,760,item 12093 features: 760
12094,item_12094,,item_12094,,101 2 31,item 12094 features: 101 2 31
12103,item_12103,,item_12103,,265 2 44,item 12103 features: 265 2 44
12110,item_12110,,item_12110,,468 49 211 2 635 34 51 5 28 55,item 12110 features: 468 49 211 2 635 34 51 5 28 55
12113,item_12113,,item_12113,,21 31 501,item 12113 features: 21 31 501
12115,item_12115,,item_12115,,51 55,item 12115 features: 51 55
12118,item_12118,,item_12118,,672 451 34 25 55 10 69 22 2 4 5 375 50,item 12118 features: 672 451 34 25 55 10 69 22 2 4 5 375 50
12124,item_12124,,item_12124,,2 55,item 12124 features: 2 55
12127,item_12127,,item_12127,,4 20,item 12127 features: 4 20
12138,item_12138,,item_12138,,4 5 16 31,item 12138 features: 4 5 16 31
12140,item_12140,,item_12140,,77 528 2 4 37 685 102,item 12140 features: 77 528 2 4 37 685 102
12154,item_12154,,item_12154,,508,item 12154 features: 508
12155,item_12155,,item_12155,,168,item 12155 features: 168
12167,item_12167,,item_12167,,881,item 12167 features: 881
12176,item_12176,,item_12176,,4,item 12176 features: 4
12177,item_12177,,item_12177,,10 22 2 50 76 34 5 16 31,item 12177 features: 10 22 2 50 76 34 5 16 31
12180,item_12180,,item_12180,,2 55,item 12180 features: 2 55
12181,item_12181,,item_12181,,31,item 12181 features: 31
12188,item_12188,,item_12188,,2 25 16,item 12188 features: 2 25 16
12196,item_12196,,item_12196,,49 51 34 13 44 28 628,item 12196 features: 49 51 34 13 44 28 628
12202,item_12202,,item_12202,,69 22 2 50 5 847,item 12202 features: 69 22 2 50 5 847
12211,item_12211,,item_12211,,22 2 34 4 253 14 25 31 5 10,item 12211 features: 22 2 34 4 253 14 25 31 5 10
12213,item_12213,,item_12213,,265 31,item 12213 features: 265 31
12215,item_12215,,item_12215,,733 276 2 5 16,item 12215 features: 733 276 2 5 16
12238,item_12238,,item_12238,,595,item 12238 features: 595
12243,item_12243,,item_12243,,32 4 37,item 12243 features: 32 4 37
12252,item_12252,,item_12252,,688 301 31,item 12252 features: 688 301 31
12257,item_12257,,item_12257,,69 74 22 4 175 338 5,item 12257 features: 69 74 22 4 175 338 5
12268,item_12268,,item_12268,,51 55,item 12268 features: 51 55
12271,item_12271,,item_12271,,313 4 14 345 20 55,item 12271 features: 313 4 14 345 20 55
12291,item_12291,,item_12291,,69 77 528 22 2 4 37 31 685 102,item 12291 features: 69 77 528 22 2 4 37 31 685 102
12292,item_12292,,item_12292,,51 55,item 12292 features: 51 55
12301,item_12301,,item_12301,,10 34 4 31,item 12301 features: 10 34 4 31
12309,item_12309,,item_12309,,29 46 21 2 133 31,item 12309 features: 29 46 21 2 133 31
12316,item_12316,,item_12316,,161 15 377 103 55 120 23,item 12316 features: 161 15 377 103 55 120 23
12326,item_12326,,item_12326,,46 31,item 12326 features: 46 31
12330,item_12330,,item_12330,,58 15 2 891 55,item 12330 features: 58 15 2 891 55
12332,item_12332,,item_12332,,168 403 46 125 33 4 31,item 12332 features: 168 403 46 125 33 4 31
12338,item_12338,,item_12338,,32 230 2 55,item 12338 features: 32 230 2 55
12352,item_12352,,item_12352,,161 103 55 23,item 12352 features: 161 103 55 23
12366,item_12366,,item_12366,,2 4 14 16 5 31,item 12366 features: 2 4 14 16 5 31
12369,item_12369,,item_12369,,160 304 17 44,item 12369 features: 160 304 17 44
12374,item_12374,,item_12374,,77 263 2 556 4 37 31 5,item 12374 features: 77 263 2 556 4 37 31 5
12379,item_12379,,item_12379,,69 153 22 4 345 335,item 12379 features: 69 153 22 4 345 335
12392,item_12392,,item_12392,,89 743 390,item 12392 features: 89 743 390
12393,item_12393,,item_12393,,51 34 31,item 12393 features: 51 34 31
12398,item_12398,,item_12398,,140,item 12398 features: 140
12414,item_12414,,item_12414,,87,item 12414 features: 87
12415,item_12415,,item_12415,,69 548 22 4,item 12415 features: 69 548 22 4
12418,item_12418,,item_12418,,5 31 102,item 12418 features: 5 31 102
12419,item_12419,,item_12419,,15 2 51 34 4 294 5 55,item 12419 features: 15 2 51 34 4 294 5 55
12420,item_12420,,item_12420,,2 51 34 4 544 44 785 28 5 31 316,item 12420 features: 2 51 34 4 544 44 785 28 5 31 316
12430,item_12430,,item_12430,,161 103 55,item 12430 features: 161 103 55
12437,item_12437,,item_12437,,51 44,item 12437 features: 51 44
12442,item_12442,,item_12442,,209 21 56 31 309,item 12442 features: 209 21 56 31 309
12447,item_12447,,item_12447,,161 21 178 33 2 55 165,item 12447 features: 161 21 178 33 2 55 165
12448,item_12448,,item_12448,,253 63 31,item 12448 features: 253 63 31
12452,item_12452,,item_12452,,2 4 55 84 91 10,item 12452 features: 2 4 55 84 91 10
12462,item_12462,,item_12462,,161 2 25 103 55 23,item 12462 features: 161 2 25 103 55 23
12464,item_12464,,item_12464,,735,item 12464 features: 735
12480,item_12480,,item_12480,,10 2 34 25 55,item 12480 features: 10 2 34 25 55
12489,item_12489,,item_12489,,453 406 2 197 4 31 165 156,item 12489 features: 453 406 2 197 4 31 165 156
12496,item_12496,,item_12496,,2 25,item 12496 features: 2 25
12502,item_12502,,item_12502,,25 31,item 12502 features: 25 31
12507,item_12507,,item_12507,,55,item 12507 features: 55
12513,item_12513,,item_12513,,2 34 265 55,item 12513 features: 2 34 265 55
12515,item_12515,,item_12515,,15 2 34 517 831 44 103 23,item 12515 features: 15 2 34 517 831 44 103 23
12520,item_12520,,item_12520,,2,item 12520 features: 2
12521,item_12521,,item_12521,,31,item 12521 features: 31
12531,item_12531,,item_12531,,55,item 12531 features: 55
12532,item_12532,,item_12532,,10 46 34 25 4 5 31,item 12532 features: 10 46 34 25 4 5 31
12534,item_12534,,item_12534,,51 55,item 12534 features: 51 55
12540,item_12540,,item_12540,,2 81 55,item 12540 features: 2 81 55
12552,item_12552,,item_12552,,69 2 76 4 345 5 31 0 852,item 12552 features: 69 2 76 4 345 5 31 0 852
12554,item_12554,,item_12554,,58 108 2 4 20 16 44 5,item 12554 features: 58 108 2 4 20 16 44 5
12555,item_12555,,item_12555,,32 64 124 31 253 97 37 629 691 243,item 12555 features: 32 64 124 31 253 97 37 629 691 243
12558,item_12558,,item_12558,,462 2 34 37 31,item 12558 features: 462 2 34 37 31
12563,item_12563,,item_12563,,942 4 34,item 12563 features: 942 4 34
12569,item_12569,,item_12569,,1 15 217 594 51 4 20 92 44,item 12569 features: 1 15 217 594 51 4 20 92 44
12574,item_12574,,item_12574,,564 4 25 20 14 296 92,item 12574 features: 564 4 25 20 14 296 92
12577,item_12577,,item_12577,,21 44,item 12577 features: 21 44
12578,item_12578,,item_12578,,69 168 32 983 22 2 50 4 14 270 85 5,item 12578 features: 69 168 32 983 22 2 50 4 14 270 85 5
12581,item_12581,,item_12581,,24 52 57 37 687 72,item 12581 features: 24 52 57 37 687 72
12582,item_12582,,item_12582,,34,item 12582 features: 34
12594,item_12594,,item_12594,,25,item 12594 features: 25
12597,item_12597,,item_12597,,2 341 28 44,item 12597 features: 2 341 28 44
12600,item_12600,,item_12600,,69 24 22 4 31 0,item 12600 features: 69 24 22 4 31 0
12629,item_12629,,item_12629,,433 4 20 102,item 12629 features: 433 4 20 102
12633,item_12633,,item_12633,,51 31,item 12633 features: 51 31
12642,item_12642,,item_12642,,51 44,item 12642 features: 51 44
12650,item_12650,,item_12650,,2 55,item 12650 features: 2 55
12651,item_12651,,item_12651,,51 44,item 12651 features: 51 44
12664,item_12664,,item_12664,,44,item 12664 features: 44
12665,item_12665,,item_12665,,196 2 4 34 5 16 174 55 10,item 12665 features: 196 2 4 34 5 16 174 55 10
12666,item_12666,,item_12666,,2 338 691 55,item 12666 features: 2 338 691 55
12671,item_12671,,item_12671,,96 22 2 5 28 55,item 12671 features: 96 22 2 5 28 55
12673,item_12673,,item_12673,,31,item 12673 features: 31
12680,item_12680,,item_12680,,64 401 225 647 446 124,item 12680 features: 64 401 225 647 446 124
12686,item_12686,,item_12686,,10 2 55 31,item 12686 features: 10 2 55 31
12689,item_12689,,item_12689,,10 96 2 25 34 166 16 31,item 12689 features: 10 96 2 25 34 166 16 31
12699,item_12699,,item_12699,,77 2 649 25 4 5 31,item 12699 features: 77 2 649 25 4 5 31
12700,item_12700,,item_12700,,69 125 52 33 22 2 50 4 44 321,item 12700 features: 69 125 52 33 22 2 50 4 44 321
12706,item_12706,,item_12706,,2 16 5 55 10,item 12706 features: 2 16 5 55 10
12730,item_12730,,item_12730,,919 37 889 142,item 12730 features: 919 37 889 142
12744,item_12744,,item_12744,,97,item 12744 features: 97
12750,item_12750,,item_12750,,941 21 49 2 34 44,item 12750 features: 941 21 49 2 34 44
12757,item_12757,,item_12757,,298 15 2 51 34 4 5 44 31,item 12757 features: 298 15 2 51 34 4 5 44 31
12759,item_12759,,item_12759,,34 4 31,item 12759 features: 34 4 31
12765,item_12765,,item_12765,,471,item 12765 features: 471
12767,item_12767,,item_12767,,10,item 12767 features: 10
12770,item_12770,,item_12770,,500 2 76 55,item 12770 features: 500 2 76 55
12771,item_12771,,item_12771,,672,item 12771 features: 672
12773,item_12773,,item_12773,,184 125 46 33 2 4 25 14 16 297 55,item 12773 features: 184 125 46 33 2 4 25 14 16 297 55
12774,item_12774,,item_12774,,51 55,item 12774 features: 51 55
12777,item_12777,,item_12777,,15 2 517 55,item 12777 features: 15 2 517 55
12783,item_12783,,item_12783,,22 2 50 39 4 5 44 147,item 12783 features: 22 2 50 39 4 5 44 147
12788,item_12788,,item_12788,,24,item 12788 features: 24
12792,item_12792,,item_12792,,34 25 55 2 4 173 103 5 23 246 49 16,item 12792 features: 34 25 55 2 4 173 103 5 23 246 49 16
12793,item_12793,,item_12793,,46 78,item 12793 features: 46 78
12808,item_12808,,item_12808,,2 50 507 456 55,item 12808 features: 2 50 507 456 55
12809,item_12809,,item_12809,,15 794 2 51 31 16 83 294 103 55 5 23,item 12809 features: 15 794 2 51 31 16 83 294 103 55 5 23
12813,item_12813,,item_12813,,69 22 57 4 34 234 85 31 10,item 12813 features: 69 22 57 4 34 234 85 31 10
12814,item_12814,,item_12814,,15 2 51 4 39 436 75 461 28 31 5 10,item 12814 features: 15 2 51 4 39 436 75 461 28 31 5 10
12815,item_12815,,item_12815,,55,item 12815 features: 55
12817,item_12817,,item_12817,,4 37 10,item 12817 features: 4 37 10
12830,item_12830,,item_12830,,77 727 2 4 102 5 216 44 37,item 12830 features: 77 727 2 4 102 5 216 44 37
12838,item_12838,,item_12838,,217 327,item 12838 features: 217 327
12841,item_12841,,item_12841,,520 737 51 2 20 5 337 31,item 12841 features: 520 737 51 2 20 5 337 31
12845,item_12845,,item_12845,,103 55 23,item 12845 features: 103 55 23
12853,item_12853,,item_12853,,51 55,item 12853 features: 51 55
12854,item_12854,,item_12854,,29 228 400 2 37 31 183,item 12854 features: 29 228 400 2 37 31 183
12868,item_12868,,item_12868,,2 34 4 16 173 103 55 23,item 12868 features: 2 34 4 16 173 103 55 23
12871,item_12871,,item_12871,,15 2 44 372,item 12871 features: 15 2 44 372
12877,item_12877,,item_12877,,34 4 55,item 12877 features: 34 4 55
12881,item_12881,,item_12881,,4 16,item 12881 features: 4 16
12883,item_12883,,item_12883,,15 51 2 55 5 31,item 12883 features: 15 51 2 55 5 31
12896,item_12896,,item_12896,,209 22 2 719 4 5 55,item 12896 features: 209 22 2 719 4 5 55
12913,item_12913,,item_12913,,250 2 5 31,item 12913 features: 250 2 5 31
12921,item_12921,,item_12921,,2 4 31 262,item 12921 features: 2 4 31 262
12923,item_12923,,item_12923,,119 386 34 37 185 198 21 243 424 6 97 62 31 30 32 192,item 12923 features: 119 386 34 37 185 198 21 243 424 6 97 62 31 30 32 192
12927,item_12927,,item_12927,,209 4 802,item 12927 features: 209 4 802
12929,item_12929,,item_12929,,2 667 76 16 333 31,item 12929 features: 2 667 76 16 333 31
12939,item_12939,,item_12939,,10 605 49 51 2 4 34 563 28 103 31 5,item 12939 features: 10 605 49 51 2 4 34 563 28 103 31 5
12951,item_12951,,item_12951,,184 46 399 618 2 542 253 4 5 31 10,item 12951 features: 184 46 399 618 2 542 253 4 5 31 10
12954,item_12954,,item_12954,,2 34 55,item 12954 features: 2 34 55
12965,item_12965,,item_12965,,34 28 15 2 4 75 5 51 436 469 376 31 461,item 12965 features: 34 28 15 2 4 75 5 51 436 469 376 31 461
12971,item_12971,,item_12971,,32 64 6 97 37 649 124,item 12971 features: 32 64 6 97 37 649 124
12975,item_12975,,item_12975,,4 31,item 12975 features: 4 31
12976,item_12976,,item_12976,,674 32 64 399 637 97 213 124,item 12976 features: 674 32 64 399 637 97 213 124
12978,item_12978,,item_12978,,21 401 887 225 2 56 148 55,item 12978 features: 21 401 887 225 2 56 148 55
12988,item_12988,,item_12988,,69 22,item 12988 features: 69 22
12991,item_12991,,item_12991,,227,item 12991 features: 227
12995,item_12995,,item_12995,,4 5 102,item 12995 features: 4 5 102
13001,item_13001,,item_13001,,31 649,item 13001 features: 31 649
13002,item_13002,,item_13002,,46 2 4 76 202 55 5 0 120,item 13002 features: 46 2 4 76 202 55 5 0 120
13006,item_13006,,item_13006,,246 253 165,item 13006 features: 246 253 165
13009,item_13009,,item_13009,,51 55,item 13009 features: 51 55
13012,item_13012,,item_13012,,2 44,item 13012 features: 2 44
13015,item_13015,,item_13015,,2 55,item 13015 features: 2 55
13021,item_13021,,item_13021,,225 4,item 13021 features: 225 4
13022,item_13022,,item_13022,,356 2 851 28 55 5,item 13022 features: 356 2 851 28 55 5
13023,item_13023,,item_13023,,51 4 55,item 13023 features: 51 4 55
13025,item_13025,,item_13025,,4,item 13025 features: 4
13028,item_13028,,item_13028,,528 4 16 37 5,item 13028 features: 528 4 16 37 5
13029,item_13029,,item_13029,,2 55,item 13029 features: 2 55
13031,item_13031,,item_13031,,301 31,item 13031 features: 301 31
13042,item_13042,,item_13042,,58 69 516 211 22 2 50 4 321 55,item 13042 features: 58 69 516 211 22 2 50 4 321 55
13051,item_13051,,item_13051,,161 21 2 55,item 13051 features: 161 21 2 55
13062,item_13062,,item_13062,,52 4 20 67,item 13062 features: 52 4 20 67
13070,item_13070,,item_13070,,217 51 31,item 13070 features: 217 51 31
13071,item_13071,,item_13071,,51 55,item 13071 features: 51 55
13078,item_13078,,item_13078,,104,item 13078 features: 104
13093,item_13093,,item_13093,,15 2 5,item 13093 features: 15 2 5
13094,item_13094,,item_13094,,567 51 2 39 34 31 28 55 5,item 13094 features: 567 51 2 39 34 31 28 55 5
13098,item_13098,,item_13098,,69 915 22 2 51 34 4 5 31,item 13098 features: 69 915 22 2 51 34 4 5 31
13103,item_13103,,item_13103,,104 31,item 13103 features: 104 31
13107,item_13107,,item_13107,,44 23,item 13107 features: 44 23
13109,item_13109,,item_13109,,55,item 13109 features: 55
13114,item_13114,,item_13114,,582 4 20 337,item 13114 features: 582 4 20 337
13120,item_13120,,item_13120,,2 55,item 13120 features: 2 55
13124,item_13124,,item_13124,,235 4 14,item 13124 features: 235 4 14
13127,item_13127,,item_13127,,64 2 4 5 16 55,item 13127 features: 64 2 4 5 16 55
13130,item_13130,,item_13130,,2 4 16 31,item 13130 features: 2 4 16 31
13133,item_13133,,item_13133,,770 21 2 54 165 31 122,item 13133 features: 770 21 2 54 165 31 122
13138,item_13138,,item_13138,,22 2 51 34 934 110 28 31,item 13138 features: 22 2 51 34 934 110 28 31
13141,item_13141,,item_13141,,752 2 16 5 31,item 13141 features: 752 2 16 5 31
13145,item_13145,,item_13145,,2 34 4 173 103 55 10,item 13145 features: 2 34 4 173 103 55 10
13146,item_13146,,item_13146,,10,item 13146 features: 10
13150,item_13150,,item_13150,,516 2 561 5 176 31,item 13150 features: 516 2 561 5 176 31
13151,item_13151,,item_13151,,69 22 2 50 4 900 5 31 0,item 13151 features: 69 22 2 50 4 900 5 31 0
13165,item_13165,,item_13165,,89 21 390 44,item 13165 features: 89 21 390 44
13170,item_13170,,item_13170,,51 55,item 13170 features: 51 55
13176,item_13176,,item_13176,,2 50 31,item 13176 features: 2 50 31
13193,item_13193,,item_13193,,58 10 15 34 4 199 31,item 13193 features: 58 10 15 34 4 199 31
13198,item_13198,,item_13198,,458 500 2 4 25 37 31 0,item 13198 features: 458 500 2 4 25 37 31 0
13199,item_13199,,item_13199,,21 2 44 192,item 13199 features: 21 2 44 192
13203,item_13203,,item_13203,,22 716 373 50 2 113 31,item 13203 features: 22 716 373 50 2 113 31
13207,item_13207,,item_13207,,10,item 13207 features: 10
13209,item_13209,,item_13209,,25 37 44,item 13209 features: 25 37 44
13211,item_13211,,item_13211,,34 16 31,item 13211 features: 34 16 31
13212,item_13212,,item_13212,,15 2 51 34 5 31 10,item 13212 features: 15 2 51 34 5 31 10
13215,item_13215,,item_13215,,564 2 4 296 5 16 31,item 13215 features: 564 2 4 296 5 16 31
13223,item_13223,,item_13223,,22 4 82,item 13223 features: 22 4 82
13225,item_13225,,item_13225,,51 463 44 31,item 13225 features: 51 463 44 31
13227,item_13227,,item_13227,,34 4 376 31,item 13227 features: 34 4 376 31
13230,item_13230,,item_13230,,31,item 13230 features: 31
13231,item_13231,,item_13231,,263 16 31,item 13231 features: 263 16 31
13233,item_13233,,item_13233,,2 50 31,item 13233 features: 2 50 31
13234,item_13234,,item_13234,,406 947 55 572 404 21 2 103 23 743 974 31 161 73 56 165,item 13234 features: 406 947 55 572 404 21 2 103 23 743 974 31 161 73 56 165
13237,item_13237,,item_13237,,69 2 51 55 5 86 31 165,item 13237 features: 69 2 51 55 5 86 31 165
13242,item_13242,,item_13242,,69 834 22 2 76 4 16 85 55,item 13242 features: 69 834 22 2 76 4 16 85 55
13260,item_13260,,item_13260,,69 15 611 51 4 20 55,item 13260 features: 69 15 611 51 4 20 55
13265,item_13265,,item_13265,,32 21 2 56 37 133 31,item 13265 features: 32 21 2 56 37 133 31
13274,item_13274,,item_13274,,31,item 13274 features: 31
13279,item_13279,,item_13279,,65 125 33 2 51 25 4 5 892 16 31 652,item 13279 features: 65 125 33 2 51 25 4 5 892 16 31 652
13284,item_13284,,item_13284,,500 2 76 5 31,item 13284 features: 500 2 76 5 31
13287,item_13287,,item_13287,,15 4 20 296,item 13287 features: 15 4 20 296
13296,item_13296,,item_13296,,21 2 44,item 13296 features: 21 2 44
13297,item_13297,,item_13297,,32 64 225 37 187 124,item 13297 features: 32 64 225 37 187 124
13328,item_13328,,item_13328,,34 55 10 2 4 173 223 103 5 919 31 49 16 110,item 13328 features: 34 55 10 2 4 173 223 103 5 919 31 49 16 110
13330,item_13330,,item_13330,,51 55,item 13330 features: 51 55
13334,item_13334,,item_13334,,21 2 31 55,item 13334 features: 21 2 31 55
13336,item_13336,,item_13336,,58 15 91 516 51 55 2 5 31,item 13336 features: 58 15 91 516 51 55 2 5 31
13339,item_13339,,item_13339,,862 46 22 2 50 4 5 44,item 13339 features: 862 46 22 2 50 4 5 44
13349,item_13349,,item_13349,,4 166 735 31,item 13349 features: 4 166 735 31
13355,item_13355,,item_13355,,1 2 167 55,item 13355 features: 1 2 167 55
13359,item_13359,,item_13359,,2 25 5 55,item 13359 features: 2 25 5 55
13361,item_13361,,item_13361,,10 46 49 2 51 34 760 16 5 28 31 103,item 13361 features: 10 46 49 2 51 34 760 16 5 28 31 103
13367,item_13367,,item_13367,,29 21 2 31 165,item 13367 features: 29 21 2 31 165
13368,item_13368,,item_13368,,2 973,item 13368 features: 2 973
13378,item_13378,,item_13378,,520 737 168 217 51 2 167 55 20 166 337 31,item 13378 features: 520 737 168 217 51 2 167 55 20 166 337 31
13383,item_13383,,item_13383,,21 2 55,item 13383 features: 21 2 55
13393,item_13393,,item_13393,,10,item 13393 features: 10
13394,item_13394,,item_13394,,2 4 5 16 31,item 13394 features: 2 4 5 16 31
13401,item_13401,,item_13401,,31,item 13401 features: 31
13410,item_13410,,item_13410,,2 5 16 31,item 13410 features: 2 5 16 31
13411,item_13411,,item_13411,,2 4 14 861 44 5 16,item 13411 features: 2 4 14 861 44 5 16
13414,item_13414,,item_13414,,10 228 2 265 31,item 13414 features: 10 228 2 265 31
13420,item_13420,,item_13420,,161 103 55 23,item 13420 features: 161 103 55 23
13421,item_13421,,item_13421,,557,item 13421 features: 557
13424,item_13424,,item_13424,,437 29 401,item 13424 features: 437 29 401
13426,item_13426,,item_13426,,69 767 52 22 234 4 882 85 31,item 13426 features: 69 767 52 22 234 4 882 85 31
13443,item_13443,,item_13443,,262,item 13443 features: 262
13444,item_13444,,item_13444,,58 394 49 2 34 349 173 103 31 10,item 13444 features: 58 394 49 2 34 349 173 103 31 10
13447,item_13447,,item_13447,,55,item 13447 features: 55
13448,item_13448,,item_13448,,69 22 2 4 345 5 31 8,item 13448 features: 69 22 2 4 345 5 31 8
13450,item_13450,,item_13450,,2 55,item 13450 features: 2 55
13451,item_13451,,item_13451,,10 15 2 51 13 34 340 31,item 13451 features: 10 15 2 51 13 34 340 31
13452,item_13452,,item_13452,,69 651 2 39 76 4 31 5 0,item 13452 features: 69 651 2 39 76 4 31 5 0
13453,item_13453,,item_13453,,881 51 4 55,item 13453 features: 881 51 4 55
13458,item_13458,,item_13458,,119 840 37 55 65 74 2 4 223 57 740 332 193 8 472,item 13458 features: 119 840 37 55 65 74 2 4 223 57 740 332 193 8 472
13460,item_13460,,item_13460,,2 51 76 5 55 319,item 13460 features: 2 51 76 5 55 319
13462,item_13462,,item_13462,,69 233 22 2 667 313 4 76 213 5 44 16 0,item 13462 features: 69 233 22 2 667 313 4 76 213 5 44 16 0
13465,item_13465,,item_13465,,46 2 4 202 55,item 13465 features: 46 2 4 202 55
13466,item_13466,,item_13466,,55 21 2 265 103 14 87 161 64 32 56 124,item 13466 features: 55 21 2 265 103 14 87 161 64 32 56 124
13472,item_13472,,item_13472,,1 2 51 4 31,item 13472 features: 1 2 51 4 31
13477,item_13477,,item_13477,,31,item 13477 features: 31
13478,item_13478,,item_13478,,34 28 44 10 2 103 5 23 51 625 31 49 409,item 13478 features: 34 28 44 10 2 103 5 23 51 625 31 49 409
13485,item_13485,,item_13485,,46 78,item 13485 features: 46 78
13487,item_13487,,item_13487,,85 573,item 13487 features: 85 573
13490,item_13490,,item_13490,,839,item 13490 features: 839
13494,item_13494,,item_13494,,788,item 13494 features: 788
13495,item_13495,,item_13495,,69 22 4 248,item 13495 features: 69 22 4 248
13498,item_13498,,item_13498,,69 2 167 76,item 13498 features: 69 2 167 76
13500,item_13500,,item_13500,,21 31,item 13500 features: 21 31
13507,item_13507,,item_13507,,51 31,item 13507 features: 51 31
13510,item_13510,,item_13510,,401 205 225 2 963 31,item 13510 features: 401 205 225 2 963 31
13511,item_13511,,item_13511,,51 55,item 13511 features: 51 55
13512,item_13512,,item_13512,,4 790,item 13512 features: 4 790
13519,item_13519,,item_13519,,804 4,item 13519 features: 804 4
13529,item_13529,,item_13529,,87 15 2 51 34 4 5 28 31 120,item 13529 features: 87 15 2 51 34 4 5 28 31 120
13550,item_13550,,item_13550,,21 34,item 13550 features: 21 34
13551,item_13551,,item_13551,,161 746 2 167 55 128,item 13551 features: 161 746 2 167 55 128
13559,item_13559,,item_13559,,69 52 925 22 4 907 85 31,item 13559 features: 69 52 925 22 4 907 85 31
13562,item_13562,,item_13562,,53 2 55 128,item 13562 features: 53 2 55 128
13567,item_13567,,item_13567,,10 49 2 34 37 296 173 103 31,item 13567 features: 10 49 2 34 37 296 173 103 31
13574,item_13574,,item_13574,,44 265,item 13574 features: 44 265
13591,item_13591,,item_13591,,69 22 2 94 25 113 4 5 286 307,item 13591 features: 69 22 2 94 25 113 4 5 286 307
13607,item_13607,,item_13607,,2 4 5 55 10,item 13607 features: 2 4 5 55 10
13613,item_13613,,item_13613,,219 25 31,item 13613 features: 219 25 31
13614,item_13614,,item_13614,,890 4 297 31,item 13614 features: 890 4 297 31
13620,item_13620,,item_13620,,58 125 34 10 74 33 2 4 5 77 650 271 31 49,item 13620 features: 58 125 34 10 74 33 2 4 5 77 650 271 31 49
13629,item_13629,,item_13629,,25 4 37 102,item 13629 features: 25 4 37 102
13637,item_13637,,item_13637,,22 34 4 31,item 13637 features: 22 34 4 31
13644,item_13644,,item_13644,,64 415 31 67 54 91 248,item 13644 features: 64 415 31 67 54 91 248
13652,item_13652,,item_13652,,69 382 2 13 167 47 5 742,item 13652 features: 69 382 2 13 167 47 5 742
13653,item_13653,,item_13653,,80,item 13653 features: 80
13657,item_13657,,item_13657,,21 158 2 56 801 31,item 13657 features: 21 158 2 56 801 31
13658,item_13658,,item_13658,,211 2 4 16 55,item 13658 features: 211 2 4 16 55
13663,item_13663,,item_13663,,69 22 2 76 4 5 55 0,item 13663 features: 69 22 2 76 4 5 55 0
13673,item_13673,,item_13673,,2 16 55,item 13673 features: 2 16 55
13675,item_13675,,item_13675,,784,item 13675 features: 784
13681,item_13681,,item_13681,,2 20 765 5 31,item 13681 features: 2 20 765 5 31
13682,item_13682,,item_13682,,2 44 265,item 13682 features: 2 44 265
13694,item_13694,,item_13694,,2 51 20 5 55 803,item 13694 features: 2 51 20 5 55 803
13698,item_13698,,item_13698,,137 49 51 2 34 16 44 103 31 173 5 23,item 13698 features: 137 49 51 2 34 16 44 103 31 173 5 23
13701,item_13701,,item_13701,,125 33 2 4 94 25 16 5 31,item 13701 features: 125 33 2 4 94 25 16 5 31
13705,item_13705,,item_13705,,69 22 2 50 76 4 5 31,item 13705 features: 69 22 2 50 76 4 5 31
13710,item_13710,,item_13710,,2 4 55 322 31,item 13710 features: 2 4 55 322 31
13717,item_13717,,item_13717,,43 2 76 4 28 55,item 13717 features: 43 2 76 4 28 55
13719,item_13719,,item_13719,,235 4 14 248,item 13719 features: 235 4 14 248
13721,item_13721,,item_13721,,594 4 20,item 13721 features: 594 4 20
13729,item_13729,,item_13729,,15 2 5 31,item 13729 features: 15 2 5 31
13730,item_13730,,item_13730,,168 4 14,item 13730 features: 168 4 14
13734,item_13734,,item_13734,,55,item 13734 features: 55
13739,item_13739,,item_13739,,161 2 44,item 13739 features: 161 2 44
13740,item_13740,,item_13740,,46 226 69 22 4 5 816 85 31 50 234 16 522,item 13740 features: 46 226 69 22 4 5 816 85 31 50 234 16 522
13743,item_13743,,item_13743,,51 55,item 13743 features: 51 55
13746,item_13746,,item_13746,,804,item 13746 features: 804
13752,item_13752,,item_13752,,51 34 31 10,item 13752 features: 51 34 31 10
13777,item_13777,,item_13777,,51 55,item 13777 features: 51 55
13783,item_13783,,item_13783,,15 49 2 377 5 841 55,item 13783 features: 15 49 2 377 5 841 55
13784,item_13784,,item_13784,,2 31,item 13784 features: 2 31
13788,item_13788,,item_13788,,626 51 31 55 128,item 13788 features: 626 51 31 55 128
13791,item_13791,,item_13791,,614 4 20,item 13791 features: 614 4 20
13795,item_13795,,item_13795,,28 15 2 4 75 5 51 436 31 461,item 13795 features: 28 15 2 4 75 5 51 436 31 461
13797,item_13797,,item_13797,,65 32 64 97 31,item 13797 features: 65 32 64 97 31
13798,item_13798,,item_13798,,52 303 4 20 8,item 13798 features: 52 303 4 20 8
13799,item_13799,,item_13799,,55,item 13799 features: 55
13808,item_13808,,item_13808,,77 51 483 4 2 3 5 31,item 13808 features: 77 51 483 4 2 3 5 31
13817,item_13817,,item_13817,,15 22 2 880 20 55 846,item 13817 features: 15 22 2 880 20 55 846
13835,item_13835,,item_13835,,2 25 20 5 31,item 13835 features: 2 25 20 5 31
13858,item_13858,,item_13858,,21 64 49 2 34 173 103 31 10,item 13858 features: 21 64 49 2 34 173 103 31 10
13859,item_13859,,item_13859,,4 44,item 13859 features: 4 44
13861,item_13861,,item_13861,,10 21 2 34 31,item 13861 features: 10 21 2 34 31
13863,item_13863,,item_13863,,69 24 22 2 667 4 76 5 16 333 297 55 120,item 13863 features: 69 24 22 2 667 4 76 5 16 333 297 55 120
13866,item_13866,,item_13866,,77 38 4 37 5,item 13866 features: 77 38 4 37 5
13876,item_13876,,item_13876,,51 55,item 13876 features: 51 55
13882,item_13882,,item_13882,,49 51 2 34 31 23 173 5 44 103 16,item 13882 features: 49 51 2 34 31 23 173 5 44 103 16
13883,item_13883,,item_13883,,881 15 4 20 638,item 13883 features: 881 15 4 20 638
13888,item_13888,,item_13888,,31 51 2 4 253 14 16 55 5,item 13888 features: 31 51 2 4 253 14 16 55 5
13897,item_13897,,item_13897,,58 10 15 2 51 34 4 707 28 5 31 372,item 13897 features: 58 10 15 2 51 34 4 707 28 5 31 372
13900,item_13900,,item_13900,,4,item 13900 features: 4
13907,item_13907,,item_13907,,58,item 13907 features: 58
13910,item_13910,,item_13910,,58 150 2 4 14 67 5 970 31 35,item 13910 features: 58 150 2 4 14 67 5 970 31 35
13915,item_13915,,item_13915,,44 55 15 2 5 956 51 49,item 13915 features: 44 55 15 2 5 956 51 49
13918,item_13918,,item_13918,,89 404 91 390 406 2 31 889,item 13918 features: 89 404 91 390 406 2 31 889
13928,item_13928,,item_13928,,46 2 25 678 16 5 103 31 23,item 13928 features: 46 2 25 678 16 5 103 31 23
13940,item_13940,,item_13940,,217 913 44,item 13940 features: 217 913 44
13943,item_13943,,item_13943,,69 22 4 44 0 120,item 13943 features: 69 22 4 44 0 120
13946,item_13946,,item_13946,,55,item 13946 features: 55
13953,item_13953,,item_13953,,69 168 718 22 50 4 85 5,item 13953 features: 69 168 718 22 50 4 85 5
13961,item_13961,,item_13961,,22 2 31 113 545,item 13961 features: 22 2 31 113 545
13962,item_13962,,item_13962,,804 4 20,item 13962 features: 804 4 20
13981,item_13981,,item_13981,,69 22 2 50 4 60 5 145 55,item 13981 features: 69 22 2 50 4 60 5 145 55
13983,item_13983,,item_13983,,77 10 416 49 2 34 4 37 173 71 5 103 31,item 13983 features: 77 10 416 49 2 34 4 37 173 71 5 103 31
13984,item_13984,,item_13984,,2 4 16 5 31,item 13984 features: 2 4 16 5 31
13985,item_13985,,item_13985,,64 2 55,item 13985 features: 64 2 55
13987,item_13987,,item_13987,,69 458 2 4 102,item 13987 features: 69 458 2 4 102
14002,item_14002,,item_14002,,338 4 0,item 14002 features: 338 4 0
14010,item_14010,,item_14010,,21 965 44,item 14010 features: 21 965 44
14019,item_14019,,item_14019,,2 34 4 892 5 55,item 14019 features: 2 34 4 892 5 55
14024,item_14024,,item_14024,,920 37 216,item 14024 features: 920 37 216
14031,item_14031,,item_14031,,354 49 2 34 14 4 173 16 103 31,item 14031 features: 354 49 2 34 14 4 173 16 103 31
14037,item_14037,,item_14037,,57 2 296 37 31,item 14037 features: 57 2 296 37 31
14038,item_14038,,item_14038,,2 208 55,item 14038 features: 2 208 55
14049,item_14049,,item_14049,,24 366 34 894 16 44,item 14049 features: 24 366 34 894 16 44
14053,item_14053,,item_14053,,794 2 880 4 55,item 14053 features: 794 2 880 4 55
14054,item_14054,,item_14054,,21 2 55,item 14054 features: 21 2 55
14055,item_14055,,item_14055,,794 2 51 76 113 55 831 128,item 14055 features: 794 2 51 76 113 55 831 128
14056,item_14056,,item_14056,,524 32 21 34 97,item 14056 features: 524 32 21 34 97
14057,item_14057,,item_14057,,64 472 193 37 216,item 14057 features: 64 472 193 37 216
14058,item_14058,,item_14058,,91 2 4 31 262,item 14058 features: 91 2 4 31 262
14061,item_14061,,item_14061,,761 16 31,item 14061 features: 761 16 31
14068,item_14068,,item_14068,,363 4 55,item 14068 features: 363 4 55
14079,item_14079,,item_14079,,46 2 4 14 930 110 44 5 10,item 14079 features: 46 2 4 14 930 110 44 5 10
14082,item_14082,,item_14082,,39 34 28 44 10 15 2 4 103 5 23 51 625 31,item 14082 features: 39 34 28 44 10 15 2 4 103 5 23 51 625 31
14083,item_14083,,item_14083,,283,item 14083 features: 283
14088,item_14088,,item_14088,,21 2 31,item 14088 features: 21 2 31
14089,item_14089,,item_14089,,1 167 34 44 10,item 14089 features: 1 167 34 44 10
14090,item_14090,,item_14090,,777 2 113 259 31,item 14090 features: 777 2 113 259 31
14093,item_14093,,item_14093,,53 2 5 55,item 14093 features: 53 2 5 55
14097,item_14097,,item_14097,,304 312 17 73 853 661 425,item 14097 features: 304 312 17 73 853 661 425
14099,item_14099,,item_14099,,10 49 22 2 53 34 103 55 23,item 14099 features: 10 49 22 2 53 34 103 55 23
14100,item_14100,,item_14100,,877 51 31,item 14100 features: 877 51 31
14113,item_14113,,item_14113,,32 64 44 166 192 243,item 14113 features: 32 64 44 166 192 243
14119,item_14119,,item_14119,,32 4 37 796,item 14119 features: 32 4 37 796
14122,item_14122,,item_14122,,2 50 5 91,item 14122 features: 2 50 5 91
14123,item_14123,,item_14123,,1 2 51 76 5 44 382,item 14123 features: 1 2 51 76 5 44 382
14132,item_14132,,item_14132,,737 2 337 55,item 14132 features: 737 2 337 55
14136,item_14136,,item_14136,,64 2 166 5 16 55,item 14136 features: 64 2 166 5 16 55
14139,item_14139,,item_14139,,10 2 34 5 16 31,item 14139 features: 10 2 34 5 16 31
14142,item_14142,,item_14142,,77 57 4 37 5,item 14142 features: 77 57 4 37 5
14143,item_14143,,item_14143,,265,item 14143 features: 265
14146,item_14146,,item_14146,,46 4 14 16 5 31 10,item 14146 features: 46 4 14 16 5 31 10
14151,item_14151,,item_14151,,51 55,item 14151 features: 51 55
14155,item_14155,,item_14155,,103 55 23,item 14155 features: 103 55 23
14157,item_14157,,item_14157,,32 64 97,item 14157 features: 32 64 97
14159,item_14159,,item_14159,,265 44,item 14159 features: 265 44
14161,item_14161,,item_14161,,22 716 50 373 2 113 37 5 31,item 14161 features: 22 716 50 373 2 113 37 5 31
14165,item_14165,,item_14165,,447 74 462 64 6 188 748 37 138 472 239,item 14165 features: 447 74 462 64 6 188 748 37 138 472 239
14169,item_14169,,item_14169,,401 225 148,item 14169 features: 401 225 148
14175,item_14175,,item_14175,,582 193 16 44,item 14175 features: 582 193 16 44
14180,item_14180,,item_14180,,227,item 14180 features: 227
14191,item_14191,,item_14191,,332 447 32 21 6 188 37 71 44,item 14191 features: 332 447 32 21 6 188 37 71 44
14194,item_14194,,item_14194,,877 4 20,item 14194 features: 877 4 20
14197,item_14197,,item_14197,,15 22 2 55,item 14197 features: 15 22 2 55
14200,item_14200,,item_14200,,4 37 5 282 31,item 14200 features: 4 37 5 282 31
14211,item_14211,,item_14211,,1 51 2 5 55,item 14211 features: 1 51 2 5 55
14216,item_14216,,item_14216,,32 21 2 31 338 121,item 14216 features: 32 21 2 31 338 121
14219,item_14219,,item_14219,,51 788 31,item 14219 features: 51 788 31
14238,item_14238,,item_14238,,46 151 2 122 37 31 472,item 14238 features: 46 151 2 122 37 31 472
14239,item_14239,,item_14239,,2 16 55,item 14239 features: 2 16 55
14241,item_14241,,item_14241,,64 48 44 142,item 14241 features: 64 48 44 142
14244,item_14244,,item_14244,,482,item 14244 features: 482
14245,item_14245,,item_14245,,32 21 151 2 55 654,item 14245 features: 32 21 151 2 55 654
14252,item_14252,,item_14252,,2 51 464 345 31,item 14252 features: 2 51 464 345 31
14253,item_14253,,item_14253,,125 46 33 2 25 4 678 5 103 31 23,item 14253 features: 125 46 33 2 25 4 678 5 103 31 23
14254,item_14254,,item_14254,,58 34 340 44 2 616 180 264 87 32 64 793 253 124,item 14254 features: 58 34 340 44 2 616 180 264 87 32 64 793 253 124
14255,item_14255,,item_14255,,869,item 14255 features: 869
14267,item_14267,,item_14267,,262,item 14267 features: 262
14279,item_14279,,item_14279,,69 22 50 4 816 234 5 522 31,item 14279 features: 69 22 50 4 816 234 5 522 31
14281,item_14281,,item_14281,,554 2 55,item 14281 features: 554 2 55
14288,item_14288,,item_14288,,2 55,item 14288 features: 2 55
14294,item_14294,,item_14294,,2 55,item 14294 features: 2 55
14306,item_14306,,item_14306,,125 33 2 895 4 51 14 16 5 31,item 14306 features: 125 33 2 895 4 51 14 16 5 31
14309,item_14309,,item_14309,,58 502 125 397 28 69 15 33 22 4 5 120 51 271 13,item 14309 features: 58 502 125 397 28 69 15 33 22 4 5 120 51 271 13
14326,item_14326,,item_14326,,4,item 14326 features: 4
14339,item_14339,,item_14339,,125 33 2 729 4 14 16 5 31,item 14339 features: 125 33 2 729 4 14 16 5 31
14346,item_14346,,item_14346,,550 500 2 4 55 334 226 275 5 31,item 14346 features: 550 500 2 4 55 334 226 275 5 31
14351,item_14351,,item_14351,,4 20 547,item 14351 features: 4 20 547
14352,item_14352,,item_14352,,720 248,item 14352 features: 720 248
14353,item_14353,,item_14353,,215 2 31,item 14353 features: 215 2 31
14358,item_14358,,item_14358,,46 25 76 55 96 33 871 2 4 5 120 755 32 205 50 318,item 14358 features: 46 25 76 55 96 33 871 2 4 5 120 755 32 205 50 318
14360,item_14360,,item_14360,,15 49 2 51 4 136 5 28 31 26,item 14360 features: 15 49 2 51 4 136 5 28 31 26
14367,item_14367,,item_14367,,34 4 44 10 147,item 14367 features: 34 4 44 10 147
14376,item_14376,,item_14376,,65 178 49 33 2 94 34 173 103 31 10,item 14376 features: 65 178 49 33 2 94 34 173 103 31 10
14380,item_14380,,item_14380,,509,item 14380 features: 509
14387,item_14387,,item_14387,,312 304 17,item 14387 features: 312 304 17
14388,item_14388,,item_14388,,15 53 2 5 28 55,item 14388 features: 15 53 2 5 28 55
14389,item_14389,,item_14389,,58 10 46 394 49 2 34 173 103 31,item 14389 features: 58 10 46 394 49 2 34 173 103 31
14396,item_14396,,item_14396,,22 2 4 34 55 10,item 14396 features: 22 2 4 34 55 10
14400,item_14400,,item_14400,,21 44,item 14400 features: 21 44
14429,item_14429,,item_14429,,21 16 31,item 14429 features: 21 16 31
14443,item_14443,,item_14443,,21 2 56 691 31,item 14443 features: 21 2 56 691 31
14447,item_14447,,item_14447,,21 2 216 31,item 14447 features: 21 2 216 31
14454,item_14454,,item_14454,,15 51 2 34 5 55,item 14454 features: 15 51 2 34 5 55
14457,item_14457,,item_14457,,46 512 441 25 16 5 31,item 14457 features: 46 512 441 25 16 5 31
14461,item_14461,,item_14461,,96 53 2 20 55,item 14461 features: 96 53 2 20 55
14476,item_14476,,item_14476,,69 862 96 22 2 50 4 76 55 0,item 14476 features: 69 862 96 22 2 50 4 76 55 0
14479,item_14479,,item_14479,,51 55,item 14479 features: 51 55
14483,item_14483,,item_14483,,161 21 618 406 31 103 156 10 23,item 14483 features: 161 21 618 406 31 103 156 10 23
14485,item_14485,,item_14485,,4 31,item 14485 features: 4 31
14488,item_14488,,item_14488,,925 907 31,item 14488 features: 925 907 31
14491,item_14491,,item_14491,,2 4 14 861 5 55,item 14491 features: 2 4 14 861 5 55
14504,item_14504,,item_14504,,141 15 53 2 51 22 31 20 361 55 370 128,item 14504 features: 141 15 53 2 51 22 31 20 361 55 370 128
14505,item_14505,,item_14505,,784,item 14505 features: 784
14508,item_14508,,item_14508,,2 25 5 31,item 14508 features: 2 25 5 31
14509,item_14509,,item_14509,,1 217 704 55 15 4 913 796 128 51 294,item 14509 features: 1 217 704 55 15 4 913 796 128 51 294
14510,item_14510,,item_14510,,58 4 0,item 14510 features: 58 4 0
14515,item_14515,,item_14515,,885 4 16 31,item 14515 features: 885 4 16 31
14518,item_14518,,item_14518,,10 15 51 4 31 26,item 14518 features: 10 15 51 4 31 26
14521,item_14521,,item_14521,,332 750 32 230 6 37 472,item 14521 features: 332 750 32 230 6 37 472
14525,item_14525,,item_14525,,21 2 44 911,item 14525 features: 21 2 44 911
14534,item_14534,,item_14534,,53 2 19 4 67 5 55,item 14534 features: 53 2 19 4 67 5 55
14541,item_14541,,item_14541,,564 2 4 14 20 296 5 55,item 14541 features: 564 2 4 14 20 296 5 55
14542,item_14542,,item_14542,,161 2 4 103 55 23,item 14542 features: 161 2 4 103 55 23
14555,item_14555,,item_14555,,877,item 14555 features: 877
14558,item_14558,,item_14558,,21 44,item 14558 features: 21 44
14566,item_14566,,item_14566,,4,item 14566 features: 4
14570,item_14570,,item_14570,,263 556 4,item 14570 features: 263 556 4
14576,item_14576,,item_14576,,53 2,item 14576 features: 53 2
14580,item_14580,,item_14580,,51 31 846,item 14580 features: 51 31 846
14581,item_14581,,item_14581,,2 16 5 31,item 14581 features: 2 16 5 31
14585,item_14585,,item_14585,,43 2 51 76 5 28 769 31,item 14585 features: 43 2 51 76 5 28 769 31
14586,item_14586,,item_14586,,21 44,item 14586 features: 21 44
14590,item_14590,,item_14590,,2 76 5,item 14590 features: 2 76 5
14605,item_14605,,item_14605,,77 2 6 4 5,item 14605 features: 77 2 6 4 5
14606,item_14606,,item_14606,,2 34 4 16 31,item 14606 features: 2 34 4 16 31
14609,item_14609,,item_14609,,51 4 31 231,item 14609 features: 51 4 31 231
14612,item_14612,,item_14612,,49 2 34 173 103 31 23,item 14612 features: 49 2 34 173 103 31 23
14624,item_14624,,item_14624,,49 2 34 173 44 103,item 14624 features: 49 2 34 173 44 103
14630,item_14630,,item_14630,,839,item 14630 features: 839
14631,item_14631,,item_14631,,21 263 55,item 14631 features: 21 263 55
14637,item_14637,,item_14637,,69 24 2 22 25 4 113 5 31,item 14637 features: 69 24 2 22 25 4 113 5 31
14638,item_14638,,item_14638,,51 55 935,item 14638 features: 51 55 935
14643,item_14643,,item_14643,,770 21 122 2 31 165,item 14643 features: 770 21 122 2 31 165
14651,item_14651,,item_14651,,53 2 28,item 14651 features: 53 2 28
14660,item_14660,,item_14660,,25 753,item 14660 features: 25 753
14666,item_14666,,item_14666,,58 825 2 25 4 76 5 31 0 120,item 14666 features: 58 825 2 25 4 76 5 31 0 120
14670,item_14670,,item_14670,,2 265 103 55,item 14670 features: 2 265 103 55
14676,item_14676,,item_14676,,798 383 810 31,item 14676 features: 798 383 810 31
14680,item_14680,,item_14680,,87 2 895 84,item 14680 features: 87 2 895 84
14683,item_14683,,item_14683,,34 4 31 10,item 14683 features: 34 4 31 10
14696,item_14696,,item_14696,,659 22 2 4 16 381 31 442 533,item 14696 features: 659 22 2 4 16 381 31 442 533
14702,item_14702,,item_14702,,2 37 34 173 296 16 110 103 31 5,item 14702 features: 2 37 34 173 296 16 110 103 31 5
14708,item_14708,,item_14708,,594 51 4 20 44,item 14708 features: 594 51 4 20 44
14711,item_14711,,item_14711,,21 2 25 103 55 23,item 14711 features: 21 2 25 103 55 23
14712,item_14712,,item_14712,,607 4 20,item 14712 features: 607 4 20
14713,item_14713,,item_14713,,386 6 37 472 489,item 14713 features: 386 6 37 472 489
14720,item_14720,,item_14720,,437 64 150,item 14720 features: 437 64 150
14733,item_14733,,item_14733,,462 2 37 31,item 14733 features: 462 2 37 31
14737,item_14737,,item_14737,,2 5 16 55,item 14737 features: 2 5 16 55
14738,item_14738,,item_14738,,168 2 50 25 13 113 5 16 31 831,item 14738 features: 168 2 50 25 13 113 5 16 31 831
14741,item_14741,,item_14741,,21 205 2 31 165,item 14741 features: 21 205 2 31 165
14750,item_14750,,item_14750,,58 15 2 51 19 34 707 44 5 31 28,item 14750 features: 58 15 2 51 19 34 707 44 5 31 28
14759,item_14759,,item_14759,,2 37,item 14759 features: 2 37
14771,item_14771,,item_14771,,21 44,item 14771 features: 21 44
14772,item_14772,,item_14772,,386 37 65 447 188 309 424 6 100 750 32 64 373 124,item 14772 features: 386 37 65 447 188 309 424 6 100 750 32 64 373 124
14773,item_14773,,item_14773,,21 31,item 14773 features: 21 31
14780,item_14780,,item_14780,,663 2 55,item 14780 features: 663 2 55
14782,item_14782,,item_14782,,55,item 14782 features: 55
14783,item_14783,,item_14783,,10 22 2 4 34 31,item 14783 features: 10 22 2 4 34 31
14786,item_14786,,item_14786,,21 44 425,item 14786 features: 21 44 425
14791,item_14791,,item_14791,,64 52 57 37 687 72 166 124,item 14791 features: 64 52 57 37 687 72 166 124
14796,item_14796,,item_14796,,283,item 14796 features: 283
14805,item_14805,,item_14805,,885 15 51 2 294 5 55 206,item 14805 features: 885 15 51 2 294 5 55 206
14811,item_14811,,item_14811,,51 55 262,item 14811 features: 51 55 262
14813,item_14813,,item_14813,,90,item 14813 features: 90
14823,item_14823,,item_14823,,43 516 2 51 76 769 5 28 55 194,item 14823 features: 43 516 2 51 76 769 5 28 55 194
14828,item_14828,,item_14828,,51 480 44,item 14828 features: 51 480 44
14829,item_14829,,item_14829,,132 53 2 377 103 55 23,item 14829 features: 132 53 2 377 103 55 23
14838,item_14838,,item_14838,,21 64 2 56 44,item 14838 features: 21 64 2 56 44
14841,item_14841,,item_14841,,21 246 44,item 14841 features: 21 246 44
14842,item_14842,,item_14842,,69 255 22 2 492 4 76 715 16 5 55 0,item 14842 features: 69 255 22 2 492 4 76 715 16 5 55 0
14846,item_14846,,item_14846,,25,item 14846 features: 25
14847,item_14847,,item_14847,,2 34 4 55,item 14847 features: 2 34 4 55
14848,item_14848,,item_14848,,53 2 55 609,item 14848 features: 53 2 55 609
14851,item_14851,,item_14851,,609 53 2 28 55,item 14851 features: 609 53 2 28 55
14854,item_14854,,item_14854,,941 462 21 54 37 971 31 122,item 14854 features: 941 462 21 54 37 971 31 122
14859,item_14859,,item_14859,,4 92 20 541,item 14859 features: 4 92 20 541
14862,item_14862,,item_14862,,790 4 5 174 109,item 14862 features: 790 4 5 174 109
14869,item_14869,,item_14869,,87 205 2 51 4 31 5 28 55 120,item 14869 features: 87 205 2 51 4 31 5 28 55 120
14879,item_14879,,item_14879,,21 621 754 31,item 14879 features: 21 621 754 31
14884,item_14884,,item_14884,,21 2 31,item 14884 features: 21 2 31
14887,item_14887,,item_14887,,22 2 716 37 376 55,item 14887 features: 22 2 716 37 376 55
14888,item_14888,,item_14888,,406 2 55,item 14888 features: 406 2 55
14891,item_14891,,item_14891,,21 2 55,item 14891 features: 21 2 55
14895,item_14895,,item_14895,,595,item 14895 features: 595
14898,item_14898,,item_14898,,21 228 2 56 31 183,item 14898 features: 21 228 2 56 31 183
14905,item_14905,,item_14905,,15 611 51 4 20 55,item 14905 features: 15 611 51 4 20 55
14907,item_14907,,item_14907,,51 4 55 262,item 14907 features: 51 4 55 262
14908,item_14908,,item_14908,,7 64 2 56 31,item 14908 features: 7 64 2 56 31
14913,item_14913,,item_14913,,58 125 44 15 33 2 177 4 377 143 5 120 51 546 31 49,item 14913 features: 58 125 44 15 33 2 177 4 377 143 5 120 51 546 31 49
14914,item_14914,,item_14914,,22 2 4 20 765 5 31,item 14914 features: 22 2 4 20 765 5 31
14917,item_14917,,item_14917,,55,item 14917 features: 55
14918,item_14918,,item_14918,,21 31,item 14918 features: 21 31
14920,item_14920,,item_14920,,7 752 21 873 228 554 400 331 31,item 14920 features: 7 752 21 873 228 554 400 331 31
14923,item_14923,,item_14923,,95,item 14923 features: 95
14933,item_14933,,item_14933,,2 31,item 14933 features: 2 31
14943,item_14943,,item_14943,,51 55,item 14943 features: 51 55
14951,item_14951,,item_14951,,69 233 153 4 335,item 14951 features: 69 233 153 4 335
14957,item_14957,,item_14957,,69 52 568 22 2 716 4 5 374 55 120,item 14957 features: 69 52 568 22 2 716 4 5 374 55 120
14961,item_14961,,item_14961,,2 50 34 31 55 147,item 14961 features: 2 50 34 31 55 147
14966,item_14966,,item_14966,,512 16 31,item 14966 features: 512 16 31
14969,item_14969,,item_14969,,51 55,item 14969 features: 51 55
14974,item_14974,,item_14974,,2 13 25 854 31,item 14974 features: 2 13 25 854 31
14982,item_14982,,item_14982,,51 55,item 14982 features: 51 55
14985,item_14985,,item_14985,,672 4,item 14985 features: 672 4
14987,item_14987,,item_14987,,58 49 2 34 4 5 55 10,item 14987 features: 58 49 2 34 4 5 55 10
14988,item_14988,,item_14988,,237 2,item 14988 features: 237 2
14991,item_14991,,item_14991,,506 2 31,item 14991 features: 506 2 31
15024,item_15024,,item_15024,,2 20 765 5 31,item 15024 features: 2 20 765 5 31
15033,item_15033,,item_15033,,47 13 5 55 742,item 15033 features: 47 13 5 55 742
15037,item_15037,,item_15037,,296,item 15037 features: 296
15041,item_15041,,item_15041,,15 51 4 20 55,item 15041 features: 15 51 4 20 55
15045,item_15045,,item_15045,,2 55,item 15045 features: 2 55
15049,item_15049,,item_15049,,804,item 15049 features: 804
15061,item_15061,,item_15061,,69 168 718 22 4 20 0,item 15061 features: 69 168 718 22 4 20 0
15062,item_15062,,item_15062,,4 20 720,item 15062 features: 4 20 720
15070,item_15070,,item_15070,,186,item 15070 features: 186
15074,item_15074,,item_15074,,69 1 2 4 13 742 167 5 47 382,item 15074 features: 69 1 2 4 13 742 167 5 47 382
15076,item_15076,,item_15076,,69 22 2 4 39 20 765 5 31 102,item 15076 features: 69 22 2 4 39 20 765 5 31 102
15081,item_15081,,item_15081,,51 44,item 15081 features: 51 44
15082,item_15082,,item_15082,,69 880 2 167 5 86 31,item 15082 features: 69 880 2 167 5 86 31
15087,item_15087,,item_15087,,49 51 2 34 25 173 930 5 216 72 103 31,item 15087 features: 49 51 2 34 25 173 930 5 216 72 103 31
15091,item_15091,,item_15091,,69 22 34 715 4 55 779,item 15091 features: 69 22 34 715 4 55 779
15094,item_15094,,item_15094,,2 44,item 15094 features: 2 44
15109,item_15109,,item_15109,,69 862 22 4,item 15109 features: 69 862 22 4
15110,item_15110,,item_15110,,10 15 49 2 34 5 16 31,item 15110 features: 10 15 49 2 34 5 16 31
15116,item_15116,,item_15116,,24 2 880 25 4 16 31,item 15116 features: 24 2 880 25 4 16 31
15120,item_15120,,item_15120,,51 55,item 15120 features: 51 55
15125,item_15125,,item_15125,,2 34 55 10,item 15125 features: 2 34 55 10
15126,item_15126,,item_15126,,15 2 837 5 55,item 15126 features: 15 2 837 5 55
15127,item_15127,,item_15127,,51 2 76 39 368 31 5,item 15127 features: 51 2 76 39 368 31 5
15131,item_15131,,item_15131,,24 22 16 44,item 15131 features: 24 22 16 44
15133,item_15133,,item_15133,,87 2 44 10,item 15133 features: 87 2 44 10
15134,item_15134,,item_15134,,595 4 20,item 15134 features: 595 4 20
15143,item_15143,,item_15143,,15 2 51 39 4 436 75 461 28 5 31,item 15143 features: 15 2 51 39 4 436 75 461 28 5 31
15146,item_15146,,item_15146,,2 55,item 15146 features: 2 55
15150,item_15150,,item_15150,,49 2 34 173 44 103 23,item 15150 features: 49 2 34 173 44 103 23
15161,item_15161,,item_15161,,96 51 2 4 253 31 55,item 15161 features: 96 51 2 4 253 31 55
15171,item_15171,,item_15171,,58 46 34 10 15 2 4 349 173 103 120 51 31 394 49 253,item 15171 features: 58 46 34 10 15 2 4 349 173 103 120 51 31 394 49 253
15172,item_15172,,item_15172,,69 22 2 50 4 44 107 610 297 5,item 15172 features: 69 22 2 50 4 44 107 610 297 5
15174,item_15174,,item_15174,,984,item 15174 features: 984
15175,item_15175,,item_15175,,45 90 31,item 15175 features: 45 90 31
15182,item_15182,,item_15182,,69 15 22 51 2 4 294 5 28 55,item 15182 features: 69 15 22 51 2 4 294 5 28 55
15183,item_15183,,item_15183,,338 4 0,item 15183 features: 338 4 0
15204,item_15204,,item_15204,,941 21 44,item 15204 features: 941 21 44
15206,item_15206,,item_15206,,774 53 2 5 31,item 15206 features: 774 53 2 5 31
15215,item_15215,,item_15215,,87 2 31,item 15215 features: 87 2 31
15221,item_15221,,item_15221,,609 53 2 28,item 15221 features: 609 53 2 28
15223,item_15223,,item_15223,,4 34 527 31,item 15223 features: 4 34 527 31
15242,item_15242,,item_15242,,21 44 889,item 15242 features: 21 44 889
15247,item_15247,,item_15247,,55,item 15247 features: 55
15250,item_15250,,item_15250,,69 46 22 2 50 4 107 610 31 460 467,item 15250 features: 69 46 22 2 50 4 107 610 31 460 467
15252,item_15252,,item_15252,,53 2 28 55,item 15252 features: 53 2 28 55
15256,item_15256,,item_15256,,49 2 34 173 103 55 10 23,item 15256 features: 49 2 34 173 103 55 10 23
15262,item_15262,,item_15262,,46 57 25 4 76 5 0 102,item 15262 features: 46 57 25 4 76 5 0 102
15264,item_15264,,item_15264,,4,item 15264 features: 4
15280,item_15280,,item_15280,,45 2 25 37 124,item 15280 features: 45 2 25 37 124
15281,item_15281,,item_15281,,2 25 31,item 15281 features: 2 25 31
15282,item_15282,,item_15282,,69 939 22 31 4 145 60,item 15282 features: 69 939 22 31 4 145 60
15286,item_15286,,item_15286,,2 861 16 31,item 15286 features: 2 861 16 31
15290,item_15290,,item_15290,,64 31,item 15290 features: 64 31
15300,item_15300,,item_15300,,58 2 31,item 15300 features: 58 2 31
15304,item_15304,,item_15304,,51 55,item 15304 features: 51 55
15314,item_15314,,item_15314,,114 64 4 25 199 14 10 124,item 15314 features: 114 64 4 25 199 14 10 124
15320,item_15320,,item_15320,,4 14,item 15320 features: 4 14
15326,item_15326,,item_15326,,235 2 4 14 5 31 248,item 15326 features: 235 2 4 14 5 31 248
15333,item_15333,,item_15333,,2 4 55,item 15333 features: 2 4 55
15334,item_15334,,item_15334,,2 338 691,item 15334 features: 2 338 691
15336,item_15336,,item_15336,,58 1 39 34 25 55 2 167 4 5 120 382 880 51 31 253,item 15336 features: 58 1 39 34 25 55 2 167 4 5 120 382 880 51 31 253
15339,item_15339,,item_15339,,32 97 55 30,item 15339 features: 32 97 55 30
15340,item_15340,,item_15340,,790,item 15340 features: 790
15342,item_15342,,item_15342,,406 34 4 14 5 10,item 15342 features: 406 34 4 14 5 10
15346,item_15346,,item_15346,,674 32 399 2 121 4 613 31 97 787,item 15346 features: 674 32 399 2 121 4 613 31 97 787
15349,item_15349,,item_15349,,161 91 794 2 909 20 103 55 23,item 15349 features: 161 91 794 2 909 20 103 55 23
15350,item_15350,,item_15350,,719 2 4 5 31,item 15350 features: 719 2 4 5 31
15354,item_15354,,item_15354,,51 55,item 15354 features: 51 55
15359,item_15359,,item_15359,,49 2 972 44 28,item 15359 features: 49 2 972 44 28
15362,item_15362,,item_15362,,132 2,item 15362 features: 132 2
15369,item_15369,,item_15369,,69 363 22 4 120,item 15369 features: 69 363 22 4 120
15372,item_15372,,item_15372,,21 64 31,item 15372 features: 21 64 31
15380,item_15380,,item_15380,,834 103 31 23,item 15380 features: 834 103 31 23
15394,item_15394,,item_15394,,58 2 51 546 4 177 253 44 120,item 15394 features: 58 2 51 546 4 177 253 44 120
15395,item_15395,,item_15395,,15 53 2 5 55 120 23,item 15395 features: 15 53 2 5 55 120 23
15400,item_15400,,item_15400,,15 51 4 25 166 162 31 5 291,item 15400 features: 15 51 4 25 166 162 31 5 291
15402,item_15402,,item_15402,,125 33 2 880 4 14 5 63 31 23,item 15402 features: 125 33 2 880 4 14 5 63 31 23
15416,item_15416,,item_15416,,2 34 16 173 103 55 23,item 15416 features: 2 34 16 173 103 55 23
15420,item_15420,,item_15420,,69 1 2 51 5 86 31,item 15420 features: 69 1 2 51 5 86 31
15422,item_15422,,item_15422,,31 4 5 71 16 302,item 15422 features: 31 4 5 71 16 302
15428,item_15428,,item_15428,,69 52 22 51 4 374 55,item 15428 features: 69 52 22 51 4 374 55
15439,item_15439,,item_15439,,52 4 20,item 15439 features: 52 4 20
15440,item_15440,,item_15440,,58 34 76 69 2 4 173 103 5 271 31 49 253,item 15440 features: 58 34 76 69 2 4 173 103 5 271 31 49 253
15445,item_15445,,item_15445,,153,item 15445 features: 153
15447,item_15447,,item_15447,,635 2 25 16 5 55,item 15447 features: 635 2 25 16 5 55
15449,item_15449,,item_15449,,31,item 15449 features: 31
15465,item_15465,,item_15465,,265 55,item 15465 features: 265 55
15472,item_15472,,item_15472,,69 168 929 4 85,item 15472 features: 69 168 929 4 85
15474,item_15474,,item_15474,,877 4 20 293 102,item 15474 features: 877 4 20 293 102
15477,item_15477,,item_15477,,37 687 501 65 52 2 4 35 57 31 150,item 15477 features: 37 687 501 65 52 2 4 35 57 31 150
15480,item_15480,,item_15480,,15 433 51 4 20 14 31,item 15480 features: 15 433 51 4 20 14 31
15481,item_15481,,item_15481,,263 2 4 556 166 5 16 37 31 102,item 15481 features: 263 2 4 556 166 5 16 37 31 102
15483,item_15483,,item_15483,,437 21 150 2 44,item 15483 features: 437 21 150 2 44
15497,item_15497,,item_15497,,482,item 15497 features: 482
15499,item_15499,,item_15499,,10 32 2 4 410 175 34 44 244 31 5,item 15499 features: 10 32 2 4 410 175 34 44 244 31 5
15507,item_15507,,item_15507,,87 2 25 31,item 15507 features: 87 2 25 31
15510,item_15510,,item_15510,,2 34 55,item 15510 features: 2 34 55
15511,item_15511,,item_15511,,313 16 44,item 15511 features: 313 16 44
15514,item_15514,,item_15514,,34 44 28 10 2 4 173 103 5 23 51 31,item 15514 features: 34 44 28 10 2 4 173 103 5 23 51 31
15520,item_15520,,item_15520,,4 784,item 15520 features: 4 784
15526,item_15526,,item_15526,,34 16 31 10,item 15526 features: 34 16 31 10
15528,item_15528,,item_15528,,21 2 44,item 15528 features: 21 2 44
15529,item_15529,,item_15529,,437 29 2 31 331 787 295,item 15529 features: 437 29 2 31 331 787 295
15535,item_15535,,item_15535,,2 16 5,item 15535 features: 2 16 5
15537,item_15537,,item_15537,,32 96 351 325 34 432 31 10,item 15537 features: 32 96 351 325 34 432 31 10
15538,item_15538,,item_15538,,78,item 15538 features: 78
15550,item_15550,,item_15550,,2 4 25 14 16 31 5,item 15550 features: 2 4 25 14 16 31 5
15553,item_15553,,item_15553,,10 21 64 49 2 34 56 173 103 55 23,item 15553 features: 10 21 64 49 2 34 56 173 103 55 23
15555,item_15555,,item_15555,,2 16 31 852,item 15555 features: 2 16 31 852
15561,item_15561,,item_15561,,504 2 4 25 5 31 120,item 15561 features: 504 2 4 25 5 31 120
15564,item_15564,,item_15564,,228 2 10,item 15564 features: 228 2 10
15572,item_15572,,item_15572,,51 4 55 231 586,item 15572 features: 51 4 55 231 586
15575,item_15575,,item_15575,,77 782 57 2 72 31,item 15575 features: 77 782 57 2 72 31
15579,item_15579,,item_15579,,32 46 52 51 2 4 14 5 72 31,item 15579 features: 32 46 52 51 2 4 14 5 72 31
15582,item_15582,,item_15582,,2 34 4 31,item 15582 features: 2 34 4 31
15583,item_15583,,item_15583,,51 894 44,item 15583 features: 51 894 44
15593,item_15593,,item_15593,,69 22 667 4 34 234 76 16 333 5 0,item 15593 features: 69 22 667 4 34 234 76 16 333 5 0
15599,item_15599,,item_15599,,2 55,item 15599 features: 2 55
15601,item_15601,,item_15601,,51 34 5 28 55,item 15601 features: 51 34 5 28 55
15607,item_15607,,item_15607,,22 50 39 5,item 15607 features: 22 50 39 5
15625,item_15625,,item_15625,,15 49 2 377 55 10,item 15625 features: 15 49 2 377 55 10
15645,item_15645,,item_15645,,39 5,item 15645 features: 39 5
15646,item_15646,,item_15646,,862 53 2 50 34 76 377 55,item 15646 features: 862 53 2 50 34 76 377 55
15657,item_15657,,item_15657,,2 55,item 15657 features: 2 55
15658,item_15658,,item_15658,,31,item 15658 features: 31
15660,item_15660,,item_15660,,77 2 20 55,item 15660 features: 77 2 20 55
15662,item_15662,,item_15662,,2 296 16 44 5,item 15662 features: 2 296 16 44 5
15664,item_15664,,item_15664,,520 737 2 895 337 55,item 15664 features: 520 737 2 895 337 55
15667,item_15667,,item_15667,,46 727 51 5 31 584,item 15667 features: 46 727 51 5 31 584
15675,item_15675,,item_15675,,77 2 20 5 31,item 15675 features: 77 2 20 5 31
15678,item_15678,,item_15678,,160 10,item 15678 features: 160 10
15702,item_15702,,item_15702,,31,item 15702 features: 31
15706,item_15706,,item_15706,,15 2 31,item 15706 features: 15 2 31
15718,item_15718,,item_15718,,31,item 15718 features: 31
15721,item_15721,,item_15721,,15 51 2 34 55 4 5 28 31 26,item 15721 features: 15 51 2 34 55 4 5 28 31 26
15723,item_15723,,item_15723,,58 125 25 166 53 2 4 120 591 31 131,item 15723 features: 58 125 25 166 53 2 4 120 591 31 131
15728,item_15728,,item_15728,,2 34 55 10,item 15728 features: 2 34 55 10
15732,item_15732,,item_15732,,312 304 17 535,item 15732 features: 312 304 17 535
15735,item_15735,,item_15735,,2 76 55,item 15735 features: 2 76 55
15738,item_15738,,item_15738,,2 265 31,item 15738 features: 2 265 31
15739,item_15739,,item_15739,,31,item 15739 features: 31
15746,item_15746,,item_15746,,51 55,item 15746 features: 51 55
15748,item_15748,,item_15748,,784,item 15748 features: 784
15752,item_15752,,item_15752,,2 37 31,item 15752 features: 2 37 31
15770,item_15770,,item_15770,,452 49 2 51 837 55,item 15770 features: 452 49 2 51 837 55
15772,item_15772,,item_15772,,89 21 390 44 360,item 15772 features: 89 21 390 44 360
15773,item_15773,,item_15773,,21 404 2 55 91,item 15773 features: 21 404 2 55 91
15775,item_15775,,item_15775,,2 55,item 15775 features: 2 55
15779,item_15779,,item_15779,,32 21 2 121 31,item 15779 features: 32 21 2 121 31
15783,item_15783,,item_15783,,21 2 31,item 15783 features: 21 2 31
15786,item_15786,,item_15786,,55,item 15786 features: 55
15790,item_15790,,item_15790,,2 31,item 15790 features: 2 31
15794,item_15794,,item_15794,,22 2 395 4 338 176 31 120,item 15794 features: 22 2 395 4 338 176 31 120
15802,item_15802,,item_15802,,101 2 31,item 15802 features: 101 2 31
15809,item_15809,,item_15809,,161 91 53 2 4 19 103 31 23,item 15809 features: 161 91 53 2 4 19 103 31 23
15815,item_15815,,item_15815,,22 2 55,item 15815 features: 22 2 55
15822,item_15822,,item_15822,,2 55 31,item 15822 features: 2 55 31
15829,item_15829,,item_15829,,172,item 15829 features: 172
15838,item_15838,,item_15838,,125 46 25 212 33 821 4 630 364 5 184 31 926 403 8,item 15838 features: 125 46 25 212 33 821 4 630 364 5 184 31 926 403 8
15839,item_15839,,item_15839,,267 103 55 23,item 15839 features: 267 103 55 23
15842,item_15842,,item_15842,,297 668 2 50 5 44,item 15842 features: 297 668 2 50 5 44
15843,item_15843,,item_15843,,21 2 55,item 15843 features: 21 2 55
15866,item_15866,,item_15866,,10 2 34 4 55,item 15866 features: 10 2 34 4 55
15872,item_15872,,item_15872,,4 31,item 15872 features: 4 31
15873,item_15873,,item_15873,,51 55,item 15873 features: 51 55
15887,item_15887,,item_15887,,49 34 31,item 15887 features: 49 34 31
15892,item_15892,,item_15892,,51 55,item 15892 features: 51 55
15893,item_15893,,item_15893,,32 21 2 121 55 142 185 133 31,item 15893 features: 32 21 2 121 55 142 185 133 31
15911,item_15911,,item_15911,,21 44,item 15911 features: 21 44
15917,item_15917,,item_15917,,548,item 15917 features: 548
15918,item_15918,,item_15918,,55,item 15918 features: 55
15921,item_15921,,item_15921,,2 5 16 31 102,item 15921 features: 2 5 16 31 102
15924,item_15924,,item_15924,,21 44,item 15924 features: 21 44
15926,item_15926,,item_15926,,21 31 501,item 15926 features: 21 31 501
15927,item_15927,,item_15927,,69 209 152 651 22 2 50 234 4 113 85 5 31,item 15927 features: 69 209 152 651 22 2 50 234 4 113 85 5 31
15928,item_15928,,item_15928,,4,item 15928 features: 4
15934,item_15934,,item_15934,,134 51 31 34 25 5 55 102,item 15934 features: 134 51 31 34 25 5 55 102
15944,item_15944,,item_15944,,2 31,item 15944 features: 2 31
15956,item_15956,,item_15956,,450 4,item 15956 features: 450 4
15957,item_15957,,item_15957,,64 31,item 15957 features: 64 31
15965,item_15965,,item_15965,,78,item 15965 features: 78
15967,item_15967,,item_15967,,69 767 22 4 882 31,item 15967 features: 69 767 22 4 882 31
15970,item_15970,,item_15970,,865 49 2 44,item 15970 features: 865 49 2 44
15974,item_15974,,item_15974,,34 4 31,item 15974 features: 34 4 31
15975,item_15975,,item_15975,,877 57 37,item 15975 features: 877 57 37
15980,item_15980,,item_15980,,87 2 16 185 5 55,item 15980 features: 87 2 16 185 5 55
15981,item_15981,,item_15981,,2 51 39 16 31 5,item 15981 features: 2 51 39 16 31 5
15982,item_15982,,item_15982,,69 4 76 0 5 120,item 15982 features: 69 4 76 0 5 120
15989,item_15989,,item_15989,,21 34,item 15989 features: 21 34
15995,item_15995,,item_15995,,57,item 15995 features: 57
16004,item_16004,,item_16004,,57 4 14 643 31 8,item 16004 features: 57 4 14 643 31 8
16006,item_16006,,item_16006,,4 20 702,item 16006 features: 4 20 702
16012,item_16012,,item_16012,,32 55 31,item 16012 features: 32 55 31
16022,item_16022,,item_16022,,31,item 16022 features: 31
16033,item_16033,,item_16033,,49 2 34 173 5 103 31 10,item 16033 features: 49 2 34 173 5 103 31 10
16047,item_16047,,item_16047,,618 2 31 10,item 16047 features: 618 2 31 10
16048,item_16048,,item_16048,,257 51 55,item 16048 features: 257 51 55
16056,item_16056,,item_16056,,500 2 76 25 4 39 84 16 5 55 0,item 16056 features: 500 2 76 25 4 39 84 16 5 55 0
16059,item_16059,,item_16059,,149 21 18 2 121 31,item 16059 features: 149 21 18 2 121 31
16067,item_16067,,item_16067,,15 49 2 51 377 5 55,item 16067 features: 15 49 2 51 377 5 55
16068,item_16068,,item_16068,,125 2 25 578 4 14 5 16 31,item 16068 features: 125 2 25 578 4 14 5 16 31
16072,item_16072,,item_16072,,2 16 31,item 16072 features: 2 16 31
16083,item_16083,,item_16083,,961 51 55,item 16083 features: 961 51 55
16084,item_16084,,item_16084,,65 46 2 197 57 37 54 31,item 16084 features: 65 46 2 197 57 37 54 31
16090,item_16090,,item_16090,,867 2 51 39 4 5 397 28 55 120,item 16090 features: 867 2 51 39 4 5 397 28 55 120
16099,item_16099,,item_16099,,942 2 4 34 25 16 31,item 16099 features: 942 2 4 34 25 16 31
16101,item_16101,,item_16101,,2 16 31,item 16101 features: 2 16 31
16103,item_16103,,item_16103,,804,item 16103 features: 804
16107,item_16107,,item_16107,,2 34 4 31,item 16107 features: 2 34 4 31
16108,item_16108,,item_16108,,51 55,item 16108 features: 51 55
16117,item_16117,,item_16117,,32 64 34 97 31 10,item 16117 features: 32 64 34 97 31 10
16127,item_16127,,item_16127,,51 2 464 389 244 28 31 5 609,item 16127 features: 51 2 464 389 244 28 31 5 609
16128,item_16128,,item_16128,,2 20 16 31,item 16128 features: 2 20 16 31
16130,item_16130,,item_16130,,21 44,item 16130 features: 21 44
16131,item_16131,,item_16131,,195 197 913 40 122,item 16131 features: 195 197 913 40 122
16132,item_16132,,item_16132,,46 2 4 25 55 5 866 819,item 16132 features: 46 2 4 25 55 5 866 819
16137,item_16137,,item_16137,,273 2 51 84 28 31,item 16137 features: 273 2 51 84 28 31
16149,item_16149,,item_16149,,906 2,item 16149 features: 906 2
16150,item_16150,,item_16150,,51 55,item 16150 features: 51 55
16157,item_16157,,item_16157,,195 571 90 33 2 4 54 497 122 14 31 165,item 16157 features: 195 571 90 33 2 4 54 497 122 14 31 165
16164,item_16164,,item_16164,,64 37 44,item 16164 features: 64 37 44
16168,item_16168,,item_16168,,77 250 49 2 34 5 44,item 16168 features: 77 250 49 2 34 5 44
16172,item_16172,,item_16172,,419,item 16172 features: 419
16176,item_16176,,item_16176,,32 64 97 31,item 16176 features: 32 64 97 31
16178,item_16178,,item_16178,,2 28 55,item 16178 features: 2 28 55
16181,item_16181,,item_16181,,65 32 2 16 5 31 440,item 16181 features: 65 32 2 16 5 31 440
16189,item_16189,,item_16189,,161 2 34 103 55 23,item 16189 features: 161 2 34 103 55 23
16194,item_16194,,item_16194,,4 20,item 16194 features: 4 20
16197,item_16197,,item_16197,,500 22 832 50 76 2 31,item 16197 features: 500 22 832 50 76 2 31
16200,item_16200,,item_16200,,134 14 44 16 40 100 31 5 102,item 16200 features: 134 14 44 16 40 100 31 5 102
16202,item_16202,,item_16202,,843 51 55,item 16202 features: 843 51 55
16209,item_16209,,item_16209,,4 16 591 44 735,item 16209 features: 4 16 591 44 735
16210,item_16210,,item_16210,,616 180 125 482 512 237 33 25 14 5 31 708,item 16210 features: 616 180 125 482 512 237 33 25 14 5 31 708
16217,item_16217,,item_16217,,21 64 2 31 124,item 16217 features: 21 64 2 31 124
16218,item_16218,,item_16218,,55,item 16218 features: 55
16221,item_16221,,item_16221,,4 14 345,item 16221 features: 4 14 345
16224,item_16224,,item_16224,,149 2 31,item 16224 features: 149 2 31
16234,item_16234,,item_16234,,21 263 2 31,item 16234 features: 21 263 2 31
16244,item_16244,,item_16244,,52 57 253 37 687,item 16244 features: 52 57 253 37 687
16245,item_16245,,item_16245,,4 20 172,item 16245 features: 4 20 172
16248,item_16248,,item_16248,,160 304 17,item 16248 features: 160 304 17
16255,item_16255,,item_16255,,65 10 32 2 31 34 527 84,item 16255 features: 65 10 32 2 31 34 527 84
16258,item_16258,,item_16258,,354 217 51 55 370,item 16258 features: 354 217 51 55 370
16263,item_16263,,item_16263,,2 55,item 16263 features: 2 55
16284,item_16284,,item_16284,,2 31 167 4 14 5 55 0 382 120,item 16284 features: 2 31 167 4 14 5 55 0 382 120
16286,item_16286,,item_16286,,4,item 16286 features: 4
16287,item_16287,,item_16287,,2 76 4 176 31,item 16287 features: 2 76 4 176 31
16289,item_16289,,item_16289,,2 55,item 16289 features: 2 55
16294,item_16294,,item_16294,,22 2 76 44 86,item 16294 features: 22 2 76 44 86
16296,item_16296,,item_16296,,21 2 55,item 16296 features: 21 2 55
16298,item_16298,,item_16298,,21 290 44,item 16298 features: 21 290 44
16299,item_16299,,item_16299,,22 4 44,item 16299 features: 22 4 44
16300,item_16300,,item_16300,,258 51 44,item 16300 features: 258 51 44
16301,item_16301,,item_16301,,867 2 51 4 5 397 28 55 120,item 16301 features: 867 2 51 4 5 397 28 55 120
16308,item_16308,,item_16308,,31,item 16308 features: 31
16313,item_16313,,item_16313,,2 34 55,item 16313 features: 2 34 55
16316,item_16316,,item_16316,,15 51 2 4 806 5 44,item 16316 features: 15 51 2 4 806 5 44
16324,item_16324,,item_16324,,2 20 16 55,item 16324 features: 2 20 16 55
16332,item_16332,,item_16332,,373 34 4 14 44,item 16332 features: 373 34 4 14 44
16334,item_16334,,item_16334,,4 14,item 16334 features: 4 14
16343,item_16343,,item_16343,,320,item 16343 features: 320
16344,item_16344,,item_16344,,4 44 592,item 16344 features: 4 44 592
16347,item_16347,,item_16347,,15 865 49 2 51 34 5 31,item 16347 features: 15 865 49 2 51 34 5 31
16355,item_16355,,item_16355,,55,item 16355 features: 55
16358,item_16358,,item_16358,,1 22 51 242 4 2 76 5 327 44 532 31,item 16358 features: 1 22 51 242 4 2 76 5 327 44 532 31
16367,item_16367,,item_16367,,69 369 22 890 2 234 4 76 85 5,item 16367 features: 69 369 22 890 2 234 4 76 85 5
16368,item_16368,,item_16368,,2 4 31,item 16368 features: 2 4 31
16369,item_16369,,item_16369,,246 4 16 31,item 16369 features: 246 4 16 31
16374,item_16374,,item_16374,,34 25 37 44 10 15 2 4 5 51 57 31 519 63,item 16374 features: 34 25 37 44 10 15 2 4 5 51 57 31 519 63
16375,item_16375,,item_16375,,51 207 31,item 16375 features: 51 207 31
16380,item_16380,,item_16380,,21 2 55,item 16380 features: 21 2 55
16386,item_16386,,item_16386,,49 51 2 4 34 5 16 28 103 55 972 23,item 16386 features: 49 51 2 4 34 5 16 28 103 55 972 23
16387,item_16387,,item_16387,,91 2 4 55 124,item 16387 features: 91 2 4 55 124
16388,item_16388,,item_16388,,10 32 97 849 649,item 16388 features: 10 32 97 849 649
16397,item_16397,,item_16397,,51 55,item 16397 features: 51 55
16400,item_16400,,item_16400,,24 288 576 64 88 25 121 0,item 16400 features: 24 288 576 64 88 25 121 0
16403,item_16403,,item_16403,,77 4 5,item 16403 features: 77 4 5
16405,item_16405,,item_16405,,51 55,item 16405 features: 51 55
16412,item_16412,,item_16412,,4 574 591,item 16412 features: 4 574 591
16413,item_16413,,item_16413,,4,item 16413 features: 4
16423,item_16423,,item_16423,,304 64 17 216,item 16423 features: 304 64 17 216
16430,item_16430,,item_16430,,69 763 22 4 20,item 16430 features: 69 763 22 4 20
16432,item_16432,,item_16432,,688 301 31,item 16432 features: 688 301 31
16442,item_16442,,item_16442,,55,item 16442 features: 55
16447,item_16447,,item_16447,,416 2 4 55 14 5 174 779,item 16447 features: 416 2 4 55 14 5 174 779
16451,item_16451,,item_16451,,34 28 15 2 4 75 337 5 51 436 31 461,item 16451 features: 34 28 15 2 4 75 337 5 51 436 31 461
16464,item_16464,,item_16464,,737 2 337 31 819,item 16464 features: 737 2 337 31 819
16482,item_16482,,item_16482,,51 301 31,item 16482 features: 51 301 31
16483,item_16483,,item_16483,,964 2 51 34 28 31 10,item 16483 features: 964 2 51 34 28 31 10
16495,item_16495,,item_16495,,345 165 122,item 16495 features: 345 165 122
16499,item_16499,,item_16499,,2 55,item 16499 features: 2 55
16503,item_16503,,item_16503,,217 51 2 4 167 34 16 5 31,item 16503 features: 217 51 2 4 167 34 16 5 31
16507,item_16507,,item_16507,,250 2 39 5 31,item 16507 features: 250 2 39 5 31
16510,item_16510,,item_16510,,582 2 53 19 5 31,item 16510 features: 582 2 53 19 5 31
16527,item_16527,,item_16527,,69 44 846,item 16527 features: 69 44 846
16539,item_16539,,item_16539,,2 31,item 16539 features: 2 31
16540,item_16540,,item_16540,,21 44,item 16540 features: 21 44
16542,item_16542,,item_16542,,69 24 582 22 4,item 16542 features: 69 24 582 22 4
16545,item_16545,,item_16545,,867 2 4 51 5 397 28 55 120,item 16545 features: 867 2 4 51 5 397 28 55 120
16550,item_16550,,item_16550,,2 81 5 31,item 16550 features: 2 81 5 31
16555,item_16555,,item_16555,,805,item 16555 features: 805
16557,item_16557,,item_16557,,34 4 10,item 16557 features: 34 4 10
16558,item_16558,,item_16558,,69 303 22 274 234 4 20,item 16558 features: 69 303 22 274 234 4 20
16560,item_16560,,item_16560,,58 49 2 34 4 253 5 31 120 10 494,item 16560 features: 58 49 2 34 4 253 5 31 120 10 494
16562,item_16562,,item_16562,,15 611 51 20 28 44,item 16562 features: 15 611 51 20 28 44
16564,item_16564,,item_16564,,161 2 55,item 16564 features: 161 2 55
16566,item_16566,,item_16566,,58 91 2 19 5 16 457 55,item 16566 features: 58 91 2 19 5 16 457 55
16567,item_16567,,item_16567,,4 253 14,item 16567 features: 4 253 14
16570,item_16570,,item_16570,,32 97,item 16570 features: 32 97
16576,item_16576,,item_16576,,51 34 55,item 16576 features: 51 34 55
16577,item_16577,,item_16577,,55,item 16577 features: 55
16586,item_16586,,item_16586,,91 2 4 55,item 16586 features: 91 2 4 55
16587,item_16587,,item_16587,,15 865 49 2 51 34 4 31 28 55,item 16587 features: 15 865 49 2 51 34 4 31 28 55
16588,item_16588,,item_16588,,2 202 55,item 16588 features: 2 202 55
16589,item_16589,,item_16589,,31,item 16589 features: 31
16594,item_16594,,item_16594,,632,item 16594 features: 632
16596,item_16596,,item_16596,,2 561 5 176,item 16596 features: 2 561 5 176
16599,item_16599,,item_16599,,2 5 55,item 16599 features: 2 5 55
16600,item_16600,,item_16600,,738 51 4 20 31,item 16600 features: 738 51 4 20 31
16602,item_16602,,item_16602,,146 51 34 55,item 16602 features: 146 51 34 55
16617,item_16617,,item_16617,,2 121,item 16617 features: 2 121
16618,item_16618,,item_16618,,702,item 16618 features: 702
16630,item_16630,,item_16630,,2 4 14 5 16 31,item 16630 features: 2 4 14 5 16 31
16639,item_16639,,item_16639,,91 4 253 5 16 31,item 16639 features: 91 4 253 5 16 31
16645,item_16645,,item_16645,,1 581 51 4 5 31,item 16645 features: 1 581 51 4 5 31
16664,item_16664,,item_16664,,582 2 53 5 55,item 16664 features: 582 2 53 5 55
16668,item_16668,,item_16668,,34,item 16668 features: 34
16674,item_16674,,item_16674,,640 4 31,item 16674 features: 640 4 31
16677,item_16677,,item_16677,,21 2 56 44 133,item 16677 features: 21 2 56 44 133
16680,item_16680,,item_16680,,69 22 667 2 4 76 25 34 16 333 5 31,item 16680 features: 69 22 667 2 4 76 25 34 16 333 5 31
16684,item_16684,,item_16684,,51 34 44 103 23,item 16684 features: 51 34 44 103 23
16695,item_16695,,item_16695,,186 513 55,item 16695 features: 186 513 55
16697,item_16697,,item_16697,,482 22 226 44,item 16697 features: 482 22 226 44
16708,item_16708,,item_16708,,265 2 44,item 16708 features: 265 2 44
16709,item_16709,,item_16709,,64 2 31 10,item 16709 features: 64 2 31 10
16711,item_16711,,item_16711,,76 55 69 22 2 4 377 389 5 120 305 85 49 50 0,item 16711 features: 76 55 69 22 2 4 377 389 5 120 305 85 49 50 0
16712,item_16712,,item_16712,,217,item 16712 features: 217
16713,item_16713,,item_16713,,4 162 10,item 16713 features: 4 162 10
16719,item_16719,,item_16719,,2 55,item 16719 features: 2 55
16721,item_16721,,item_16721,,50 4 318 44,item 16721 features: 50 4 318 44
16730,item_16730,,item_16730,,15 51 4 44 26,item 16730 features: 15 51 4 44 26
16737,item_16737,,item_16737,,426 5 55,item 16737 features: 426 5 55
16741,item_16741,,item_16741,,246 16 185 44,item 16741 features: 246 16 185 44
16746,item_16746,,item_16746,,2 76,item 16746 features: 2 76
16752,item_16752,,item_16752,,58 4 14,item 16752 features: 58 4 14
16759,item_16759,,item_16759,,5,item 16759 features: 5
16766,item_16766,,item_16766,,2 4 747 55,item 16766 features: 2 4 747 55
16767,item_16767,,item_16767,,2 31,item 16767 features: 2 31
16772,item_16772,,item_16772,,264 342 55,item 16772 features: 264 342 55
16782,item_16782,,item_16782,,53 2 55,item 16782 features: 53 2 55
16792,item_16792,,item_16792,,21 2 622 44,item 16792 features: 21 2 622 44
16798,item_16798,,item_16798,,500 22 832 2 338 76 34 4 50 5 31,item 16798 features: 500 22 832 2 338 76 34 4 50 5 31
16800,item_16800,,item_16800,,64 44,item 16800 features: 64 44
16804,item_16804,,item_16804,,4 739,item 16804 features: 4 739
16807,item_16807,,item_16807,,58 15 49 51 2 517 5 44 31,item 16807 features: 58 15 49 51 2 517 5 44 31
16816,item_16816,,item_16816,,110 49 2 34 173 103 55 23,item 16816 features: 110 49 2 34 173 103 55 23
16823,item_16823,,item_16823,,4 20,item 16823 features: 4 20
16833,item_16833,,item_16833,,371,item 16833 features: 371
16834,item_16834,,item_16834,,55,item 16834 features: 55
16856,item_16856,,item_16856,,32 64 97 124,item 16856 features: 32 64 97 124
16859,item_16859,,item_16859,,46 2 34 894 16 31,item 16859 features: 46 2 34 894 16 31
16873,item_16873,,item_16873,,31,item 16873 features: 31
16879,item_16879,,item_16879,,165,item 16879 features: 165
16880,item_16880,,item_16880,,616 180 64 57 536 124,item 16880 features: 616 180 64 57 536 124
16890,item_16890,,item_16890,,161 21 2 55,item 16890 features: 161 21 2 55
16892,item_16892,,item_16892,,186 49 2 891 377 55,item 16892 features: 186 49 2 891 377 55
16898,item_16898,,item_16898,,2 5 16 55,item 16898 features: 2 5 16 55
16899,item_16899,,item_16899,,10 34,item 16899 features: 10 34
16907,item_16907,,item_16907,,42,item 16907 features: 42
16918,item_16918,,item_16918,,296,item 16918 features: 296
16923,item_16923,,item_16923,,25,item 16923 features: 25
16928,item_16928,,item_16928,,4 253 44,item 16928 features: 4 253 44
16930,item_16930,,item_16930,,10,item 16930 features: 10
16938,item_16938,,item_16938,,15 2 57 4 51 294 5 55,item 16938 features: 15 2 57 4 51 294 5 55
16942,item_16942,,item_16942,,15 49 53 2 51 34 5 31 10,item 16942 features: 15 49 53 2 51 34 5 31 10
16943,item_16943,,item_16943,,69 22 4 60,item 16943 features: 69 22 4 60
16949,item_16949,,item_16949,,2 51 5 55,item 16949 features: 2 51 5 55
16962,item_16962,,item_16962,,250 951 933 31 5,item 16962 features: 250 951 933 31 5
16963,item_16963,,item_16963,,15 2 51 31 5 55,item 16963 features: 15 2 51 31 5 55
16964,item_16964,,item_16964,,4 102,item 16964 features: 4 102
16970,item_16970,,item_16970,,58 53 2 51 34 55,item 16970 features: 58 53 2 51 34 55
16971,item_16971,,item_16971,,58 126 19 345,item 16971 features: 58 126 19 345
16980,item_16980,,item_16980,,168 809 303 51 4 20 31,item 16980 features: 168 809 303 51 4 20 31
16981,item_16981,,item_16981,,447 2 188 4 25 16 5 31,item 16981 features: 447 2 188 4 25 16 5 31
16984,item_16984,,item_16984,,186 44,item 16984 features: 186 44
16986,item_16986,,item_16986,,65 674 29 32 21 399 613 97 31,item 16986 features: 65 674 29 32 21 399 613 97 31
16990,item_16990,,item_16990,,2 31,item 16990 features: 2 31
16991,item_16991,,item_16991,,168 809 2 39 25 4 16 31 5,item 16991 features: 168 809 2 39 25 4 16 31 5
17003,item_17003,,item_17003,,24 15 2 51 20 5 44 31 746,item 17003 features: 24 15 2 51 20 5 44 31 746
17006,item_17006,,item_17006,,2 498 16 5 31 10,item 17006 features: 2 498 16 5 31 10
17009,item_17009,,item_17009,,87 4 31 187,item 17009 features: 87 4 31 187
17014,item_17014,,item_17014,,4 20 830,item 17014 features: 4 20 830
17021,item_17021,,item_17021,,52 4 20 445 102,item 17021 features: 52 4 20 445 102
17025,item_17025,,item_17025,,976 2 31,item 17025 features: 976 2 31
17030,item_17030,,item_17030,,21 265 2 44,item 17030 features: 21 265 2 44
17033,item_17033,,item_17033,,119 524 29 32 2 193 37 185 192 55 501,item 17033 features: 119 524 29 32 2 193 37 185 192 55 501
17035,item_17035,,item_17035,,32 2 34 4 84 44 10,item 17035 features: 32 2 34 4 84 44 10
17062,item_17062,,item_17062,,524 64 2 31,item 17062 features: 524 64 2 31
17068,item_17068,,item_17068,,31 23,item 17068 features: 31 23
17076,item_17076,,item_17076,,2 373 34 4 37 31 10,item 17076 features: 2 373 34 4 37 31 10
17077,item_17077,,item_17077,,10,item 17077 features: 10
17089,item_17089,,item_17089,,21 2 55 0,item 17089 features: 21 2 55 0
17096,item_17096,,item_17096,,181 2 25 76 16 55,item 17096 features: 181 2 25 76 16 55
17101,item_17101,,item_17101,,87 4 44,item 17101 features: 87 4 44
17110,item_17110,,item_17110,,15 51 31 34 55,item 17110 features: 15 51 31 34 55
17114,item_17114,,item_17114,,64 44 10,item 17114 features: 64 44 10
17119,item_17119,,item_17119,,265 31,item 17119 features: 265 31
17134,item_17134,,item_17134,,4 226 16 31,item 17134 features: 4 226 16 31
17135,item_17135,,item_17135,,4,item 17135 features: 4
17143,item_17143,,item_17143,,21 2 56 55,item 17143 features: 21 2 56 55
17181,item_17181,,item_17181,,132 53 2 20 55,item 17181 features: 132 53 2 20 55
17184,item_17184,,item_17184,,31,item 17184 features: 31
17196,item_17196,,item_17196,,4 20,item 17196 features: 4 20
17197,item_17197,,item_17197,,21 31,item 17197 features: 21 31
17199,item_17199,,item_17199,,16 44,item 17199 features: 16 44
17200,item_17200,,item_17200,,4 20,item 17200 features: 4 20
17215,item_17215,,item_17215,,49 2 34 55,item 17215 features: 49 2 34 55
17217,item_17217,,item_17217,,2 55 16 91,item 17217 features: 2 55 16 91
17222,item_17222,,item_17222,,2 55,item 17222 features: 2 55
17226,item_17226,,item_17226,,228 2 54 31,item 17226 features: 228 2 54 31
17230,item_17230,,item_17230,,89 404 390 406 73 435 636 133 121,item 17230 features: 89 404 390 406 73 435 636 133 121
17236,item_17236,,item_17236,,369 96 2 4 14 5 16 31 10,item 17236 features: 369 96 2 4 14 5 16 31 10
17242,item_17242,,item_17242,,738 25 20 55 821 2 4 630 5 944 14 709 926 762,item 17242 features: 738 25 20 55 821 2 4 630 5 944 14 709 926 762
17243,item_17243,,item_17243,,390 31,item 17243 features: 390 31
17256,item_17256,,item_17256,,2,item 17256 features: 2
17258,item_17258,,item_17258,,186 2 116 176 55,item 17258 features: 186 2 116 176 55
17263,item_17263,,item_17263,,87 55,item 17263 features: 87 55
17265,item_17265,,item_17265,,4 20 720,item 17265 features: 4 20 720
17269,item_17269,,item_17269,,160 304 17 853,item 17269 features: 160 304 17 853
17271,item_17271,,item_17271,,2,item 17271 features: 2
17272,item_17272,,item_17272,,69 32 4,item 17272 features: 69 32 4
17277,item_17277,,item_17277,,25,item 17277 features: 25
17281,item_17281,,item_17281,,49 2 16 110 55,item 17281 features: 49 2 16 110 55
17292,item_17292,,item_17292,,839 4 20,item 17292 features: 839 4 20
17300,item_17300,,item_17300,,55,item 17300 features: 55
17305,item_17305,,item_17305,,91,item 17305 features: 91
17307,item_17307,,item_17307,,52 313,item 17307 features: 52 313
17314,item_17314,,item_17314,,10,item 17314 features: 10
17318,item_17318,,item_17318,,51 55,item 17318 features: 51 55
17321,item_17321,,item_17321,,49 2 34 173 28 103 31,item 17321 features: 49 2 34 173 28 103 31
17324,item_17324,,item_17324,,186,item 17324 features: 186
17330,item_17330,,item_17330,,57 4 37,item 17330 features: 57 4 37
17331,item_17331,,item_17331,,32 6 4 649 97 440,item 17331 features: 32 6 4 649 97 440
17339,item_17339,,item_17339,,426 2 5 55,item 17339 features: 426 2 5 55
17348,item_17348,,item_17348,,229 10,item 17348 features: 229 10
17351,item_17351,,item_17351,,740,item 17351 features: 740
17354,item_17354,,item_17354,,21 2 56,item 17354 features: 21 2 56
17355,item_17355,,item_17355,,53 2 55,item 17355 features: 53 2 55
17376,item_17376,,item_17376,,161 2 103 55 23,item 17376 features: 161 2 103 55 23
17381,item_17381,,item_17381,,48 789 535,item 17381 features: 48 789 535
17386,item_17386,,item_17386,,51 55,item 17386 features: 51 55
17390,item_17390,,item_17390,,51 55 935,item 17390 features: 51 55 935
17391,item_17391,,item_17391,,24 664,item 17391 features: 24 664
17395,item_17395,,item_17395,,51 55,item 17395 features: 51 55
17409,item_17409,,item_17409,,2 31,item 17409 features: 2 31
17410,item_17410,,item_17410,,298 5 31,item 17410 features: 298 5 31
17414,item_17414,,item_17414,,7,item 17414 features: 7
17415,item_17415,,item_17415,,37 138 309,item 17415 features: 37 138 309
17418,item_17418,,item_17418,,63,item 17418 features: 63
17434,item_17434,,item_17434,,53 2 31 852,item 17434 features: 53 2 31 852
17436,item_17436,,item_17436,,58 69 1 2 51 25 4 39 5 44 86 31,item 17436 features: 58 69 1 2 51 25 4 39 5 44 86 31
17440,item_17440,,item_17440,,262,item 17440 features: 262
17444,item_17444,,item_17444,,49 2 34 4 173 44 103 23,item 17444 features: 49 2 34 4 173 44 103 23
17452,item_17452,,item_17452,,51 31,item 17452 features: 51 31
17455,item_17455,,item_17455,,49 4 20 14 110 31,item 17455 features: 49 4 20 14 110 31
17474,item_17474,,item_17474,,21 64 2 748 37 55 239,item 17474 features: 21 64 2 748 37 55 239
17475,item_17475,,item_17475,,312 304 17 757 853 425,item 17475 features: 312 304 17 757 853 425
17478,item_17478,,item_17478,,735,item 17478 features: 735
17487,item_17487,,item_17487,,21 44,item 17487 features: 21 44
17498,item_17498,,item_17498,,426,item 17498 features: 426
17513,item_17513,,item_17513,,77 2 37 5 31 489,item 17513 features: 77 2 37 5 31 489
17514,item_17514,,item_17514,,2 4 25 14 162 44,item 17514 features: 2 4 25 14 162 44
17518,item_17518,,item_17518,,847 55,item 17518 features: 847 55
17549,item_17549,,item_17549,,10 49 2 34 253 173 103 31,item 17549 features: 10 49 2 34 253 173 103 31
17552,item_17552,,item_17552,,2 31,item 17552 features: 2 31
17561,item_17561,,item_17561,,186,item 17561 features: 186
17580,item_17580,,item_17580,,51 55,item 17580 features: 51 55
17585,item_17585,,item_17585,,55,item 17585 features: 55
17596,item_17596,,item_17596,,129,item 17596 features: 129
17601,item_17601,,item_17601,,51 55,item 17601 features: 51 55
17612,item_17612,,item_17612,,51 55,item 17612 features: 51 55
17613,item_17613,,item_17613,,161 103 55,item 17613 features: 161 103 55
17616,item_17616,,item_17616,,801 31,item 17616 features: 801 31
17619,item_17619,,item_17619,,265 31,item 17619 features: 265 31
17623,item_17623,,item_17623,,103 55 23,item 17623 features: 103 55 23
17624,item_17624,,item_17624,,554 2 31,item 17624 features: 554 2 31
17627,item_17627,,item_17627,,607,item 17627 features: 607
17629,item_17629,,item_17629,,21 31,item 17629 features: 21 31
17631,item_17631,,item_17631,,186,item 17631 features: 186
17641,item_17641,,item_17641,,21 2 208 55 31 10,item 17641 features: 21 2 208 55 31 10
17653,item_17653,,item_17653,,53 2 5 31,item 17653 features: 53 2 5 31
17655,item_17655,,item_17655,,2 50 76,item 17655 features: 2 50 76
17657,item_17657,,item_17657,,15 2 55,item 17657 features: 15 2 55
17658,item_17658,,item_17658,,862 2 31,item 17658 features: 862 2 31
17671,item_17671,,item_17671,,64 621 133 124,item 17671 features: 64 621 133 124
17677,item_17677,,item_17677,,15 2 4 84 28 31,item 17677 features: 15 2 4 84 28 31
17691,item_17691,,item_17691,,122,item 17691 features: 122
17702,item_17702,,item_17702,,312,item 17702 features: 312
17716,item_17716,,item_17716,,21 2 56 55,item 17716 features: 21 2 56 55
17718,item_17718,,item_17718,,24 4 44,item 17718 features: 24 4 44
