user_id,item_id,timestamp,play_count
1000,9016,0,1
1000,4211,1,1
1000,5121,2,1
1000,7963,3,1
1000,10785,4,1
1000,276,5,1
1000,5475,6,1
1000,8037,7,1
1000,5105,8,1
1000,1776,9,1
1000,65,10,1
1000,1334,11,1
1000,5717,12,1
1000,8173,13,1
1000,11009,14,1
10009,5105,0,1
10009,276,1,1
10009,6862,2,1
10009,6544,3,1
10009,8037,4,1
10009,11009,5,1
10009,7963,6,1
10009,4211,7,1
10009,8173,8,1
10009,65,9,1
10009,941,10,1
10009,5475,11,1
10009,1334,12,1
10009,9016,13,1
10009,1776,14,1
10012,941,0,1
10012,7963,1,1
10012,11009,2,1
10012,65,3,1
10012,5105,4,1
10012,8173,5,1
10012,1334,6,1
10012,4211,7,1
10012,8037,8,1
10012,5475,9,1
10012,5717,10,1
10012,6544,11,1
10012,10785,12,1
10012,276,13,1
10012,5121,14,1
10012,9016,15,1
10013,1334,0,1
10013,276,1,1
10013,7963,2,1
10013,65,3,1
10013,10785,4,1
10013,6544,5,1
10013,11009,6,1
10013,6862,7,1
10013,5121,8,1
10013,1776,9,1
10013,941,10,1
10013,5105,11,1
10013,8037,12,1
10013,5475,13,1
10013,5717,14,1
10013,8173,15,1
10021,9016,0,1
10021,5121,1,1
10021,941,2,1
10021,1776,3,1
10021,6544,4,1
10021,7963,5,1
10021,8173,6,1
10021,8037,7,1
10021,10785,8,1
10021,4211,9,1
10021,1334,10,1
10021,5717,11,1
10021,11009,12,1
10021,276,13,1
10021,5105,14,1
10021,65,15,1
10023,10785,0,1
10023,6862,1,1
10023,7963,2,1
10023,11009,3,1
10023,5475,4,1
10023,1334,5,1
10023,5105,6,1
10023,65,7,1
10023,276,8,1
10023,5717,9,1
10023,4211,10,1
10023,941,11,1
10023,5121,12,1
10023,8037,13,1
10023,9016,14,1
10023,1776,15,1
10039,7963,0,1
10039,6544,1,1
10039,8037,2,1
10039,5717,3,1
10039,941,4,1
10039,5475,5,1
10039,276,6,1
10039,6862,7,1
10039,1334,8,1
10039,11009,9,1
10039,8173,10,1
10039,10785,11,1
10039,5105,12,1
10039,65,13,1
10039,5121,14,1
10039,4211,15,1
10039,1776,16,1
10043,6862,0,1
10043,9016,1,1
10043,941,2,1
10043,5475,3,1
10043,7963,4,1
10043,8173,5,1
10043,5121,6,1
10043,65,7,1
10043,4211,8,1
10043,276,9,1
10043,1776,10,1
10043,10785,11,1
10043,11009,12,1
10043,5717,13,1
10043,5105,14,1
10043,1334,15,1
10046,1334,0,1
10046,8037,1,1
10046,5121,2,1
10046,8173,3,1
10046,4211,4,1
10046,6544,5,1
10046,1776,6,1
10046,5105,7,1
10046,276,8,1
10046,7963,9,1
10046,5717,10,1
10046,65,11,1
10046,5475,12,1
10046,10785,13,1
10046,11009,14,1
10046,941,15,1
10113,8037,0,1
10113,6862,1,1
10113,1334,2,1
10113,65,3,1
10113,941,4,1
10113,7963,5,1
10113,1776,6,1
10113,4211,7,1
10113,5121,8,1
10113,5717,9,1
10113,276,10,1
10113,11009,11,1
10113,8173,12,1
10113,5105,13,1
10113,5475,14,1
10113,6544,15,1
10113,10785,16,1
10128,9016,0,1
10128,7963,1,1
10128,65,2,1
10128,941,3,1
10128,4211,4,1
10128,5121,5,1
10128,11009,6,1
10128,1334,7,1
10128,276,8,1
10128,5475,9,1
10128,10785,10,1
10128,5105,11,1
10128,5717,12,1
10128,6862,13,1
10128,8173,14,1
10128,8037,15,1
10146,1776,0,1
10146,11009,1,1
10146,7963,2,1
10146,65,3,1
10146,6862,4,1
10146,5105,5,1
10146,5717,6,1
10146,276,7,1
10146,1334,8,1
10146,10785,9,1
10146,8037,10,1
10146,8173,11,1
10146,9016,12,1
10146,5121,13,1
10146,6544,14,1
10146,5475,15,1
10146,941,16,1
10146,4211,17,1
10156,5717,0,1
10156,6862,1,1
10156,276,2,1
10156,1334,3,1
10156,9016,4,1
10156,11009,5,1
10156,5105,6,1
10156,941,7,1
10156,1776,8,1
10156,65,9,1
10156,8173,10,1
10156,5475,11,1
10156,8037,12,1
10156,6544,13,1
10156,7963,14,1
10156,10785,15,1
10156,5121,16,1
10180,7963,0,1
10180,5105,1,1
10180,11009,2,1
10180,5717,3,1
10180,4211,4,1
10180,8037,5,1
10180,6862,6,1
10180,65,7,1
10180,8173,8,1
10180,1334,9,1
10180,6544,10,1
10180,276,11,1
10180,941,12,1
10180,5121,13,1
10180,1776,14,1
10192,941,0,1
10192,5717,1,1
10192,7963,2,1
10192,1334,3,1
10192,5121,4,1
10192,6862,5,1
10192,5105,6,1
10192,6544,7,1
10192,8173,8,1
10192,9016,9,1
10192,4211,10,1
10192,276,11,1
10192,10785,12,1
10192,8037,13,1
10192,5475,14,1
10192,11009,15,1
10204,8173,0,1
10204,1776,1,1
10204,6862,2,1
10204,65,3,1
10204,1334,4,1
10204,7963,5,1
10204,8037,6,1
10204,11009,7,1
10204,5121,8,1
10204,5717,9,1
10204,5475,10,1
10204,6544,11,1
10204,9016,12,1
10204,10785,13,1
10204,276,14,1
10211,5475,0,1
10211,7963,1,1
10211,6544,2,1
10211,276,3,1
10211,5105,4,1
10211,5717,5,1
10211,941,6,1
10211,10785,7,1
10211,11009,8,1
10211,1776,9,1
10211,9016,10,1
10211,8037,11,1
10211,1334,12,1
10211,65,13,1
10211,4211,14,1
10211,8173,15,1
1022,10785,0,1
1022,7963,1,1
1022,6862,2,1
1022,1334,3,1
1022,5475,4,1
1022,5717,5,1
1022,1776,6,1
1022,5105,7,1
1022,5121,8,1
1022,11009,9,1
1022,6544,10,1
1022,8173,11,1
1022,941,12,1
1022,65,13,1
1022,276,14,1
1022,4211,15,1
10232,10785,0,1
10232,1334,1,1
10232,4211,2,1
10232,1776,3,1
10232,5717,4,1
10232,7963,5,1
10232,276,6,1
10232,11009,7,1
10232,941,8,1
10232,5121,9,1
10232,8037,10,1
10232,6544,11,1
10232,6862,12,1
10232,5475,13,1
10232,5105,14,1
10232,8173,15,1
10238,5121,0,1
10238,8037,1,1
10238,5475,2,1
10238,7963,3,1
10238,1334,4,1
10238,10785,5,1
10238,941,6,1
10238,4211,7,1
10238,276,8,1
10238,8173,9,1
10238,5105,10,1
10238,6544,11,1
10238,1776,12,1
10238,11009,13,1
10238,5717,14,1
10248,10785,0,1
10248,6544,1,1
10248,4211,2,1
10248,8173,3,1
10248,941,4,1
10248,5717,5,1
10248,1334,6,1
10248,5105,7,1
10248,65,8,1
10248,276,9,1
10248,8037,10,1
10248,5475,11,1
10248,6862,12,1
10248,7963,13,1
10248,11009,14,1
10255,7963,0,1
10255,1776,1,1
10255,5717,2,1
10255,4211,3,1
10255,10785,4,1
10255,8037,5,1
10255,5105,6,1
10255,6544,7,1
10255,941,8,1
10255,11009,9,1
10255,5475,10,1
10255,1334,11,1
10255,8173,12,1
10255,6862,13,1
10255,276,14,1
10255,5121,15,1
10258,8037,0,1
10258,11009,1,1
10258,9016,2,1
10258,5717,3,1
10258,7963,4,1
10258,6544,5,1
10258,4211,6,1
10258,5121,7,1
10258,65,8,1
10258,10785,9,1
10258,5105,10,1
10258,1776,11,1
10258,1334,12,1
10258,276,13,1
10258,941,14,1
10258,5475,15,1
10258,8173,16,1
10258,6862,17,1
10266,7963,0,1
10266,65,1,1
10266,1776,2,1
10266,5717,3,1
10266,6862,4,1
10266,5121,5,1
10266,1334,6,1
10266,4211,7,1
10266,5475,8,1
10266,8173,9,1
10266,8037,10,1
10266,10785,11,1
10266,6544,12,1
10266,276,13,1
10266,5105,14,1
10266,11009,15,1
10266,941,16,1
10270,7963,0,1
10270,65,1,1
10270,8037,2,1
10270,1776,3,1
10270,11009,4,1
10270,5475,5,1
10270,5717,6,1
10270,276,7,1
10270,1334,8,1
10270,941,9,1
10270,6862,10,1
10270,8173,11,1
10270,10785,12,1
10270,6544,13,1
10270,4211,14,1
10270,5121,15,1
10285,5717,0,1
10285,5105,1,1
10285,1334,2,1
10285,276,3,1
10285,9016,4,1
10285,8037,5,1
10285,65,6,1
10285,1776,7,1
10285,6862,8,1
10285,10785,9,1
10285,7963,10,1
10285,11009,11,1
10285,5121,12,1
10285,8173,13,1
10285,6544,14,1
10285,4211,15,1
10285,941,16,1
10285,5475,17,1
10328,8037,0,1
10328,1776,1,1
10328,7963,2,1
10328,5717,3,1
10328,276,4,1
10328,1334,5,1
10328,6862,6,1
10328,10785,7,1
10328,941,8,1
10328,5475,9,1
10328,6544,10,1
10328,5121,11,1
10328,4211,12,1
10328,11009,13,1
10328,5105,14,1
10328,65,15,1
10352,7963,0,1
10352,8037,1,1
10352,5717,2,1
10352,8173,3,1
10352,5121,4,1
10352,276,5,1
10352,11009,6,1
10352,1776,7,1
10352,941,8,1
10352,5105,9,1
10352,6544,10,1
10352,1334,11,1
10352,6862,12,1
10352,10785,13,1
10352,5475,14,1
10363,5717,0,1
10363,6862,1,1
10363,276,2,1
10363,7963,3,1
10363,5475,4,1
10363,941,5,1
10363,65,6,1
10363,11009,7,1
10363,1776,8,1
10363,5105,9,1
10363,6544,10,1
10363,1334,11,1
10363,4211,12,1
10363,8037,13,1
10363,8173,14,1
10363,5121,15,1
10397,276,0,1
10397,8173,1,1
10397,1776,2,1
10397,7963,3,1
10397,6862,4,1
10397,5717,5,1
10397,8037,6,1
10397,1334,7,1
10397,4211,8,1
10397,941,9,1
10397,11009,10,1
10397,65,11,1
10397,5475,12,1
10397,6544,13,1
10397,5121,14,1
10398,11009,0,1
10398,65,1,1
10398,10785,2,1
10398,5105,3,1
10398,5475,4,1
10398,8037,5,1
10398,941,6,1
10398,1334,7,1
10398,276,8,1
10398,8173,9,1
10398,7963,10,1
10398,5121,11,1
10398,6862,12,1
10398,1776,13,1
10398,4211,14,1
10398,5717,15,1
10442,5105,0,1
10442,10785,1,1
10442,276,2,1
10442,1334,3,1
10442,7963,4,1
10442,11009,5,1
10442,6862,6,1
10442,5717,7,1
10442,8037,8,1
10442,5121,9,1
10442,65,10,1
10442,4211,11,1
10442,5475,12,1
10442,8173,13,1
10442,1776,14,1
10449,65,0,1
10449,8037,1,1
10449,5475,2,1
10449,5717,3,1
10449,5121,4,1
10449,6862,5,1
10449,276,6,1
10449,5105,7,1
10449,8173,8,1
10449,11009,9,1
10449,1776,10,1
10449,7963,11,1
10449,10785,12,1
10449,6544,13,1
10449,941,14,1
10449,1334,15,1
10449,4211,16,1
10451,5105,0,1
10451,7963,1,1
10451,8173,2,1
10451,10785,3,1
10451,4211,4,1
10451,11009,5,1
10451,1334,6,1
10451,5121,7,1
10451,8037,8,1
10451,6544,9,1
10451,5475,10,1
10451,5717,11,1
10451,276,12,1
10451,941,13,1
10451,6862,14,1
10463,65,0,1
10463,5717,1,1
10463,11009,2,1
10463,6544,3,1
10463,1334,4,1
10463,941,5,1
10463,7963,6,1
10463,9016,7,1
10463,5475,8,1
10463,276,9,1
10463,5105,10,1
10463,6862,11,1
10463,8173,12,1
10463,4211,13,1
10463,10785,14,1
10503,5717,0,1
10503,4211,1,1
10503,10785,2,1
10503,65,3,1
10503,7963,4,1
10503,11009,5,1
10503,8037,6,1
10503,5121,7,1
10503,5105,8,1
10503,8173,9,1
10503,1334,10,1
10503,6862,11,1
10503,276,12,1
10503,5475,13,1
10503,1776,14,1
10503,941,15,1
1051,1334,0,1
1051,5121,1,1
1051,8173,2,1
1051,7963,3,1
1051,11009,4,1
1051,9016,5,1
1051,276,6,1
1051,8037,7,1
1051,941,8,1
1051,1776,9,1
1051,6544,10,1
1051,5105,11,1
1051,10785,12,1
1051,5717,13,1
1051,4211,14,1
10566,1776,0,1
10566,8037,1,1
10566,9016,2,1
10566,5717,3,1
10566,1334,4,1
10566,11009,5,1
10566,8173,6,1
10566,4211,7,1
10566,7963,8,1
10566,6862,9,1
10566,5475,10,1
10566,276,11,1
10566,5121,12,1
10566,941,13,1
10566,10785,14,1
10566,6544,15,1
10566,5105,16,1
10577,9016,0,1
10577,5121,1,1
10577,5105,2,1
10577,7963,3,1
10577,6544,4,1
10577,4211,5,1
10577,941,6,1
10577,5717,7,1
10577,8037,8,1
10577,65,9,1
10577,8173,10,1
10577,10785,11,1
10577,5475,12,1
10577,6862,13,1
10577,276,14,1
10577,11009,15,1
10577,1334,16,1
1058,11009,0,1
1058,276,1,1
1058,6862,2,1
1058,5105,3,1
1058,1776,4,1
1058,6544,5,1
1058,5121,6,1
1058,5475,7,1
1058,1334,8,1
1058,7963,9,1
1058,4211,10,1
1058,5717,11,1
1058,10785,12,1
1058,65,13,1
1058,8037,14,1
1058,8173,15,1
1058,941,16,1
10582,7963,0,1
10582,5717,1,1
10582,5475,2,1
10582,1776,3,1
10582,5105,4,1
10582,9016,5,1
10582,8173,6,1
10582,6862,7,1
10582,6544,8,1
10582,5121,9,1
10582,276,10,1
10582,4211,11,1
10582,8037,12,1
10582,65,13,1
10582,1334,14,1
10582,941,15,1
10582,11009,16,1
10632,7963,0,1
10632,8037,1,1
10632,6544,2,1
10632,276,3,1
10632,4211,4,1
10632,941,5,1
10632,11009,6,1
10632,5105,7,1
10632,6862,8,1
10632,5121,9,1
10632,1776,10,1
10632,1334,11,1
10632,5717,12,1
10632,8173,13,1
10632,5475,14,1
10645,1334,0,1
10645,65,1,1
10645,941,2,1
10645,5121,3,1
10645,276,4,1
10645,9016,5,1
10645,5717,6,1
10645,4211,7,1
10645,6544,8,1
10645,5105,9,1
10645,10785,10,1
10645,6862,11,1
10645,8037,12,1
10645,11009,13,1
10645,7963,14,1
10645,8173,15,1
10645,5475,16,1
10696,11009,0,1
10696,7963,1,1
10696,6544,2,1
10696,8037,3,1
10696,1334,4,1
10696,5105,5,1
10696,5717,6,1
10696,8173,7,1
10696,1776,8,1
10696,6862,9,1
10696,941,10,1
10696,5475,11,1
10696,10785,12,1
10696,276,13,1
10696,4211,14,1
10700,65,0,1
10700,10785,1,1
10700,4211,2,1
10700,1334,3,1
10700,7963,4,1
10700,941,5,1
10700,6544,6,1
10700,5105,7,1
10700,276,8,1
10700,5475,9,1
10700,6862,10,1
10700,5717,11,1
10700,5121,12,1
10700,11009,13,1
10700,8037,14,1
10700,9016,15,1
10700,8173,16,1
10716,8037,0,1
10716,7963,1,1
10716,1776,2,1
10716,5105,3,1
10716,6862,4,1
10716,1334,5,1
10716,941,6,1
10716,276,7,1
10716,8173,8,1
10716,65,9,1
10716,5717,10,1
10716,5121,11,1
10716,11009,12,1
10716,10785,13,1
10716,6544,14,1
10716,9016,15,1
10716,5475,16,1
10721,1334,0,1
10721,5105,1,1
10721,5717,2,1
10721,276,3,1
10721,941,4,1
10721,7963,5,1
10721,1776,6,1
10721,10785,7,1
10721,6544,8,1
10721,8173,9,1
10721,8037,10,1
10721,5475,11,1
10721,6862,12,1
10721,4211,13,1
10721,5121,14,1
10721,11009,15,1
10729,5105,0,1
10729,5717,1,1
10729,1334,2,1
10729,8037,3,1
10729,941,4,1
10729,4211,5,1
10729,8173,6,1
10729,6862,7,1
10729,6544,8,1
10729,10785,9,1
10729,5475,10,1
10729,7963,11,1
10729,65,12,1
10729,9016,13,1
10729,11009,14,1
10729,276,15,1
10734,6862,0,1
10734,5717,1,1
10734,7963,2,1
10734,4211,3,1
10734,941,4,1
10734,8173,5,1
10734,1334,6,1
10734,5475,7,1
10734,1776,8,1
10734,5105,9,1
10734,65,10,1
10734,6544,11,1
10734,10785,12,1
10734,11009,13,1
10734,276,14,1
10734,8037,15,1
10735,10785,0,1
10735,6862,1,1
10735,6544,2,1
10735,11009,3,1
10735,7963,4,1
10735,5475,5,1
10735,276,6,1
10735,65,7,1
10735,8173,8,1
10735,8037,9,1
10735,1776,10,1
10735,1334,11,1
10735,5105,12,1
10735,4211,13,1
10735,941,14,1
10735,9016,15,1
10735,5121,16,1
10746,7963,0,1
10746,6862,1,1
10746,1776,2,1
10746,9016,3,1
10746,276,4,1
10746,941,5,1
10746,5717,6,1
10746,1334,7,1
10746,8037,8,1
10746,65,9,1
10746,4211,10,1
10746,5475,11,1
10746,11009,12,1
10746,5105,13,1
10746,8173,14,1
10746,6544,15,1
10748,5121,0,1
10748,1776,1,1
10748,276,2,1
10748,4211,3,1
10748,8037,4,1
10748,65,5,1
10748,5717,6,1
10748,5105,7,1
10748,5475,8,1
10748,7963,9,1
10748,11009,10,1
10748,1334,11,1
10748,941,12,1
10748,8173,13,1
10748,6862,14,1
10772,5475,0,1
10772,9016,1,1
10772,6862,2,1
10772,4211,3,1
10772,5105,4,1
10772,1334,5,1
10772,6544,6,1
10772,941,7,1
10772,5717,8,1
10772,7963,9,1
10772,8037,10,1
10772,5121,11,1
10772,8173,12,1
10772,1776,13,1
10772,11009,14,1
10772,276,15,1
10772,65,16,1
10808,941,0,1
10808,6544,1,1
10808,8173,2,1
10808,1776,3,1
10808,6862,4,1
10808,5105,5,1
10808,11009,6,1
10808,8037,7,1
10808,5475,8,1
10808,5121,9,1
10808,5717,10,1
10808,7963,11,1
10808,1334,12,1
10808,10785,13,1
10808,276,14,1
10825,7963,0,1
10825,9016,1,1
10825,6544,2,1
10825,276,3,1
10825,1776,4,1
10825,8173,5,1
10825,5121,6,1
10825,5717,7,1
10825,10785,8,1
10825,5105,9,1
10825,11009,10,1
10825,1334,11,1
10825,8037,12,1
10825,4211,13,1
10825,5475,14,1
10825,6862,15,1
10825,941,16,1
10863,5105,0,1
10863,276,1,1
10863,10785,2,1
10863,1334,3,1
10863,1776,4,1
10863,11009,5,1
10863,7963,6,1
10863,8037,7,1
10863,6862,8,1
10863,65,9,1
10863,941,10,1
10863,5121,11,1
10863,4211,12,1
10863,5475,13,1
10863,6544,14,1
10873,941,0,1
10873,8037,1,1
10873,1334,2,1
10873,276,3,1
10873,10785,4,1
10873,5475,5,1
10873,5717,6,1
10873,11009,7,1
10873,5105,8,1
10873,6862,9,1
10873,7963,10,1
10873,8173,11,1
10873,4211,12,1
10873,5121,13,1
10873,6544,14,1
10898,5105,0,1
10898,8173,1,1
10898,276,2,1
10898,4211,3,1
10898,7963,4,1
10898,11009,5,1
10898,6544,6,1
10898,5475,7,1
10898,8037,8,1
10898,1334,9,1
10898,5717,10,1
10898,10785,11,1
10898,1776,12,1
10898,5121,13,1
10898,941,14,1
10958,7963,0,1
10958,6862,1,1
10958,10785,2,1
10958,6544,3,1
10958,276,4,1
10958,11009,5,1
10958,8037,6,1
10958,1334,7,1
10958,8173,8,1
10958,5475,9,1
10958,941,10,1
10958,5717,11,1
10958,5121,12,1
10958,5105,13,1
10958,1776,14,1
10958,4211,15,1
11,1776,0,1
11,7963,1,1
11,65,2,1
11,11009,3,1
11,5475,4,1
11,5105,5,1
11,1334,6,1
11,8173,7,1
11,5717,8,1
11,276,9,1
11,941,10,1
11,8037,11,1
11,5121,12,1
11,6544,13,1
11,10785,14,1
11,4211,15,1
11012,11009,0,1
11012,10785,1,1
11012,6544,2,1
11012,941,3,1
11012,65,4,1
11012,1334,5,1
11012,5717,6,1
11012,8037,7,1
11012,276,8,1
11012,5475,9,1
11012,7963,10,1
11012,8173,11,1
11012,4211,12,1
11012,5105,13,1
11012,5121,14,1
11101,1334,0,1
11101,5475,1,1
11101,5105,2,1
11101,6544,3,1
11101,8173,4,1
11101,7963,5,1
11101,11009,6,1
11101,4211,7,1
11101,276,8,1
11101,6862,9,1
11101,9016,10,1
11101,5717,11,1
11101,5121,12,1
11101,1776,13,1
11101,941,14,1
11101,8037,15,1
1111,7963,0,1
1111,276,1,1
1111,5717,2,1
1111,11009,3,1
1111,65,4,1
1111,8173,5,1
1111,941,6,1
1111,9016,7,1
1111,1334,8,1
1111,1776,9,1
1111,5475,10,1
1111,4211,11,1
1111,8037,12,1
1111,6862,13,1
1111,10785,14,1
11124,7963,0,1
11124,5105,1,1
11124,11009,2,1
11124,4211,3,1
11124,5121,4,1
11124,1334,5,1
11124,5717,6,1
11124,276,7,1
11124,5475,8,1
11124,8173,9,1
11124,8037,10,1
11124,6862,11,1
11124,941,12,1
11124,10785,13,1
11124,6544,14,1
11141,5475,0,1
11141,6544,1,1
11141,4211,2,1
11141,1776,3,1
11141,1334,4,1
11141,7963,5,1
11141,941,6,1
11141,6862,7,1
11141,8037,8,1
11141,11009,9,1
11141,8173,10,1
11141,276,11,1
11141,5717,12,1
11141,65,13,1
11141,5105,14,1
11144,5105,0,1
11144,65,1,1
11144,7963,2,1
11144,9016,3,1
11144,941,4,1
11144,8037,5,1
11144,1334,6,1
11144,5475,7,1
11144,276,8,1
11144,4211,9,1
11144,10785,10,1
11144,11009,11,1
11144,5121,12,1
11144,5717,13,1
11144,8173,14,1
11177,8037,0,1
11177,1334,1,1
11177,65,2,1
11177,8173,3,1
11177,276,4,1
11177,6862,5,1
11177,11009,6,1
11177,10785,7,1
11177,5475,8,1
11177,6544,9,1
11177,941,10,1
11177,5105,11,1
11177,7963,12,1
11177,5717,13,1
11177,1776,14,1
11177,4211,15,1
11179,7963,0,1
11179,5475,1,1
11179,8037,2,1
11179,5717,3,1
11179,4211,4,1
11179,9016,5,1
11179,5121,6,1
11179,10785,7,1
11179,941,8,1
11179,65,9,1
11179,1776,10,1
11179,6544,11,1
11179,276,12,1
11179,1334,13,1
11179,5105,14,1
11179,11009,15,1
11179,8173,16,1
11185,1776,0,1
11185,8173,1,1
11185,10785,2,1
11185,7963,3,1
11185,5475,4,1
11185,9016,5,1
11185,941,6,1
11185,8037,7,1
11185,4211,8,1
11185,276,9,1
11185,1334,10,1
11185,11009,11,1
11185,5105,12,1
11185,5717,13,1
11185,6544,14,1
11185,65,15,1
11186,6862,0,1
11186,9016,1,1
11186,7963,2,1
11186,10785,3,1
11186,8173,4,1
11186,11009,5,1
11186,5717,6,1
11186,276,7,1
11186,5105,8,1
11186,1334,9,1
11186,6544,10,1
11186,941,11,1
11186,5475,12,1
11186,8037,13,1
11186,4211,14,1
11186,5121,15,1
11213,8173,0,1
11213,11009,1,1
11213,1334,2,1
11213,4211,3,1
11213,276,4,1
11213,5717,5,1
11213,65,6,1
11213,1776,7,1
11213,6544,8,1
11213,7963,9,1
11213,6862,10,1
11213,5475,11,1
11213,5105,12,1
11213,5121,13,1
11213,10785,14,1
11213,941,15,1
1122,9016,0,1
1122,7963,1,1
1122,5717,2,1
1122,8037,3,1
1122,5475,4,1
1122,276,5,1
1122,4211,6,1
1122,5105,7,1
1122,8173,8,1
1122,6544,9,1
1122,941,10,1
1122,10785,11,1
1122,11009,12,1
1122,1334,13,1
1122,5121,14,1
11228,5121,0,1
11228,7963,1,1
11228,941,2,1
11228,65,3,1
11228,1334,4,1
11228,11009,5,1
11228,5475,6,1
11228,1776,7,1
11228,6544,8,1
11228,8037,9,1
11228,5105,10,1
11228,6862,11,1
11228,4211,12,1
11228,5717,13,1
11228,276,14,1
11237,10785,0,1
11237,8037,1,1
11237,6862,2,1
11237,8173,3,1
11237,65,4,1
11237,941,5,1
11237,7963,6,1
11237,11009,7,1
11237,276,8,1
11237,5105,9,1
11237,1334,10,1
11237,5475,11,1
11237,5121,12,1
11237,6544,13,1
11237,4211,14,1
11252,8037,0,1
11252,7963,1,1
11252,6544,2,1
11252,1334,3,1
11252,276,4,1
11252,5717,5,1
11252,4211,6,1
11252,8173,7,1
11252,11009,8,1
11252,5105,9,1
11252,65,10,1
11252,6862,11,1
11252,5121,12,1
11252,10785,13,1
11252,5475,14,1
11291,5717,0,1
11291,9016,1,1
11291,276,2,1
11291,8037,3,1
11291,4211,4,1
11291,6862,5,1
11291,8173,6,1
11291,7963,7,1
11291,5105,8,1
11291,1334,9,1
11291,65,10,1
11291,5121,11,1
11291,941,12,1
11291,6544,13,1
11291,5475,14,1
11291,11009,15,1
11291,10785,16,1
11295,276,0,1
11295,7963,1,1
11295,1776,2,1
11295,5475,3,1
11295,6544,4,1
11295,4211,5,1
11295,65,6,1
11295,941,7,1
11295,5121,8,1
11295,1334,9,1
11295,5105,10,1
11295,8037,11,1
11295,11009,12,1
11295,5717,13,1
11295,6862,14,1
11300,5475,0,1
11300,1334,1,1
11300,5121,2,1
11300,941,3,1
11300,8037,4,1
11300,11009,5,1
11300,6544,6,1
11300,7963,7,1
11300,276,8,1
11300,1776,9,1
11300,5717,10,1
11300,8173,11,1
11300,5105,12,1
11300,6862,13,1
11300,10785,14,1
11321,1334,0,1
11321,276,1,1
11321,1776,2,1
11321,6862,3,1
11321,8037,4,1
11321,10785,5,1
11321,8173,6,1
11321,7963,7,1
11321,5475,8,1
11321,941,9,1
11321,5121,10,1
11321,5105,11,1
11321,6544,12,1
11321,65,13,1
11321,11009,14,1
11334,11009,0,1
11334,7963,1,1
11334,6862,2,1
11334,276,3,1
11334,1776,4,1
11334,5475,5,1
11334,10785,6,1
11334,5121,7,1
11334,6544,8,1
11334,1334,9,1
11334,8173,10,1
11334,8037,11,1
11334,5105,12,1
11334,941,13,1
11334,65,14,1
11378,8037,0,1
11378,4211,1,1
11378,7963,2,1
11378,6544,3,1
11378,1334,4,1
11378,941,5,1
11378,5717,6,1
11378,1776,7,1
11378,276,8,1
11378,8173,9,1
11378,5105,10,1
11378,5121,11,1
11378,6862,12,1
11378,65,13,1
11378,11009,14,1
11378,10785,15,1
11378,5475,16,1
11382,11009,0,1
11382,5105,1,1
11382,6862,2,1
11382,5121,3,1
11382,5717,4,1
11382,1776,5,1
11382,6544,6,1
11382,7963,7,1
11382,8173,8,1
11382,941,9,1
11382,10785,10,1
11382,8037,11,1
11382,276,12,1
11382,1334,13,1
11382,5475,14,1
11382,65,15,1
11382,4211,16,1
11387,11009,0,1
11387,276,1,1
11387,7963,2,1
11387,10785,3,1
11387,5475,4,1
11387,941,5,1
11387,1334,6,1
11387,6544,7,1
11387,5121,8,1
11387,8037,9,1
11387,65,10,1
11387,6862,11,1
11387,8173,12,1
11387,1776,13,1
11387,5105,14,1
11387,4211,15,1
11387,9016,16,1
11416,6862,0,1
11416,7963,1,1
11416,10785,2,1
11416,11009,3,1
11416,941,4,1
11416,5717,5,1
11416,1334,6,1
11416,8173,7,1
11416,276,8,1
11416,5105,9,1
11416,6544,10,1
11416,5475,11,1
11416,5121,12,1
11416,65,13,1
11416,4211,14,1
11428,8037,0,1
11428,1776,1,1
11428,5105,2,1
11428,7963,3,1
11428,6862,4,1
11428,1334,5,1
11428,10785,6,1
11428,11009,7,1
11428,4211,8,1
11428,5121,9,1
11428,8173,10,1
11428,6544,11,1
11428,5475,12,1
11428,276,13,1
11428,5717,14,1
11490,9016,0,1
11490,7963,1,1
11490,941,2,1
11490,5105,3,1
11490,5475,4,1
11490,10785,5,1
11490,4211,6,1
11490,1334,7,1
11490,1776,8,1
11490,8037,9,1
11490,5121,10,1
11490,6544,11,1
11490,5717,12,1
11490,276,13,1
11490,11009,14,1
11490,65,15,1
11490,8173,16,1
11501,1334,0,1
11501,5105,1,1
11501,65,2,1
11501,5717,3,1
11501,11009,4,1
11501,1776,5,1
11501,7963,6,1
11501,9016,7,1
11501,6862,8,1
11501,4211,9,1
11501,6544,10,1
11501,941,11,1
11501,5121,12,1
11501,8173,13,1
11501,10785,14,1
11501,276,15,1
1152,8173,0,1
1152,4211,1,1
1152,6544,2,1
1152,8037,3,1
1152,7963,4,1
1152,1776,5,1
1152,941,6,1
1152,5121,7,1
1152,5717,8,1
1152,276,9,1
1152,1334,10,1
1152,6862,11,1
1152,11009,12,1
1152,5475,13,1
1152,10785,14,1
11522,1334,0,1
11522,7963,1,1
11522,11009,2,1
11522,1776,3,1
11522,8037,4,1
11522,941,5,1
11522,5105,6,1
11522,5475,7,1
11522,276,8,1
11522,10785,9,1
11522,5121,10,1
11522,9016,11,1
11522,5717,12,1
11522,65,13,1
11522,4211,14,1
11522,6862,15,1
11522,6544,16,1
11522,8173,17,1
11525,5105,0,1
11525,8173,1,1
11525,7963,2,1
11525,11009,3,1
11525,1334,4,1
11525,6544,5,1
11525,8037,6,1
11525,1776,7,1
11525,5475,8,1
11525,10785,9,1
11525,941,10,1
11525,65,11,1
11525,276,12,1
11525,5121,13,1
11525,5717,14,1
11529,1334,0,1
11529,10785,1,1
11529,4211,2,1
11529,9016,3,1
11529,7963,4,1
11529,941,5,1
11529,1776,6,1
11529,8173,7,1
11529,5105,8,1
11529,65,9,1
11529,11009,10,1
11529,5475,11,1
11529,276,12,1
11529,5121,13,1
11529,5717,14,1
11537,10785,0,1
11537,1776,1,1
11537,6544,2,1
11537,276,3,1
11537,7963,4,1
11537,11009,5,1
11537,5717,6,1
11537,4211,7,1
11537,5121,8,1
11537,941,9,1
11537,1334,10,1
11537,8037,11,1
11537,6862,12,1
11537,5105,13,1
11537,5475,14,1
11537,8173,15,1
11550,5121,0,1
11550,8037,1,1
11550,6862,2,1
11550,1776,3,1
11550,5717,4,1
11550,7963,5,1
11550,4211,6,1
11550,6544,7,1
11550,5475,8,1
11550,5105,9,1
11550,941,10,1
11550,10785,11,1
11550,1334,12,1
11550,8173,13,1
11550,11009,14,1
11550,276,15,1
11563,6862,0,1
11563,5717,1,1
11563,65,2,1
11563,7963,3,1
11563,941,4,1
11563,1334,5,1
11563,4211,6,1
11563,8173,7,1
11563,276,8,1
11563,1776,9,1
11563,5121,10,1
11563,11009,11,1
11563,5475,12,1
11563,8037,13,1
11563,5105,14,1
11563,6544,15,1
11563,9016,16,1
11563,10785,17,1
11568,6544,0,1
11568,11009,1,1
11568,276,2,1
11568,7963,3,1
11568,8173,4,1
11568,9016,5,1
11568,941,6,1
11568,1334,7,1
11568,6862,8,1
11568,4211,9,1
11568,10785,10,1
11568,5105,11,1
11568,5475,12,1
11568,65,13,1
11568,5121,14,1
11576,11009,0,1
11576,8037,1,1
11576,65,2,1
11576,276,3,1
11576,8173,4,1
11576,1334,5,1
11576,5717,6,1
11576,5121,7,1
11576,6544,8,1
11576,941,9,1
11576,7963,10,1
11576,4211,11,1
11576,5105,12,1
11576,5475,13,1
11576,10785,14,1
11578,276,0,1
11578,5121,1,1
11578,6544,2,1
11578,7963,3,1
11578,5105,4,1
11578,11009,5,1
11578,5475,6,1
11578,1334,7,1
11578,941,8,1
11578,4211,9,1
11578,1776,10,1
11578,8173,11,1
11578,5717,12,1
11578,8037,13,1
11578,10785,14,1
116,5105,0,1
116,8037,1,1
116,1776,2,1
116,7963,3,1
116,1334,4,1
116,5121,5,1
116,941,6,1
116,10785,7,1
116,276,8,1
116,11009,9,1
116,6544,10,1
116,8173,11,1
116,4211,12,1
116,6862,13,1
116,5717,14,1
116,5475,15,1
116,65,16,1
11615,5475,0,1
11615,5121,1,1
11615,8037,2,1
11615,10785,3,1
11615,6544,4,1
11615,1334,5,1
11615,941,6,1
11615,1776,7,1
11615,11009,8,1
11615,276,9,1
11615,6862,10,1
11615,7963,11,1
11615,5105,12,1
11615,8173,13,1
11615,5717,14,1
11615,4211,15,1
11637,1334,0,1
11637,7963,1,1
11637,8037,2,1
11637,276,3,1
11637,8173,4,1
11637,5717,5,1
11637,9016,6,1
11637,4211,7,1
11637,6862,8,1
11637,65,9,1
11637,6544,10,1
11637,11009,11,1
11637,5475,12,1
11637,5121,13,1
11637,5105,14,1
11637,1776,15,1
11655,276,0,1
11655,7963,1,1
11655,5121,2,1
11655,11009,3,1
11655,5475,4,1
11655,5717,5,1
11655,8173,6,1
11655,1776,7,1
11655,1334,8,1
11655,4211,9,1
11655,5105,10,1
11655,6862,11,1
11655,8037,12,1
11655,941,13,1
11655,65,14,1
11655,6544,15,1
11660,7963,0,1
11660,1334,1,1
11660,10785,2,1
11660,5475,3,1
11660,276,4,1
11660,11009,5,1
11660,5121,6,1
11660,5717,7,1
11660,8173,8,1
11660,1776,9,1
11660,941,10,1
11660,8037,11,1
11660,4211,12,1
11660,5105,13,1
11660,65,14,1
11666,8173,0,1
11666,7963,1,1
11666,8037,2,1
11666,941,3,1
11666,11009,4,1
11666,6862,5,1
11666,6544,6,1
11666,5717,7,1
11666,4211,8,1
11666,1776,9,1
11666,5475,10,1
11666,276,11,1
11666,5121,12,1
11666,10785,13,1
11666,1334,14,1
11677,276,0,1
11677,941,1,1
11677,8037,2,1
11677,5105,3,1
11677,7963,4,1
11677,1334,5,1
11677,8173,6,1
11677,6862,7,1
11677,1776,8,1
11677,10785,9,1
11677,4211,10,1
11677,11009,11,1
11677,5121,12,1
11677,5717,13,1
11677,6544,14,1
11677,5475,15,1
1168,276,0,1
1168,941,1,1
1168,1776,2,1
1168,4211,3,1
1168,1334,4,1
1168,7963,5,1
1168,65,6,1
1168,11009,7,1
1168,5475,8,1
1168,5121,9,1
1168,5105,10,1
1168,8173,11,1
1168,8037,12,1
1168,5717,13,1
1168,6544,14,1
1171,5105,0,1
1171,10785,1,1
1171,941,2,1
1171,276,3,1
1171,65,4,1
1171,5717,5,1
1171,1334,6,1
1171,7963,7,1
1171,6544,8,1
1171,8037,9,1
1171,11009,10,1
1171,8173,11,1
1171,5121,12,1
1171,6862,13,1
1171,9016,14,1
1171,5475,15,1
1171,4211,16,1
11725,6544,0,1
11725,1334,1,1
11725,7963,2,1
11725,5717,3,1
11725,8037,4,1
11725,6862,5,1
11725,1776,6,1
11725,11009,7,1
11725,4211,8,1
11725,10785,9,1
11725,5105,10,1
11725,5475,11,1
11725,65,12,1
11725,276,13,1
11725,5121,14,1
11725,8173,15,1
11725,941,16,1
11746,6862,0,1
11746,5717,1,1
11746,10785,2,1
11746,7963,3,1
11746,1334,4,1
11746,5121,5,1
11746,8037,6,1
11746,4211,7,1
11746,5105,8,1
11746,8173,9,1
11746,1776,10,1
11746,941,11,1
11746,11009,12,1
11746,5475,13,1
11746,6544,14,1
11746,276,15,1
11751,276,0,1
11751,6544,1,1
11751,8037,2,1
11751,5717,3,1
11751,7963,4,1
11751,6862,5,1
11751,10785,6,1
11751,4211,7,1
11751,5475,8,1
11751,5105,9,1
11751,65,10,1
11751,11009,11,1
11751,1334,12,1
11751,8173,13,1
11751,1776,14,1
11758,7963,0,1
11758,1776,1,1
11758,65,2,1
11758,6862,3,1
11758,11009,4,1
11758,8037,5,1
11758,5717,6,1
11758,10785,7,1
11758,8173,8,1
11758,276,9,1
11758,5105,10,1
11758,1334,11,1
11758,6544,12,1
11758,4211,13,1
11758,941,14,1
11758,5475,15,1
11775,10785,0,1
11775,7963,1,1
11775,1776,2,1
11775,65,3,1
11775,5121,4,1
11775,5717,5,1
11775,1334,6,1
11775,5105,7,1
11775,276,8,1
11775,6544,9,1
11775,11009,10,1
11775,8173,11,1
11775,5475,12,1
11775,4211,13,1
11775,941,14,1
11775,6862,15,1
11775,8037,16,1
11796,941,0,1
11796,1776,1,1
11796,7963,2,1
11796,5717,3,1
11796,6544,4,1
11796,1334,5,1
11796,4211,6,1
11796,8037,7,1
11796,10785,8,1
11796,6862,9,1
11796,5121,10,1
11796,5105,11,1
11796,11009,12,1
11796,5475,13,1
11796,276,14,1
11796,8173,15,1
11797,5475,0,1
11797,1776,1,1
11797,5717,2,1
11797,4211,3,1
11797,7963,4,1
11797,941,5,1
11797,8037,6,1
11797,5121,7,1
11797,276,8,1
11797,10785,9,1
11797,1334,10,1
11797,8173,11,1
11797,11009,12,1
11797,5105,13,1
11797,6544,14,1
11797,65,15,1
11805,1776,0,1
11805,8173,1,1
11805,1334,2,1
11805,9016,3,1
11805,8037,4,1
11805,10785,5,1
11805,5121,6,1
11805,7963,7,1
11805,5717,8,1
11805,6544,9,1
11805,65,10,1
11805,6862,11,1
11805,5475,12,1
11805,11009,13,1
11805,5105,14,1
11805,276,15,1
11805,941,16,1
11805,4211,17,1
11808,1334,0,1
11808,10785,1,1
11808,276,2,1
11808,6544,3,1
11808,8037,4,1
11808,8173,5,1
11808,5105,6,1
11808,1776,7,1
11808,5121,8,1
11808,941,9,1
11808,5717,10,1
11808,11009,11,1
11808,7963,12,1
11808,9016,13,1
11808,5475,14,1
11808,6862,15,1
11829,5121,0,1
11829,5717,1,1
11829,6862,2,1
11829,941,3,1
11829,10785,4,1
11829,9016,5,1
11829,8173,6,1
11829,65,7,1
11829,276,8,1
11829,5475,9,1
11829,5105,10,1
11829,1776,11,1
11829,8037,12,1
11829,1334,13,1
11829,11009,14,1
11829,7963,15,1
11829,6544,16,1
11829,4211,17,1
11844,1776,0,1
11844,941,1,1
11844,8037,2,1
11844,7963,3,1
11844,8173,4,1
11844,5121,5,1
11844,11009,6,1
11844,5105,7,1
11844,4211,8,1
11844,9016,9,1
11844,5475,10,1
11844,65,11,1
11844,6544,12,1
11844,10785,13,1
11844,5717,14,1
11844,276,15,1
11844,1334,16,1
11856,1334,0,1
11856,4211,1,1
11856,941,2,1
11856,6544,3,1
11856,276,4,1
11856,7963,5,1
11856,65,6,1
11856,5475,7,1
11856,5717,8,1
11856,5121,9,1
11856,5105,10,1
11856,11009,11,1
11856,8173,12,1
11856,6862,13,1
11856,8037,14,1
11888,1334,0,1
11888,9016,1,1
11888,7963,2,1
11888,11009,3,1
11888,10785,4,1
11888,6544,5,1
11888,5121,6,1
11888,276,7,1
11888,941,8,1
11888,5717,9,1
11888,5105,10,1
11888,1776,11,1
11888,4211,12,1
11888,8037,13,1
11888,8173,14,1
11888,6862,15,1
11888,5475,16,1
119,276,0,1
119,6544,1,1
119,8037,2,1
119,65,3,1
119,1334,4,1
119,8173,5,1
119,11009,6,1
119,7963,7,1
119,5717,8,1
119,5105,9,1
119,9016,10,1
119,1776,11,1
119,5121,12,1
119,5475,13,1
119,4211,14,1
1191,1776,0,1
1191,6544,1,1
1191,8037,2,1
1191,8173,3,1
1191,276,4,1
1191,5475,5,1
1191,5121,6,1
1191,6862,7,1
1191,7963,8,1
1191,4211,9,1
1191,1334,10,1
1191,5105,11,1
1191,11009,12,1
1191,5717,13,1
1191,9016,14,1
1191,10785,15,1
1191,65,16,1
1191,941,17,1
11921,5475,0,1
11921,10785,1,1
11921,8173,2,1
11921,7963,3,1
11921,276,4,1
11921,1334,5,1
11921,941,6,1
11921,6544,7,1
11921,5717,8,1
11921,5121,9,1
11921,5105,10,1
11921,65,11,1
11921,6862,12,1
11921,1776,13,1
11921,11009,14,1
11921,8037,15,1
11921,4211,16,1
11922,5717,0,1
11922,6544,1,1
11922,7963,2,1
11922,1334,3,1
11922,8037,4,1
11922,10785,5,1
11922,941,6,1
11922,5475,7,1
11922,276,8,1
11922,11009,9,1
11922,4211,10,1
11922,5105,11,1
11922,6862,12,1
11922,8173,13,1
11922,1776,14,1
1194,276,0,1
1194,1776,1,1
1194,11009,2,1
1194,7963,3,1
1194,5121,4,1
1194,5105,5,1
1194,1334,6,1
1194,4211,7,1
1194,8037,8,1
1194,8173,9,1
1194,5717,10,1
1194,941,11,1
1194,5475,12,1
1194,65,13,1
1194,9016,14,1
11967,276,0,1
11967,8173,1,1
11967,6544,2,1
11967,1334,3,1
11967,941,4,1
11967,11009,5,1
11967,7963,6,1
11967,5475,7,1
11967,10785,8,1
11967,6862,9,1
11967,1776,10,1
11967,5717,11,1
11967,4211,12,1
11967,5105,13,1
11967,65,14,1
12013,65,0,1
12013,276,1,1
12013,9016,2,1
12013,11009,3,1
12013,7963,4,1
12013,8173,5,1
12013,941,6,1
12013,5121,7,1
12013,6544,8,1
12013,6862,9,1
12013,5105,10,1
12013,4211,11,1
12013,8037,12,1
12013,1334,13,1
12013,5475,14,1
12015,8173,0,1
12015,1776,1,1
12015,7963,2,1
12015,6862,3,1
12015,941,4,1
12015,276,5,1
12015,9016,6,1
12015,8037,7,1
12015,4211,8,1
12015,5717,9,1
12015,6544,10,1
12015,11009,11,1
12015,1334,12,1
12015,65,13,1
12015,10785,14,1
12015,5105,15,1
12015,5475,16,1
12015,5121,17,1
12016,8037,0,1
12016,941,1,1
12016,5717,2,1
12016,6544,3,1
12016,65,4,1
12016,9016,5,1
12016,1334,6,1
12016,5475,7,1
12016,5105,8,1
12016,7963,9,1
12016,5121,10,1
12016,1776,11,1
12016,8173,12,1
12016,276,13,1
12016,11009,14,1
12016,4211,15,1
12056,7963,0,1
12056,5105,1,1
12056,5717,2,1
12056,8037,3,1
12056,941,4,1
12056,5475,5,1
12056,11009,6,1
12056,4211,7,1
12056,1334,8,1
12056,10785,9,1
12056,5121,10,1
12056,1776,11,1
12056,8173,12,1
12056,65,13,1
12056,6862,14,1
12056,276,15,1
12056,6544,16,1
12057,1776,0,1
12057,8173,1,1
12057,11009,2,1
12057,7963,3,1
12057,276,4,1
12057,10785,5,1
12057,6544,6,1
12057,5717,7,1
12057,941,8,1
12057,5105,9,1
12057,4211,10,1
12057,5121,11,1
12057,6862,12,1
12057,1334,13,1
12057,5475,14,1
12058,276,0,1
12058,7963,1,1
12058,6862,2,1
12058,6544,3,1
12058,5475,4,1
12058,10785,5,1
12058,8037,6,1
12058,1334,7,1
12058,65,8,1
12058,941,9,1
12058,11009,10,1
12058,4211,11,1
12058,5717,12,1
12058,5121,13,1
12058,8173,14,1
12058,1776,15,1
12058,5105,16,1
12062,11009,0,1
12062,7963,1,1
12062,5121,2,1
12062,4211,3,1
12062,1776,4,1
12062,8037,5,1
12062,8173,6,1
12062,6862,7,1
12062,5717,8,1
12062,10785,9,1
12062,5475,10,1
12062,6544,11,1
12062,65,12,1
12062,276,13,1
12062,1334,14,1
12062,941,15,1
12066,5717,0,1
12066,1334,1,1
12066,1776,2,1
12066,11009,3,1
12066,941,4,1
12066,6544,5,1
12066,8037,6,1
12066,5475,7,1
12066,7963,8,1
12066,10785,9,1
12066,65,10,1
12066,276,11,1
12066,5121,12,1
12066,8173,13,1
12066,6862,14,1
12066,4211,15,1
12066,5105,16,1
12077,5105,0,1
12077,9016,1,1
12077,8173,2,1
12077,1776,3,1
12077,5475,4,1
12077,65,5,1
12077,7963,6,1
12077,5717,7,1
12077,6862,8,1
12077,8037,9,1
12077,6544,10,1
12077,941,11,1
12077,4211,12,1
12077,11009,13,1
12077,276,14,1
12077,1334,15,1
12077,10785,16,1
12077,5121,17,1
12082,10785,0,1
12082,6862,1,1
12082,1776,2,1
12082,4211,3,1
12082,941,4,1
12082,5121,5,1
12082,8037,6,1
12082,5475,7,1
12082,276,8,1
12082,7963,9,1
12082,1334,10,1
12082,5105,11,1
12082,11009,12,1
12082,8173,13,1
12082,6544,14,1
12103,65,0,1
12103,5717,1,1
12103,5105,2,1
12103,4211,3,1
12103,7963,4,1
12103,8037,5,1
12103,1776,6,1
12103,276,7,1
12103,6862,8,1
12103,11009,9,1
12103,1334,10,1
12103,941,11,1
12103,5475,12,1
12103,6544,13,1
12103,5121,14,1
12103,8173,15,1
12134,11009,0,1
12134,5717,1,1
12134,276,2,1
12134,5105,3,1
12134,5475,4,1
12134,7963,5,1
12134,10785,6,1
12134,6544,7,1
12134,1334,8,1
12134,1776,9,1
12134,8173,10,1
12134,4211,11,1
12134,941,12,1
12134,8037,13,1
12134,65,14,1
12140,4211,0,1
12140,65,1,1
12140,10785,2,1
12140,7963,3,1
12140,276,4,1
12140,1334,5,1
12140,8173,6,1
12140,5475,7,1
12140,9016,8,1
12140,5121,9,1
12140,5717,10,1
12140,941,11,1
12140,6544,12,1
12140,5105,13,1
12140,11009,14,1
12140,1776,15,1
12140,6862,16,1
12142,276,0,1
12142,8173,1,1
12142,11009,2,1
12142,5717,3,1
12142,6544,4,1
12142,7963,5,1
12142,5121,6,1
12142,6862,7,1
12142,941,8,1
12142,5105,9,1
12142,5475,10,1
12142,9016,11,1
12142,4211,12,1
12142,65,13,1
12142,10785,14,1
12142,8037,15,1
12142,1334,16,1
12144,8173,0,1
12144,4211,1,1
12144,11009,2,1
12144,65,3,1
12144,6862,4,1
12144,7963,5,1
12144,5105,6,1
12144,276,7,1
12144,5475,8,1
12144,5121,9,1
12144,8037,10,1
12144,10785,11,1
12144,9016,12,1
12144,941,13,1
12144,5717,14,1
12149,6862,0,1
12149,10785,1,1
12149,7963,2,1
12149,65,3,1
12149,11009,4,1
12149,5717,5,1
12149,8037,6,1
12149,5121,7,1
12149,5105,8,1
12149,276,9,1
12149,6544,10,1
12149,941,11,1
12149,1776,12,1
12149,4211,13,1
12149,1334,14,1
12149,8173,15,1
12149,5475,16,1
12172,941,0,1
12172,8037,1,1
12172,5475,2,1
12172,7963,3,1
12172,1776,4,1
12172,6862,5,1
12172,10785,6,1
12172,5121,7,1
12172,5105,8,1
12172,8173,9,1
12172,1334,10,1
12172,5717,11,1
12172,11009,12,1
12172,4211,13,1
12172,276,14,1
12172,65,15,1
12172,6544,16,1
12185,7963,0,1
12185,1776,1,1
12185,4211,2,1
12185,5717,3,1
12185,10785,4,1
12185,65,5,1
12185,1334,6,1
12185,6544,7,1
12185,941,8,1
12185,276,9,1
12185,8037,10,1
12185,8173,11,1
12185,5475,12,1
12185,6862,13,1
12185,11009,14,1
12185,5105,15,1
12185,5121,16,1
122,5717,0,1
122,11009,1,1
122,7963,2,1
122,5475,3,1
122,8173,4,1
122,1334,5,1
122,1776,6,1
122,941,7,1
122,276,8,1
122,6544,9,1
122,65,10,1
122,4211,11,1
122,5105,12,1
122,8037,13,1
122,5121,14,1
1223,7963,0,1
1223,8173,1,1
1223,5717,2,1
1223,8037,3,1
1223,10785,4,1
1223,1334,5,1
1223,5475,6,1
1223,6544,7,1
1223,276,8,1
1223,941,9,1
1223,5105,10,1
1223,1776,11,1
1223,5121,12,1
1223,6862,13,1
1223,11009,14,1
12247,65,0,1
12247,7963,1,1
12247,10785,2,1
12247,4211,3,1
12247,8037,4,1
12247,1334,5,1
12247,5475,6,1
12247,276,7,1
12247,5105,8,1
12247,941,9,1
12247,9016,10,1
12247,6544,11,1
12247,11009,12,1
12247,8173,13,1
12247,5717,14,1
12247,5121,15,1
12267,11009,0,1
12267,6862,1,1
12267,5121,2,1
12267,6544,3,1
12267,4211,4,1
12267,7963,5,1
12267,8037,6,1
12267,1776,7,1
12267,941,8,1
12267,8173,9,1
12267,1334,10,1
12267,10785,11,1
12267,276,12,1
12267,5475,13,1
12267,65,14,1
12267,5105,15,1
12267,5717,16,1
12279,5121,0,1
12279,1776,1,1
12279,65,2,1
12279,11009,3,1
12279,6862,4,1
12279,10785,5,1
12279,5105,6,1
12279,7963,7,1
12279,6544,8,1
12279,276,9,1
12279,5717,10,1
12279,8173,11,1
12279,941,12,1
12279,5475,13,1
12279,1334,14,1
12279,8037,15,1
12290,5121,0,1
12290,11009,1,1
12290,5105,2,1
12290,6544,3,1
12290,8173,4,1
12290,5475,5,1
12290,1334,6,1
12290,7963,7,1
12290,5717,8,1
12290,1776,9,1
12290,9016,10,1
12290,941,11,1
12290,276,12,1
12290,10785,13,1
12290,4211,14,1
12292,8037,0,1
12292,941,1,1
12292,5105,2,1
12292,6862,3,1
12292,7963,4,1
12292,276,5,1
12292,11009,6,1
12292,6544,7,1
12292,5121,8,1
12292,5475,9,1
12292,10785,10,1
12292,65,11,1
12292,1334,12,1
12292,8173,13,1
12292,1776,14,1
12292,4211,15,1
12292,5717,16,1
12297,941,0,1
12297,7963,1,1
12297,1776,2,1
12297,5121,3,1
12297,5475,4,1
12297,1334,5,1
12297,5717,6,1
12297,8173,7,1
12297,65,8,1
12297,4211,9,1
12297,8037,10,1
12297,11009,11,1
12297,6862,12,1
12297,9016,13,1
12297,276,14,1
12307,941,0,1
12307,9016,1,1
12307,8173,2,1
12307,5475,3,1
12307,6544,4,1
12307,7963,5,1
12307,1334,6,1
12307,1776,7,1
12307,4211,8,1
12307,65,9,1
12307,276,10,1
12307,6862,11,1
12307,5105,12,1
12307,11009,13,1
12307,5121,14,1
12346,1334,0,1
12346,7963,1,1
12346,5121,2,1
12346,8037,3,1
12346,1776,4,1
12346,941,5,1
12346,11009,6,1
12346,6544,7,1
12346,276,8,1
12346,5105,9,1
12346,10785,10,1
12346,6862,11,1
12346,8173,12,1
12346,65,13,1
12346,4211,14,1
12346,5475,15,1
12354,10785,0,1
12354,65,1,1
12354,6862,2,1
12354,5475,3,1
12354,5105,4,1
12354,7963,5,1
12354,941,6,1
12354,11009,7,1
12354,5717,8,1
12354,276,9,1
12354,4211,10,1
12354,5121,11,1
12354,8173,12,1
12354,9016,13,1
12354,8037,14,1
12384,5717,0,1
12384,11009,1,1
12384,6862,2,1
12384,4211,3,1
12384,7963,4,1
12384,1776,5,1
12384,8173,6,1
12384,5121,7,1
12384,276,8,1
12384,9016,9,1
12384,8037,10,1
12384,65,11,1
12384,10785,12,1
12384,941,13,1
12384,5105,14,1
12384,6544,15,1
12385,8173,0,1
12385,8037,1,1
12385,11009,2,1
12385,941,3,1
12385,1334,4,1
12385,5105,5,1
12385,6862,6,1
12385,10785,7,1
12385,5121,8,1
12385,7963,9,1
12385,65,10,1
12385,276,11,1
12385,5475,12,1
12385,1776,13,1
12385,5717,14,1
12385,4211,15,1
1239,1334,0,1
1239,7963,1,1
1239,11009,2,1
1239,8173,3,1
1239,9016,4,1
1239,6544,5,1
1239,1776,6,1
1239,10785,7,1
1239,276,8,1
1239,5475,9,1
1239,941,10,1
1239,8037,11,1
1239,5121,12,1
1239,5105,13,1
1239,4211,14,1
12390,5105,0,1
12390,1776,1,1
12390,5121,2,1
12390,6862,3,1
12390,11009,4,1
12390,276,5,1
12390,8173,6,1
12390,6544,7,1
12390,941,8,1
12390,5475,9,1
12390,1334,10,1
12390,5717,11,1
12390,7963,12,1
12390,8037,13,1
12390,4211,14,1
12416,4211,0,1
12416,10785,1,1
12416,276,2,1
12416,7963,3,1
12416,1334,4,1
12416,6544,5,1
12416,5475,6,1
12416,5717,7,1
12416,11009,8,1
12416,8173,9,1
12416,8037,10,1
12416,5105,11,1
12416,1776,12,1
12416,5121,13,1
12416,65,14,1
12416,6862,15,1
12420,5105,0,1
12420,276,1,1
12420,4211,2,1
12420,11009,3,1
12420,10785,4,1
12420,7963,5,1
12420,1334,6,1
12420,8037,7,1
12420,8173,8,1
12420,6544,9,1
12420,6862,10,1
12420,941,11,1
12420,5475,12,1
12420,5121,13,1
12420,1776,14,1
12420,65,15,1
12420,5717,16,1
12421,9016,0,1
12421,5717,1,1
12421,10785,2,1
12421,8037,3,1
12421,7963,4,1
12421,276,5,1
12421,4211,6,1
12421,11009,7,1
12421,6862,8,1
12421,5121,9,1
12421,5475,10,1
12421,8173,11,1
12421,1776,12,1
12421,1334,13,1
12421,65,14,1
12421,5105,15,1
12421,6544,16,1
12421,941,17,1
12449,5475,0,1
12449,6544,1,1
12449,8173,2,1
12449,5121,3,1
12449,8037,4,1
12449,6862,5,1
12449,5105,6,1
12449,5717,7,1
12449,276,8,1
12449,11009,9,1
12449,1334,10,1
12449,65,11,1
12449,1776,12,1
12449,10785,13,1
12449,941,14,1
12449,7963,15,1
12449,4211,16,1
12465,941,0,1
12465,1776,1,1
12465,10785,2,1
12465,7963,3,1
12465,6862,4,1
12465,1334,5,1
12465,65,6,1
12465,11009,7,1
12465,6544,8,1
12465,5475,9,1
12465,5105,10,1
12465,5717,11,1
12465,8173,12,1
12465,276,13,1
12465,4211,14,1
12466,11009,0,1
12466,6544,1,1
12466,941,2,1
12466,7963,3,1
12466,4211,4,1
12466,1334,5,1
12466,65,6,1
12466,276,7,1
12466,5105,8,1
12466,1776,9,1
12466,8173,10,1
12466,8037,11,1
12466,9016,12,1
12466,5717,13,1
12466,5121,14,1
12468,1776,0,1
12468,7963,1,1
12468,11009,2,1
12468,6544,3,1
12468,8173,4,1
12468,5717,5,1
12468,276,6,1
12468,8037,7,1
12468,5475,8,1
12468,5105,9,1
12468,6862,10,1
12468,5121,11,1
12468,1334,12,1
12468,10785,13,1
12468,941,14,1
12472,5475,0,1
12472,1334,1,1
12472,276,2,1
12472,6544,3,1
12472,941,4,1
12472,8037,5,1
12472,5121,6,1
12472,7963,7,1
12472,4211,8,1
12472,65,9,1
12472,10785,10,1
12472,5717,11,1
12472,11009,12,1
12472,6862,13,1
12472,1776,14,1
12472,8173,15,1
12496,8173,0,1
12496,5105,1,1
12496,5475,2,1
12496,276,3,1
12496,10785,4,1
12496,7963,5,1
12496,6862,6,1
12496,11009,7,1
12496,1334,8,1
12496,5121,9,1
12496,8037,10,1
12496,9016,11,1
12496,6544,12,1
12496,65,13,1
12496,4211,14,1
12496,941,15,1
12511,5475,0,1
12511,5121,1,1
12511,1334,2,1
12511,7963,3,1
12511,11009,4,1
12511,8037,5,1
12511,8173,6,1
12511,1776,7,1
12511,10785,8,1
12511,941,9,1
12511,6544,10,1
12511,6862,11,1
12511,276,12,1
12511,5105,13,1
12511,5717,14,1
12517,6862,0,1
12517,5475,1,1
12517,65,2,1
12517,1334,3,1
12517,5121,4,1
12517,4211,5,1
12517,5105,6,1
12517,1776,7,1
12517,10785,8,1
12517,276,9,1
12517,11009,10,1
12517,941,11,1
12517,8037,12,1
12517,6544,13,1
12517,7963,14,1
12517,8173,15,1
12517,5717,16,1
12544,7963,0,1
12544,6544,1,1
12544,1776,2,1
12544,1334,3,1
12544,8037,4,1
12544,276,5,1
12544,5717,6,1
12544,941,7,1
12544,65,8,1
12544,10785,9,1
12544,8173,10,1
12544,11009,11,1
12544,4211,12,1
12544,5105,13,1
12544,5475,14,1
12550,1776,0,1
12550,9016,1,1
12550,6862,2,1
12550,6544,3,1
12550,8037,4,1
12550,7963,5,1
12550,5475,6,1
12550,1334,7,1
12550,5105,8,1
12550,11009,9,1
12550,10785,10,1
12550,5121,11,1
12550,276,12,1
12550,4211,13,1
12550,5717,14,1
12552,276,0,1
12552,941,1,1
12552,4211,2,1
12552,5475,3,1
12552,5717,4,1
12552,1334,5,1
12552,5105,6,1
12552,9016,7,1
12552,65,8,1
12552,5121,9,1
12552,8037,10,1
12552,6544,11,1
12552,7963,12,1
12552,1776,13,1
12552,8173,14,1
12552,11009,15,1
12554,276,0,1
12554,7963,1,1
12554,4211,2,1
12554,1334,3,1
12554,11009,4,1
12554,6544,5,1
12554,5105,6,1
12554,6862,7,1
12554,941,8,1
12554,8037,9,1
12554,5717,10,1
12554,10785,11,1
12554,5121,12,1
12554,8173,13,1
12554,1776,14,1
12556,276,0,1
12556,9016,1,1
12556,5475,2,1
12556,4211,3,1
12556,7963,4,1
12556,65,5,1
12556,6544,6,1
12556,1776,7,1
12556,941,8,1
12556,8173,9,1
12556,8037,10,1
12556,5105,11,1
12556,5717,12,1
12556,11009,13,1
12556,6862,14,1
12556,10785,15,1
12556,5121,16,1
1256,1776,0,1
1256,5105,1,1
1256,5475,2,1
1256,6544,3,1
1256,7963,4,1
1256,10785,5,1
1256,5717,6,1
1256,6862,7,1
1256,276,8,1
1256,11009,9,1
1256,8037,10,1
1256,4211,11,1
1256,8173,12,1
1256,941,13,1
1256,5121,14,1
1256,1334,15,1
12562,10785,0,1
12562,4211,1,1
12562,7963,2,1
12562,5121,3,1
12562,65,4,1
12562,6862,5,1
12562,8173,6,1
12562,6544,7,1
12562,8037,8,1
12562,1334,9,1
12562,5105,10,1
12562,5717,11,1
12562,1776,12,1
12562,941,13,1
12562,276,14,1
12562,11009,15,1
12580,7963,0,1
12580,941,1,1
12580,5105,2,1
12580,1334,3,1
12580,10785,4,1
12580,9016,5,1
12580,4211,6,1
12580,1776,7,1
12580,5121,8,1
12580,276,9,1
12580,8037,10,1
12580,5717,11,1
12580,11009,12,1
12580,65,13,1
12580,6544,14,1
12580,5475,15,1
12585,276,0,1
12585,11009,1,1
12585,7963,2,1
12585,5717,3,1
12585,6862,4,1
12585,6544,5,1
12585,10785,6,1
12585,5475,7,1
12585,1334,8,1
12585,5121,9,1
12585,5105,10,1
12585,8037,11,1
12585,65,12,1
12585,941,13,1
12585,1776,14,1
12585,8173,15,1
12585,4211,16,1
12592,6544,0,1
12592,5121,1,1
12592,10785,2,1
12592,5105,3,1
12592,8037,4,1
12592,1334,5,1
12592,7963,6,1
12592,5475,7,1
12592,4211,8,1
12592,5717,9,1
12592,1776,10,1
12592,8173,11,1
12592,11009,12,1
12592,276,13,1
12592,6862,14,1
12592,941,15,1
12607,6544,0,1
12607,941,1,1
12607,11009,2,1
12607,5475,3,1
12607,1334,4,1
12607,8037,5,1
12607,7963,6,1
12607,4211,7,1
12607,10785,8,1
12607,5121,9,1
12607,5105,10,1
12607,276,11,1
12607,5717,12,1
12607,65,13,1
12607,1776,14,1
12607,8173,15,1
12607,6862,16,1
12642,5475,0,1
12642,5105,1,1
12642,6862,2,1
12642,7963,3,1
12642,276,4,1
12642,1334,5,1
12642,8037,6,1
12642,6544,7,1
12642,5121,8,1
12642,5717,9,1
12642,65,10,1
12642,4211,11,1
12642,10785,12,1
12642,11009,13,1
12642,8173,14,1
12642,9016,15,1
12658,5121,0,1
12658,7963,1,1
12658,11009,2,1
12658,5475,3,1
12658,276,4,1
12658,10785,5,1
12658,1776,6,1
12658,6862,7,1
12658,6544,8,1
12658,1334,9,1
12658,5105,10,1
12658,65,11,1
12658,8037,12,1
12658,941,13,1
12658,4211,14,1
1266,1334,0,1
1266,941,1,1
1266,65,2,1
1266,8037,3,1
1266,5475,4,1
1266,5121,5,1
1266,6544,6,1
1266,1776,7,1
1266,7963,8,1
1266,6862,9,1
1266,276,10,1
1266,11009,11,1
1266,4211,12,1
1266,5105,13,1
1266,5717,14,1
1266,10785,15,1
12667,5105,0,1
12667,7963,1,1
12667,6544,2,1
12667,941,3,1
12667,5475,4,1
12667,4211,5,1
12667,1334,6,1
12667,10785,7,1
12667,65,8,1
12667,11009,9,1
12667,8173,10,1
12667,6862,11,1
12667,1776,12,1
12667,8037,13,1
12667,5121,14,1
12667,276,15,1
12667,5717,16,1
12706,7963,0,1
12706,1334,1,1
12706,65,2,1
12706,4211,3,1
12706,5121,4,1
12706,1776,5,1
12706,8037,6,1
12706,276,7,1
12706,11009,8,1
12706,6862,9,1
12706,5717,10,1
12706,8173,11,1
12706,5475,12,1
12706,941,13,1
12706,6544,14,1
12706,10785,15,1
12706,5105,16,1
12719,5105,0,1
12719,5475,1,1
12719,8037,2,1
12719,10785,3,1
12719,8173,4,1
12719,5121,5,1
12719,941,6,1
12719,1334,7,1
12719,6862,8,1
12719,7963,9,1
12719,276,10,1
12719,4211,11,1
12719,6544,12,1
12719,5717,13,1
12719,11009,14,1
12735,7963,0,1
12735,1334,1,1
12735,8173,2,1
12735,4211,3,1
12735,276,4,1
12735,8037,5,1
12735,5121,6,1
12735,6544,7,1
12735,6862,8,1
12735,11009,9,1
12735,5475,10,1
12735,1776,11,1
12735,5105,12,1
12735,941,13,1
12735,65,14,1
12735,5717,15,1
12750,11009,0,1
12750,7963,1,1
12750,5121,2,1
12750,5105,3,1
12750,6544,4,1
12750,941,5,1
12750,6862,6,1
12750,4211,7,1
12750,8173,8,1
12750,5717,9,1
12750,1334,10,1
12750,8037,11,1
12750,1776,12,1
12750,276,13,1
12750,5475,14,1
12764,6862,0,1
12764,276,1,1
12764,5105,2,1
12764,8037,3,1
12764,7963,4,1
12764,65,5,1
12764,8173,6,1
12764,5121,7,1
12764,4211,8,1
12764,1776,9,1
12764,9016,10,1
12764,1334,11,1
12764,941,12,1
12764,6544,13,1
12764,11009,14,1
12764,5475,15,1
12775,5475,0,1
12775,7963,1,1
12775,1334,2,1
12775,941,3,1
12775,6544,4,1
12775,11009,5,1
12775,8173,6,1
12775,4211,7,1
12775,5105,8,1
12775,276,9,1
12775,1776,10,1
12775,6862,11,1
12775,8037,12,1
12775,5121,13,1
12775,5717,14,1
12775,65,15,1
12777,941,0,1
12777,11009,1,1
12777,1776,2,1
12777,5105,3,1
12777,4211,4,1
12777,7963,5,1
12777,8037,6,1
12777,5475,7,1
12777,1334,8,1
12777,6862,9,1
12777,8173,10,1
12777,5121,11,1
12777,5717,12,1
12777,276,13,1
12777,10785,14,1
12778,276,0,1
12778,7963,1,1
12778,1334,2,1
12778,4211,3,1
12778,5105,4,1
12778,5121,5,1
12778,1776,6,1
12778,6544,7,1
12778,65,8,1
12778,941,9,1
12778,5717,10,1
12778,8037,11,1
12778,10785,12,1
12778,5475,13,1
12778,11009,14,1
12778,6862,15,1
12778,8173,16,1
12778,9016,17,1
12805,5121,0,1
12805,5105,1,1
12805,6862,2,1
12805,7963,3,1
12805,941,4,1
12805,1334,5,1
12805,6544,6,1
12805,8037,7,1
12805,4211,8,1
12805,10785,9,1
12805,5717,10,1
12805,8173,11,1
12805,276,12,1
12805,11009,13,1
12805,5475,14,1
12824,11009,0,1
12824,276,1,1
12824,7963,2,1
12824,65,3,1
12824,5717,4,1
12824,6544,5,1
12824,5105,6,1
12824,10785,7,1
12824,1334,8,1
12824,8037,9,1
12824,1776,10,1
12824,5475,11,1
12824,941,12,1
12824,9016,13,1
12824,5121,14,1
12824,8173,15,1
12824,4211,16,1
12825,7963,0,1
12825,1776,1,1
12825,10785,2,1
12825,6862,3,1
12825,65,4,1
12825,8173,5,1
12825,5121,6,1
12825,1334,7,1
12825,5475,8,1
12825,4211,9,1
12825,11009,10,1
12825,941,11,1
12825,5717,12,1
12825,8037,13,1
12825,276,14,1
1289,6862,0,1
1289,7963,1,1
1289,5717,2,1
1289,1334,3,1
1289,11009,4,1
1289,10785,5,1
1289,5105,6,1
1289,5475,7,1
1289,4211,8,1
1289,6544,9,1
1289,276,10,1
1289,65,11,1
1289,8173,12,1
1289,5121,13,1
1289,941,14,1
1289,8037,15,1
1289,1776,16,1
12906,11009,0,1
12906,5105,1,1
12906,4211,2,1
12906,276,3,1
12906,8037,4,1
12906,5717,5,1
12906,8173,6,1
12906,941,7,1
12906,7963,8,1
12906,5475,9,1
12906,6544,10,1
12906,65,11,1
12906,10785,12,1
12906,1334,13,1
12906,6862,14,1
12908,65,0,1
12908,1776,1,1
12908,941,2,1
12908,10785,3,1
12908,5475,4,1
12908,6544,5,1
12908,4211,6,1
12908,7963,7,1
12908,276,8,1
12908,8037,9,1
12908,5121,10,1
12908,5105,11,1
12908,5717,12,1
12908,1334,13,1
12908,11009,14,1
12908,8173,15,1
12909,6862,0,1
12909,7963,1,1
12909,5717,2,1
12909,65,3,1
12909,6544,4,1
12909,11009,5,1
12909,5105,6,1
12909,4211,7,1
12909,10785,8,1
12909,5121,9,1
12909,8037,10,1
12909,8173,11,1
12909,276,12,1
12909,1776,13,1
12909,5475,14,1
12909,941,15,1
12916,7963,0,1
12916,1334,1,1
12916,65,2,1
12916,8173,3,1
12916,10785,4,1
12916,8037,5,1
12916,11009,6,1
12916,1776,7,1
12916,5121,8,1
12916,276,9,1
12916,5717,10,1
12916,941,11,1
12916,6544,12,1
12916,5105,13,1
12916,4211,14,1
12931,1776,0,1
12931,5105,1,1
12931,8173,2,1
12931,65,3,1
12931,5475,4,1
12931,941,5,1
12931,6544,6,1
12931,6862,7,1
12931,5121,8,1
12931,7963,9,1
12931,11009,10,1
12931,1334,11,1
12931,10785,12,1
12931,276,13,1
12931,8037,14,1
12978,941,0,1
12978,8037,1,1
12978,9016,2,1
12978,6544,3,1
12978,65,4,1
12978,4211,5,1
12978,1334,6,1
12978,276,7,1
12978,5105,8,1
12978,5121,9,1
12978,10785,10,1
12978,7963,11,1
12978,5717,12,1
12978,11009,13,1
12978,5475,14,1
12978,8173,15,1
12981,5475,0,1
12981,1334,1,1
12981,8173,2,1
12981,9016,3,1
12981,7963,4,1
12981,1776,5,1
12981,5105,6,1
12981,4211,7,1
12981,11009,8,1
12981,65,9,1
12981,6544,10,1
12981,276,11,1
12981,5121,12,1
12981,5717,13,1
12981,8037,14,1
12996,941,0,1
12996,7963,1,1
12996,8037,2,1
12996,11009,3,1
12996,65,4,1
12996,6544,5,1
12996,4211,6,1
12996,5717,7,1
12996,1334,8,1
12996,10785,9,1
12996,6862,10,1
12996,1776,11,1
12996,5121,12,1
12996,9016,13,1
12996,5475,14,1
12996,5105,15,1
12996,276,16,1
12996,8173,17,1
130,7963,0,1
130,1776,1,1
130,5121,2,1
130,6544,3,1
130,5475,4,1
130,8173,5,1
130,4211,6,1
130,8037,7,1
130,1334,8,1
130,11009,9,1
130,5717,10,1
130,6862,11,1
130,10785,12,1
130,941,13,1
130,276,14,1
130,65,15,1
13000,8037,0,1
13000,1334,1,1
13000,5475,2,1
13000,10785,3,1
13000,11009,4,1
13000,7963,5,1
13000,8173,6,1
13000,65,7,1
13000,6544,8,1
13000,5105,9,1
13000,4211,10,1
13000,5121,11,1
13000,6862,12,1
13000,5717,13,1
13000,276,14,1
13040,1334,0,1
13040,7963,1,1
13040,10785,2,1
13040,65,3,1
13040,8037,4,1
13040,5475,5,1
13040,9016,6,1
13040,941,7,1
13040,11009,8,1
13040,6544,9,1
13040,5717,10,1
13040,1776,11,1
13040,276,12,1
13040,5105,13,1
13040,4211,14,1
13044,5105,0,1
13044,9016,1,1
13044,1776,2,1
13044,6862,3,1
13044,5475,4,1
13044,1334,5,1
13044,7963,6,1
13044,8173,7,1
13044,11009,8,1
13044,276,9,1
13044,65,10,1
13044,941,11,1
13044,5717,12,1
13044,6544,13,1
13044,8037,14,1
13044,10785,15,1
13044,5121,16,1
13044,4211,17,1
1308,6544,0,1
1308,11009,1,1
1308,5475,2,1
1308,65,3,1
1308,5105,4,1
1308,8037,5,1
1308,7963,6,1
1308,941,7,1
1308,8173,8,1
1308,6862,9,1
1308,276,10,1
1308,1334,11,1
1308,5717,12,1
1308,1776,13,1
1308,5121,14,1
13086,1334,0,1
13086,1776,1,1
13086,7963,2,1
13086,5717,3,1
13086,10785,4,1
13086,5475,5,1
13086,6862,6,1
13086,8037,7,1
13086,6544,8,1
13086,276,9,1
13086,11009,10,1
13086,941,11,1
13086,8173,12,1
13086,65,13,1
13086,5105,14,1
13101,7963,0,1
13101,1334,1,1
13101,5105,2,1
13101,4211,3,1
13101,941,4,1
13101,276,5,1
13101,5717,6,1
13101,11009,7,1
13101,8173,8,1
13101,1776,9,1
13101,5475,10,1
13101,8037,11,1
13101,5121,12,1
13101,65,13,1
13101,6544,14,1
13101,6862,15,1
13101,10785,16,1
13109,8173,0,1
13109,6544,1,1
13109,1334,2,1
13109,7963,3,1
13109,1776,4,1
13109,6862,5,1
13109,8037,6,1
13109,9016,7,1
13109,10785,8,1
13109,5717,9,1
13109,941,10,1
13109,5105,11,1
13109,4211,12,1
13109,65,13,1
13109,276,14,1
13109,5121,15,1
13109,5475,16,1
13109,11009,17,1
13125,276,0,1
13125,1334,1,1
13125,65,2,1
13125,7963,3,1
13125,6862,4,1
13125,6544,5,1
13125,1776,6,1
13125,11009,7,1
13125,941,8,1
13125,5475,9,1
13125,8037,10,1
13125,5717,11,1
13125,4211,12,1
13125,5105,13,1
13125,8173,14,1
13127,6544,0,1
13127,4211,1,1
13127,7963,2,1
13127,10785,3,1
13127,5105,4,1
13127,1776,5,1
13127,8173,6,1
13127,5717,7,1
13127,11009,8,1
13127,276,9,1
13127,941,10,1
13127,1334,11,1
13127,9016,12,1
13127,8037,13,1
13127,5121,14,1
13143,8037,0,1
13143,6862,1,1
13143,11009,2,1
13143,5475,3,1
13143,7963,4,1
13143,6544,5,1
13143,1776,6,1
13143,8173,7,1
13143,276,8,1
13143,1334,9,1
13143,10785,10,1
13143,5717,11,1
13143,941,12,1
13143,65,13,1
13143,4211,14,1
13143,5121,15,1
13166,1776,0,1
13166,11009,1,1
13166,5105,2,1
13166,1334,3,1
13166,7963,4,1
13166,5717,5,1
13166,8037,6,1
13166,6544,7,1
13166,4211,8,1
13166,6862,9,1
13166,276,10,1
13166,65,11,1
13166,5121,12,1
13166,5475,13,1
13166,8173,14,1
13166,941,15,1
13168,7963,0,1
13168,8173,1,1
13168,6862,2,1
13168,6544,3,1
13168,1776,4,1
13168,941,5,1
13168,5121,6,1
13168,65,7,1
13168,276,8,1
13168,1334,9,1
13168,11009,10,1
13168,4211,11,1
13168,5717,12,1
13168,5105,13,1
13168,10785,14,1
13168,8037,15,1
13168,5475,16,1
13185,6862,0,1
13185,5717,1,1
13185,8173,2,1
13185,276,3,1
13185,7963,4,1
13185,10785,5,1
13185,5475,6,1
13185,65,7,1
13185,8037,8,1
13185,11009,9,1
13185,4211,10,1
13185,6544,11,1
13185,941,12,1
13185,5105,13,1
13185,5121,14,1
13185,1334,15,1
13216,7963,0,1
13216,8037,1,1
13216,5475,2,1
13216,4211,3,1
13216,276,4,1
13216,5105,5,1
13216,6544,6,1
13216,941,7,1
13216,10785,8,1
13216,8173,9,1
13216,11009,10,1
13216,5717,11,1
13216,1334,12,1
13216,5121,13,1
13216,9016,14,1
13216,1776,15,1
13237,5121,0,1
13237,5475,1,1
13237,7963,2,1
13237,8037,3,1
13237,1334,4,1
13237,6862,5,1
13237,5105,6,1
13237,6544,7,1
13237,8173,8,1
13237,10785,9,1
13237,276,10,1
13237,5717,11,1
13237,4211,12,1
13237,941,13,1
13237,11009,14,1
13245,7963,0,1
13245,276,1,1
13245,8037,2,1
13245,5717,3,1
13245,941,4,1
13245,6862,5,1
13245,9016,6,1
13245,1776,7,1
13245,8173,8,1
13245,11009,9,1
13245,5105,10,1
13245,1334,11,1
13245,4211,12,1
13245,10785,13,1
13245,6544,14,1
13284,8037,0,1
13284,6544,1,1
13284,10785,2,1
13284,5105,3,1
13284,5475,4,1
13284,9016,5,1
13284,1334,6,1
13284,5121,7,1
13284,276,8,1
13284,4211,9,1
13284,1776,10,1
13284,7963,11,1
13284,11009,12,1
13284,941,13,1
13284,5717,14,1
13305,276,0,1
13305,4211,1,1
13305,7963,2,1
13305,65,3,1
13305,11009,4,1
13305,8037,5,1
13305,5105,6,1
13305,5475,7,1
13305,9016,8,1
13305,1776,9,1
13305,6544,10,1
13305,8173,11,1
13305,941,12,1
13305,5717,13,1
13305,5121,14,1
13307,6544,0,1
13307,5717,1,1
13307,1334,2,1
13307,6862,3,1
13307,7963,4,1
13307,276,5,1
13307,10785,6,1
13307,5475,7,1
13307,8173,8,1
13307,65,9,1
13307,5121,10,1
13307,5105,11,1
13307,8037,12,1
13307,4211,13,1
13307,11009,14,1
13308,6544,0,1
13308,7963,1,1
13308,5475,2,1
13308,8173,3,1
13308,4211,4,1
13308,276,5,1
13308,6862,6,1
13308,1334,7,1
13308,11009,8,1
13308,10785,9,1
13308,8037,10,1
13308,5121,11,1
13308,9016,12,1
13308,5717,13,1
13308,1776,14,1
13308,5105,15,1
13328,5475,0,1
13328,8173,1,1
13328,276,2,1
13328,11009,3,1
13328,8037,4,1
13328,6544,5,1
13328,5717,6,1
13328,941,7,1
13328,7963,8,1
13328,1776,9,1
13328,1334,10,1
13328,5105,11,1
13328,6862,12,1
13328,10785,13,1
13328,5121,14,1
13328,4211,15,1
13328,65,16,1
13343,8173,0,1
13343,1776,1,1
13343,941,2,1
13343,1334,3,1
13343,8037,4,1
13343,6544,5,1
13343,5717,6,1
13343,276,7,1
13343,7963,8,1
13343,10785,9,1
13343,9016,10,1
13343,4211,11,1
13343,5105,12,1
13343,65,13,1
13343,11009,14,1
13343,5121,15,1
13363,1334,0,1
13363,1776,1,1
13363,7963,2,1
13363,276,3,1
13363,5717,4,1
13363,8037,5,1
13363,11009,6,1
13363,5121,7,1
13363,6862,8,1
13363,8173,9,1
13363,941,10,1
13363,5105,11,1
13363,10785,12,1
13363,6544,13,1
13363,5475,14,1
1338,5121,0,1
1338,276,1,1
1338,7963,2,1
1338,65,3,1
1338,941,4,1
1338,5717,5,1
1338,8173,6,1
1338,5105,7,1
1338,8037,8,1
1338,4211,9,1
1338,11009,10,1
1338,1334,11,1
1338,5475,12,1
1338,10785,13,1
1338,6862,14,1
1339,7963,0,1
1339,941,1,1
1339,1334,2,1
1339,5121,3,1
1339,4211,4,1
1339,5105,5,1
1339,10785,6,1
1339,8037,7,1
1339,8173,8,1
1339,276,9,1
1339,11009,10,1
1339,5475,11,1
1339,6862,12,1
1339,5717,13,1
1339,1776,14,1
13394,1334,0,1
13394,7963,1,1
13394,65,2,1
13394,5475,3,1
13394,5105,4,1
13394,5121,5,1
13394,941,6,1
13394,276,7,1
13394,9016,8,1
13394,4211,9,1
13394,1776,10,1
13394,5717,11,1
13394,6544,12,1
13394,8037,13,1
13394,8173,14,1
13394,11009,15,1
13413,8173,0,1
13413,4211,1,1
13413,6544,2,1
13413,1334,3,1
13413,7963,4,1
13413,65,5,1
13413,11009,6,1
13413,8037,7,1
13413,9016,8,1
13413,5717,9,1
13413,276,10,1
13413,941,11,1
13413,10785,12,1
13413,5105,13,1
13413,6862,14,1
13413,5121,15,1
13414,8173,0,1
13414,7963,1,1
13414,276,2,1
13414,4211,3,1
13414,941,4,1
13414,11009,5,1
13414,5105,6,1
13414,6544,7,1
13414,5121,8,1
13414,5717,9,1
13414,5475,10,1
13414,6862,11,1
13414,10785,12,1
13414,1776,13,1
13414,1334,14,1
13414,8037,15,1
13421,7963,0,1
13421,6862,1,1
13421,4211,2,1
13421,1334,3,1
13421,5475,4,1
13421,5105,5,1
13421,5121,6,1
13421,5717,7,1
13421,941,8,1
13421,65,9,1
13421,11009,10,1
13421,276,11,1
13421,6544,12,1
13421,10785,13,1
13421,1776,14,1
13421,8037,15,1
13421,8173,16,1
13426,5475,0,1
13426,4211,1,1
13426,1776,2,1
13426,7963,3,1
13426,9016,4,1
13426,11009,5,1
13426,5105,6,1
13426,6544,7,1
13426,10785,8,1
13426,6862,9,1
13426,1334,10,1
13426,8037,11,1
13426,5717,12,1
13426,8173,13,1
13426,276,14,1
13445,7963,0,1
13445,6544,1,1
13445,276,2,1
13445,1334,3,1
13445,8037,4,1
13445,11009,5,1
13445,5475,6,1
13445,65,7,1
13445,5105,8,1
13445,8173,9,1
13445,941,10,1
13445,10785,11,1
13445,6862,12,1
13445,5717,13,1
13445,4211,14,1
13486,1776,0,1
13486,7963,1,1
13486,5475,2,1
13486,11009,3,1
13486,10785,4,1
13486,6544,5,1
13486,6862,6,1
13486,276,7,1
13486,8037,8,1
13486,5717,9,1
13486,1334,10,1
13486,9016,11,1
13486,4211,12,1
13486,5121,13,1
13486,5105,14,1
13486,8173,15,1
13486,941,16,1
13501,4211,0,1
13501,1334,1,1
13501,8037,2,1
13501,65,3,1
13501,6544,4,1
13501,7963,5,1
13501,5475,6,1
13501,5121,7,1
13501,941,8,1
13501,276,9,1
13501,9016,10,1
13501,5105,11,1
13501,11009,12,1
13501,8173,13,1
13501,5717,14,1
13501,6862,15,1
13501,10785,16,1
13511,7963,0,1
13511,5717,1,1
13511,8173,2,1
13511,4211,3,1
13511,5475,4,1
13511,8037,5,1
13511,6544,6,1
13511,9016,7,1
13511,1334,8,1
13511,11009,9,1
13511,941,10,1
13511,5105,11,1
13511,276,12,1
13511,5121,13,1
13511,10785,14,1
13511,1776,15,1
13514,1776,0,1
13514,6544,1,1
13514,1334,2,1
13514,65,3,1
13514,11009,4,1
13514,7963,5,1
13514,5475,6,1
13514,941,7,1
13514,8173,8,1
13514,9016,9,1
13514,10785,10,1
13514,5121,11,1
13514,4211,12,1
13514,276,13,1
13514,5105,14,1
13553,5475,0,1
13553,6862,1,1
13553,10785,2,1
13553,5717,3,1
13553,941,4,1
13553,8037,5,1
13553,6544,6,1
13553,7963,7,1
13553,8173,8,1
13553,1334,9,1
13553,11009,10,1
13553,5105,11,1
13553,4211,12,1
13553,5121,13,1
13553,276,14,1
13565,5121,0,1
13565,276,1,1
13565,7963,2,1
13565,941,3,1
13565,5105,4,1
13565,6544,5,1
13565,5475,6,1
13565,6862,7,1
13565,11009,8,1
13565,8173,9,1
13565,1776,10,1
13565,4211,11,1
13565,5717,12,1
13565,1334,13,1
13565,10785,14,1
13578,9016,0,1
13578,1334,1,1
13578,8173,2,1
13578,7963,3,1
13578,6862,4,1
13578,10785,5,1
13578,5121,6,1
13578,11009,7,1
13578,8037,8,1
13578,5717,9,1
13578,1776,10,1
13578,941,11,1
13578,65,12,1
13578,276,13,1
13578,5105,14,1
13578,5475,15,1
13592,5121,0,1
13592,11009,1,1
13592,8037,2,1
13592,7963,3,1
13592,276,4,1
13592,1776,5,1
13592,1334,6,1
13592,5717,7,1
13592,4211,8,1
13592,8173,9,1
13592,10785,10,1
13592,6544,11,1
13592,9016,12,1
13592,5105,13,1
13592,941,14,1
13601,8173,0,1
13601,941,1,1
13601,4211,2,1
13601,7963,3,1
13601,5475,4,1
13601,6544,5,1
13601,5105,6,1
13601,1334,7,1
13601,1776,8,1
13601,8037,9,1
13601,5717,10,1
13601,11009,11,1
13601,276,12,1
13601,5121,13,1
13601,10785,14,1
13612,7963,0,1
13612,1776,1,1
13612,5475,2,1
13612,11009,3,1
13612,5105,4,1
13612,65,5,1
13612,8173,6,1
13612,1334,7,1
13612,6544,8,1
13612,8037,9,1
13612,5717,10,1
13612,5121,11,1
13612,4211,12,1
13612,276,13,1
13612,10785,14,1
13620,276,0,1
13620,7963,1,1
13620,5105,2,1
13620,65,3,1
13620,6544,4,1
13620,5717,5,1
13620,5475,6,1
13620,5121,7,1
13620,8173,8,1
13620,941,9,1
13620,1334,10,1
13620,6862,11,1
13620,4211,12,1
13620,10785,13,1
13620,11009,14,1
13627,276,0,1
13627,8037,1,1
13627,1334,2,1
13627,941,3,1
13627,11009,4,1
13627,5475,5,1
13627,6544,6,1
13627,10785,7,1
13627,7963,8,1
13627,65,9,1
13627,1776,10,1
13627,6862,11,1
13627,8173,12,1
13627,5105,13,1
13627,5121,14,1
13627,5717,15,1
13634,5121,0,1
13634,1334,1,1
13634,5717,2,1
13634,7963,3,1
13634,941,4,1
13634,1776,5,1
13634,8173,6,1
13634,276,7,1
13634,5105,8,1
13634,4211,9,1
13634,8037,10,1
13634,11009,11,1
13634,6544,12,1
13634,5475,13,1
13634,10785,14,1
13637,5717,0,1
13637,1334,1,1
13637,941,2,1
13637,1776,3,1
13637,10785,4,1
13637,7963,5,1
13637,6862,6,1
13637,8037,7,1
13637,65,8,1
13637,8173,9,1
13637,5105,10,1
13637,5121,11,1
13637,276,12,1
13637,4211,13,1
13637,11009,14,1
13645,6544,0,1
13645,8173,1,1
13645,11009,2,1
13645,1776,3,1
13645,8037,4,1
13645,1334,5,1
13645,941,6,1
13645,6862,7,1
13645,7963,8,1
13645,9016,9,1
13645,276,10,1
13645,5121,11,1
13645,4211,12,1
13645,5105,13,1
13645,5475,14,1
13651,8037,0,1
13651,5105,1,1
13651,5717,2,1
13651,5475,3,1
13651,7963,4,1
13651,6862,5,1
13651,1334,6,1
13651,1776,7,1
13651,941,8,1
13651,8173,9,1
13651,65,10,1
13651,6544,11,1
13651,5121,12,1
13651,11009,13,1
13651,276,14,1
13681,7963,0,1
13681,4211,1,1
13681,5717,2,1
13681,1776,3,1
13681,6544,4,1
13681,8037,5,1
13681,1334,6,1
13681,11009,7,1
13681,5475,8,1
13681,6862,9,1
13681,941,10,1
13681,5105,11,1
13681,10785,12,1
13681,8173,13,1
13681,276,14,1
13696,1776,0,1
13696,11009,1,1
13696,7963,2,1
13696,6862,3,1
13696,4211,4,1
13696,6544,5,1
13696,1334,6,1
13696,941,7,1
13696,8173,8,1
13696,5121,9,1
13696,5105,10,1
13696,65,11,1
13696,5717,12,1
13696,276,13,1
13696,10785,14,1
13731,8037,0,1
13731,10785,1,1
13731,7963,2,1
13731,1776,3,1
13731,8173,4,1
13731,941,5,1
13731,5475,6,1
13731,11009,7,1
13731,1334,8,1
13731,5717,9,1
13731,276,10,1
13731,5105,11,1
13731,4211,12,1
13731,5121,13,1
13731,6862,14,1
13731,65,15,1
13731,6544,16,1
13766,5105,0,1
13766,7963,1,1
13766,6862,2,1
13766,11009,3,1
13766,1334,4,1
13766,5717,5,1
13766,941,6,1
13766,5121,7,1
13766,8037,8,1
13766,276,9,1
13766,5475,10,1
13766,4211,11,1
13766,65,12,1
13766,8173,13,1
13766,1776,14,1
13766,10785,15,1
13833,5121,0,1
13833,6862,1,1
13833,65,2,1
13833,6544,3,1
13833,4211,4,1
13833,1334,5,1
13833,8173,6,1
13833,8037,7,1
13833,1776,8,1
13833,7963,9,1
13833,941,10,1
13833,5475,11,1
13833,5717,12,1
13833,11009,13,1
13833,276,14,1
13833,5105,15,1
13849,6544,0,1
13849,5475,1,1
13849,11009,2,1
13849,941,3,1
13849,10785,4,1
13849,8037,5,1
13849,1776,6,1
13849,5121,7,1
13849,4211,8,1
13849,7963,9,1
13849,6862,10,1
13849,5105,11,1
13849,276,12,1
13849,8173,13,1
13849,5717,14,1
13849,1334,15,1
13857,7963,0,1
13857,1334,1,1
13857,6544,2,1
13857,1776,3,1
13857,5121,4,1
13857,276,5,1
13857,5717,6,1
13857,5105,7,1
13857,941,8,1
13857,8173,9,1
13857,6862,10,1
13857,10785,11,1
13857,11009,12,1
13857,5475,13,1
13857,4211,14,1
13893,8037,0,1
13893,7963,1,1
13893,65,2,1
13893,941,3,1
13893,1334,4,1
13893,5121,5,1
13893,6544,6,1
13893,4211,7,1
13893,5717,8,1
13893,5475,9,1
13893,10785,10,1
13893,9016,11,1
13893,8173,12,1
13893,5105,13,1
13893,11009,14,1
13893,276,15,1
139,276,0,1
139,1776,1,1
139,5475,2,1
139,6862,3,1
139,8037,4,1
139,1334,5,1
139,5121,6,1
139,7963,7,1
139,5105,8,1
139,11009,9,1
139,5717,10,1
139,941,11,1
139,10785,12,1
139,4211,13,1
139,65,14,1
139,6544,15,1
139,8173,16,1
13909,5475,0,1
13909,941,1,1
13909,6544,2,1
13909,7963,3,1
13909,6862,4,1
13909,5717,5,1
13909,1334,6,1
13909,8173,7,1
13909,10785,8,1
13909,276,9,1
13909,5121,10,1
13909,1776,11,1
13909,8037,12,1
13909,11009,13,1
13909,5105,14,1
13916,5475,0,1
13916,6862,1,1
13916,7963,2,1
13916,6544,3,1
13916,5105,4,1
13916,10785,5,1
13916,5717,6,1
13916,5121,7,1
13916,11009,8,1
13916,9016,9,1
13916,8173,10,1
13916,1334,11,1
13916,4211,12,1
13916,276,13,1
13916,941,14,1
13949,7963,0,1
13949,65,1,1
13949,11009,2,1
13949,1334,3,1
13949,5717,4,1
13949,276,5,1
13949,10785,6,1
13949,941,7,1
13949,5121,8,1
13949,8037,9,1
13949,1776,10,1
13949,5475,11,1
13949,6544,12,1
13949,8173,13,1
13949,4211,14,1
13950,11009,0,1
13950,6862,1,1
13950,5121,2,1
13950,5717,3,1
13950,276,4,1
13950,7963,5,1
13950,1334,6,1
13950,6544,7,1
13950,941,8,1
13950,1776,9,1
13950,10785,10,1
13950,8037,11,1
13950,5475,12,1
13950,5105,13,1
13950,65,14,1
13950,4211,15,1
13950,8173,16,1
13953,5717,0,1
13953,7963,1,1
13953,1776,2,1
13953,6862,3,1
13953,5105,4,1
13953,5475,5,1
13953,8173,6,1
13953,11009,7,1
13953,1334,8,1
13953,4211,9,1
13953,10785,10,1
13953,6544,11,1
13953,8037,12,1
13953,941,13,1
13953,5121,14,1
13953,276,15,1
13964,7963,0,1
13964,5121,1,1
13964,1776,2,1
13964,8037,3,1
13964,8173,4,1
13964,9016,5,1
13964,5105,6,1
13964,1334,7,1
13964,941,8,1
13964,65,9,1
13964,11009,10,1
13964,276,11,1
13964,6544,12,1
13964,6862,13,1
13964,10785,14,1
13964,4211,15,1
13969,4211,0,1
13969,5717,1,1
13969,276,2,1
13969,5121,3,1
13969,7963,4,1
13969,11009,5,1
13969,65,6,1
13969,10785,7,1
13969,6544,8,1
13969,5105,9,1
13969,8173,10,1
13969,941,11,1
13969,1334,12,1
13969,5475,13,1
13969,6862,14,1
13980,1776,0,1
13980,5121,1,1
13980,8173,2,1
13980,7963,3,1
13980,5717,4,1
13980,4211,5,1
13980,11009,6,1
13980,941,7,1
13980,6544,8,1
13980,276,9,1
13980,65,10,1
13980,1334,11,1
13980,8037,12,1
13980,5105,13,1
13980,6862,14,1
13980,5475,15,1
13980,10785,16,1
13984,941,0,1
13984,7963,1,1
13984,1334,2,1
13984,8173,3,1
13984,6544,4,1
13984,65,5,1
13984,4211,6,1
13984,8037,7,1
13984,5717,8,1
13984,5121,9,1
13984,11009,10,1
13984,1776,11,1
13984,5105,12,1
13984,5475,13,1
13984,276,14,1
13990,941,0,1
13990,8037,1,1
13990,1334,2,1
13990,11009,3,1
13990,9016,4,1
13990,7963,5,1
13990,4211,6,1
13990,6544,7,1
13990,276,8,1
13990,6862,9,1
13990,5475,10,1
13990,8173,11,1
13990,65,12,1
13990,5105,13,1
13990,5717,14,1
13999,941,0,1
13999,5475,1,1
13999,1776,2,1
13999,1334,3,1
13999,6544,4,1
13999,5105,5,1
13999,11009,6,1
13999,7963,7,1
13999,10785,8,1
13999,6862,9,1
13999,8037,10,1
13999,276,11,1
13999,8173,12,1
13999,5717,13,1
13999,5121,14,1
14041,1334,0,1
14041,5475,1,1
14041,4211,2,1
14041,8173,3,1
14041,5105,4,1
14041,5717,5,1
14041,7963,6,1
14041,276,7,1
14041,6544,8,1
14041,65,9,1
14041,9016,10,1
14041,8037,11,1
14041,11009,12,1
14041,5121,13,1
14041,941,14,1
14042,276,0,1
14042,7963,1,1
14042,1334,2,1
14042,65,3,1
14042,5475,4,1
14042,941,5,1
14042,1776,6,1
14042,11009,7,1
14042,5121,8,1
14042,4211,9,1
14042,8173,10,1
14042,6862,11,1
14042,10785,12,1
14042,8037,13,1
14042,5105,14,1
1405,5475,0,1
1405,7963,1,1
1405,1776,2,1
1405,6544,3,1
1405,276,4,1
1405,5717,5,1
1405,8037,6,1
1405,6862,7,1
1405,1334,8,1
1405,5121,9,1
1405,5105,10,1
1405,4211,11,1
1405,10785,12,1
1405,8173,13,1
1405,11009,14,1
1405,941,15,1
14050,7963,0,1
14050,10785,1,1
14050,6862,2,1
14050,1334,3,1
14050,5717,4,1
14050,5121,5,1
14050,8037,6,1
14050,4211,7,1
14050,5105,8,1
14050,5475,9,1
14050,65,10,1
14050,11009,11,1
14050,276,12,1
14050,8173,13,1
14050,6544,14,1
14050,941,15,1
1406,11009,0,1
1406,8037,1,1
1406,8173,2,1
1406,5121,3,1
1406,1334,4,1
1406,7963,5,1
1406,5717,6,1
1406,5105,7,1
1406,5475,8,1
1406,4211,9,1
1406,276,10,1
1406,1776,11,1
1406,6862,12,1
1406,6544,13,1
1406,10785,14,1
1406,65,15,1
1406,941,16,1
14060,7963,0,1
14060,10785,1,1
14060,8037,2,1
14060,5121,3,1
14060,5105,4,1
14060,8173,5,1
14060,11009,6,1
14060,276,7,1
14060,1776,8,1
14060,941,9,1
14060,1334,10,1
14060,5475,11,1
14060,6544,12,1
14060,4211,13,1
14060,5717,14,1
14064,9016,0,1
14064,7963,1,1
14064,10785,2,1
14064,1334,3,1
14064,941,4,1
14064,6544,5,1
14064,8173,6,1
14064,5717,7,1
14064,4211,8,1
14064,11009,9,1
14064,276,10,1
14064,5105,11,1
14064,1776,12,1
14064,5121,13,1
14064,5475,14,1
14065,1334,0,1
14065,276,1,1
14065,941,2,1
14065,9016,3,1
14065,5717,4,1
14065,8037,5,1
14065,7963,6,1
14065,1776,7,1
14065,11009,8,1
14065,8173,9,1
14065,5475,10,1
14065,65,11,1
14065,5121,12,1
14065,6544,13,1
14065,4211,14,1
14128,7963,0,1
14128,1334,1,1
14128,9016,2,1
14128,6544,3,1
14128,5475,4,1
14128,5105,5,1
14128,5121,6,1
14128,276,7,1
14128,1776,8,1
14128,5717,9,1
14128,10785,10,1
14128,8037,11,1
14128,941,12,1
14128,11009,13,1
14128,8173,14,1
14128,6862,15,1
14135,6544,0,1
14135,941,1,1
14135,7963,2,1
14135,11009,3,1
14135,276,4,1
14135,1776,5,1
14135,6862,6,1
14135,8037,7,1
14135,5475,8,1
14135,8173,9,1
14135,5121,10,1
14135,5105,11,1
14135,9016,12,1
14135,1334,13,1
14135,4211,14,1
14140,7963,0,1
14140,4211,1,1
14140,65,2,1
14140,1334,3,1
14140,1776,4,1
14140,8173,5,1
14140,11009,6,1
14140,5717,7,1
14140,5105,8,1
14140,941,9,1
14140,10785,10,1
14140,9016,11,1
14140,276,12,1
14140,6544,13,1
14140,6862,14,1
14156,5105,0,1
14156,8173,1,1
14156,6862,2,1
14156,1776,3,1
14156,7963,4,1
14156,6544,5,1
14156,5717,6,1
14156,941,7,1
14156,5121,8,1
14156,5475,9,1
14156,11009,10,1
14156,1334,11,1
14156,8037,12,1
14156,4211,13,1
14156,65,14,1
14156,276,15,1
14158,8037,0,1
14158,11009,1,1
14158,5121,2,1
14158,5475,3,1
14158,5105,4,1
14158,1334,5,1
14158,6544,6,1
14158,7963,7,1
14158,6862,8,1
14158,276,9,1
14158,8173,10,1
14158,10785,11,1
14158,1776,12,1
14158,941,13,1
14158,9016,14,1
14159,7963,0,1
14159,65,1,1
14159,1334,2,1
14159,8173,3,1
14159,8037,4,1
14159,5475,5,1
14159,6862,6,1
14159,941,7,1
14159,11009,8,1
14159,5105,9,1
14159,4211,10,1
14159,5121,11,1
14159,6544,12,1
14159,276,13,1
14159,5717,14,1
1417,8037,0,1
1417,7963,1,1
1417,10785,2,1
1417,5105,3,1
1417,276,4,1
1417,941,5,1
1417,5121,6,1
1417,11009,7,1
1417,6862,8,1
1417,8173,9,1
1417,1776,10,1
1417,4211,11,1
1417,1334,12,1
1417,5475,13,1
1417,5717,14,1
1417,6544,15,1
14178,8037,0,1
14178,1776,1,1
14178,6544,2,1
14178,7963,3,1
14178,5121,4,1
14178,9016,5,1
14178,5105,6,1
14178,8173,7,1
14178,5475,8,1
14178,941,9,1
14178,10785,10,1
14178,5717,11,1
14178,1334,12,1
14178,11009,13,1
14178,276,14,1
14178,6862,15,1
14178,4211,16,1
14208,4211,0,1
14208,8037,1,1
14208,8173,2,1
14208,5121,3,1
14208,7963,4,1
14208,5475,5,1
14208,65,6,1
14208,6544,7,1
14208,10785,8,1
14208,1334,9,1
14208,6862,10,1
14208,5105,11,1
14208,941,12,1
14208,11009,13,1
14208,276,14,1
14208,1776,15,1
14216,7963,0,1
14216,1776,1,1
14216,276,2,1
14216,8173,3,1
14216,1334,4,1
14216,8037,5,1
14216,11009,6,1
14216,6862,7,1
14216,5105,8,1
14216,9016,9,1
14216,941,10,1
14216,10785,11,1
14216,5121,12,1
14216,5717,13,1
14216,6544,14,1
1423,7963,0,1
1423,11009,1,1
1423,65,2,1
1423,4211,3,1
1423,1776,4,1
1423,10785,5,1
1423,6862,6,1
1423,5717,7,1
1423,276,8,1
1423,8037,9,1
1423,6544,10,1
1423,5105,11,1
1423,1334,12,1
1423,5121,13,1
1423,8173,14,1
1423,5475,15,1
1423,941,16,1
14250,1334,0,1
14250,11009,1,1
14250,7963,2,1
14250,8037,3,1
14250,10785,4,1
14250,941,5,1
14250,1776,6,1
14250,276,7,1
14250,5475,8,1
14250,6544,9,1
14250,6862,10,1
14250,9016,11,1
14250,65,12,1
14250,4211,13,1
14250,5105,14,1
14250,5717,15,1
14250,5121,16,1
14250,8173,17,1
14253,65,0,1
14253,6862,1,1
14253,7963,2,1
14253,8037,3,1
14253,5475,4,1
14253,8173,5,1
14253,6544,6,1
14253,5717,7,1
14253,10785,8,1
14253,1334,9,1
14253,11009,10,1
14253,5105,11,1
14253,276,12,1
14253,4211,13,1
14253,941,14,1
14256,11009,0,1
14256,1334,1,1
14256,276,2,1
14256,7963,3,1
14256,1776,4,1
14256,5105,5,1
14256,8037,6,1
14256,6544,7,1
14256,5717,8,1
14256,5121,9,1
14256,65,10,1
14256,9016,11,1
14256,10785,12,1
14256,8173,13,1
14256,4211,14,1
14256,5475,15,1
14263,5717,0,1
14263,5121,1,1
14263,10785,2,1
14263,276,3,1
14263,11009,4,1
14263,7963,5,1
14263,6862,6,1
14263,6544,7,1
14263,1776,8,1
14263,5105,9,1
14263,941,10,1
14263,4211,11,1
14263,5475,12,1
14263,1334,13,1
14263,65,14,1
14263,8037,15,1
14263,8173,16,1
14264,6862,0,1
14264,9016,1,1
14264,7963,2,1
14264,276,3,1
14264,4211,4,1
14264,11009,5,1
14264,5475,6,1
14264,8037,7,1
14264,8173,8,1
14264,5121,9,1
14264,1334,10,1
14264,5717,11,1
14264,6544,12,1
14264,5105,13,1
14264,65,14,1
14266,5121,0,1
14266,276,1,1
14266,1334,2,1
14266,7963,3,1
14266,941,4,1
14266,1776,5,1
14266,4211,6,1
14266,65,7,1
14266,5717,8,1
14266,8173,9,1
14266,8037,10,1
14266,5475,11,1
14266,11009,12,1
14266,5105,13,1
14266,6862,14,1
14266,6544,15,1
14268,10785,0,1
14268,7963,1,1
14268,276,2,1
14268,5105,3,1
14268,5717,4,1
14268,6544,5,1
14268,65,6,1
14268,11009,7,1
14268,4211,8,1
14268,8037,9,1
14268,1776,10,1
14268,5475,11,1
14268,5121,12,1
14268,1334,13,1
14268,8173,14,1
14268,6862,15,1
14276,6862,0,1
14276,7963,1,1
14276,5475,2,1
14276,5717,3,1
14276,6544,4,1
14276,5121,5,1
14276,4211,6,1
14276,10785,7,1
14276,941,8,1
14276,5105,9,1
14276,1334,10,1
14276,8173,11,1
14276,65,12,1
14276,11009,13,1
14276,276,14,1
14281,1334,0,1
14281,7963,1,1
14281,6862,2,1
14281,5717,3,1
14281,1776,4,1
14281,11009,5,1
14281,5105,6,1
14281,941,7,1
14281,5121,8,1
14281,8037,9,1
14281,5475,10,1
14281,6544,11,1
14281,10785,12,1
14281,8173,13,1
14281,276,14,1
14283,4211,0,1
14283,10785,1,1
14283,8173,2,1
14283,1334,3,1
14283,7963,4,1
14283,8037,5,1
14283,65,6,1
14283,941,7,1
14283,5717,8,1
14283,11009,9,1
14283,5475,10,1
14283,276,11,1
14283,6544,12,1
14283,5105,13,1
14283,6862,14,1
14285,6862,0,1
14285,276,1,1
14285,5105,2,1
14285,8173,3,1
14285,8037,4,1
14285,7963,5,1
14285,4211,6,1
14285,10785,7,1
14285,1776,8,1
14285,5121,9,1
14285,1334,10,1
14285,5475,11,1
14285,9016,12,1
14285,941,13,1
14285,5717,14,1
14285,11009,15,1
14285,6544,16,1
14311,9016,0,1
14311,6544,1,1
14311,1334,2,1
14311,1776,3,1
14311,8037,4,1
14311,5717,5,1
14311,10785,6,1
14311,7963,7,1
14311,5475,8,1
14311,276,9,1
14311,5121,10,1
14311,11009,11,1
14311,65,12,1
14311,6862,13,1
14311,8173,14,1
14311,4211,15,1
14311,941,16,1
14329,5121,0,1
14329,941,1,1
14329,1334,2,1
14329,6544,3,1
14329,6862,4,1
14329,1776,5,1
14329,11009,6,1
14329,5105,7,1
14329,5475,8,1
14329,276,9,1
14329,5717,10,1
14329,8037,11,1
14329,9016,12,1
14329,7963,13,1
14329,8173,14,1
14347,9016,0,1
14347,1334,1,1
14347,11009,2,1
14347,276,3,1
14347,7963,4,1
14347,6862,5,1
14347,5121,6,1
14347,5105,7,1
14347,8037,8,1
14347,1776,9,1
14347,5475,10,1
14347,10785,11,1
14347,8173,12,1
14347,941,13,1
14347,6544,14,1
14347,4211,15,1
1437,1334,0,1
1437,8037,1,1
1437,7963,2,1
1437,65,3,1
1437,1776,4,1
1437,5121,5,1
1437,8173,6,1
1437,276,7,1
1437,11009,8,1
1437,6544,9,1
1437,941,10,1
1437,4211,11,1
1437,10785,12,1
1437,6862,13,1
1437,5105,14,1
1437,5475,15,1
1437,5717,16,1
14374,941,0,1
14374,1334,1,1
14374,8173,2,1
14374,11009,3,1
14374,6544,4,1
14374,276,5,1
14374,65,6,1
14374,6862,7,1
14374,7963,8,1
14374,4211,9,1
14374,8037,10,1
14374,5121,11,1
14374,5105,12,1
14374,5717,13,1
14374,9016,14,1
14403,1776,0,1
14403,941,1,1
14403,5105,2,1
14403,276,3,1
14403,65,4,1
14403,7963,5,1
14403,6544,6,1
14403,11009,7,1
14403,8173,8,1
14403,1334,9,1
14403,8037,10,1
14403,5475,11,1
14403,6862,12,1
14403,5121,13,1
14403,10785,14,1
14403,4211,15,1
1441,7963,0,1
1441,6544,1,1
1441,1334,2,1
1441,941,3,1
1441,4211,4,1
1441,276,5,1
1441,5121,6,1
1441,65,7,1
1441,6862,8,1
1441,5105,9,1
1441,8173,10,1
1441,11009,11,1
1441,5717,12,1
1441,8037,13,1
1441,1776,14,1
1441,5475,15,1
14414,6544,0,1
14414,1334,1,1
14414,5105,2,1
14414,7963,3,1
14414,9016,4,1
14414,8037,5,1
14414,1776,6,1
14414,11009,7,1
14414,941,8,1
14414,4211,9,1
14414,276,10,1
14414,5121,11,1
14414,5475,12,1
14414,10785,13,1
14414,5717,14,1
14414,6862,15,1
14414,8173,16,1
14432,5105,0,1
14432,7963,1,1
14432,10785,2,1
14432,8037,3,1
14432,941,4,1
14432,4211,5,1
14432,9016,6,1
14432,1334,7,1
14432,5475,8,1
14432,11009,9,1
14432,1776,10,1
14432,276,11,1
14432,6544,12,1
14432,5121,13,1
14432,5717,14,1
14432,8173,15,1
14434,5717,0,1
14434,5121,1,1
14434,7963,2,1
14434,941,3,1
14434,8037,4,1
14434,276,5,1
14434,1334,6,1
14434,10785,7,1
14434,6862,8,1
14434,6544,9,1
14434,1776,10,1
14434,5475,11,1
14434,8173,12,1
14434,65,13,1
14434,4211,14,1
14434,11009,15,1
14434,5105,16,1
14462,7963,0,1
14462,5717,1,1
14462,11009,2,1
14462,6862,3,1
14462,276,4,1
14462,5105,5,1
14462,1776,6,1
14462,1334,7,1
14462,5475,8,1
14462,6544,9,1
14462,941,10,1
14462,8037,11,1
14462,10785,12,1
14462,8173,13,1
14462,5121,14,1
14479,6862,0,1
14479,4211,1,1
14479,1776,2,1
14479,7963,3,1
14479,65,4,1
14479,8173,5,1
14479,5105,6,1
14479,10785,7,1
14479,276,8,1
14479,1334,9,1
14479,941,10,1
14479,11009,11,1
14479,5121,12,1
14479,6544,13,1
14479,5475,14,1
14479,8037,15,1
14479,5717,16,1
14508,5475,0,1
14508,9016,1,1
14508,11009,2,1
14508,65,3,1
14508,1334,4,1
14508,1776,5,1
14508,5717,6,1
14508,5105,7,1
14508,8173,8,1
14508,4211,9,1
14508,276,10,1
14508,6544,11,1
14508,5121,12,1
14508,941,13,1
14508,10785,14,1
14508,7963,15,1
14508,8037,16,1
14551,7963,0,1
14551,5105,1,1
14551,6862,2,1
14551,11009,3,1
14551,1334,4,1
14551,4211,5,1
14551,276,6,1
14551,65,7,1
14551,5475,8,1
14551,8037,9,1
14551,941,10,1
14551,6544,11,1
14551,5717,12,1
14551,1776,13,1
14551,8173,14,1
14555,11009,0,1
14555,5475,1,1
14555,6544,2,1
14555,276,3,1
14555,1334,4,1
14555,8037,5,1
14555,1776,6,1
14555,9016,7,1
14555,7963,8,1
14555,5717,9,1
14555,5121,10,1
14555,4211,11,1
14555,5105,12,1
14555,941,13,1
14555,65,14,1
14555,8173,15,1
14591,11009,0,1
14591,10785,1,1
14591,7963,2,1
14591,1776,3,1
14591,5121,4,1
14591,4211,5,1
14591,1334,6,1
14591,8037,7,1
14591,5475,8,1
14591,941,9,1
14591,276,10,1
14591,8173,11,1
14591,5105,12,1
14591,5717,13,1
14591,6544,14,1
14595,11009,0,1
14595,8173,1,1
14595,7963,2,1
14595,9016,3,1
14595,4211,4,1
14595,276,5,1
14595,5121,6,1
14595,1334,7,1
14595,5105,8,1
14595,6862,9,1
14595,5475,10,1
14595,5717,11,1
14595,941,12,1
14595,10785,13,1
14595,6544,14,1
14622,276,0,1
14622,5475,1,1
14622,4211,2,1
14622,10785,3,1
14622,7963,4,1
14622,65,5,1
14622,1334,6,1
14622,1776,7,1
14622,8173,8,1
14622,5105,9,1
14622,941,10,1
14622,5717,11,1
14622,11009,12,1
14622,5121,13,1
14622,8037,14,1
14622,9016,15,1
14633,7963,0,1
14633,8173,1,1
14633,941,2,1
14633,1776,3,1
14633,5121,4,1
14633,5717,5,1
14633,10785,6,1
14633,8037,7,1
14633,1334,8,1
14633,276,9,1
14633,11009,10,1
14633,6544,11,1
14633,65,12,1
14633,5105,13,1
14633,5475,14,1
14634,8173,0,1
14634,276,1,1
14634,65,2,1
14634,5121,3,1
14634,7963,4,1
14634,5717,5,1
14634,6544,6,1
14634,8037,7,1
14634,10785,8,1
14634,5105,9,1
14634,11009,10,1
14634,5475,11,1
14634,4211,12,1
14634,941,13,1
14634,1776,14,1
14634,6862,15,1
14634,1334,16,1
14655,5475,0,1
14655,7963,1,1
14655,5121,2,1
14655,4211,3,1
14655,8173,4,1
14655,6544,5,1
14655,8037,6,1
14655,5105,7,1
14655,11009,8,1
14655,1334,9,1
14655,276,10,1
14655,65,11,1
14655,10785,12,1
14655,941,13,1
14655,5717,14,1
14662,7963,0,1
14662,10785,1,1
14662,8037,2,1
14662,11009,3,1
14662,1776,4,1
14662,5717,5,1
14662,1334,6,1
14662,276,7,1
14662,6544,8,1
14662,941,9,1
14662,5105,10,1
14662,65,11,1
14662,5475,12,1
14662,8173,13,1
14662,5121,14,1
14662,4211,15,1
14663,10785,0,1
14663,4211,1,1
14663,8037,2,1
14663,7963,3,1
14663,6862,4,1
14663,1334,5,1
14663,5717,6,1
14663,8173,7,1
14663,1776,8,1
14663,5121,9,1
14663,276,10,1
14663,941,11,1
14663,5475,12,1
14663,11009,13,1
14663,5105,14,1
14663,6544,15,1
14677,5717,0,1
14677,5105,1,1
14677,6862,2,1
14677,7963,3,1
14677,276,4,1
14677,4211,5,1
14677,1334,6,1
14677,65,7,1
14677,5475,8,1
14677,6544,9,1
14677,11009,10,1
14677,1776,11,1
14677,8037,12,1
14677,8173,13,1
14677,941,14,1
14677,5121,15,1
1468,276,0,1
1468,6544,1,1
1468,5105,2,1
1468,5475,3,1
1468,9016,4,1
1468,5121,5,1
1468,1776,6,1
1468,941,7,1
1468,6862,8,1
1468,8173,9,1
1468,4211,10,1
1468,8037,11,1
1468,65,12,1
1468,7963,13,1
1468,11009,14,1
1468,1334,15,1
14691,1334,0,1
14691,1776,1,1
14691,5105,2,1
14691,5717,3,1
14691,7963,4,1
14691,4211,5,1
14691,6544,6,1
14691,8037,7,1
14691,8173,8,1
14691,65,9,1
14691,5475,10,1
14691,941,11,1
14691,6862,12,1
14691,276,13,1
14691,11009,14,1
14691,5121,15,1
14711,1776,0,1
14711,9016,1,1
14711,11009,2,1
14711,5121,3,1
14711,6544,4,1
14711,5105,5,1
14711,10785,6,1
14711,6862,7,1
14711,276,8,1
14711,8037,9,1
14711,7963,10,1
14711,4211,11,1
14711,1334,12,1
14711,5717,13,1
14711,8173,14,1
14714,7963,0,1
14714,6544,1,1
14714,6862,2,1
14714,8173,3,1
14714,5105,4,1
14714,4211,5,1
14714,1334,6,1
14714,5717,7,1
14714,5121,8,1
14714,276,9,1
14714,10785,10,1
14714,941,11,1
14714,65,12,1
14714,1776,13,1
14714,11009,14,1
14714,5475,15,1
14718,7963,0,1
14718,11009,1,1
14718,941,2,1
14718,1334,3,1
14718,5717,4,1
14718,65,5,1
14718,9016,6,1
14718,8037,7,1
14718,5121,8,1
14718,1776,9,1
14718,5475,10,1
14718,5105,11,1
14718,8173,12,1
14718,276,13,1
14718,4211,14,1
14718,6544,15,1
14724,7963,0,1
14724,276,1,1
14724,5475,2,1
14724,11009,3,1
14724,1334,4,1
14724,8037,5,1
14724,5717,6,1
14724,5121,7,1
14724,1776,8,1
14724,6544,9,1
14724,941,10,1
14724,65,11,1
14724,8173,12,1
14724,10785,13,1
14724,5105,14,1
14729,7963,0,1
14729,1334,1,1
14729,276,2,1
14729,4211,3,1
14729,65,4,1
14729,1776,5,1
14729,941,6,1
14729,5717,7,1
14729,5475,8,1
14729,5105,9,1
14729,9016,10,1
14729,8037,11,1
14729,6862,12,1
14729,11009,13,1
14729,6544,14,1
14729,8173,15,1
14729,10785,16,1
14752,65,0,1
14752,276,1,1
14752,8173,2,1
14752,1776,3,1
14752,7963,4,1
14752,6544,5,1
14752,5475,6,1
14752,1334,7,1
14752,5105,8,1
14752,6862,9,1
14752,9016,10,1
14752,5121,11,1
14752,10785,12,1
14752,11009,13,1
14752,4211,14,1
14754,11009,0,1
14754,7963,1,1
14754,8173,2,1
14754,65,3,1
14754,5475,4,1
14754,5105,5,1
14754,276,6,1
14754,5121,7,1
14754,1776,8,1
14754,6544,9,1
14754,1334,10,1
14754,5717,11,1
14754,941,12,1
14754,4211,13,1
14754,8037,14,1
14758,5121,0,1
14758,1334,1,1
14758,7963,2,1
14758,8037,3,1
14758,5475,4,1
14758,941,5,1
14758,65,6,1
14758,276,7,1
14758,5105,8,1
14758,5717,9,1
14758,11009,10,1
14758,1776,11,1
14758,6544,12,1
14758,6862,13,1
14758,8173,14,1
14759,276,0,1
14759,65,1,1
14759,4211,2,1
14759,1334,3,1
14759,941,4,1
14759,5121,5,1
14759,8037,6,1
14759,7963,7,1
14759,9016,8,1
14759,6544,9,1
14759,5475,10,1
14759,5105,11,1
14759,8173,12,1
14759,11009,13,1
14759,5717,14,1
14759,10785,15,1
14781,5475,0,1
14781,6862,1,1
14781,1334,2,1
14781,6544,3,1
14781,11009,4,1
14781,1776,5,1
14781,941,6,1
14781,7963,7,1
14781,5105,8,1
14781,4211,9,1
14781,8037,10,1
14781,8173,11,1
14781,5121,12,1
14781,276,13,1
14781,10785,14,1
14781,5717,15,1
14785,6862,0,1
14785,11009,1,1
14785,5105,2,1
14785,8037,3,1
14785,9016,4,1
14785,1776,5,1
14785,7963,6,1
14785,10785,7,1
14785,8173,8,1
14785,1334,9,1
14785,65,10,1
14785,4211,11,1
14785,941,12,1
14785,5717,13,1
14785,5475,14,1
14785,276,15,1
14785,5121,16,1
14785,6544,17,1
14822,7963,0,1
14822,276,1,1
14822,5475,2,1
14822,10785,3,1
14822,9016,4,1
14822,1776,5,1
14822,8037,6,1
14822,65,7,1
14822,6544,8,1
14822,1334,9,1
14822,5121,10,1
14822,8173,11,1
14822,5717,12,1
14822,941,13,1
14822,6862,14,1
14822,11009,15,1
14827,65,0,1
14827,6862,1,1
14827,7963,2,1
14827,10785,3,1
14827,8037,4,1
14827,1334,5,1
14827,941,6,1
14827,1776,7,1
14827,9016,8,1
14827,5475,9,1
14827,8173,10,1
14827,5717,11,1
14827,11009,12,1
14827,5105,13,1
14827,276,14,1
14827,5121,15,1
14827,4211,16,1
14827,6544,17,1
14837,7963,0,1
14837,11009,1,1
14837,1334,2,1
14837,5475,3,1
14837,5105,4,1
14837,5717,5,1
14837,4211,6,1
14837,6544,7,1
14837,5121,8,1
14837,9016,9,1
14837,276,10,1
14837,8173,11,1
14837,8037,12,1
14837,1776,13,1
14837,941,14,1
14851,4211,0,1
14851,7963,1,1
14851,1776,2,1
14851,276,3,1
14851,1334,4,1
14851,8173,5,1
14851,941,6,1
14851,5105,7,1
14851,6862,8,1
14851,6544,9,1
14851,5121,10,1
14851,8037,11,1
14851,11009,12,1
14851,5475,13,1
14851,5717,14,1
14877,8173,0,1
14877,1334,1,1
14877,7963,2,1
14877,1776,3,1
14877,8037,4,1
14877,11009,5,1
14877,5475,6,1
14877,9016,7,1
14877,5105,8,1
14877,6544,9,1
14877,276,10,1
14877,6862,11,1
14877,4211,12,1
14877,65,13,1
14877,5121,14,1
14902,6544,0,1
14902,1334,1,1
14902,7963,2,1
14902,276,3,1
14902,11009,4,1
14902,10785,5,1
14902,941,6,1
14902,5121,7,1
14902,9016,8,1
14902,5105,9,1
14902,1776,10,1
14902,5717,11,1
14902,6862,12,1
14902,5475,13,1
14902,8173,14,1
14902,8037,15,1
14902,4211,16,1
14914,6862,0,1
14914,10785,1,1
14914,65,2,1
14914,5121,3,1
14914,11009,4,1
14914,7963,5,1
14914,9016,6,1
14914,6544,7,1
14914,941,8,1
14914,4211,9,1
14914,8173,10,1
14914,1776,11,1
14914,1334,12,1
14914,5475,13,1
14914,8037,14,1
14914,276,15,1
14914,5105,16,1
14914,5717,17,1
14947,11009,0,1
14947,5105,1,1
14947,5121,2,1
14947,8173,3,1
14947,1334,4,1
14947,941,5,1
14947,7963,6,1
14947,276,7,1
14947,6862,8,1
14947,6544,9,1
14947,4211,10,1
14947,5717,11,1
14947,5475,12,1
14947,8037,13,1
14947,1776,14,1
1495,1334,0,1
1495,7963,1,1
1495,1776,2,1
1495,5475,3,1
1495,8037,4,1
1495,5717,5,1
1495,276,6,1
1495,941,7,1
1495,11009,8,1
1495,6544,9,1
1495,6862,10,1
1495,8173,11,1
1495,5105,12,1
1495,5121,13,1
1495,10785,14,1
1495,4211,15,1
14952,276,0,1
14952,1334,1,1
14952,8037,2,1
14952,6862,3,1
14952,1776,4,1
14952,941,5,1
14952,5121,6,1
14952,11009,7,1
14952,7963,8,1
14952,6544,9,1
14952,8173,10,1
14952,65,11,1
14952,5475,12,1
14952,5717,13,1
14952,5105,14,1
14952,4211,15,1
14952,10785,16,1
14962,5105,0,1
14962,9016,1,1
14962,8173,2,1
14962,8037,3,1
14962,1776,4,1
14962,11009,5,1
14962,5717,6,1
14962,7963,7,1
14962,941,8,1
14962,10785,9,1
14962,5121,10,1
14962,5475,11,1
14962,65,12,1
14962,1334,13,1
14962,6544,14,1
14962,276,15,1
14976,8037,0,1
14976,65,1,1
14976,5105,2,1
14976,11009,3,1
14976,1776,4,1
14976,7963,5,1
14976,5475,6,1
14976,5121,7,1
14976,1334,8,1
14976,4211,9,1
14976,6862,10,1
14976,276,11,1
14976,5717,12,1
14976,6544,13,1
14976,8173,14,1
15019,1334,0,1
15019,6862,1,1
15019,7963,2,1
15019,941,3,1
15019,5717,4,1
15019,276,5,1
15019,8037,6,1
15019,11009,7,1
15019,5121,8,1
15019,5475,9,1
15019,65,10,1
15019,10785,11,1
15019,5105,12,1
15019,4211,13,1
15019,8173,14,1
15019,6544,15,1
15027,8173,0,1
15027,9016,1,1
15027,276,2,1
15027,4211,3,1
15027,6862,4,1
15027,8037,5,1
15027,941,6,1
15027,11009,7,1
15027,5105,8,1
15027,5717,9,1
15027,1776,10,1
15027,65,11,1
15027,6544,12,1
15027,7963,13,1
15027,1334,14,1
15027,5475,15,1
15038,11009,0,1
15038,7963,1,1
15038,4211,2,1
15038,5105,3,1
15038,1334,4,1
15038,5121,5,1
15038,1776,6,1
15038,8173,7,1
15038,941,8,1
15038,10785,9,1
15038,276,10,1
15038,5475,11,1
15038,6544,12,1
15038,6862,13,1
15038,8037,14,1
15041,6544,0,1
15041,1334,1,1
15041,5105,2,1
15041,7963,3,1
15041,8037,4,1
15041,5717,5,1
15041,11009,6,1
15041,5121,7,1
15041,8173,8,1
15041,6862,9,1
15041,1776,10,1
15041,5475,11,1
15041,276,12,1
15041,4211,13,1
15041,941,14,1
15041,10785,15,1
15059,11009,0,1
15059,5717,1,1
15059,941,2,1
15059,7963,3,1
15059,8037,4,1
15059,8173,5,1
15059,4211,6,1
15059,5105,7,1
15059,276,8,1
15059,10785,9,1
15059,6862,10,1
15059,1776,11,1
15059,5475,12,1
15059,5121,13,1
15059,65,14,1
15059,1334,15,1
15059,6544,16,1
15064,1334,0,1
15064,7963,1,1
15064,5717,2,1
15064,11009,3,1
15064,6544,4,1
15064,5475,5,1
15064,4211,6,1
15064,941,7,1
15064,1776,8,1
15064,5121,9,1
15064,276,10,1
15064,8173,11,1
15064,5105,12,1
15064,9016,13,1
15064,10785,14,1
15071,7963,0,1
15071,6544,1,1
15071,1776,2,1
15071,1334,3,1
15071,8037,4,1
15071,11009,5,1
15071,8173,6,1
15071,4211,7,1
15071,276,8,1
15071,10785,9,1
15071,65,10,1
15071,5475,11,1
15071,6862,12,1
15071,5717,13,1
15071,5105,14,1
15071,941,15,1
15071,5121,16,1
15079,1776,0,1
15079,65,1,1
15079,5121,2,1
15079,941,3,1
15079,1334,4,1
15079,10785,5,1
15079,11009,6,1
15079,6544,7,1
15079,5475,8,1
15079,8037,9,1
15079,8173,10,1
15079,4211,11,1
15079,6862,12,1
15079,5105,13,1
15079,7963,14,1
15079,276,15,1
15083,7963,0,1
15083,4211,1,1
15083,276,2,1
15083,1334,3,1
15083,5475,4,1
15083,11009,5,1
15083,8037,6,1
15083,10785,7,1
15083,6544,8,1
15083,5105,9,1
15083,65,10,1
15083,1776,11,1
15083,5717,12,1
15083,941,13,1
15083,6862,14,1
15114,6544,0,1
15114,7963,1,1
15114,8037,2,1
15114,8173,3,1
15114,5717,4,1
15114,6862,5,1
15114,11009,6,1
15114,5475,7,1
15114,65,8,1
15114,1334,9,1
15114,4211,10,1
15114,5121,11,1
15114,5105,12,1
15114,276,13,1
15114,941,14,1
15114,9016,15,1
15117,7963,0,1
15117,5105,1,1
15117,5121,2,1
15117,5717,3,1
15117,6862,4,1
15117,1776,5,1
15117,8037,6,1
15117,8173,7,1
15117,5475,8,1
15117,10785,9,1
15117,11009,10,1
15117,1334,11,1
15117,4211,12,1
15117,9016,13,1
15117,276,14,1
15117,941,15,1
15118,7963,0,1
15118,65,1,1
15118,8037,2,1
15118,1334,3,1
15118,8173,4,1
15118,276,5,1
15118,6544,6,1
15118,6862,7,1
15118,5475,8,1
15118,5717,9,1
15118,4211,10,1
15118,941,11,1
15118,11009,12,1
15118,5121,13,1
15118,5105,14,1
15120,1776,0,1
15120,7963,1,1
15120,5121,2,1
15120,6544,3,1
15120,4211,4,1
15120,276,5,1
15120,10785,6,1
15120,5475,7,1
15120,1334,8,1
15120,9016,9,1
15120,11009,10,1
15120,5105,11,1
15120,5717,12,1
15120,8037,13,1
15120,6862,14,1
15127,8037,0,1
15127,1334,1,1
15127,6544,2,1
15127,1776,3,1
15127,7963,4,1
15127,4211,5,1
15127,6862,6,1
15127,8173,7,1
15127,10785,8,1
15127,5475,9,1
15127,5717,10,1
15127,941,11,1
15127,5105,12,1
15127,276,13,1
15127,11009,14,1
15127,5121,15,1
15141,11009,0,1
15141,6544,1,1
15141,1334,2,1
15141,276,3,1
15141,8037,4,1
15141,5121,5,1
15141,5717,6,1
15141,1776,7,1
15141,7963,8,1
15141,65,9,1
15141,6862,10,1
15141,10785,11,1
15141,4211,12,1
15141,9016,13,1
15141,5105,14,1
15141,8173,15,1
15141,941,16,1
15141,5475,17,1
1515,8037,0,1
1515,7963,1,1
1515,6862,2,1
1515,5717,3,1
1515,65,4,1
1515,276,5,1
1515,1334,6,1
1515,5105,7,1
1515,8173,8,1
1515,6544,9,1
1515,9016,10,1
1515,4211,11,1
1515,11009,12,1
1515,10785,13,1
1515,5475,14,1
1515,5121,15,1
15160,6544,0,1
15160,8037,1,1
15160,11009,2,1
15160,1776,3,1
15160,7963,4,1
15160,5121,5,1
15160,6862,6,1
15160,941,7,1
15160,5475,8,1
15160,1334,9,1
15160,276,10,1
15160,5717,11,1
15160,8173,12,1
15160,5105,13,1
15160,10785,14,1
15173,7963,0,1
15173,5105,1,1
15173,8037,2,1
15173,10785,3,1
15173,6862,4,1
15173,4211,5,1
15173,5475,6,1
15173,6544,7,1
15173,11009,8,1
15173,8173,9,1
15173,276,10,1
15173,65,11,1
15173,941,12,1
15173,1334,13,1
15173,5121,14,1
15175,1334,0,1
15175,11009,1,1
15175,6862,2,1
15175,65,3,1
15175,5121,4,1
15175,276,5,1
15175,6544,6,1
15175,9016,7,1
15175,7963,8,1
15175,5717,9,1
15175,5105,10,1
15175,8037,11,1
15175,941,12,1
15175,8173,13,1
15175,1776,14,1
15175,5475,15,1
15175,4211,16,1
15182,65,0,1
15182,8173,1,1
15182,7963,2,1
15182,10785,3,1
15182,276,4,1
15182,9016,5,1
15182,941,6,1
15182,6862,7,1
15182,5121,8,1
15182,6544,9,1
15182,5717,10,1
15182,11009,11,1
15182,1334,12,1
15182,5475,13,1
15182,4211,14,1
15204,4211,0,1
15204,8173,1,1
15204,5717,2,1
15204,7963,3,1
15204,1334,4,1
15204,65,5,1
15204,6862,6,1
15204,10785,7,1
15204,9016,8,1
15204,5475,9,1
15204,941,10,1
15204,5121,11,1
15204,5105,12,1
15204,6544,13,1
15204,11009,14,1
15204,276,15,1
15204,1776,16,1
15205,6544,0,1
15205,5475,1,1
15205,276,2,1
15205,7963,3,1
15205,65,4,1
15205,5105,5,1
15205,1776,6,1
15205,5717,7,1
15205,5121,8,1
15205,10785,9,1
15205,941,10,1
15205,4211,11,1
15205,11009,12,1
15205,8173,13,1
15205,1334,14,1
15215,7963,0,1
15215,276,1,1
15215,1334,2,1
15215,8173,3,1
15215,5475,4,1
15215,65,5,1
15215,941,6,1
15215,5105,7,1
15215,8037,8,1
15215,11009,9,1
15215,5717,10,1
15215,6544,11,1
15215,5121,12,1
15215,9016,13,1
15215,4211,14,1
15225,7963,0,1
15225,5105,1,1
15225,9016,2,1
15225,5717,3,1
15225,5475,4,1
15225,1334,5,1
15225,65,6,1
15225,5121,7,1
15225,4211,8,1
15225,6544,9,1
15225,8173,10,1
15225,276,11,1
15225,941,12,1
15225,11009,13,1
15225,8037,14,1
15238,276,0,1
15238,1776,1,1
15238,9016,2,1
15238,5121,3,1
15238,11009,4,1
15238,5717,5,1
15238,941,6,1
15238,4211,7,1
15238,8037,8,1
15238,5105,9,1
15238,7963,10,1
15238,8173,11,1
15238,6862,12,1
15238,65,13,1
15238,1334,14,1
15241,7963,0,1
15241,8037,1,1
15241,9016,2,1
15241,1776,3,1
15241,10785,4,1
15241,941,5,1
15241,65,6,1
15241,8173,7,1
15241,1334,8,1
15241,5121,9,1
15241,6862,10,1
15241,276,11,1
15241,11009,12,1
15241,5105,13,1
15241,5717,14,1
15241,4211,15,1
15247,7963,0,1
15247,276,1,1
15247,1334,2,1
15247,6862,3,1
15247,65,4,1
15247,8037,5,1
15247,9016,6,1
15247,5717,7,1
15247,6544,8,1
15247,5475,9,1
15247,8173,10,1
15247,5121,11,1
15247,11009,12,1
15247,4211,13,1
15247,941,14,1
15263,4211,0,1
15263,6862,1,1
15263,7963,2,1
15263,5717,3,1
15263,8037,4,1
15263,65,5,1
15263,11009,6,1
15263,1776,7,1
15263,1334,8,1
15263,5105,9,1
15263,5475,10,1
15263,941,11,1
15263,276,12,1
15263,8173,13,1
15263,10785,14,1
15287,4211,0,1
15287,7963,1,1
15287,11009,2,1
15287,8037,3,1
15287,6862,4,1
15287,10785,5,1
15287,5717,6,1
15287,5475,7,1
15287,941,8,1
15287,1776,9,1
15287,1334,10,1
15287,276,11,1
15287,6544,12,1
15287,8173,13,1
15287,5121,14,1
15296,1776,0,1
15296,276,1,1
15296,1334,2,1
15296,11009,3,1
15296,5105,4,1
15296,6544,5,1
15296,7963,6,1
15296,10785,7,1
15296,941,8,1
15296,5475,9,1
15296,8173,10,1
15296,8037,11,1
15296,5121,12,1
15296,5717,13,1
15296,4211,14,1
15359,5717,0,1
15359,941,1,1
15359,4211,2,1
15359,10785,3,1
15359,11009,4,1
15359,1776,5,1
15359,5121,6,1
15359,7963,7,1
15359,8037,8,1
15359,5105,9,1
15359,1334,10,1
15359,6862,11,1
15359,276,12,1
15359,8173,13,1
15359,65,14,1
15359,5475,15,1
15359,6544,16,1
15368,10785,0,1
15368,9016,1,1
15368,65,2,1
15368,4211,3,1
15368,8037,4,1
15368,5475,5,1
15368,5121,6,1
15368,5717,7,1
15368,11009,8,1
15368,7963,9,1
15368,5105,10,1
15368,941,11,1
15368,8173,12,1
15368,1334,13,1
15368,276,14,1
15389,6544,0,1
15389,5475,1,1
15389,1334,2,1
15389,1776,3,1
15389,65,4,1
15389,11009,5,1
15389,7963,6,1
15389,9016,7,1
15389,5717,8,1
15389,8173,9,1
15389,8037,10,1
15389,5105,11,1
15389,941,12,1
15389,5121,13,1
15389,276,14,1
15389,10785,15,1
15407,1776,0,1
15407,941,1,1
15407,8037,2,1
15407,6862,3,1
15407,6544,4,1
15407,10785,5,1
15407,7963,6,1
15407,11009,7,1
15407,9016,8,1
15407,5475,9,1
15407,1334,10,1
15407,4211,11,1
15407,5105,12,1
15407,8173,13,1
15407,276,14,1
15407,5121,15,1
15411,1334,0,1
15411,10785,1,1
15411,1776,2,1
15411,8173,3,1
15411,11009,4,1
15411,8037,5,1
15411,5121,6,1
15411,276,7,1
15411,6544,8,1
15411,7963,9,1
15411,941,10,1
15411,5105,11,1
15411,65,12,1
15411,5717,13,1
15411,5475,14,1
15411,6862,15,1
15411,4211,16,1
15424,941,0,1
15424,11009,1,1
15424,6862,2,1
15424,7963,3,1
15424,5121,4,1
15424,5475,5,1
15424,65,6,1
15424,5717,7,1
15424,1776,8,1
15424,4211,9,1
15424,1334,10,1
15424,9016,11,1
15424,5105,12,1
15424,6544,13,1
15424,276,14,1
15424,10785,15,1
15424,8173,16,1
15425,8037,0,1
15425,7963,1,1
15425,5475,2,1
15425,1776,3,1
15425,8173,4,1
15425,6544,5,1
15425,10785,6,1
15425,5105,7,1
15425,11009,8,1
15425,941,9,1
15425,1334,10,1
15425,276,11,1
15425,6862,12,1
15425,5121,13,1
15425,5717,14,1
15429,11009,0,1
15429,6862,1,1
15429,8173,2,1
15429,9016,3,1
15429,5105,4,1
15429,4211,5,1
15429,8037,6,1
15429,10785,7,1
15429,7963,8,1
15429,65,9,1
15429,5121,10,1
15429,5717,11,1
15429,6544,12,1
15429,1776,13,1
15429,276,14,1
1543,5717,0,1
1543,8173,1,1
1543,941,2,1
1543,1776,3,1
1543,5121,4,1
1543,5475,5,1
1543,276,6,1
1543,8037,7,1
1543,4211,8,1
1543,6862,9,1
1543,7963,10,1
1543,11009,11,1
1543,5105,12,1
1543,6544,13,1
1543,1334,14,1
15430,941,0,1
15430,276,1,1
15430,7963,2,1
15430,5121,3,1
15430,10785,4,1
15430,11009,5,1
15430,6544,6,1
15430,8037,7,1
15430,5105,8,1
15430,6862,9,1
15430,5475,10,1
15430,4211,11,1
15430,1334,12,1
15430,5717,13,1
15430,8173,14,1
15432,7963,0,1
15432,941,1,1
15432,10785,2,1
15432,5105,3,1
15432,9016,4,1
15432,5121,5,1
15432,6862,6,1
15432,1334,7,1
15432,4211,8,1
15432,6544,9,1
15432,11009,10,1
15432,8173,11,1
15432,276,12,1
15432,65,13,1
15432,5717,14,1
15437,9016,0,1
15437,65,1,1
15437,1776,2,1
15437,7963,3,1
15437,276,4,1
15437,6544,5,1
15437,4211,6,1
15437,8037,7,1
15437,11009,8,1
15437,5105,9,1
15437,5717,10,1
15437,941,11,1
15437,10785,12,1
15437,8173,13,1
15437,5475,14,1
15437,5121,15,1
15444,7963,0,1
15444,4211,1,1
15444,276,2,1
15444,1776,3,1
15444,6544,4,1
15444,941,5,1
15444,1334,6,1
15444,9016,7,1
15444,11009,8,1
15444,5105,9,1
15444,6862,10,1
15444,5121,11,1
15444,8173,12,1
15444,10785,13,1
15444,5717,14,1
15446,11009,0,1
15446,1334,1,1
15446,5717,2,1
15446,7963,3,1
15446,10785,4,1
15446,276,5,1
15446,1776,6,1
15446,8173,7,1
15446,5121,8,1
15446,4211,9,1
15446,941,10,1
15446,6862,11,1
15446,5475,12,1
15446,6544,13,1
15446,9016,14,1
15461,4211,0,1
15461,276,1,1
15461,11009,2,1
15461,8173,3,1
15461,1334,4,1
15461,10785,5,1
15461,1776,6,1
15461,8037,7,1
15461,5717,8,1
15461,941,9,1
15461,6544,10,1
15461,5121,11,1
15461,7963,12,1
15461,5475,13,1
15461,6862,14,1
15461,5105,15,1
15468,941,0,1
15468,8173,1,1
15468,5717,2,1
15468,11009,3,1
15468,1334,4,1
15468,276,5,1
15468,10785,6,1
15468,1776,7,1
15468,65,8,1
15468,4211,9,1
15468,7963,10,1
15468,9016,11,1
15468,8037,12,1
15468,6862,13,1
15468,5105,14,1
15469,276,0,1
15469,10785,1,1
15469,6862,2,1
15469,7963,3,1
15469,8037,4,1
15469,1776,5,1
15469,8173,6,1
15469,4211,7,1
15469,5105,8,1
15469,5475,9,1
15469,5121,10,1
15469,5717,11,1
15469,1334,12,1
15469,6544,13,1
15469,11009,14,1
15469,941,15,1
15469,9016,16,1
15482,276,0,1
15482,4211,1,1
15482,5121,2,1
15482,1334,3,1
15482,6862,4,1
15482,7963,5,1
15482,5717,6,1
15482,6544,7,1
15482,8037,8,1
15482,11009,9,1
15482,5105,10,1
15482,5475,11,1
15482,941,12,1
15482,8173,13,1
15482,65,14,1
15493,8037,0,1
15493,5475,1,1
15493,5121,2,1
15493,6544,3,1
15493,7963,4,1
15493,6862,5,1
15493,5105,6,1
15493,276,7,1
15493,11009,8,1
15493,10785,9,1
15493,1334,10,1
15493,65,11,1
15493,8173,12,1
15493,941,13,1
15493,4211,14,1
1550,7963,0,1
1550,10785,1,1
1550,276,2,1
1550,6862,3,1
1550,8037,4,1
1550,5717,5,1
1550,4211,6,1
1550,5121,7,1
1550,8173,8,1
1550,941,9,1
1550,5105,10,1
1550,1776,11,1
1550,11009,12,1
1550,65,13,1
1550,1334,14,1
1550,6544,15,1
1550,5475,16,1
15501,10785,0,1
15501,6544,1,1
15501,276,2,1
15501,11009,3,1
15501,5717,4,1
15501,941,5,1
15501,5105,6,1
15501,1334,7,1
15501,5121,8,1
15501,4211,9,1
15501,7963,10,1
15501,8173,11,1
15501,8037,12,1
15501,5475,13,1
15501,6862,14,1
15506,5121,0,1
15506,1334,1,1
15506,10785,2,1
15506,6862,3,1
15506,8037,4,1
15506,7963,5,1
15506,11009,6,1
15506,1776,7,1
15506,5105,8,1
15506,6544,9,1
15506,276,10,1
15506,5717,11,1
15506,8173,12,1
15506,5475,13,1
15506,941,14,1
15513,5717,0,1
15513,8173,1,1
15513,5105,2,1
15513,7963,3,1
15513,276,4,1
15513,1776,5,1
15513,6862,6,1
15513,5475,7,1
15513,8037,8,1
15513,5121,9,1
15513,11009,10,1
15513,10785,11,1
15513,1334,12,1
15513,4211,13,1
15513,941,14,1
15513,6544,15,1
15528,7963,0,1
15528,5121,1,1
15528,1334,2,1
15528,65,3,1
15528,8037,4,1
15528,6862,5,1
15528,11009,6,1
15528,276,7,1
15528,8173,8,1
15528,5475,9,1
15528,4211,10,1
15528,5717,11,1
15528,10785,12,1
15528,941,13,1
15528,1776,14,1
15528,6544,15,1
15528,5105,16,1
1553,65,0,1
1553,8037,1,1
1553,1334,2,1
1553,5121,3,1
1553,6544,4,1
1553,7963,5,1
1553,941,6,1
1553,11009,7,1
1553,5475,8,1
1553,5105,9,1
1553,5717,10,1
1553,276,11,1
1553,1776,12,1
1553,8173,13,1
1553,10785,14,1
1553,4211,15,1
15533,6544,0,1
15533,6862,1,1
15533,1334,2,1
15533,8037,3,1
15533,8173,4,1
15533,65,5,1
15533,9016,6,1
15533,276,7,1
15533,11009,8,1
15533,5105,9,1
15533,10785,10,1
15533,4211,11,1
15533,5475,12,1
15533,941,13,1
15533,7963,14,1
15533,5717,15,1
15542,5475,0,1
15542,8173,1,1
15542,5121,2,1
15542,7963,3,1
15542,5717,4,1
15542,10785,5,1
15542,5105,6,1
15542,276,7,1
15542,11009,8,1
15542,1776,9,1
15542,6544,10,1
15542,4211,11,1
15542,941,12,1
15542,6862,13,1
15542,8037,14,1
15557,65,0,1
15557,5105,1,1
15557,7963,2,1
15557,8173,3,1
15557,10785,4,1
15557,941,5,1
15557,5475,6,1
15557,5717,7,1
15557,1334,8,1
15557,6862,9,1
15557,1776,10,1
15557,8037,11,1
15557,6544,12,1
15557,11009,13,1
15557,276,14,1
1556,276,0,1
1556,7963,1,1
1556,8037,2,1
1556,1334,3,1
1556,5475,4,1
1556,5717,5,1
1556,1776,6,1
1556,5121,7,1
1556,11009,8,1
1556,5105,9,1
1556,6544,10,1
1556,10785,11,1
1556,941,12,1
1556,6862,13,1
1556,4211,14,1
1556,8173,15,1
15593,5121,0,1
15593,1334,1,1
15593,276,2,1
15593,6544,3,1
15593,7963,4,1
15593,1776,5,1
15593,5717,6,1
15593,10785,7,1
15593,9016,8,1
15593,8173,9,1
15593,11009,10,1
15593,5105,11,1
15593,8037,12,1
15593,941,13,1
15593,4211,14,1
15593,65,15,1
15593,6862,16,1
15604,8037,0,1
15604,941,1,1
15604,5475,2,1
15604,276,3,1
15604,5105,4,1
15604,9016,5,1
15604,7963,6,1
15604,1776,7,1
15604,8173,8,1
15604,11009,9,1
15604,5121,10,1
15604,4211,11,1
15604,65,12,1
15604,5717,13,1
15604,10785,14,1
15604,6544,15,1
15605,9016,0,1
15605,1334,1,1
15605,5105,2,1
15605,5475,3,1
15605,8173,4,1
15605,7963,5,1
15605,1776,6,1
15605,11009,7,1
15605,5121,8,1
15605,4211,9,1
15605,276,10,1
15605,10785,11,1
15605,5717,12,1
15605,8037,13,1
15605,6544,14,1
15605,941,15,1
15605,6862,16,1
15606,6544,0,1
15606,6862,1,1
15606,7963,2,1
15606,941,3,1
15606,5121,4,1
15606,11009,5,1
15606,8173,6,1
15606,1334,7,1
15606,10785,8,1
15606,276,9,1
15606,1776,10,1
15606,5717,11,1
15606,65,12,1
15606,5475,13,1
15606,5105,14,1
15606,4211,15,1
15615,5717,0,1
15615,7963,1,1
15615,5105,2,1
15615,941,3,1
15615,276,4,1
15615,5475,5,1
15615,8173,6,1
15615,1776,7,1
15615,9016,8,1
15615,10785,9,1
15615,65,10,1
15615,8037,11,1
15615,1334,12,1
15615,4211,13,1
15615,11009,14,1
15623,1776,0,1
15623,7963,1,1
15623,11009,2,1
15623,941,3,1
15623,9016,4,1
15623,8173,5,1
15623,8037,6,1
15623,5717,7,1
15623,5105,8,1
15623,5121,9,1
15623,5475,10,1
15623,276,11,1
15623,6544,12,1
15623,1334,13,1
15623,6862,14,1
15623,4211,15,1
15623,10785,16,1
15626,6862,0,1
15626,5717,1,1
15626,276,2,1
15626,1776,3,1
15626,7963,4,1
15626,1334,5,1
15626,10785,6,1
15626,8037,7,1
15626,8173,8,1
15626,941,9,1
15626,6544,10,1
15626,4211,11,1
15626,11009,12,1
15626,5105,13,1
15626,5121,14,1
15626,5475,15,1
15630,10785,0,1
15630,6862,1,1
15630,276,2,1
15630,5105,3,1
15630,7963,4,1
15630,1334,5,1
15630,5121,6,1
15630,4211,7,1
15630,5475,8,1
15630,941,9,1
15630,6544,10,1
15630,5717,11,1
15630,11009,12,1
15630,9016,13,1
15630,1776,14,1
15630,8173,15,1
1564,7963,0,1
1564,5717,1,1
1564,276,2,1
1564,5121,3,1
1564,1776,4,1
1564,8173,5,1
1564,6544,6,1
1564,8037,7,1
1564,65,8,1
1564,941,9,1
1564,6862,10,1
1564,5475,11,1
1564,5105,12,1
1564,11009,13,1
1564,10785,14,1
15640,941,0,1
15640,7963,1,1
15640,5475,2,1
15640,5717,3,1
15640,8037,4,1
15640,6544,5,1
15640,8173,6,1
15640,5105,7,1
15640,6862,8,1
15640,1334,9,1
15640,11009,10,1
15640,5121,11,1
15640,4211,12,1
15640,1776,13,1
15640,10785,14,1
15640,276,15,1
15665,7963,0,1
15665,4211,1,1
15665,6544,2,1
15665,6862,3,1
15665,8037,4,1
15665,941,5,1
15665,1334,6,1
15665,10785,7,1
15665,5121,8,1
15665,1776,9,1
15665,8173,10,1
15665,276,11,1
15665,5717,12,1
15665,5475,13,1
15665,11009,14,1
15665,5105,15,1
15679,1776,0,1
15679,5105,1,1
15679,8037,2,1
15679,9016,3,1
15679,5475,4,1
15679,7963,5,1
15679,1334,6,1
15679,8173,7,1
15679,6544,8,1
15679,11009,9,1
15679,5717,10,1
15679,6862,11,1
15679,10785,12,1
15679,276,13,1
15679,941,14,1
15679,4211,15,1
15687,8173,0,1
15687,276,1,1
15687,6544,2,1
15687,5717,3,1
15687,7963,4,1
15687,1776,5,1
15687,10785,6,1
15687,11009,7,1
15687,941,8,1
15687,8037,9,1
15687,6862,10,1
15687,5475,11,1
15687,5121,12,1
15687,5105,13,1
15687,1334,14,1
15687,4211,15,1
15698,9016,0,1
15698,8037,1,1
15698,10785,2,1
15698,5105,3,1
15698,7963,4,1
15698,1334,5,1
15698,1776,6,1
15698,6544,7,1
15698,4211,8,1
15698,276,9,1
15698,5475,10,1
15698,8173,11,1
15698,11009,12,1
15698,5717,13,1
15698,941,14,1
15704,6862,0,1
15704,1334,1,1
15704,8037,2,1
15704,11009,3,1
15704,5121,4,1
15704,65,5,1
15704,5475,6,1
15704,5105,7,1
15704,4211,8,1
15704,6544,9,1
15704,941,10,1
15704,5717,11,1
15704,7963,12,1
15704,10785,13,1
15704,1776,14,1
15704,276,15,1
15712,7963,0,1
15712,5121,1,1
15712,5717,2,1
15712,276,3,1
15712,4211,4,1
15712,9016,5,1
15712,11009,6,1
15712,65,7,1
15712,5105,8,1
15712,5475,9,1
15712,941,10,1
15712,6544,11,1
15712,8173,12,1
15712,1776,13,1
15712,8037,14,1
1572,10785,0,1
1572,11009,1,1
1572,8037,2,1
1572,6862,3,1
1572,4211,4,1
1572,7963,5,1
1572,9016,6,1
1572,5717,7,1
1572,1334,8,1
1572,5121,9,1
1572,1776,10,1
1572,8173,11,1
1572,276,12,1
1572,5475,13,1
1572,5105,14,1
1572,941,15,1
15745,11009,0,1
15745,5105,1,1
15745,8173,2,1
15745,276,3,1
15745,7963,4,1
15745,9016,5,1
15745,6862,6,1
15745,10785,7,1
15745,941,8,1
15745,1334,9,1
15745,5717,10,1
15745,1776,11,1
15745,5475,12,1
15745,6544,13,1
15745,8037,14,1
15747,8037,0,1
15747,65,1,1
15747,5717,2,1
15747,6544,3,1
15747,1776,4,1
15747,941,5,1
15747,7963,6,1
15747,6862,7,1
15747,4211,8,1
15747,5475,9,1
15747,1334,10,1
15747,5121,11,1
15747,11009,12,1
15747,276,13,1
15747,8173,14,1
15747,10785,15,1
15770,9016,0,1
15770,7963,1,1
15770,11009,2,1
15770,941,3,1
15770,1334,4,1
15770,8037,5,1
15770,10785,6,1
15770,4211,7,1
15770,5475,8,1
15770,276,9,1
15770,1776,10,1
15770,65,11,1
15770,5105,12,1
15770,5121,13,1
15770,5717,14,1
15770,8173,15,1
15770,6862,16,1
15770,6544,17,1
15775,6544,0,1
15775,8037,1,1
15775,5475,2,1
15775,11009,3,1
15775,8173,4,1
15775,10785,5,1
15775,5121,6,1
15775,7963,7,1
15775,1334,8,1
15775,1776,9,1
15775,5105,10,1
15775,4211,11,1
15775,276,12,1
15775,941,13,1
15775,5717,14,1
15783,8037,0,1
15783,7963,1,1
15783,6862,2,1
15783,941,3,1
15783,11009,4,1
15783,276,5,1
15783,65,6,1
15783,5105,7,1
15783,1334,8,1
15783,5475,9,1
15783,6544,10,1
15783,1776,11,1
15783,5717,12,1
15783,8173,13,1
15783,4211,14,1
15789,941,0,1
15789,8173,1,1
15789,10785,2,1
15789,65,3,1
15789,1776,4,1
15789,5121,5,1
15789,7963,6,1
15789,5475,7,1
15789,6544,8,1
15789,276,9,1
15789,5717,10,1
15789,8037,11,1
15789,5105,12,1
15789,1334,13,1
15789,11009,14,1
15789,4211,15,1
15800,6862,0,1
15800,7963,1,1
15800,8173,2,1
15800,5475,3,1
15800,9016,4,1
15800,1334,5,1
15800,5717,6,1
15800,941,7,1
15800,1776,8,1
15800,5105,9,1
15800,11009,10,1
15800,8037,11,1
15800,10785,12,1
15800,65,13,1
15800,4211,14,1
15800,276,15,1
15841,8173,0,1
15841,5475,1,1
15841,6544,2,1
15841,1334,3,1
15841,65,4,1
15841,276,5,1
15841,1776,6,1
15841,5105,7,1
15841,8037,8,1
15841,7963,9,1
15841,5717,10,1
15841,941,11,1
15841,4211,12,1
15841,5121,13,1
15841,6862,14,1
15841,10785,15,1
15841,11009,16,1
1585,1334,0,1
1585,1776,1,1
1585,5105,2,1
1585,6544,3,1
1585,6862,4,1
1585,4211,5,1
1585,5121,6,1
1585,7963,7,1
1585,276,8,1
1585,65,9,1
1585,8037,10,1
1585,941,11,1
1585,11009,12,1
1585,10785,13,1
1585,5475,14,1
1585,8173,15,1
15871,1776,0,1
15871,1334,1,1
15871,7963,2,1
15871,6544,3,1
15871,6862,4,1
15871,11009,5,1
15871,276,6,1
15871,8173,7,1
15871,65,8,1
15871,5717,9,1
15871,10785,10,1
15871,941,11,1
15871,8037,12,1
15871,5121,13,1
15871,5105,14,1
15874,1334,0,1
15874,7963,1,1
15874,8037,2,1
15874,5121,3,1
15874,6862,4,1
15874,4211,5,1
15874,6544,6,1
15874,276,7,1
15874,8173,8,1
15874,5475,9,1
15874,11009,10,1
15874,1776,11,1
15874,5717,12,1
15874,941,13,1
15874,10785,14,1
15897,6862,0,1
15897,11009,1,1
15897,5121,2,1
15897,7963,3,1
15897,10785,4,1
15897,8037,5,1
15897,5717,6,1
15897,5105,7,1
15897,5475,8,1
15897,8173,9,1
15897,4211,10,1
15897,1776,11,1
15897,65,12,1
15897,1334,13,1
15897,276,14,1
15925,11009,0,1
15925,5121,1,1
15925,7963,2,1
15925,5105,3,1
15925,65,4,1
15925,8037,5,1
15925,276,6,1
15925,5475,7,1
15925,1334,8,1
15925,6544,9,1
15925,4211,10,1
15925,10785,11,1
15925,1776,12,1
15925,6862,13,1
15925,8173,14,1
15925,5717,15,1
15925,941,16,1
15926,11009,0,1
15926,7963,1,1
15926,276,2,1
15926,1776,3,1
15926,6862,4,1
15926,6544,5,1
15926,5717,6,1
15926,1334,7,1
15926,10785,8,1
15926,5475,9,1
15926,8037,10,1
15926,4211,11,1
15926,8173,12,1
15926,941,13,1
15926,5105,14,1
15929,5105,0,1
15929,11009,1,1
15929,7963,2,1
15929,276,3,1
15929,5475,4,1
15929,65,5,1
15929,941,6,1
15929,1776,7,1
15929,4211,8,1
15929,8037,9,1
15929,6862,10,1
15929,5121,11,1
15929,10785,12,1
15929,1334,13,1
15929,5717,14,1
15929,6544,15,1
15929,8173,16,1
15935,7963,0,1
15935,1776,1,1
15935,6544,2,1
15935,6862,3,1
15935,1334,4,1
15935,11009,5,1
15935,276,6,1
15935,4211,7,1
15935,8173,8,1
15935,941,9,1
15935,9016,10,1
15935,5717,11,1
15935,65,12,1
15935,5121,13,1
15935,5105,14,1
15936,1334,0,1
15936,9016,1,1
15936,1776,2,1
15936,7963,3,1
15936,6544,4,1
15936,8173,5,1
15936,941,6,1
15936,5475,7,1
15936,5121,8,1
15936,4211,9,1
15936,11009,10,1
15936,10785,11,1
15936,5105,12,1
15936,5717,13,1
15936,276,14,1
15960,65,0,1
15960,7963,1,1
15960,5121,2,1
15960,11009,3,1
15960,8037,4,1
15960,276,5,1
15960,1334,6,1
15960,1776,7,1
15960,6862,8,1
15960,5475,9,1
15960,5105,10,1
15960,941,11,1
15960,10785,12,1
15960,8173,13,1
15960,6544,14,1
15960,5717,15,1
15971,6862,0,1
15971,65,1,1
15971,5121,2,1
15971,7963,3,1
15971,8037,4,1
15971,1776,5,1
15971,4211,6,1
15971,1334,7,1
15971,11009,8,1
15971,276,9,1
15971,8173,10,1
15971,5475,11,1
15971,5105,12,1
15971,6544,13,1
15971,5717,14,1
15971,10785,15,1
1599,7963,0,1
1599,276,1,1
1599,6862,2,1
1599,8173,3,1
1599,5717,4,1
1599,941,5,1
1599,1334,6,1
1599,8037,7,1
1599,10785,8,1
1599,4211,9,1
1599,6544,10,1
1599,11009,11,1
1599,5105,12,1
1599,1776,13,1
1599,5121,14,1
16029,1334,0,1
16029,8173,1,1
16029,11009,2,1
16029,5717,3,1
16029,941,4,1
16029,7963,5,1
16029,276,6,1
16029,65,7,1
16029,1776,8,1
16029,9016,9,1
16029,5105,10,1
16029,4211,11,1
16029,6544,12,1
16029,5121,13,1
16029,5475,14,1
16029,6862,15,1
16040,6544,0,1
16040,11009,1,1
16040,5475,2,1
16040,941,3,1
16040,8037,4,1
16040,10785,5,1
16040,7963,6,1
16040,5717,7,1
16040,4211,8,1
16040,9016,9,1
16040,276,10,1
16040,65,11,1
16040,5105,12,1
16040,1334,13,1
16040,8173,14,1
16069,276,0,1
16069,8173,1,1
16069,5105,2,1
16069,1334,3,1
16069,10785,4,1
16069,6544,5,1
16069,7963,6,1
16069,11009,7,1
16069,941,8,1
16069,5717,9,1
16069,5475,10,1
16069,1776,11,1
16069,9016,12,1
16069,65,13,1
16069,4211,14,1
16069,5121,15,1
16074,1776,0,1
16074,6544,1,1
16074,7963,2,1
16074,8173,3,1
16074,276,4,1
16074,5105,5,1
16074,5475,6,1
16074,1334,7,1
16074,65,8,1
16074,11009,9,1
16074,5121,10,1
16074,5717,11,1
16074,6862,12,1
16074,8037,13,1
16074,941,14,1
16074,4211,15,1
16083,11009,0,1
16083,1334,1,1
16083,6544,2,1
16083,4211,3,1
16083,6862,4,1
16083,8173,5,1
16083,7963,6,1
16083,5717,7,1
16083,276,8,1
16083,1776,9,1
16083,5475,10,1
16083,5105,11,1
16083,65,12,1
16083,10785,13,1
16083,5121,14,1
16083,8037,15,1
16121,11009,0,1
16121,1334,1,1
16121,7963,2,1
16121,65,3,1
16121,10785,4,1
16121,941,5,1
16121,8173,6,1
16121,6544,7,1
16121,5121,8,1
16121,5717,9,1
16121,1776,10,1
16121,9016,11,1
16121,8037,12,1
16121,6862,13,1
16121,276,14,1
16121,5475,15,1
16125,7963,0,1
16125,8173,1,1
16125,6862,2,1
16125,5717,3,1
16125,1334,4,1
16125,9016,5,1
16125,4211,6,1
16125,5105,7,1
16125,276,8,1
16125,8037,9,1
16125,11009,10,1
16125,65,11,1
16125,5121,12,1
16125,1776,13,1
16125,5475,14,1
16125,10785,15,1
16141,9016,0,1
16141,10785,1,1
16141,276,2,1
16141,5717,3,1
16141,7963,4,1
16141,65,5,1
16141,5121,6,1
16141,5475,7,1
16141,8037,8,1
16141,1334,9,1
16141,5105,10,1
16141,8173,11,1
16141,6862,12,1
16141,941,13,1
16141,1776,14,1
16141,4211,15,1
16141,6544,16,1
16141,11009,17,1
1615,1334,0,1
1615,276,1,1
1615,7963,2,1
1615,8173,3,1
1615,10785,4,1
1615,5475,5,1
1615,65,6,1
1615,5105,7,1
1615,941,8,1
1615,11009,9,1
1615,6862,10,1
1615,5121,11,1
1615,6544,12,1
1615,5717,13,1
1615,4211,14,1
16159,5475,0,1
16159,11009,1,1
16159,6862,2,1
16159,1334,3,1
16159,5121,4,1
16159,276,5,1
16159,6544,6,1
16159,1776,7,1
16159,941,8,1
16159,4211,9,1
16159,5717,10,1
16159,8173,11,1
16159,7963,12,1
16159,8037,13,1
16159,10785,14,1
16176,7963,0,1
16176,65,1,1
16176,6862,2,1
16176,1776,3,1
16176,10785,4,1
16176,5121,5,1
16176,5717,6,1
16176,9016,7,1
16176,5105,8,1
16176,8037,9,1
16176,276,10,1
16176,1334,11,1
16176,11009,12,1
16176,8173,13,1
16176,4211,14,1
16176,5475,15,1
16176,6544,16,1
16222,11009,0,1
16222,8037,1,1
16222,7963,2,1
16222,10785,3,1
16222,1334,4,1
16222,5121,5,1
16222,276,6,1
16222,6862,7,1
16222,1776,8,1
16222,5475,9,1
16222,5717,10,1
16222,65,11,1
16222,4211,12,1
16222,8173,13,1
16222,941,14,1
16239,5121,0,1
16239,65,1,1
16239,6862,2,1
16239,7963,3,1
16239,5717,4,1
16239,10785,5,1
16239,8037,6,1
16239,941,7,1
16239,1776,8,1
16239,1334,9,1
16239,8173,10,1
16239,276,11,1
16239,5105,12,1
16239,5475,13,1
16239,6544,14,1
16239,11009,15,1
16259,6544,0,1
16259,5105,1,1
16259,276,2,1
16259,4211,3,1
16259,8037,4,1
16259,7963,5,1
16259,1334,6,1
16259,941,7,1
16259,9016,8,1
16259,8173,9,1
16259,11009,10,1
16259,5475,11,1
16259,6862,12,1
16259,5121,13,1
16259,5717,14,1
16261,5717,0,1
16261,6862,1,1
16261,1776,2,1
16261,941,3,1
16261,5475,4,1
16261,7963,5,1
16261,8037,6,1
16261,5121,7,1
16261,11009,8,1
16261,10785,9,1
16261,276,10,1
16261,8173,11,1
16261,1334,12,1
16261,6544,13,1
16261,65,14,1
16261,5105,15,1
16261,4211,16,1
16262,4211,0,1
16262,7963,1,1
16262,6862,2,1
16262,1334,3,1
16262,8173,4,1
16262,5105,5,1
16262,5717,6,1
16262,8037,7,1
16262,11009,8,1
16262,65,9,1
16262,10785,10,1
16262,5121,11,1
16262,5475,12,1
16262,276,13,1
16262,941,14,1
16299,1776,0,1
16299,7963,1,1
16299,5105,2,1
16299,10785,3,1
16299,5475,4,1
16299,6544,5,1
16299,65,6,1
16299,5717,7,1
16299,8173,8,1
16299,8037,9,1
16299,941,10,1
16299,276,11,1
16299,11009,12,1
16299,6862,13,1
16299,5121,14,1
16299,1334,15,1
16299,4211,16,1
1631,7963,0,1
1631,4211,1,1
1631,5475,2,1
1631,5717,3,1
1631,8037,4,1
1631,6862,5,1
1631,1334,6,1
1631,941,7,1
1631,6544,8,1
1631,276,9,1
1631,8173,10,1
1631,5105,11,1
1631,1776,12,1
1631,11009,13,1
1631,65,14,1
16340,7963,0,1
16340,8037,1,1
16340,1776,2,1
16340,5105,3,1
16340,1334,4,1
16340,941,5,1
16340,65,6,1
16340,6544,7,1
16340,11009,8,1
16340,4211,9,1
16340,5717,10,1
16340,9016,11,1
16340,276,12,1
16340,5475,13,1
16340,8173,14,1
16340,5121,15,1
16342,7963,0,1
16342,8037,1,1
16342,1334,2,1
16342,5717,3,1
16342,8173,4,1
16342,5105,5,1
16342,941,6,1
16342,9016,7,1
16342,65,8,1
16342,6544,9,1
16342,5121,10,1
16342,5475,11,1
16342,11009,12,1
16342,10785,13,1
16342,276,14,1
16342,4211,15,1
16352,941,0,1
16352,8037,1,1
16352,7963,2,1
16352,10785,3,1
16352,11009,4,1
16352,5121,5,1
16352,1334,6,1
16352,6862,7,1
16352,5717,8,1
16352,6544,9,1
16352,5105,10,1
16352,4211,11,1
16352,65,12,1
16352,8173,13,1
16352,276,14,1
16361,5475,0,1
16361,7963,1,1
16361,11009,2,1
16361,9016,3,1
16361,1776,4,1
16361,5105,5,1
16361,276,6,1
16361,6544,7,1
16361,8037,8,1
16361,941,9,1
16361,8173,10,1
16361,1334,11,1
16361,10785,12,1
16361,5717,13,1
16361,4211,14,1
16361,5121,15,1
16373,5121,0,1
16373,10785,1,1
16373,11009,2,1
16373,7963,3,1
16373,1776,4,1
16373,276,5,1
16373,6544,6,1
16373,941,7,1
16373,5475,8,1
16373,9016,9,1
16373,65,10,1
16373,8173,11,1
16373,5105,12,1
16373,4211,13,1
16373,8037,14,1
16406,5105,0,1
16406,7963,1,1
16406,9016,2,1
16406,8173,3,1
16406,6544,4,1
16406,10785,5,1
16406,1776,6,1
16406,6862,7,1
16406,5717,8,1
16406,11009,9,1
16406,4211,10,1
16406,941,11,1
16406,5121,12,1
16406,276,13,1
16406,8037,14,1
16450,5105,0,1
16450,276,1,1
16450,1776,2,1
16450,1334,3,1
16450,7963,4,1
16450,4211,5,1
16450,941,6,1
16450,8173,7,1
16450,5717,8,1
16450,5475,9,1
16450,6862,10,1
16450,5121,11,1
16450,11009,12,1
16450,6544,13,1
16450,8037,14,1
16450,10785,15,1
16450,9016,16,1
16451,10785,0,1
16451,7963,1,1
16451,5475,2,1
16451,5121,3,1
16451,8173,4,1
16451,5105,5,1
16451,8037,6,1
16451,1334,7,1
16451,276,8,1
16451,4211,9,1
16451,11009,10,1
16451,65,11,1
16451,941,12,1
16451,5717,13,1
16451,6544,14,1
16453,7963,0,1
16453,8037,1,1
16453,6544,2,1
16453,1334,3,1
16453,5475,4,1
16453,65,5,1
16453,11009,6,1
16453,6862,7,1
16453,276,8,1
16453,5121,9,1
16453,5105,10,1
16453,8173,11,1
16453,5717,12,1
16453,941,13,1
16453,10785,14,1
16453,4211,15,1
16456,10785,0,1
16456,276,1,1
16456,8037,2,1
16456,6862,3,1
16456,1776,4,1
16456,8173,5,1
16456,6544,6,1
16456,4211,7,1
16456,11009,8,1
16456,65,9,1
16456,9016,10,1
16456,1334,11,1
16456,7963,12,1
16456,5717,13,1
16456,5475,14,1
16456,941,15,1
16456,5105,16,1
16458,1334,0,1
16458,5105,1,1
16458,9016,2,1
16458,276,3,1
16458,6544,4,1
16458,6862,5,1
16458,7963,6,1
16458,10785,7,1
16458,4211,8,1
16458,941,9,1
16458,11009,10,1
16458,1776,11,1
16458,5717,12,1
16458,5121,13,1
16458,8173,14,1
16472,1776,0,1
16472,941,1,1
16472,7963,2,1
16472,65,3,1
16472,4211,4,1
16472,8037,5,1
16472,5105,6,1
16472,10785,7,1
16472,276,8,1
16472,11009,9,1
16472,8173,10,1
16472,1334,11,1
16472,5475,12,1
16472,9016,13,1
16472,6544,14,1
16472,5121,15,1
16472,5717,16,1
16494,7963,0,1
16494,8037,1,1
16494,1776,2,1
16494,8173,3,1
16494,1334,4,1
16494,4211,5,1
16494,6544,6,1
16494,941,7,1
16494,5121,8,1
16494,5475,9,1
16494,10785,10,1
16494,65,11,1
16494,276,12,1
16494,5717,13,1
16494,11009,14,1
16494,5105,15,1
16494,9016,16,1
16519,1334,0,1
16519,7963,1,1
16519,5121,2,1
16519,5475,3,1
16519,11009,4,1
16519,276,5,1
16519,8173,6,1
16519,941,7,1
16519,4211,8,1
16519,8037,9,1
16519,5717,10,1
16519,5105,11,1
16519,6544,12,1
16519,6862,13,1
16519,10785,14,1
16519,1776,15,1
16529,5717,0,1
16529,6862,1,1
16529,5105,2,1
16529,6544,3,1
16529,5475,4,1
16529,5121,5,1
16529,11009,6,1
16529,276,7,1
16529,7963,8,1
16529,65,9,1
16529,8173,10,1
16529,9016,11,1
16529,8037,12,1
16529,4211,13,1
16529,941,14,1
16533,5475,0,1
16533,8037,1,1
16533,8173,2,1
16533,5717,3,1
16533,5121,4,1
16533,7963,5,1
16533,10785,6,1
16533,4211,7,1
16533,11009,8,1
16533,6544,9,1
16533,9016,10,1
16533,1334,11,1
16533,6862,12,1
16533,1776,13,1
16533,276,14,1
16533,941,15,1
16539,7963,0,1
16539,8173,1,1
16539,65,2,1
16539,5121,3,1
16539,1334,4,1
16539,5475,5,1
16539,276,6,1
16539,10785,7,1
16539,11009,8,1
16539,6544,9,1
16539,4211,10,1
16539,6862,11,1
16539,5105,12,1
16539,941,13,1
16539,1776,14,1
16549,10785,0,1
16549,1776,1,1
16549,7963,2,1
16549,1334,3,1
16549,5121,4,1
16549,5105,5,1
16549,11009,6,1
16549,65,7,1
16549,4211,8,1
16549,276,9,1
16549,6544,10,1
16549,5717,11,1
16549,8037,12,1
16549,6862,13,1
16549,941,14,1
16549,5475,15,1
16549,8173,16,1
16551,9016,0,1
16551,5121,1,1
16551,5475,2,1
16551,1776,3,1
16551,5717,4,1
16551,11009,5,1
16551,941,6,1
16551,1334,7,1
16551,7963,8,1
16551,4211,9,1
16551,5105,10,1
16551,276,11,1
16551,6544,12,1
16551,8037,13,1
16551,8173,14,1
16553,10785,0,1
16553,7963,1,1
16553,1334,2,1
16553,1776,3,1
16553,6544,4,1
16553,5475,5,1
16553,5105,6,1
16553,276,7,1
16553,8037,8,1
16553,5717,9,1
16553,5121,10,1
16553,8173,11,1
16553,11009,12,1
16553,9016,13,1
16553,4211,14,1
16553,941,15,1
16554,4211,0,1
16554,65,1,1
16554,7963,2,1
16554,941,3,1
16554,10785,4,1
16554,8173,5,1
16554,5105,6,1
16554,1334,7,1
16554,6862,8,1
16554,8037,9,1
16554,5475,10,1
16554,5717,11,1
16554,11009,12,1
16554,276,13,1
16554,6544,14,1
16576,6544,0,1
16576,4211,1,1
16576,9016,2,1
16576,11009,3,1
16576,8037,4,1
16576,6862,5,1
16576,7963,6,1
16576,5717,7,1
16576,5475,8,1
16576,8173,9,1
16576,276,10,1
16576,1334,11,1
16576,5105,12,1
16576,5121,13,1
16576,10785,14,1
16576,941,15,1
16585,65,0,1
16585,5105,1,1
16585,6544,2,1
16585,8173,3,1
16585,6862,4,1
16585,9016,5,1
16585,7963,6,1
16585,941,7,1
16585,1334,8,1
16585,5121,9,1
16585,5717,10,1
16585,4211,11,1
16585,11009,12,1
16585,10785,13,1
16585,276,14,1
16598,7963,0,1
16598,5717,1,1
16598,5475,2,1
16598,6544,3,1
16598,8037,4,1
16598,11009,5,1
16598,6862,6,1
16598,941,7,1
16598,1334,8,1
16598,4211,9,1
16598,9016,10,1
16598,5105,11,1
16598,8173,12,1
16598,65,13,1
16598,276,14,1
16598,5121,15,1
16631,6544,0,1
16631,5105,1,1
16631,7963,2,1
16631,8173,3,1
16631,5121,4,1
16631,8037,5,1
16631,941,6,1
16631,4211,7,1
16631,1776,8,1
16631,276,9,1
16631,1334,10,1
16631,5475,11,1
16631,10785,12,1
16631,5717,13,1
16631,11009,14,1
16631,6862,15,1
16643,941,0,1
16643,6544,1,1
16643,5717,2,1
16643,1776,3,1
16643,8173,4,1
16643,7963,5,1
16643,65,6,1
16643,10785,7,1
16643,276,8,1
16643,11009,9,1
16643,5475,10,1
16643,4211,11,1
16643,8037,12,1
16643,5105,13,1
16643,6862,14,1
16645,65,0,1
16645,5475,1,1
16645,941,2,1
16645,4211,3,1
16645,1776,4,1
16645,1334,5,1
16645,7963,6,1
16645,10785,7,1
16645,8037,8,1
16645,8173,9,1
16645,11009,10,1
16645,5105,11,1
16645,6544,12,1
16645,5717,13,1
16645,5121,14,1
16645,276,15,1
16645,6862,16,1
16661,7963,0,1
16661,6544,1,1
16661,276,2,1
16661,1334,3,1
16661,8037,4,1
16661,65,5,1
16661,941,6,1
16661,5475,7,1
16661,5717,8,1
16661,11009,9,1
16661,6862,10,1
16661,5105,11,1
16661,4211,12,1
16661,5121,13,1
16661,8173,14,1
16696,276,0,1
16696,10785,1,1
16696,7963,2,1
16696,4211,3,1
16696,6862,4,1
16696,8173,5,1
16696,1776,6,1
16696,5105,7,1
16696,8037,8,1
16696,941,9,1
16696,5121,10,1
16696,11009,11,1
16696,9016,12,1
16696,5717,13,1
16696,65,14,1
16696,1334,15,1
16696,6544,16,1
16729,941,0,1
16729,6862,1,1
16729,7963,2,1
16729,1776,3,1
16729,65,4,1
16729,276,5,1
16729,6544,6,1
16729,4211,7,1
16729,10785,8,1
16729,5105,9,1
16729,8173,10,1
16729,8037,11,1
16729,5475,12,1
16729,11009,13,1
16729,1334,14,1
16745,5105,0,1
16745,5475,1,1
16745,4211,2,1
16745,276,3,1
16745,8037,4,1
16745,10785,5,1
16745,7963,6,1
16745,1334,7,1
16745,8173,8,1
16745,6544,9,1
16745,1776,10,1
16745,11009,11,1
16745,5717,12,1
16745,5121,13,1
16745,941,14,1
16756,9016,0,1
16756,1776,1,1
16756,6544,2,1
16756,7963,3,1
16756,5475,4,1
16756,5105,5,1
16756,8173,6,1
16756,941,7,1
16756,65,8,1
16756,5121,9,1
16756,11009,10,1
16756,1334,11,1
16756,5717,12,1
16756,10785,13,1
16756,6862,14,1
16756,4211,15,1
16756,276,16,1
16776,1334,0,1
16776,276,1,1
16776,11009,2,1
16776,7963,3,1
16776,8037,4,1
16776,8173,5,1
16776,5105,6,1
16776,1776,7,1
16776,4211,8,1
16776,10785,9,1
16776,65,10,1
16776,6544,11,1
16776,5717,12,1
16776,5475,13,1
16776,5121,14,1
16776,6862,15,1
16776,941,16,1
16787,1776,0,1
16787,5475,1,1
16787,6544,2,1
16787,4211,3,1
16787,8037,4,1
16787,7963,5,1
16787,5717,6,1
16787,65,7,1
16787,1334,8,1
16787,10785,9,1
16787,941,10,1
16787,11009,11,1
16787,5121,12,1
16787,9016,13,1
16787,6862,14,1
16787,8173,15,1
16787,276,16,1
16787,5105,17,1
1682,1334,0,1
1682,8037,1,1
1682,7963,2,1
1682,6544,3,1
1682,10785,4,1
1682,5105,5,1
1682,5475,6,1
1682,6862,7,1
1682,11009,8,1
1682,1776,9,1
1682,4211,10,1
1682,276,11,1
1682,5717,12,1
1682,8173,13,1
1682,941,14,1
16821,65,0,1
16821,6544,1,1
16821,5475,2,1
16821,5105,3,1
16821,5717,4,1
16821,10785,5,1
16821,1776,6,1
16821,4211,7,1
16821,276,8,1
16821,1334,9,1
16821,7963,10,1
16821,941,11,1
16821,11009,12,1
16821,8173,13,1
16821,8037,14,1
16821,5121,15,1
16821,9016,16,1
16848,5105,0,1
16848,5475,1,1
16848,7963,2,1
16848,6544,3,1
16848,941,4,1
16848,8173,5,1
16848,5717,6,1
16848,5121,7,1
16848,276,8,1
16848,11009,9,1
16848,4211,10,1
16848,8037,11,1
16848,65,12,1
16848,1776,13,1
16848,6862,14,1
16848,1334,15,1
1685,5717,0,1
1685,7963,1,1
1685,276,2,1
1685,6544,3,1
1685,8037,4,1
1685,10785,5,1
1685,5105,6,1
1685,1334,7,1
1685,5475,8,1
1685,65,9,1
1685,11009,10,1
1685,5121,11,1
1685,8173,12,1
1685,941,13,1
1685,4211,14,1
16850,5121,0,1
16850,8037,1,1
16850,1334,2,1
16850,1776,3,1
16850,7963,4,1
16850,5717,5,1
16850,8173,6,1
16850,10785,7,1
16850,276,8,1
16850,4211,9,1
16850,11009,10,1
16850,5475,11,1
16850,6544,12,1
16850,5105,13,1
16850,6862,14,1
16850,941,15,1
16914,4211,0,1
16914,7963,1,1
16914,1776,2,1
16914,8037,3,1
16914,6544,4,1
16914,11009,5,1
16914,9016,6,1
16914,6862,7,1
16914,5105,8,1
16914,5121,9,1
16914,276,10,1
16914,65,11,1
16914,1334,12,1
16914,8173,13,1
16914,5475,14,1
16922,10785,0,1
16922,7963,1,1
16922,5475,2,1
16922,1334,3,1
16922,6544,4,1
16922,6862,5,1
16922,276,6,1
16922,8037,7,1
16922,65,8,1
16922,1776,9,1
16922,11009,10,1
16922,4211,11,1
16922,5105,12,1
16922,941,13,1
16922,5121,14,1
16922,8173,15,1
16959,10785,0,1
16959,5105,1,1
16959,6544,2,1
16959,941,3,1
16959,5475,4,1
16959,8173,5,1
16959,9016,6,1
16959,1776,7,1
16959,1334,8,1
16959,8037,9,1
16959,276,10,1
16959,11009,11,1
16959,4211,12,1
16959,7963,13,1
16959,65,14,1
16959,6862,15,1
16959,5717,16,1
16968,8173,0,1
16968,7963,1,1
16968,11009,2,1
16968,6544,3,1
16968,941,4,1
16968,8037,5,1
16968,5475,6,1
16968,5717,7,1
16968,9016,8,1
16968,1334,9,1
16968,10785,10,1
16968,4211,11,1
16968,5105,12,1
16968,5121,13,1
16968,276,14,1
16972,5105,0,1
16972,8037,1,1
16972,1776,2,1
16972,11009,3,1
16972,6544,4,1
16972,6862,5,1
16972,7963,6,1
16972,10785,7,1
16972,5475,8,1
16972,1334,9,1
16972,8173,10,1
16972,4211,11,1
16972,5121,12,1
16972,941,13,1
16972,276,14,1
16972,5717,15,1
16979,65,0,1
16979,11009,1,1
16979,6544,2,1
16979,6862,3,1
16979,5475,4,1
16979,10785,5,1
16979,7963,6,1
16979,8037,7,1
16979,276,8,1
16979,1776,9,1
16979,5717,10,1
16979,4211,11,1
16979,9016,12,1
16979,5105,13,1
16979,941,14,1
16979,8173,15,1
16979,5121,16,1
16979,1334,17,1
16986,7963,0,1
16986,1776,1,1
16986,9016,2,1
16986,5475,3,1
16986,6544,4,1
16986,8037,5,1
16986,10785,6,1
16986,11009,7,1
16986,5121,8,1
16986,4211,9,1
16986,941,10,1
16986,65,11,1
16986,276,12,1
16986,5105,13,1
16986,5717,14,1
16986,8173,15,1
16986,1334,16,1
17,8173,0,1
17,8037,1,1
17,10785,2,1
17,5717,3,1
17,1776,4,1
17,941,5,1
17,276,6,1
17,1334,7,1
17,5475,8,1
17,5121,9,1
17,7963,10,1
17,5105,11,1
17,11009,12,1
17,65,13,1
17,4211,14,1
17,6862,15,1
17,6544,16,1
17086,7963,0,1
17086,6862,1,1
17086,11009,2,1
17086,10785,3,1
17086,276,4,1
17086,8037,5,1
17086,5475,6,1
17086,1334,7,1
17086,65,8,1
17086,5717,9,1
17086,5105,10,1
17086,941,11,1
17086,8173,12,1
17086,4211,13,1
17086,5121,14,1
1709,5105,0,1
1709,5717,1,1
1709,65,2,1
1709,6544,3,1
1709,7963,4,1
1709,941,5,1
1709,8037,6,1
1709,10785,7,1
1709,5121,8,1
1709,276,9,1
1709,4211,10,1
1709,5475,11,1
1709,8173,12,1
1709,11009,13,1
1709,6862,14,1
1709,1334,15,1
17093,65,0,1
17093,11009,1,1
17093,1776,2,1
17093,1334,3,1
17093,7963,4,1
17093,5105,5,1
17093,5475,6,1
17093,6544,7,1
17093,8037,8,1
17093,4211,9,1
17093,5121,10,1
17093,5717,11,1
17093,9016,12,1
17093,8173,13,1
17093,941,14,1
17093,276,15,1
17105,7963,0,1
17105,5475,1,1
17105,9016,2,1
17105,10785,3,1
17105,11009,4,1
17105,5121,5,1
17105,8173,6,1
17105,65,7,1
17105,276,8,1
17105,6544,9,1
17105,5105,10,1
17105,941,11,1
17105,5717,12,1
17105,8037,13,1
17105,4211,14,1
17109,7963,0,1
17109,1334,1,1
17109,5121,2,1
17109,6544,3,1
17109,6862,4,1
17109,5105,5,1
17109,1776,6,1
17109,276,7,1
17109,4211,8,1
17109,941,9,1
17109,8037,10,1
17109,11009,11,1
17109,5475,12,1
17109,10785,13,1
17109,8173,14,1
17109,5717,15,1
17112,941,0,1
17112,11009,1,1
17112,1334,2,1
17112,5717,3,1
17112,65,4,1
17112,6862,5,1
17112,6544,6,1
17112,7963,7,1
17112,5475,8,1
17112,8173,9,1
17112,10785,10,1
17112,276,11,1
17112,4211,12,1
17112,5121,13,1
17112,5105,14,1
17130,5717,0,1
17130,8037,1,1
17130,1776,2,1
17130,11009,3,1
17130,5475,4,1
17130,7963,5,1
17130,276,6,1
17130,5121,7,1
17130,65,8,1
17130,5105,9,1
17130,6862,10,1
17130,8173,11,1
17130,1334,12,1
17130,10785,13,1
17130,6544,14,1
17130,4211,15,1
17153,7963,0,1
17153,65,1,1
17153,5105,2,1
17153,5717,3,1
17153,941,4,1
17153,1334,5,1
17153,6862,6,1
17153,1776,7,1
17153,276,8,1
17153,5475,9,1
17153,8173,10,1
17153,8037,11,1
17153,10785,12,1
17153,4211,13,1
17153,11009,14,1
17153,6544,15,1
17192,1334,0,1
17192,8173,1,1
17192,5121,2,1
17192,8037,3,1
17192,276,4,1
17192,5105,5,1
17192,6862,6,1
17192,4211,7,1
17192,5717,8,1
17192,941,9,1
17192,6544,10,1
17192,1776,11,1
17192,7963,12,1
17192,5475,13,1
17192,11009,14,1
17192,10785,15,1
17192,65,16,1
17197,11009,0,1
17197,5717,1,1
17197,7963,2,1
17197,1776,3,1
17197,5121,4,1
17197,9016,5,1
17197,1334,6,1
17197,6544,7,1
17197,10785,8,1
17197,5105,9,1
17197,65,10,1
17197,8173,11,1
17197,276,12,1
17197,941,13,1
17197,4211,14,1
17231,7963,0,1
17231,10785,1,1
17231,1334,2,1
17231,8173,3,1
17231,276,4,1
17231,5105,5,1
17231,6862,6,1
17231,4211,7,1
17231,1776,8,1
17231,8037,9,1
17231,11009,10,1
17231,5121,11,1
17231,941,12,1
17231,6544,13,1
17231,5717,14,1
17231,65,15,1
17231,5475,16,1
17239,1334,0,1
17239,8037,1,1
17239,276,2,1
17239,4211,3,1
17239,7963,4,1
17239,941,5,1
17239,5475,6,1
17239,8173,7,1
17239,65,8,1
17239,5105,9,1
17239,5717,10,1
17239,6862,11,1
17239,5121,12,1
17239,6544,13,1
17239,1776,14,1
17239,11009,15,1
17255,276,0,1
17255,4211,1,1
17255,8037,2,1
17255,1776,3,1
17255,5717,4,1
17255,11009,5,1
17255,8173,6,1
17255,7963,7,1
17255,1334,8,1
17255,6544,9,1
17255,9016,10,1
17255,10785,11,1
17255,5121,12,1
17255,6862,13,1
17255,5475,14,1
17255,65,15,1
17255,941,16,1
17262,65,0,1
17262,11009,1,1
17262,8037,2,1
17262,4211,3,1
17262,8173,4,1
17262,6544,5,1
17262,6862,6,1
17262,5105,7,1
17262,7963,8,1
17262,941,9,1
17262,1334,10,1
17262,10785,11,1
17262,1776,12,1
17262,5121,13,1
17262,276,14,1
17288,7963,0,1
17288,8173,1,1
17288,1776,2,1
17288,4211,3,1
17288,5717,4,1
17288,11009,5,1
17288,10785,6,1
17288,1334,7,1
17288,6544,8,1
17288,6862,9,1
17288,8037,10,1
17288,941,11,1
17288,5475,12,1
17288,5121,13,1
17288,276,14,1
17311,5105,0,1
17311,6544,1,1
17311,10785,2,1
17311,7963,3,1
17311,6862,4,1
17311,9016,5,1
17311,65,6,1
17311,1334,7,1
17311,11009,8,1
17311,276,9,1
17311,8037,10,1
17311,8173,11,1
17311,1776,12,1
17311,5475,13,1
17311,5121,14,1
17311,941,15,1
17311,5717,16,1
17311,4211,17,1
17316,5121,0,1
17316,6862,1,1
17316,5717,2,1
17316,11009,3,1
17316,1334,4,1
17316,8037,5,1
17316,6544,6,1
17316,941,7,1
17316,276,8,1
17316,7963,9,1
17316,10785,10,1
17316,5105,11,1
17316,8173,12,1
17316,1776,13,1
17316,5475,14,1
17406,7963,0,1
17406,9016,1,1
17406,5475,2,1
17406,5121,3,1
17406,10785,4,1
17406,1334,5,1
17406,65,6,1
17406,8037,7,1
17406,941,8,1
17406,11009,9,1
17406,5717,10,1
17406,8173,11,1
17406,4211,12,1
17406,276,13,1
17406,5105,14,1
17406,6862,15,1
1741,1776,0,1
1741,7963,1,1
1741,1334,2,1
1741,6544,3,1
1741,8037,4,1
1741,8173,5,1
1741,4211,6,1
1741,6862,7,1
1741,11009,8,1
1741,65,9,1
1741,276,10,1
1741,5717,11,1
1741,10785,12,1
1741,5121,13,1
1741,941,14,1
17418,941,0,1
17418,10785,1,1
17418,1334,2,1
17418,7963,3,1
17418,11009,4,1
17418,6544,5,1
17418,5475,6,1
17418,65,7,1
17418,5121,8,1
17418,5105,9,1
17418,9016,10,1
17418,5717,11,1
17418,8173,12,1
17418,276,13,1
17418,8037,14,1
17418,4211,15,1
17424,6862,0,1
17424,7963,1,1
17424,11009,2,1
17424,1334,3,1
17424,5105,4,1
17424,4211,5,1
17424,5475,6,1
17424,8173,7,1
17424,941,8,1
17424,9016,9,1
17424,5717,10,1
17424,10785,11,1
17424,8037,12,1
17424,1776,13,1
17424,6544,14,1
17424,5121,15,1
17424,276,16,1
17437,8173,0,1
17437,5475,1,1
17437,1334,2,1
17437,11009,3,1
17437,10785,4,1
17437,5121,5,1
17437,7963,6,1
17437,276,7,1
17437,4211,8,1
17437,941,9,1
17437,8037,10,1
17437,6862,11,1
17437,5717,12,1
17437,1776,13,1
17437,5105,14,1
17441,1334,0,1
17441,5105,1,1
17441,11009,2,1
17441,7963,3,1
17441,5121,4,1
17441,4211,5,1
17441,9016,6,1
17441,6862,7,1
17441,5717,8,1
17441,276,9,1
17441,8173,10,1
17441,10785,11,1
17441,1776,12,1
17441,6544,13,1
17441,941,14,1
17453,8037,0,1
17453,7963,1,1
17453,6544,2,1
17453,11009,3,1
17453,5717,4,1
17453,6862,5,1
17453,276,6,1
17453,5475,7,1
17453,5105,8,1
17453,1334,9,1
17453,5121,10,1
17453,941,11,1
17453,65,12,1
17453,4211,13,1
17453,10785,14,1
17453,8173,15,1
17463,4211,0,1
17463,8037,1,1
17463,10785,2,1
17463,1334,3,1
17463,7963,4,1
17463,5475,5,1
17463,6862,6,1
17463,1776,7,1
17463,8173,8,1
17463,6544,9,1
17463,941,10,1
17463,11009,11,1
17463,5105,12,1
17463,5121,13,1
17463,276,14,1
17463,5717,15,1
17476,1334,0,1
17476,5121,1,1
17476,5475,2,1
17476,7963,3,1
17476,4211,4,1
17476,11009,5,1
17476,5105,6,1
17476,9016,7,1
17476,276,8,1
17476,6862,9,1
17476,8037,10,1
17476,8173,11,1
17476,65,12,1
17476,5717,13,1
17476,941,14,1
17476,10785,15,1
1751,7963,0,1
1751,1334,1,1
1751,8037,2,1
1751,6544,3,1
1751,8173,4,1
1751,6862,5,1
1751,1776,6,1
1751,65,7,1
1751,10785,8,1
1751,11009,9,1
1751,5475,10,1
1751,276,11,1
1751,4211,12,1
1751,5121,13,1
1751,5717,14,1
1751,5105,15,1
17515,6544,0,1
17515,4211,1,1
17515,7963,2,1
17515,1334,3,1
17515,5121,4,1
17515,941,5,1
17515,5105,6,1
17515,8173,7,1
17515,9016,8,1
17515,8037,9,1
17515,6862,10,1
17515,276,11,1
17515,11009,12,1
17515,5717,13,1
17515,65,14,1
17519,276,0,1
17519,6862,1,1
17519,941,2,1
17519,1334,3,1
17519,7963,4,1
17519,9016,5,1
17519,8037,6,1
17519,11009,7,1
17519,5121,8,1
17519,1776,9,1
17519,6544,10,1
17519,8173,11,1
17519,5717,12,1
17519,5475,13,1
17519,5105,14,1
17530,7963,0,1
17530,1334,1,1
17530,5105,2,1
17530,8037,3,1
17530,5475,4,1
17530,1776,5,1
17530,4211,6,1
17530,65,7,1
17530,276,8,1
17530,6544,9,1
17530,11009,10,1
17530,10785,11,1
17530,5121,12,1
17530,5717,13,1
17530,941,14,1
17530,8173,15,1
17531,7963,0,1
17531,6862,1,1
17531,6544,2,1
17531,276,3,1
17531,941,4,1
17531,8173,5,1
17531,4211,6,1
17531,5717,7,1
17531,1334,8,1
17531,11009,9,1
17531,5475,10,1
17531,5105,11,1
17531,10785,12,1
17531,5121,13,1
17531,8037,14,1
17565,65,0,1
17565,7963,1,1
17565,1334,2,1
17565,8173,3,1
17565,1776,4,1
17565,5475,5,1
17565,5121,6,1
17565,4211,7,1
17565,5105,8,1
17565,11009,9,1
17565,8037,10,1
17565,276,11,1
17565,6544,12,1
17565,9016,13,1
17565,5717,14,1
17566,1334,0,1
17566,4211,1,1
17566,1776,2,1
17566,5475,3,1
17566,5717,4,1
17566,276,5,1
17566,941,6,1
17566,11009,7,1
17566,6544,8,1
17566,8037,9,1
17566,7963,10,1
17566,10785,11,1
17566,6862,12,1
17566,5121,13,1
17566,8173,14,1
17573,6544,0,1
17573,276,1,1
17573,8173,2,1
17573,1776,3,1
17573,11009,4,1
17573,4211,5,1
17573,5121,6,1
17573,1334,7,1
17573,6862,8,1
17573,5475,9,1
17573,7963,10,1
17573,10785,11,1
17573,941,12,1
17573,65,13,1
17573,5717,14,1
17573,5105,15,1
17573,8037,16,1
17643,1776,0,1
17643,4211,1,1
17643,5105,2,1
17643,5717,3,1
17643,5121,4,1
17643,7963,5,1
17643,941,6,1
17643,276,7,1
17643,1334,8,1
17643,65,9,1
17643,11009,10,1
17643,10785,11,1
17643,6544,12,1
17643,8173,13,1
17643,8037,14,1
17644,4211,0,1
17644,7963,1,1
17644,1776,2,1
17644,11009,3,1
17644,276,4,1
17644,6862,5,1
17644,5717,6,1
17644,8037,7,1
17644,6544,8,1
17644,5475,9,1
17644,1334,10,1
17644,5105,11,1
17644,8173,12,1
17644,5121,13,1
17644,10785,14,1
17644,941,15,1
17646,7963,0,1
17646,8037,1,1
17646,4211,2,1
17646,11009,3,1
17646,5717,4,1
17646,9016,5,1
17646,5475,6,1
17646,5105,7,1
17646,6862,8,1
17646,8173,9,1
17646,65,10,1
17646,1334,11,1
17646,941,12,1
17646,276,13,1
17646,5121,14,1
17657,6544,0,1
17657,8173,1,1
17657,4211,2,1
17657,7963,3,1
17657,8037,4,1
17657,941,5,1
17657,276,6,1
17657,5717,7,1
17657,5121,8,1
17657,10785,9,1
17657,11009,10,1
17657,1776,11,1
17657,9016,12,1
17657,5105,13,1
17657,5475,14,1
17664,5105,0,1
17664,4211,1,1
17664,5475,2,1
17664,7963,3,1
17664,10785,4,1
17664,8173,5,1
17664,1334,6,1
17664,11009,7,1
17664,941,8,1
17664,5121,9,1
17664,5717,10,1
17664,65,11,1
17664,8037,12,1
17664,276,13,1
17664,1776,14,1
17664,6544,15,1
17714,1334,0,1
17714,8173,1,1
17714,7963,2,1
17714,5717,3,1
17714,5105,4,1
17714,5475,5,1
17714,8037,6,1
17714,9016,7,1
17714,276,8,1
17714,11009,9,1
17714,10785,10,1
17714,6544,11,1
17714,6862,12,1
17714,5121,13,1
17714,941,14,1
17729,5121,0,1
17729,7963,1,1
17729,1334,2,1
17729,11009,3,1
17729,8173,4,1
17729,5475,5,1
17729,5105,6,1
17729,6544,7,1
17729,941,8,1
17729,1776,9,1
17729,4211,10,1
17729,5717,11,1
17729,10785,12,1
17729,276,13,1
17729,8037,14,1
17743,1776,0,1
17743,1334,1,1
17743,6862,2,1
17743,10785,3,1
17743,65,4,1
17743,7963,5,1
17743,5475,6,1
17743,8037,7,1
17743,9016,8,1
17743,5105,9,1
17743,6544,10,1
17743,11009,11,1
17743,5121,12,1
17743,5717,13,1
17743,276,14,1
17743,4211,15,1
17743,8173,16,1
17747,8173,0,1
17747,5121,1,1
17747,6862,2,1
17747,7963,3,1
17747,5105,4,1
17747,5475,5,1
17747,6544,6,1
17747,5717,7,1
17747,9016,8,1
17747,276,9,1
17747,10785,10,1
17747,65,11,1
17747,11009,12,1
17747,4211,13,1
17747,8037,14,1
17747,941,15,1
17749,8173,0,1
17749,5121,1,1
17749,7963,2,1
17749,276,3,1
17749,6544,4,1
17749,11009,5,1
17749,1334,6,1
17749,10785,7,1
17749,1776,8,1
17749,5475,9,1
17749,9016,10,1
17749,8037,11,1
17749,941,12,1
17749,5717,13,1
17749,6862,14,1
17756,6544,0,1
17756,8173,1,1
17756,7963,2,1
17756,276,3,1
17756,5105,4,1
17756,1334,5,1
17756,10785,6,1
17756,941,7,1
17756,65,8,1
17756,9016,9,1
17756,8037,10,1
17756,5121,11,1
17756,11009,12,1
17756,4211,13,1
17756,5717,14,1
17756,6862,15,1
17756,5475,16,1
17795,11009,0,1
17795,7963,1,1
17795,8037,2,1
17795,65,3,1
17795,4211,4,1
17795,6862,5,1
17795,941,6,1
17795,10785,7,1
17795,1334,8,1
17795,5475,9,1
17795,276,10,1
17795,5121,11,1
17795,6544,12,1
17795,5105,13,1
17795,5717,14,1
17795,8173,15,1
17811,5717,0,1
17811,276,1,1
17811,8037,2,1
17811,1334,3,1
17811,11009,4,1
17811,7963,5,1
17811,1776,6,1
17811,4211,7,1
17811,941,8,1
17811,65,9,1
17811,5475,10,1
17811,5121,11,1
17811,6862,12,1
17811,6544,13,1
17811,9016,14,1
17814,8173,0,1
17814,6544,1,1
17814,941,2,1
17814,7963,3,1
17814,5121,4,1
17814,1776,5,1
17814,1334,6,1
17814,276,7,1
17814,5717,8,1
17814,10785,9,1
17814,11009,10,1
17814,8037,11,1
17814,5105,12,1
17814,5475,13,1
17814,6862,14,1
17827,65,0,1
17827,8173,1,1
17827,10785,2,1
17827,941,3,1
17827,5121,4,1
17827,276,5,1
17827,7963,6,1
17827,11009,7,1
17827,5475,8,1
17827,5717,9,1
17827,1776,10,1
17827,5105,11,1
17827,1334,12,1
17827,4211,13,1
17827,8037,14,1
17838,7963,0,1
17838,6862,1,1
17838,11009,2,1
17838,276,3,1
17838,6544,4,1
17838,941,5,1
17838,4211,6,1
17838,5475,7,1
17838,65,8,1
17838,10785,9,1
17838,5121,10,1
17838,5717,11,1
17838,8037,12,1
17838,8173,13,1
17838,1334,14,1
17838,5105,15,1
1784,7963,0,1
1784,5121,1,1
1784,941,2,1
1784,10785,3,1
1784,4211,4,1
1784,6544,5,1
1784,1334,6,1
1784,1776,7,1
1784,6862,8,1
1784,5475,9,1
1784,8037,10,1
1784,276,11,1
1784,5717,12,1
1784,9016,13,1
1784,11009,14,1
1784,8173,15,1
17842,1334,0,1
17842,10785,1,1
17842,5717,2,1
17842,8037,3,1
17842,11009,4,1
17842,4211,5,1
17842,9016,6,1
17842,65,7,1
17842,8173,8,1
17842,6544,9,1
17842,7963,10,1
17842,6862,11,1
17842,276,12,1
17842,5475,13,1
17842,5105,14,1
17842,5121,15,1
17842,941,16,1
17848,7963,0,1
17848,8173,1,1
17848,6544,2,1
17848,8037,3,1
17848,1334,4,1
17848,4211,5,1
17848,5121,6,1
17848,276,7,1
17848,5717,8,1
17848,6862,9,1
17848,11009,10,1
17848,10785,11,1
17848,5475,12,1
17848,1776,13,1
17848,941,14,1
1786,6862,0,1
1786,8173,1,1
1786,5105,2,1
1786,8037,3,1
1786,941,4,1
1786,7963,5,1
1786,4211,6,1
1786,276,7,1
1786,10785,8,1
1786,1334,9,1
1786,11009,10,1
1786,5475,11,1
1786,1776,12,1
1786,5121,13,1
1786,65,14,1
1786,6544,15,1
17871,7963,0,1
17871,941,1,1
17871,65,2,1
17871,6544,3,1
17871,10785,4,1
17871,276,5,1
17871,4211,6,1
17871,8173,7,1
17871,8037,8,1
17871,1334,9,1
17871,5105,10,1
17871,5121,11,1
17871,5475,12,1
17871,5717,13,1
17871,11009,14,1
17875,6544,0,1
17875,11009,1,1
17875,5717,2,1
17875,276,3,1
17875,1334,4,1
17875,8037,5,1
17875,5105,6,1
17875,7963,7,1
17875,65,8,1
17875,1776,9,1
17875,10785,10,1
17875,4211,11,1
17875,8173,12,1
17875,5475,13,1
17875,6862,14,1
17875,5121,15,1
17875,941,16,1
17878,4211,0,1
17878,5475,1,1
17878,10785,2,1
17878,11009,3,1
17878,1334,4,1
17878,276,5,1
17878,5121,6,1
17878,6544,7,1
17878,6862,8,1
17878,5105,9,1
17878,7963,10,1
17878,65,11,1
17878,8037,12,1
17878,941,13,1
17878,5717,14,1
17878,8173,15,1
17885,10785,0,1
17885,5105,1,1
17885,7963,2,1
17885,276,3,1
17885,8037,4,1
17885,1334,5,1
17885,941,6,1
17885,6544,7,1
17885,1776,8,1
17885,5717,9,1
17885,5121,10,1
17885,5475,11,1
17885,11009,12,1
17885,8173,13,1
17885,6862,14,1
17907,1334,0,1
17907,5121,1,1
17907,276,2,1
17907,4211,3,1
17907,65,4,1
17907,7963,5,1
17907,1776,6,1
17907,9016,7,1
17907,8173,8,1
17907,5717,9,1
17907,5105,10,1
17907,8037,11,1
17907,6544,12,1
17907,11009,13,1
17907,5475,14,1
1792,8037,0,1
1792,7963,1,1
1792,941,2,1
1792,6544,3,1
1792,5717,4,1
1792,5105,5,1
1792,5475,6,1
1792,1334,7,1
1792,65,8,1
1792,10785,9,1
1792,276,10,1
1792,11009,11,1
1792,1776,12,1
1792,6862,13,1
1792,4211,14,1
1792,5121,15,1
1792,8173,16,1
17932,5717,0,1
17932,4211,1,1
17932,8173,2,1
17932,9016,3,1
17932,7963,4,1
17932,1334,5,1
17932,10785,6,1
17932,65,7,1
17932,8037,8,1
17932,6862,9,1
17932,5121,10,1
17932,1776,11,1
17932,5105,12,1
17932,276,13,1
17932,941,14,1
17932,11009,15,1
17940,7963,0,1
17940,9016,1,1
17940,276,2,1
17940,4211,3,1
17940,8173,4,1
17940,5717,5,1
17940,1334,6,1
17940,6544,7,1
17940,941,8,1
17940,65,9,1
17940,8037,10,1
17940,5105,11,1
17940,10785,12,1
17940,11009,13,1
17940,5121,14,1
17940,5475,15,1
17941,8173,0,1
17941,941,1,1
17941,5475,2,1
17941,8037,3,1
17941,5105,4,1
17941,7963,5,1
17941,1334,6,1
17941,6862,7,1
17941,276,8,1
17941,4211,9,1
17941,5121,10,1
17941,6544,11,1
17941,11009,12,1
17941,1776,13,1
17941,10785,14,1
17941,5717,15,1
17946,1334,0,1
17946,8173,1,1
17946,7963,2,1
17946,5475,3,1
17946,6862,4,1
17946,6544,5,1
17946,10785,6,1
17946,276,7,1
17946,8037,8,1
17946,4211,9,1
17946,941,10,1
17946,5121,11,1
17946,5105,12,1
17946,5717,13,1
17946,65,14,1
17946,1776,15,1
17946,11009,16,1
17975,6544,0,1
17975,7963,1,1
17975,941,2,1
17975,10785,3,1
17975,8037,4,1
17975,276,5,1
17975,6862,6,1
17975,5121,7,1
17975,5475,8,1
17975,1334,9,1
17975,11009,10,1
17975,8173,11,1
17975,65,12,1
17975,5717,13,1
17975,5105,14,1
17975,4211,15,1
18011,276,0,1
18011,1334,1,1
18011,6862,2,1
18011,5121,3,1
18011,6544,4,1
18011,5717,5,1
18011,11009,6,1
18011,1776,7,1
18011,7963,8,1
18011,941,9,1
18011,5105,10,1
18011,65,11,1
18011,8037,12,1
18011,8173,13,1
18011,5475,14,1
18011,10785,15,1
18024,7963,0,1
18024,11009,1,1
18024,1334,2,1
18024,10785,3,1
18024,5121,4,1
18024,9016,5,1
18024,5105,6,1
18024,276,7,1
18024,4211,8,1
18024,6544,9,1
18024,6862,10,1
18024,941,11,1
18024,65,12,1
18024,5475,13,1
18024,8173,14,1
18025,7963,0,1
18025,5105,1,1
18025,8173,2,1
18025,65,3,1
18025,5717,4,1
18025,5121,5,1
18025,11009,6,1
18025,8037,7,1
18025,6544,8,1
18025,941,9,1
18025,9016,10,1
18025,276,11,1
18025,1334,12,1
18025,4211,13,1
18025,5475,14,1
18030,5717,0,1
18030,6544,1,1
18030,7963,2,1
18030,11009,3,1
18030,8173,4,1
18030,276,5,1
18030,6862,6,1
18030,5475,7,1
18030,5105,8,1
18030,1334,9,1
18030,941,10,1
18030,8037,11,1
18030,10785,12,1
18030,5121,13,1
18030,1776,14,1
18030,4211,15,1
18035,6862,0,1
18035,8173,1,1
18035,11009,2,1
18035,1334,3,1
18035,6544,4,1
18035,10785,5,1
18035,1776,6,1
18035,5475,7,1
18035,7963,8,1
18035,276,9,1
18035,8037,10,1
18035,5105,11,1
18035,4211,12,1
18035,5717,13,1
18035,5121,14,1
18035,941,15,1
18039,1776,0,1
18039,4211,1,1
18039,8037,2,1
18039,5475,3,1
18039,5105,4,1
18039,7963,5,1
18039,1334,6,1
18039,6544,7,1
18039,941,8,1
18039,5717,9,1
18039,11009,10,1
18039,6862,11,1
18039,65,12,1
18039,276,13,1
18039,8173,14,1
18039,5121,15,1
18047,1776,0,1
18047,6862,1,1
18047,8173,2,1
18047,6544,3,1
18047,7963,4,1
18047,11009,5,1
18047,5717,6,1
18047,1334,7,1
18047,65,8,1
18047,276,9,1
18047,10785,10,1
18047,8037,11,1
18047,5121,12,1
18047,5105,13,1
18047,5475,14,1
18047,4211,15,1
1808,11009,0,1
1808,1334,1,1
1808,276,2,1
1808,6544,3,1
1808,6862,4,1
1808,8173,5,1
1808,5121,6,1
1808,7963,7,1
1808,10785,8,1
1808,4211,9,1
1808,1776,10,1
1808,5475,11,1
1808,5717,12,1
1808,5105,13,1
1808,941,14,1
1808,8037,15,1
1809,8037,0,1
1809,1776,1,1
1809,276,2,1
1809,7963,3,1
1809,65,4,1
1809,8173,5,1
1809,5121,6,1
1809,1334,7,1
1809,10785,8,1
1809,5105,9,1
1809,4211,10,1
1809,5475,11,1
1809,6544,12,1
1809,11009,13,1
1809,5717,14,1
18091,5475,0,1
18091,1334,1,1
18091,5105,2,1
18091,8037,3,1
18091,276,4,1
18091,8173,5,1
18091,7963,6,1
18091,6544,7,1
18091,65,8,1
18091,941,9,1
18091,10785,10,1
18091,11009,11,1
18091,6862,12,1
18091,5717,13,1
18091,5121,14,1
18112,7963,0,1
18112,6544,1,1
18112,1776,2,1
18112,1334,3,1
18112,65,4,1
18112,276,5,1
18112,5475,6,1
18112,11009,7,1
18112,8037,8,1
18112,8173,9,1
18112,5121,10,1
18112,941,11,1
18112,10785,12,1
18112,5105,13,1
18112,6862,14,1
1812,941,0,1
1812,6544,1,1
1812,1334,2,1
1812,7963,3,1
1812,276,4,1
1812,4211,5,1
1812,5717,6,1
1812,8037,7,1
1812,10785,8,1
1812,1776,9,1
1812,5121,10,1
1812,11009,11,1
1812,5105,12,1
1812,8173,13,1
1812,65,14,1
18126,7963,0,1
18126,1334,1,1
18126,5475,2,1
18126,5121,3,1
18126,276,4,1
18126,941,5,1
18126,8037,6,1
18126,5105,7,1
18126,11009,8,1
18126,6544,9,1
18126,5717,10,1
18126,65,11,1
18126,8173,12,1
18126,10785,13,1
18126,9016,14,1
18126,4211,15,1
18186,1776,0,1
18186,5475,1,1
18186,5717,2,1
18186,6862,3,1
18186,276,4,1
18186,65,5,1
18186,5121,6,1
18186,1334,7,1
18186,10785,8,1
18186,8173,9,1
18186,7963,10,1
18186,941,11,1
18186,6544,12,1
18186,5105,13,1
18186,11009,14,1
18213,7963,0,1
18213,6862,1,1
18213,6544,2,1
18213,5105,3,1
18213,5717,4,1
18213,8037,5,1
18213,10785,6,1
18213,941,7,1
18213,4211,8,1
18213,65,9,1
18213,5121,10,1
18213,8173,11,1
18213,276,12,1
18213,5475,13,1
18213,1334,14,1
18213,11009,15,1
18232,6544,0,1
18232,7963,1,1
18232,5717,2,1
18232,4211,3,1
18232,6862,4,1
18232,5121,5,1
18232,5475,6,1
18232,65,7,1
18232,5105,8,1
18232,8037,9,1
18232,276,10,1
18232,941,11,1
18232,8173,12,1
18232,1334,13,1
18232,10785,14,1
18232,11009,15,1
18258,65,0,1
18258,11009,1,1
18258,8037,2,1
18258,941,3,1
18258,6862,4,1
18258,7963,5,1
18258,5121,6,1
18258,10785,7,1
18258,5475,8,1
18258,4211,9,1
18258,6544,10,1
18258,1334,11,1
18258,276,12,1
18258,5105,13,1
18258,5717,14,1
18258,8173,15,1
18275,7963,0,1
18275,8173,1,1
18275,276,2,1
18275,65,3,1
18275,8037,4,1
18275,5717,5,1
18275,1334,6,1
18275,11009,7,1
18275,6544,8,1
18275,5121,9,1
18275,5105,10,1
18275,1776,11,1
18275,5475,12,1
18275,10785,13,1
18275,941,14,1
18286,1334,0,1
18286,941,1,1
18286,8037,2,1
18286,10785,3,1
18286,5475,4,1
18286,6862,5,1
18286,11009,6,1
18286,5717,7,1
18286,6544,8,1
18286,7963,9,1
18286,8173,10,1
18286,5105,11,1
18286,4211,12,1
18286,276,13,1
18286,5121,14,1
18286,65,15,1
18302,1334,0,1
18302,8037,1,1
18302,941,2,1
18302,5717,3,1
18302,10785,4,1
18302,6544,5,1
18302,1776,6,1
18302,5121,7,1
18302,11009,8,1
18302,6862,9,1
18302,276,10,1
18302,5105,11,1
18302,8173,12,1
18302,7963,13,1
18302,5475,14,1
18302,4211,15,1
18305,8037,0,1
18305,276,1,1
18305,5475,2,1
18305,1334,3,1
18305,11009,4,1
18305,8173,5,1
18305,6544,6,1
18305,7963,7,1
18305,4211,8,1
18305,5121,9,1
18305,65,10,1
18305,5105,11,1
18305,5717,12,1
18305,10785,13,1
18305,941,14,1
1832,11009,0,1
1832,8037,1,1
1832,6862,2,1
1832,5475,3,1
1832,7963,4,1
1832,10785,5,1
1832,5105,6,1
1832,9016,7,1
1832,1334,8,1
1832,8173,9,1
1832,4211,10,1
1832,5121,11,1
1832,276,12,1
1832,65,13,1
1832,5717,14,1
18333,7963,0,1
18333,5475,1,1
18333,10785,2,1
18333,1776,3,1
18333,65,4,1
18333,276,5,1
18333,11009,6,1
18333,941,7,1
18333,5105,8,1
18333,5121,9,1
18333,6544,10,1
18333,8173,11,1
18333,1334,12,1
18333,5717,13,1
18333,8037,14,1
18337,1334,0,1
18337,11009,1,1
18337,8037,2,1
18337,7963,3,1
18337,6862,4,1
18337,941,5,1
18337,65,6,1
18337,1776,7,1
18337,276,8,1
18337,6544,9,1
18337,5717,10,1
18337,4211,11,1
18337,8173,12,1
18337,5475,13,1
18337,5121,14,1
18337,5105,15,1
18340,1334,0,1
18340,10785,1,1
18340,7963,2,1
18340,5105,3,1
18340,5717,4,1
18340,5475,5,1
18340,6544,6,1
18340,941,7,1
18340,8037,8,1
18340,1776,9,1
18340,6862,10,1
18340,276,11,1
18340,5121,12,1
18340,11009,13,1
18340,8173,14,1
18342,1776,0,1
18342,6862,1,1
18342,941,2,1
18342,276,3,1
18342,65,4,1
18342,7963,5,1
18342,4211,6,1
18342,9016,7,1
18342,11009,8,1
18342,5121,9,1
18342,1334,10,1
18342,8173,11,1
18342,5717,12,1
18342,5105,13,1
18342,6544,14,1
18342,10785,15,1
18380,5717,0,1
18380,1334,1,1
18380,8173,2,1
18380,276,3,1
18380,1776,4,1
18380,5475,5,1
18380,5105,6,1
18380,8037,7,1
18380,7963,8,1
18380,941,9,1
18380,6862,10,1
18380,65,11,1
18380,5121,12,1
18380,6544,13,1
18380,4211,14,1
18380,11009,15,1
18380,10785,16,1
18390,65,0,1
18390,11009,1,1
18390,8037,2,1
18390,5475,3,1
18390,7963,4,1
18390,1334,5,1
18390,8173,6,1
18390,10785,7,1
18390,276,8,1
18390,941,9,1
18390,5717,10,1
18390,6862,11,1
18390,6544,12,1
18390,5105,13,1
18390,5121,14,1
18416,1334,0,1
18416,5105,1,1
18416,65,2,1
18416,1776,3,1
18416,4211,4,1
18416,8173,5,1
18416,941,6,1
18416,8037,7,1
18416,276,8,1
18416,7963,9,1
18416,5121,10,1
18416,6544,11,1
18416,6862,12,1
18416,10785,13,1
18416,5475,14,1
18416,11009,15,1
18417,6862,0,1
18417,11009,1,1
18417,65,2,1
18417,7963,3,1
18417,8173,4,1
18417,5717,5,1
18417,9016,6,1
18417,1334,7,1
18417,5105,8,1
18417,5475,9,1
18417,941,10,1
18417,5121,11,1
18417,276,12,1
18417,8037,13,1
18417,6544,14,1
18417,4211,15,1
1842,65,0,1
1842,941,1,1
1842,1776,2,1
1842,4211,3,1
1842,5475,4,1
1842,11009,5,1
1842,8037,6,1
1842,1334,7,1
1842,5105,8,1
1842,10785,9,1
1842,8173,10,1
1842,7963,11,1
1842,276,12,1
1842,5121,13,1
1842,6544,14,1
18424,6544,0,1
18424,11009,1,1
18424,1334,2,1
18424,5717,3,1
18424,5105,4,1
18424,6862,5,1
18424,5475,6,1
18424,276,7,1
18424,8037,8,1
18424,5121,9,1
18424,7963,10,1
18424,8173,11,1
18424,9016,12,1
18424,65,13,1
18424,1776,14,1
18424,941,15,1
18424,4211,16,1
18439,7963,0,1
18439,8173,1,1
18439,1334,2,1
18439,10785,3,1
18439,8037,4,1
18439,5717,5,1
18439,5475,6,1
18439,276,7,1
18439,4211,8,1
18439,9016,9,1
18439,65,10,1
18439,6862,11,1
18439,11009,12,1
18439,5105,13,1
18439,941,14,1
18450,11009,0,1
18450,9016,1,1
18450,7963,2,1
18450,4211,3,1
18450,8037,4,1
18450,10785,5,1
18450,276,6,1
18450,6862,7,1
18450,8173,8,1
18450,65,9,1
18450,5121,10,1
18450,5475,11,1
18450,1334,12,1
18450,6544,13,1
18450,5105,14,1
18452,5717,0,1
18452,10785,1,1
18452,11009,2,1
18452,5121,3,1
18452,941,4,1
18452,7963,5,1
18452,276,6,1
18452,6544,7,1
18452,8037,8,1
18452,65,9,1
18452,6862,10,1
18452,1776,11,1
18452,1334,12,1
18452,9016,13,1
18452,8173,14,1
18452,4211,15,1
18465,10785,0,1
18465,1334,1,1
18465,276,2,1
18465,6544,3,1
18465,941,4,1
18465,8037,5,1
18465,7963,6,1
18465,65,7,1
18465,5105,8,1
18465,11009,9,1
18465,1776,10,1
18465,4211,11,1
18465,8173,12,1
18465,5475,13,1
18465,5717,14,1
18465,5121,15,1
18471,7963,0,1
18471,6544,1,1
18471,6862,2,1
18471,1334,3,1
18471,4211,4,1
18471,276,5,1
18471,5475,6,1
18471,10785,7,1
18471,65,8,1
18471,8037,9,1
18471,11009,10,1
18471,5717,11,1
18471,5105,12,1
18471,941,13,1
18471,8173,14,1
18471,1776,15,1
18471,5121,16,1
18480,5717,0,1
18480,1334,1,1
18480,7963,2,1
18480,8037,3,1
18480,6544,4,1
18480,6862,5,1
18480,1776,6,1
18480,941,7,1
18480,4211,8,1
18480,65,9,1
18480,10785,10,1
18480,5475,11,1
18480,276,12,1
18480,5121,13,1
18480,5105,14,1
18480,8173,15,1
18480,11009,16,1
18482,65,0,1
18482,10785,1,1
18482,7963,2,1
18482,1776,3,1
18482,1334,4,1
18482,8173,5,1
18482,4211,6,1
18482,941,7,1
18482,5475,8,1
18482,5105,9,1
18482,11009,10,1
18482,8037,11,1
18482,6862,12,1
18482,5717,13,1
18482,6544,14,1
18482,5121,15,1
18482,276,16,1
18494,941,0,1
18494,1334,1,1
18494,6544,2,1
18494,4211,3,1
18494,11009,4,1
18494,5121,5,1
18494,10785,6,1
18494,65,7,1
18494,7963,8,1
18494,1776,9,1
18494,5717,10,1
18494,6862,11,1
18494,8037,12,1
18494,5475,13,1
18494,276,14,1
18494,5105,15,1
18494,8173,16,1
18497,65,0,1
18497,1776,1,1
18497,1334,2,1
18497,5717,3,1
18497,11009,4,1
18497,7963,5,1
18497,941,6,1
18497,8173,7,1
18497,8037,8,1
18497,6862,9,1
18497,5121,10,1
18497,4211,11,1
18497,10785,12,1
18497,5475,13,1
18497,6544,14,1
18497,5105,15,1
18497,276,16,1
185,276,0,1
185,941,1,1
185,10785,2,1
185,7963,3,1
185,11009,4,1
185,1334,5,1
185,6544,6,1
185,5105,7,1
185,5121,8,1
185,8173,9,1
185,8037,10,1
185,6862,11,1
185,5475,12,1
185,1776,13,1
185,4211,14,1
185,5717,15,1
18502,7963,0,1
18502,8173,1,1
18502,5475,2,1
18502,1776,3,1
18502,276,4,1
18502,8037,5,1
18502,5717,6,1
18502,5105,7,1
18502,1334,8,1
18502,11009,9,1
18502,65,10,1
18502,6862,11,1
18502,9016,12,1
18502,4211,13,1
18502,6544,14,1
18502,10785,15,1
18502,5121,16,1
18502,941,17,1
18514,6544,0,1
18514,8173,1,1
18514,5121,2,1
18514,941,3,1
18514,5717,4,1
18514,1334,5,1
18514,7963,6,1
18514,11009,7,1
18514,8037,8,1
18514,5105,9,1
18514,10785,10,1
18514,65,11,1
18514,276,12,1
18514,4211,13,1
18514,5475,14,1
18514,6862,15,1
18537,5475,0,1
18537,7963,1,1
18537,9016,2,1
18537,1334,3,1
18537,5717,4,1
18537,941,5,1
18537,6862,6,1
18537,11009,7,1
18537,276,8,1
18537,8037,9,1
18537,4211,10,1
18537,10785,11,1
18537,8173,12,1
18537,65,13,1
18537,6544,14,1
18537,5105,15,1
18537,1776,16,1
18537,5121,17,1
18545,6862,0,1
18545,11009,1,1
18545,8037,2,1
18545,9016,3,1
18545,6544,4,1
18545,65,5,1
18545,8173,6,1
18545,7963,7,1
18545,941,8,1
18545,1776,9,1
18545,5121,10,1
18545,276,11,1
18545,10785,12,1
18545,5717,13,1
18545,1334,14,1
18545,4211,15,1
18548,8173,0,1
18548,5105,1,1
18548,6862,2,1
18548,7963,3,1
18548,4211,4,1
18548,5121,5,1
18548,941,6,1
18548,1334,7,1
18548,1776,8,1
18548,8037,9,1
18548,65,10,1
18548,10785,11,1
18548,276,12,1
18548,5717,13,1
18548,11009,14,1
18548,5475,15,1
18548,6544,16,1
18556,1334,0,1
18556,5121,1,1
18556,7963,2,1
18556,5717,3,1
18556,1776,4,1
18556,8037,5,1
18556,65,6,1
18556,11009,7,1
18556,5475,8,1
18556,6862,9,1
18556,5105,10,1
18556,941,11,1
18556,4211,12,1
18556,8173,13,1
18556,276,14,1
18556,6544,15,1
18556,10785,16,1
18557,7963,0,1
18557,1334,1,1
18557,8037,2,1
18557,10785,3,1
18557,276,4,1
18557,4211,5,1
18557,65,6,1
18557,1776,7,1
18557,941,8,1
18557,8173,9,1
18557,11009,10,1
18557,5121,11,1
18557,5105,12,1
18557,6544,13,1
18557,5717,14,1
18557,5475,15,1
18617,8173,0,1
18617,276,1,1
18617,4211,2,1
18617,6544,3,1
18617,5475,4,1
18617,5121,5,1
18617,7963,6,1
18617,11009,7,1
18617,5717,8,1
18617,1334,9,1
18617,1776,10,1
18617,8037,11,1
18617,941,12,1
18617,10785,13,1
18617,5105,14,1
18628,7963,0,1
18628,8173,1,1
18628,5105,2,1
18628,1776,3,1
18628,10785,4,1
18628,6544,5,1
18628,1334,6,1
18628,5717,7,1
18628,9016,8,1
18628,65,9,1
18628,8037,10,1
18628,941,11,1
18628,11009,12,1
18628,5121,13,1
18628,276,14,1
18628,4211,15,1
18628,6862,16,1
18628,5475,17,1
18641,6544,0,1
18641,7963,1,1
18641,8173,2,1
18641,5475,3,1
18641,11009,4,1
18641,276,5,1
18641,1334,6,1
18641,8037,7,1
18641,6862,8,1
18641,5121,9,1
18641,1776,10,1
18641,4211,11,1
18641,65,12,1
18641,941,13,1
18641,5717,14,1
18650,1334,0,1
18650,6544,1,1
18650,8037,2,1
18650,7963,3,1
18650,5475,4,1
18650,5717,5,1
18650,6862,6,1
18650,10785,7,1
18650,276,8,1
18650,941,9,1
18650,11009,10,1
18650,1776,11,1
18650,5121,12,1
18650,8173,13,1
18650,5105,14,1
18650,4211,15,1
18653,5717,0,1
18653,6862,1,1
18653,7963,2,1
18653,941,3,1
18653,9016,4,1
18653,11009,5,1
18653,1776,6,1
18653,65,7,1
18653,1334,8,1
18653,276,9,1
18653,8037,10,1
18653,8173,11,1
18653,10785,12,1
18653,5121,13,1
18653,6544,14,1
18658,8037,0,1
18658,11009,1,1
18658,276,2,1
18658,8173,3,1
18658,5105,4,1
18658,7963,5,1
18658,9016,6,1
18658,1334,7,1
18658,6862,8,1
18658,10785,9,1
18658,941,10,1
18658,65,11,1
18658,5121,12,1
18658,4211,13,1
18658,5475,14,1
18658,6544,15,1
1866,1776,0,1
1866,1334,1,1
1866,6862,2,1
1866,7963,3,1
1866,11009,4,1
1866,8173,5,1
1866,276,6,1
1866,6544,7,1
1866,10785,8,1
1866,5105,9,1
1866,4211,10,1
1866,8037,11,1
1866,5121,12,1
1866,5717,13,1
1866,65,14,1
1866,9016,15,1
18667,7963,0,1
18667,6544,1,1
18667,6862,2,1
18667,10785,3,1
18667,9016,4,1
18667,5717,5,1
18667,941,6,1
18667,276,7,1
18667,5105,8,1
18667,4211,9,1
18667,1776,10,1
18667,8173,11,1
18667,65,12,1
18667,11009,13,1
18667,5121,14,1
18667,5475,15,1
18667,8037,16,1
18667,1334,17,1
18668,276,0,1
18668,5717,1,1
18668,8037,2,1
18668,65,3,1
18668,7963,4,1
18668,4211,5,1
18668,11009,6,1
18668,941,7,1
18668,5475,8,1
18668,6862,9,1
18668,6544,10,1
18668,5121,11,1
18668,5105,12,1
18668,8173,13,1
18668,1334,14,1
18668,10785,15,1
18675,276,0,1
18675,5105,1,1
18675,1334,2,1
18675,4211,3,1
18675,11009,4,1
18675,7963,5,1
18675,5475,6,1
18675,6544,7,1
18675,5717,8,1
18675,5121,9,1
18675,8173,10,1
18675,1776,11,1
18675,6862,12,1
18675,941,13,1
18675,10785,14,1
18697,10785,0,1
18697,8037,1,1
18697,6544,2,1
18697,4211,3,1
18697,8173,4,1
18697,11009,5,1
18697,7963,6,1
18697,1334,7,1
18697,1776,8,1
18697,5105,9,1
18697,276,10,1
18697,5717,11,1
18697,941,12,1
18697,5475,13,1
18697,5121,14,1
18706,7963,0,1
18706,1334,1,1
18706,5717,2,1
18706,5121,3,1
18706,6862,4,1
18706,8173,5,1
18706,6544,6,1
18706,276,7,1
18706,5475,8,1
18706,5105,9,1
18706,11009,10,1
18706,941,11,1
18706,1776,12,1
18706,10785,13,1
18706,9016,14,1
18706,65,15,1
18706,8037,16,1
18706,4211,17,1
18713,5475,0,1
18713,1334,1,1
18713,7963,2,1
18713,4211,3,1
18713,8037,4,1
18713,276,5,1
18713,1776,6,1
18713,5105,7,1
18713,11009,8,1
18713,5717,9,1
18713,8173,10,1
18713,6544,11,1
18713,5121,12,1
18713,6862,13,1
18713,941,14,1
18713,65,15,1
18722,8173,0,1
18722,5105,1,1
18722,7963,2,1
18722,1776,3,1
18722,8037,4,1
18722,6544,5,1
18722,4211,6,1
18722,10785,7,1
18722,276,8,1
18722,1334,9,1
18722,5121,10,1
18722,941,11,1
18722,5475,12,1
18722,11009,13,1
18722,65,14,1
18747,8173,0,1
18747,7963,1,1
18747,8037,2,1
18747,4211,3,1
18747,5105,4,1
18747,6544,5,1
18747,941,6,1
18747,5121,7,1
18747,5475,8,1
18747,10785,9,1
18747,1776,10,1
18747,1334,11,1
18747,6862,12,1
18747,276,13,1
18747,11009,14,1
18747,5717,15,1
18762,8173,0,1
18762,7963,1,1
18762,6862,2,1
18762,5475,3,1
18762,5717,4,1
18762,1334,5,1
18762,941,6,1
18762,276,7,1
18762,1776,8,1
18762,5121,9,1
18762,8037,10,1
18762,10785,11,1
18762,11009,12,1
18762,5105,13,1
18762,6544,14,1
18773,7963,0,1
18773,276,1,1
18773,5717,2,1
18773,11009,3,1
18773,5475,4,1
18773,10785,5,1
18773,941,6,1
18773,8037,7,1
18773,1334,8,1
18773,1776,9,1
18773,8173,10,1
18773,5121,11,1
18773,4211,12,1
18773,6544,13,1
18773,6862,14,1
18774,7963,0,1
18774,11009,1,1
18774,5717,2,1
18774,4211,3,1
18774,941,4,1
18774,9016,5,1
18774,5105,6,1
18774,6544,7,1
18774,1334,8,1
18774,10785,9,1
18774,5475,10,1
18774,8173,11,1
18774,8037,12,1
18774,1776,13,1
18774,65,14,1
18774,276,15,1
18777,8037,0,1
18777,6862,1,1
18777,5475,2,1
18777,5717,3,1
18777,5105,4,1
18777,10785,5,1
18777,1334,6,1
18777,6544,7,1
18777,1776,8,1
18777,5121,9,1
18777,7963,10,1
18777,11009,11,1
18777,8173,12,1
18777,276,13,1
18777,941,14,1
18780,276,0,1
18780,7963,1,1
18780,8037,2,1
18780,11009,3,1
18780,5121,4,1
18780,1334,5,1
18780,65,6,1
18780,6544,7,1
18780,6862,8,1
18780,5717,9,1
18780,5475,10,1
18780,5105,11,1
18780,9016,12,1
18780,4211,13,1
18780,8173,14,1
18780,10785,15,1
18780,941,16,1
18795,7963,0,1
18795,5717,1,1
18795,1334,2,1
18795,6862,3,1
18795,65,4,1
18795,8037,5,1
18795,6544,6,1
18795,11009,7,1
18795,10785,8,1
18795,8173,9,1
18795,5121,10,1
18795,1776,11,1
18795,4211,12,1
18795,5475,13,1
18795,941,14,1
18795,276,15,1
18795,5105,16,1
18799,7963,0,1
18799,941,1,1
18799,5105,2,1
18799,5717,3,1
18799,11009,4,1
18799,4211,5,1
18799,1334,6,1
18799,8173,7,1
18799,6544,8,1
18799,6862,9,1
18799,8037,10,1
18799,276,11,1
18799,5475,12,1
18799,65,13,1
18799,5121,14,1
18801,5105,0,1
18801,5475,1,1
18801,7963,2,1
18801,5121,3,1
18801,6544,4,1
18801,276,5,1
18801,6862,6,1
18801,1776,7,1
18801,8037,8,1
18801,9016,9,1
18801,1334,10,1
18801,8173,11,1
18801,11009,12,1
18801,5717,13,1
18801,941,14,1
18919,7963,0,1
18919,1776,1,1
18919,6862,2,1
18919,1334,3,1
18919,5105,4,1
18919,8037,5,1
18919,5121,6,1
18919,8173,7,1
18919,6544,8,1
18919,11009,9,1
18919,5717,10,1
18919,941,11,1
18919,276,12,1
18919,4211,13,1
18919,10785,14,1
18919,5475,15,1
18919,65,16,1
1892,1776,0,1
1892,1334,1,1
1892,5717,2,1
1892,10785,3,1
1892,8173,4,1
1892,6544,5,1
1892,65,6,1
1892,11009,7,1
1892,7963,8,1
1892,5121,9,1
1892,941,10,1
1892,8037,11,1
1892,5475,12,1
1892,5105,13,1
1892,276,14,1
18936,8037,0,1
18936,1776,1,1
18936,6544,2,1
18936,276,3,1
18936,5717,4,1
18936,7963,5,1
18936,8173,6,1
18936,5475,7,1
18936,1334,8,1
18936,5105,9,1
18936,6862,10,1
18936,941,11,1
18936,65,12,1
18936,11009,13,1
18936,5121,14,1
18936,10785,15,1
18936,4211,16,1
18953,11009,0,1
18953,8037,1,1
18953,1776,2,1
18953,5105,3,1
18953,5717,4,1
18953,4211,5,1
18953,1334,6,1
18953,7963,7,1
18953,6862,8,1
18953,10785,9,1
18953,65,10,1
18953,941,11,1
18953,9016,12,1
18953,8173,13,1
18953,5475,14,1
18953,5121,15,1
18953,276,16,1
18953,6544,17,1
18959,10785,0,1
18959,5475,1,1
18959,8173,2,1
18959,65,3,1
18959,6862,4,1
18959,1334,5,1
18959,9016,6,1
18959,5717,7,1
18959,1776,8,1
18959,276,9,1
18959,8037,10,1
18959,11009,11,1
18959,4211,12,1
18959,6544,13,1
18959,7963,14,1
18959,5121,15,1
18959,941,16,1
18965,6862,0,1
18965,276,1,1
18965,4211,2,1
18965,8173,3,1
18965,1334,4,1
18965,6544,5,1
18965,11009,6,1
18965,8037,7,1
18965,7963,8,1
18965,5121,9,1
18965,10785,10,1
18965,1776,11,1
18965,5105,12,1
18965,5717,13,1
18965,941,14,1
18965,65,15,1
18965,5475,16,1
18966,11009,0,1
18966,6862,1,1
18966,8037,2,1
18966,65,3,1
18966,7963,4,1
18966,1776,5,1
18966,9016,6,1
18966,5105,7,1
18966,6544,8,1
18966,276,9,1
18966,5121,10,1
18966,4211,11,1
18966,8173,12,1
18966,5475,13,1
18966,10785,14,1
18966,5717,15,1
18990,276,0,1
18990,9016,1,1
18990,7963,2,1
18990,5717,3,1
18990,5105,4,1
18990,11009,5,1
18990,941,6,1
18990,6544,7,1
18990,4211,8,1
18990,1776,9,1
18990,5475,10,1
18990,1334,11,1
18990,8037,12,1
18990,65,13,1
18990,8173,14,1
18992,1776,0,1
18992,7963,1,1
18992,5121,2,1
18992,9016,3,1
18992,1334,4,1
18992,6544,5,1
18992,4211,6,1
18992,276,7,1
18992,941,8,1
18992,5717,9,1
18992,6862,10,1
18992,8037,11,1
18992,11009,12,1
18992,5105,13,1
18992,10785,14,1
18992,8173,15,1
18994,5717,0,1
18994,5105,1,1
18994,7963,2,1
18994,11009,3,1
18994,6862,4,1
18994,65,5,1
18994,1334,6,1
18994,4211,7,1
18994,276,8,1
18994,941,9,1
18994,5121,10,1
18994,8173,11,1
18994,5475,12,1
18994,10785,13,1
18994,8037,14,1
1900,7963,0,1
1900,5475,1,1
1900,11009,2,1
1900,65,3,1
1900,5105,4,1
1900,276,5,1
1900,5717,6,1
1900,1334,7,1
1900,10785,8,1
1900,8173,9,1
1900,5121,10,1
1900,6544,11,1
1900,4211,12,1
1900,1776,13,1
1900,6862,14,1
1900,941,15,1
1900,8037,16,1
1901,276,0,1
1901,7963,1,1
1901,8037,2,1
1901,10785,3,1
1901,8173,4,1
1901,6544,5,1
1901,5475,6,1
1901,5105,7,1
1901,1334,8,1
1901,5121,9,1
1901,1776,10,1
1901,11009,11,1
1901,6862,12,1
1901,941,13,1
1901,4211,14,1
19020,5105,0,1
19020,8173,1,1
19020,7963,2,1
19020,65,3,1
19020,4211,4,1
19020,5475,5,1
19020,9016,6,1
19020,10785,7,1
19020,6862,8,1
19020,11009,9,1
19020,276,10,1
19020,8037,11,1
19020,6544,12,1
19020,1776,13,1
19020,1334,14,1
19020,5717,15,1
19020,941,16,1
19020,5121,17,1
19036,5105,0,1
19036,7963,1,1
19036,65,2,1
19036,5475,3,1
19036,8173,4,1
19036,11009,5,1
19036,5717,6,1
19036,4211,7,1
19036,1776,8,1
19036,9016,9,1
19036,1334,10,1
19036,6544,11,1
19036,276,12,1
19036,10785,13,1
19036,5121,14,1
19036,941,15,1
19054,5717,0,1
19054,7963,1,1
19054,276,2,1
19054,1334,3,1
19054,65,4,1
19054,8173,5,1
19054,8037,6,1
19054,6544,7,1
19054,10785,8,1
19054,5475,9,1
19054,941,10,1
19054,4211,11,1
19054,5105,12,1
19054,11009,13,1
19054,5121,14,1
19057,6862,0,1
19057,5717,1,1
19057,7963,2,1
19057,5121,3,1
19057,5105,4,1
19057,276,5,1
19057,1334,6,1
19057,4211,7,1
19057,6544,8,1
19057,10785,9,1
19057,8037,10,1
19057,1776,11,1
19057,65,12,1
19057,941,13,1
19057,11009,14,1
19057,5475,15,1
19057,8173,16,1
19089,7963,0,1
19089,8173,1,1
19089,5475,2,1
19089,5121,3,1
19089,11009,4,1
19089,276,5,1
19089,65,6,1
19089,6544,7,1
19089,941,8,1
19089,10785,9,1
19089,6862,10,1
19089,1334,11,1
19089,8037,12,1
19089,1776,13,1
19089,4211,14,1
19089,5717,15,1
191,276,0,1
191,9016,1,1
191,7963,2,1
191,1776,3,1
191,941,4,1
191,5475,5,1
191,5121,6,1
191,5717,7,1
191,11009,8,1
191,65,9,1
191,8173,10,1
191,4211,11,1
191,1334,12,1
191,8037,13,1
191,6544,14,1
191,5105,15,1
191,10785,16,1
19101,4211,0,1
19101,7963,1,1
19101,941,2,1
19101,5121,3,1
19101,5717,4,1
19101,5475,5,1
19101,6544,6,1
19101,8173,7,1
19101,1334,8,1
19101,276,9,1
19101,65,10,1
19101,5105,11,1
19101,10785,12,1
19101,8037,13,1
19101,6862,14,1
19101,1776,15,1
19101,11009,16,1
1911,5475,0,1
1911,1334,1,1
1911,5717,2,1
1911,10785,3,1
1911,5105,4,1
1911,941,5,1
1911,8037,6,1
1911,7963,7,1
1911,9016,8,1
1911,8173,9,1
1911,276,10,1
1911,1776,11,1
1911,11009,12,1
1911,6862,13,1
1911,6544,14,1
1911,5121,15,1
1911,4211,16,1
1911,65,17,1
19110,1334,0,1
19110,8037,1,1
19110,5105,2,1
19110,8173,3,1
19110,7963,4,1
19110,1776,5,1
19110,10785,6,1
19110,276,7,1
19110,5121,8,1
19110,4211,9,1
19110,6544,10,1
19110,11009,11,1
19110,65,12,1
19110,5475,13,1
19110,6862,14,1
19110,5717,15,1
19111,1776,0,1
19111,7963,1,1
19111,1334,2,1
19111,6544,3,1
19111,941,4,1
19111,8173,5,1
19111,5475,6,1
19111,5105,7,1
19111,276,8,1
19111,6862,9,1
19111,10785,10,1
19111,8037,11,1
19111,5717,12,1
19111,11009,13,1
19111,4211,14,1
19118,5121,0,1
19118,8037,1,1
19118,5717,2,1
19118,941,3,1
19118,8173,4,1
19118,7963,5,1
19118,1334,6,1
19118,5475,7,1
19118,6862,8,1
19118,6544,9,1
19118,4211,10,1
19118,10785,11,1
19118,276,12,1
19118,11009,13,1
19118,5105,14,1
19124,6544,0,1
19124,11009,1,1
19124,7963,2,1
19124,5475,3,1
19124,4211,4,1
19124,6862,5,1
19124,5717,6,1
19124,8173,7,1
19124,1334,8,1
19124,8037,9,1
19124,5121,10,1
19124,941,11,1
19124,5105,12,1
19124,65,13,1
19124,276,14,1
19144,8037,0,1
19144,5121,1,1
19144,1776,2,1
19144,4211,3,1
19144,1334,4,1
19144,276,5,1
19144,7963,6,1
19144,5717,7,1
19144,6544,8,1
19144,941,9,1
19144,8173,10,1
19144,5105,11,1
19144,11009,12,1
19144,65,13,1
19144,6862,14,1
19148,6544,0,1
19148,1334,1,1
19148,5105,2,1
19148,5717,3,1
19148,7963,4,1
19148,8037,5,1
19148,276,6,1
19148,5475,7,1
19148,4211,8,1
19148,941,9,1
19148,5121,10,1
19148,65,11,1
19148,8173,12,1
19148,11009,13,1
19148,1776,14,1
19171,7963,0,1
19171,11009,1,1
19171,9016,2,1
19171,5475,3,1
19171,276,4,1
19171,65,5,1
19171,10785,6,1
19171,4211,7,1
19171,8037,8,1
19171,8173,9,1
19171,6862,10,1
19171,5105,11,1
19171,941,12,1
19171,1334,13,1
19171,5717,14,1
19177,65,0,1
19177,6862,1,1
19177,1334,2,1
19177,4211,3,1
19177,7963,4,1
19177,8173,5,1
19177,8037,6,1
19177,1776,7,1
19177,5121,8,1
19177,6544,9,1
19177,9016,10,1
19177,11009,11,1
19177,5105,12,1
19177,5717,13,1
19177,276,14,1
19177,5475,15,1
19177,10785,16,1
19177,941,17,1
192,10785,0,1
192,4211,1,1
192,8037,2,1
192,941,3,1
192,11009,4,1
192,7963,5,1
192,276,6,1
192,1334,7,1
192,6862,8,1
192,6544,9,1
192,8173,10,1
192,5475,11,1
192,5105,12,1
192,5717,13,1
192,1776,14,1
192,5121,15,1
192,65,16,1
19211,1334,0,1
19211,1776,1,1
19211,8037,2,1
19211,65,3,1
19211,941,4,1
19211,5717,5,1
19211,7963,6,1
19211,11009,7,1
19211,276,8,1
19211,5475,9,1
19211,6862,10,1
19211,6544,11,1
19211,8173,12,1
19211,5105,13,1
19211,5121,14,1
19234,65,0,1
19234,6544,1,1
19234,7963,2,1
19234,8037,3,1
19234,11009,4,1
19234,1776,5,1
19234,5121,6,1
19234,5475,7,1
19234,6862,8,1
19234,4211,9,1
19234,5105,10,1
19234,1334,11,1
19234,941,12,1
19234,5717,13,1
19234,276,14,1
19234,10785,15,1
19234,8173,16,1
19246,8173,0,1
19246,941,1,1
19246,5475,2,1
19246,6544,3,1
19246,6862,4,1
19246,11009,5,1
19246,10785,6,1
19246,5717,7,1
19246,1334,8,1
19246,7963,9,1
19246,5105,10,1
19246,4211,11,1
19246,276,12,1
19246,8037,13,1
19246,1776,14,1
19246,5121,15,1
19263,8037,0,1
19263,5475,1,1
19263,7963,2,1
19263,5717,3,1
19263,9016,4,1
19263,1334,5,1
19263,941,6,1
19263,5105,7,1
19263,11009,8,1
19263,65,9,1
19263,5121,10,1
19263,6544,11,1
19263,8173,12,1
19263,276,13,1
19263,4211,14,1
19265,8037,0,1
19265,5105,1,1
19265,1334,2,1
19265,6862,3,1
19265,7963,4,1
19265,941,5,1
19265,276,6,1
19265,1776,7,1
19265,5717,8,1
19265,5121,9,1
19265,10785,10,1
19265,8173,11,1
19265,5475,12,1
19265,11009,13,1
19265,6544,14,1
19267,6544,0,1
19267,6862,1,1
19267,1334,2,1
19267,276,3,1
19267,5105,4,1
19267,7963,5,1
19267,5475,6,1
19267,8037,7,1
19267,4211,8,1
19267,11009,9,1
19267,5717,10,1
19267,65,11,1
19267,1776,12,1
19267,8173,13,1
19267,10785,14,1
19267,5121,15,1
19267,941,16,1
19275,6862,0,1
19275,8037,1,1
19275,7963,2,1
19275,1776,3,1
19275,10785,4,1
19275,4211,5,1
19275,11009,6,1
19275,5717,7,1
19275,5121,8,1
19275,1334,9,1
19275,8173,10,1
19275,276,11,1
19275,6544,12,1
19275,65,13,1
19275,941,14,1
19275,5475,15,1
1928,7963,0,1
1928,276,1,1
1928,941,2,1
1928,8173,3,1
1928,1776,4,1
1928,5121,5,1
1928,4211,6,1
1928,5717,7,1
1928,5475,8,1
1928,1334,9,1
1928,8037,10,1
1928,6544,11,1
1928,5105,12,1
1928,10785,13,1
1928,11009,14,1
1928,6862,15,1
19286,11009,0,1
19286,8173,1,1
19286,7963,2,1
19286,5475,3,1
19286,1334,4,1
19286,8037,5,1
19286,5105,6,1
19286,276,7,1
19286,6862,8,1
19286,10785,9,1
19286,5717,10,1
19286,5121,11,1
19286,6544,12,1
19286,1776,13,1
19286,65,14,1
19286,941,15,1
19287,7963,0,1
19287,4211,1,1
19287,5717,2,1
19287,5105,3,1
19287,1776,4,1
19287,1334,5,1
19287,5475,6,1
19287,8173,7,1
19287,8037,8,1
19287,5121,9,1
19287,941,10,1
19287,6544,11,1
19287,10785,12,1
19287,11009,13,1
19287,276,14,1
1929,941,0,1
1929,7963,1,1
1929,1334,2,1
1929,10785,3,1
1929,8037,4,1
1929,276,5,1
1929,1776,6,1
1929,6544,7,1
1929,11009,8,1
1929,5105,9,1
1929,65,10,1
1929,5717,11,1
1929,4211,12,1
1929,8173,13,1
1929,5475,14,1
1929,5121,15,1
1929,6862,16,1
19298,1776,0,1
19298,941,1,1
19298,10785,2,1
19298,1334,3,1
19298,7963,4,1
19298,11009,5,1
19298,6862,6,1
19298,8173,7,1
19298,6544,8,1
19298,5717,9,1
19298,4211,10,1
19298,276,11,1
19298,5121,12,1
19298,5105,13,1
19298,5475,14,1
19305,5475,0,1
19305,1334,1,1
19305,5717,2,1
19305,7963,3,1
19305,11009,4,1
19305,276,5,1
19305,1776,6,1
19305,8037,7,1
19305,8173,8,1
19305,6862,9,1
19305,941,10,1
19305,5105,11,1
19305,6544,12,1
19305,4211,13,1
19305,10785,14,1
19305,65,15,1
19310,7963,0,1
19310,1776,1,1
19310,5717,2,1
19310,276,3,1
19310,5121,4,1
19310,1334,5,1
19310,6862,6,1
19310,11009,7,1
19310,941,8,1
19310,10785,9,1
19310,8173,10,1
19310,5475,11,1
19310,65,12,1
19310,5105,13,1
19310,8037,14,1
19310,4211,15,1
19310,6544,16,1
19317,1334,0,1
19317,276,1,1
19317,8037,2,1
19317,1776,3,1
19317,6544,4,1
19317,7963,5,1
19317,941,6,1
19317,5717,7,1
19317,6862,8,1
19317,9016,9,1
19317,5105,10,1
19317,11009,11,1
19317,10785,12,1
19317,8173,13,1
19317,4211,14,1
19317,5121,15,1
19317,5475,16,1
19318,65,0,1
19318,5105,1,1
19318,7963,2,1
19318,8037,3,1
19318,6544,4,1
19318,5717,5,1
19318,5121,6,1
19318,10785,7,1
19318,276,8,1
19318,5475,9,1
19318,1776,10,1
19318,11009,11,1
19318,6862,12,1
19318,1334,13,1
19318,8173,14,1
1932,7963,0,1
1932,1334,1,1
1932,9016,2,1
1932,6544,3,1
1932,5121,4,1
1932,5105,5,1
1932,1776,6,1
1932,4211,7,1
1932,8173,8,1
1932,11009,9,1
1932,65,10,1
1932,5717,11,1
1932,941,12,1
1932,6862,13,1
1932,276,14,1
1932,10785,15,1
1932,5475,16,1
19322,10785,0,1
19322,11009,1,1
19322,6862,2,1
19322,1776,3,1
19322,7963,4,1
19322,1334,5,1
19322,6544,6,1
19322,8173,7,1
19322,276,8,1
19322,5475,9,1
19322,5717,10,1
19322,8037,11,1
19322,4211,12,1
19322,941,13,1
19322,5105,14,1
19325,1776,0,1
19325,11009,1,1
19325,8037,2,1
19325,276,3,1
19325,5105,4,1
19325,5475,5,1
19325,65,6,1
19325,6544,7,1
19325,7963,8,1
19325,8173,9,1
19325,5121,10,1
19325,6862,11,1
19325,5717,12,1
19325,1334,13,1
19325,4211,14,1
19326,5105,0,1
19326,941,1,1
19326,7963,2,1
19326,1776,3,1
19326,6544,4,1
19326,5475,5,1
19326,276,6,1
19326,10785,7,1
19326,8037,8,1
19326,8173,9,1
19326,4211,10,1
19326,5717,11,1
19326,11009,12,1
19326,5121,13,1
19326,1334,14,1
19326,6862,15,1
19345,276,0,1
19345,8037,1,1
19345,9016,2,1
19345,5121,3,1
19345,11009,4,1
19345,6862,5,1
19345,6544,6,1
19345,1334,7,1
19345,5475,8,1
19345,7963,9,1
19345,65,10,1
19345,8173,11,1
19345,1776,12,1
19345,941,13,1
19345,5105,14,1
19399,10785,0,1
19399,6544,1,1
19399,5475,2,1
19399,1334,3,1
19399,6862,4,1
19399,1776,5,1
19399,5105,6,1
19399,8173,7,1
19399,276,8,1
19399,4211,9,1
19399,8037,10,1
19399,65,11,1
19399,11009,12,1
19399,5717,13,1
19399,941,14,1
19399,7963,15,1
19399,5121,16,1
19408,8037,0,1
19408,65,1,1
19408,8173,2,1
19408,5121,3,1
19408,1776,4,1
19408,7963,5,1
19408,1334,6,1
19408,6544,7,1
19408,276,8,1
19408,941,9,1
19408,10785,10,1
19408,6862,11,1
19408,11009,12,1
19408,5475,13,1
19408,5717,14,1
19408,4211,15,1
19408,9016,16,1
19425,7963,0,1
19425,11009,1,1
19425,5717,2,1
19425,276,3,1
19425,5105,4,1
19425,8037,5,1
19425,1776,6,1
19425,10785,7,1
19425,941,8,1
19425,6862,9,1
19425,65,10,1
19425,6544,11,1
19425,8173,12,1
19425,4211,13,1
19425,5121,14,1
19425,1334,15,1
19465,9016,0,1
19465,11009,1,1
19465,6544,2,1
19465,6862,3,1
19465,8037,4,1
19465,8173,5,1
19465,7963,6,1
19465,5121,7,1
19465,4211,8,1
19465,10785,9,1
19465,5717,10,1
19465,1334,11,1
19465,276,12,1
19465,5105,13,1
19465,5475,14,1
19465,65,15,1
19469,9016,0,1
19469,8173,1,1
19469,276,2,1
19469,11009,3,1
19469,941,4,1
19469,5105,5,1
19469,10785,6,1
19469,6544,7,1
19469,5717,8,1
19469,65,9,1
19469,1334,10,1
19469,5121,11,1
19469,7963,12,1
19469,8037,13,1
19469,4211,14,1
19478,8173,0,1
19478,7963,1,1
19478,5475,2,1
19478,1776,3,1
19478,11009,4,1
19478,276,5,1
19478,941,6,1
19478,6544,7,1
19478,5717,8,1
19478,10785,9,1
19478,1334,10,1
19478,8037,11,1
19478,4211,12,1
19478,5105,13,1
19478,5121,14,1
19509,7963,0,1
19509,1776,1,1
19509,941,2,1
19509,4211,3,1
19509,5105,4,1
19509,1334,5,1
19509,8173,6,1
19509,6862,7,1
19509,5717,8,1
19509,276,9,1
19509,8037,10,1
19509,5475,11,1
19509,11009,12,1
19509,65,13,1
19509,6544,14,1
19509,10785,15,1
19509,5121,16,1
19515,1334,0,1
19515,5717,1,1
19515,5475,2,1
19515,65,3,1
19515,5121,4,1
19515,1776,5,1
19515,276,6,1
19515,7963,7,1
19515,6544,8,1
19515,11009,9,1
19515,5105,10,1
19515,8173,11,1
19515,6862,12,1
19515,4211,13,1
19515,8037,14,1
19515,941,15,1
19528,10785,0,1
19528,11009,1,1
19528,8173,2,1
19528,8037,3,1
19528,6544,4,1
19528,941,5,1
19528,276,6,1
19528,7963,7,1
19528,1776,8,1
19528,65,9,1
19528,1334,10,1
19528,4211,11,1
19528,5717,12,1
19528,5105,13,1
19528,5475,14,1
19567,7963,0,1
19567,65,1,1
19567,6544,2,1
19567,1334,3,1
19567,276,4,1
19567,1776,5,1
19567,941,6,1
19567,5105,7,1
19567,5475,8,1
19567,8173,9,1
19567,5717,10,1
19567,8037,11,1
19567,11009,12,1
19567,10785,13,1
19567,4211,14,1
1957,65,0,1
1957,276,1,1
1957,11009,2,1
1957,941,3,1
1957,5717,4,1
1957,1334,5,1
1957,10785,6,1
1957,5105,7,1
1957,8037,8,1
1957,1776,9,1
1957,5475,10,1
1957,6862,11,1
1957,4211,12,1
1957,7963,13,1
1957,5121,14,1
1957,8173,15,1
1957,6544,16,1
19594,7963,0,1
19594,1334,1,1
19594,5105,2,1
19594,5121,3,1
19594,65,4,1
19594,11009,5,1
19594,8037,6,1
19594,941,7,1
19594,5717,8,1
19594,5475,9,1
19594,8173,10,1
19594,4211,11,1
19594,276,12,1
19594,1776,13,1
19594,6544,14,1
19615,11009,0,1
19615,7963,1,1
19615,941,2,1
19615,5475,3,1
19615,5717,4,1
19615,6862,5,1
19615,10785,6,1
19615,1334,7,1
19615,8173,8,1
19615,4211,9,1
19615,8037,10,1
19615,6544,11,1
19615,65,12,1
19615,1776,13,1
19615,5121,14,1
19615,276,15,1
19615,5105,16,1
19632,1776,0,1
19632,65,1,1
19632,5475,2,1
19632,8037,3,1
19632,4211,4,1
19632,9016,5,1
19632,7963,6,1
19632,276,7,1
19632,5121,8,1
19632,6544,9,1
19632,5105,10,1
19632,11009,11,1
19632,5717,12,1
19632,941,13,1
19632,10785,14,1
19632,8173,15,1
19632,1334,16,1
19650,5717,0,1
19650,8037,1,1
19650,1776,2,1
19650,7963,3,1
19650,5121,4,1
19650,10785,5,1
19650,6544,6,1
19650,8173,7,1
19650,1334,8,1
19650,4211,9,1
19650,276,10,1
19650,5105,11,1
19650,11009,12,1
19650,941,13,1
19650,5475,14,1
19664,7963,0,1
19664,276,1,1
19664,6862,2,1
19664,5475,3,1
19664,5717,4,1
19664,8173,5,1
19664,1334,6,1
19664,4211,7,1
19664,5105,8,1
19664,1776,9,1
19664,941,10,1
19664,5121,11,1
19664,11009,12,1
19664,6544,13,1
19664,10785,14,1
19664,8037,15,1
19673,10785,0,1
19673,4211,1,1
19673,276,2,1
19673,7963,3,1
19673,65,4,1
19673,6862,5,1
19673,941,6,1
19673,5475,7,1
19673,6544,8,1
19673,11009,9,1
19673,8037,10,1
19673,5121,11,1
19673,8173,12,1
19673,5105,13,1
19673,5717,14,1
19696,4211,0,1
19696,8173,1,1
19696,5105,2,1
19696,7963,3,1
19696,6544,4,1
19696,941,5,1
19696,5121,6,1
19696,65,7,1
19696,1334,8,1
19696,11009,9,1
19696,5475,10,1
19696,1776,11,1
19696,5717,12,1
19696,276,13,1
19696,8037,14,1
19711,5105,0,1
19711,11009,1,1
19711,4211,2,1
19711,8037,3,1
19711,5121,4,1
19711,1776,5,1
19711,8173,6,1
19711,6544,7,1
19711,941,8,1
19711,6862,9,1
19711,7963,10,1
19711,1334,11,1
19711,276,12,1
19711,5717,13,1
19711,5475,14,1
19711,10785,15,1
19718,276,0,1
19718,5717,1,1
19718,1334,2,1
19718,5475,3,1
19718,7963,4,1
19718,9016,5,1
19718,65,6,1
19718,11009,7,1
19718,4211,8,1
19718,8037,9,1
19718,6544,10,1
19718,941,11,1
19718,10785,12,1
19718,5105,13,1
19718,8173,14,1
19733,11009,0,1
19733,7963,1,1
19733,8037,2,1
19733,6544,3,1
19733,4211,4,1
19733,10785,5,1
19733,276,6,1
19733,6862,7,1
19733,5475,8,1
19733,5105,9,1
19733,8173,10,1
19733,941,11,1
19733,65,12,1
19733,5717,13,1
19733,1776,14,1
19733,5121,15,1
19752,276,0,1
19752,8173,1,1
19752,6544,2,1
19752,8037,3,1
19752,7963,4,1
19752,11009,5,1
19752,5475,6,1
19752,941,7,1
19752,6862,8,1
19752,10785,9,1
19752,9016,10,1
19752,1334,11,1
19752,5717,12,1
19752,1776,13,1
19752,4211,14,1
19752,65,15,1
19752,5105,16,1
19770,1334,0,1
19770,8173,1,1
19770,7963,2,1
19770,65,3,1
19770,9016,4,1
19770,11009,5,1
19770,6862,6,1
19770,5475,7,1
19770,276,8,1
19770,8037,9,1
19770,4211,10,1
19770,6544,11,1
19770,10785,12,1
19770,5105,13,1
19770,941,14,1
19770,5121,15,1
19774,10785,0,1
19774,7963,1,1
19774,941,2,1
19774,1334,3,1
19774,8037,4,1
19774,276,5,1
19774,4211,6,1
19774,5105,7,1
19774,11009,8,1
19774,1776,9,1
19774,65,10,1
19774,5717,11,1
19774,5475,12,1
19774,8173,13,1
19774,6862,14,1
19774,5121,15,1
19774,6544,16,1
19789,5105,0,1
19789,10785,1,1
19789,11009,2,1
19789,276,3,1
19789,5475,4,1
19789,8037,5,1
19789,7963,6,1
19789,8173,7,1
19789,65,8,1
19789,1334,9,1
19789,6544,10,1
19789,6862,11,1
19789,1776,12,1
19789,4211,13,1
19789,5717,14,1
19789,941,15,1
19797,5121,0,1
19797,8037,1,1
19797,1334,2,1
19797,7963,3,1
19797,941,4,1
19797,5717,5,1
19797,8173,6,1
19797,276,7,1
19797,5475,8,1
19797,5105,9,1
19797,4211,10,1
19797,11009,11,1
19797,1776,12,1
19797,6544,13,1
19797,6862,14,1
19797,65,15,1
19797,10785,16,1
19808,8037,0,1
19808,4211,1,1
19808,8173,2,1
19808,5105,3,1
19808,9016,4,1
19808,7963,5,1
19808,6862,6,1
19808,11009,7,1
19808,5717,8,1
19808,65,9,1
19808,941,10,1
19808,1776,11,1
19808,276,12,1
19808,5475,13,1
19808,6544,14,1
19814,7963,0,1
19814,8173,1,1
19814,8037,2,1
19814,5121,3,1
19814,5475,4,1
19814,6862,5,1
19814,1334,6,1
19814,5105,7,1
19814,65,8,1
19814,1776,9,1
19814,11009,10,1
19814,5717,11,1
19814,276,12,1
19814,941,13,1
19814,10785,14,1
19814,6544,15,1
1982,5121,0,1
1982,11009,1,1
1982,6544,2,1
1982,65,3,1
1982,5105,4,1
1982,5717,5,1
1982,10785,6,1
1982,8037,7,1
1982,7963,8,1
1982,8173,9,1
1982,6862,10,1
1982,941,11,1
1982,4211,12,1
1982,1334,13,1
1982,276,14,1
1982,5475,15,1
19821,1776,0,1
19821,10785,1,1
19821,8173,2,1
19821,1334,3,1
19821,5121,4,1
19821,5717,5,1
19821,7963,6,1
19821,8037,7,1
19821,276,8,1
19821,4211,9,1
19821,65,10,1
19821,941,11,1
19821,6862,12,1
19821,5475,13,1
19821,5105,14,1
19821,11009,15,1
19850,9016,0,1
19850,6544,1,1
19850,7963,2,1
19850,6862,3,1
19850,11009,4,1
19850,941,5,1
19850,8173,6,1
19850,5105,7,1
19850,276,8,1
19850,5121,9,1
19850,1334,10,1
19850,4211,11,1
19850,8037,12,1
19850,5475,13,1
19850,5717,14,1
19875,5717,0,1
19875,10785,1,1
19875,8037,2,1
19875,4211,3,1
19875,7963,4,1
19875,6862,5,1
19875,6544,6,1
19875,8173,7,1
19875,1776,8,1
19875,1334,9,1
19875,5475,10,1
19875,276,11,1
19875,5105,12,1
19875,11009,13,1
19875,941,14,1
19875,5121,15,1
19886,276,0,1
19886,7963,1,1
19886,1334,2,1
19886,5475,3,1
19886,5121,4,1
19886,1776,5,1
19886,8037,6,1
19886,6544,7,1
19886,11009,8,1
19886,941,9,1
19886,4211,10,1
19886,5717,11,1
19886,6862,12,1
19886,10785,13,1
19886,5105,14,1
19886,8173,15,1
19895,10785,0,1
19895,1334,1,1
19895,5105,2,1
19895,5475,3,1
19895,5121,4,1
19895,276,5,1
19895,8037,6,1
19895,8173,7,1
19895,5717,8,1
19895,1776,9,1
19895,11009,10,1
19895,6862,11,1
19895,941,12,1
19895,65,13,1
19895,4211,14,1
19895,7963,15,1
19895,6544,16,1
19902,276,0,1
19902,8173,1,1
19902,7963,2,1
19902,65,3,1
19902,11009,4,1
19902,8037,5,1
19902,1776,6,1
19902,4211,7,1
19902,941,8,1
19902,5105,9,1
19902,10785,10,1
19902,1334,11,1
19902,6544,12,1
19902,5121,13,1
19902,5475,14,1
19902,5717,15,1
19912,5121,0,1
19912,941,1,1
19912,8037,2,1
19912,1334,3,1
19912,7963,4,1
19912,5717,5,1
19912,5105,6,1
19912,5475,7,1
19912,11009,8,1
19912,8173,9,1
19912,4211,10,1
19912,276,11,1
19912,10785,12,1
19912,6862,13,1
19912,6544,14,1
1992,5121,0,1
1992,9016,1,1
1992,6862,2,1
1992,1334,3,1
1992,5717,4,1
1992,11009,5,1
1992,10785,6,1
1992,6544,7,1
1992,4211,8,1
1992,8037,9,1
1992,1776,10,1
1992,8173,11,1
1992,941,12,1
1992,65,13,1
1992,276,14,1
1992,5105,15,1
1992,5475,16,1
1992,7963,17,1
19921,5475,0,1
19921,8037,1,1
19921,1334,2,1
19921,1776,3,1
19921,10785,4,1
19921,7963,5,1
19921,6544,6,1
19921,5717,7,1
19921,276,8,1
19921,5105,9,1
19921,6862,10,1
19921,5121,11,1
19921,11009,12,1
19921,8173,13,1
19921,941,14,1
19935,4211,0,1
19935,11009,1,1
19935,9016,2,1
19935,1776,3,1
19935,10785,4,1
19935,65,5,1
19935,7963,6,1
19935,6862,7,1
19935,5105,8,1
19935,5717,9,1
19935,8173,10,1
19935,5475,11,1
19935,5121,12,1
19935,1334,13,1
19935,8037,14,1
19935,941,15,1
19935,276,16,1
1995,6862,0,1
1995,7963,1,1
1995,1334,2,1
1995,4211,3,1
1995,1776,4,1
1995,8037,5,1
1995,8173,6,1
1995,5121,7,1
1995,6544,8,1
1995,941,9,1
1995,10785,10,1
1995,5105,11,1
1995,276,12,1
1995,11009,13,1
1995,5475,14,1
1995,65,15,1
19969,6544,0,1
19969,6862,1,1
19969,11009,2,1
19969,276,3,1
19969,7963,4,1
19969,4211,5,1
19969,941,6,1
19969,1334,7,1
19969,1776,8,1
19969,5105,9,1
19969,8173,10,1
19969,8037,11,1
19969,10785,12,1
19969,5121,13,1
19969,5475,14,1
19983,6862,0,1
19983,1334,1,1
19983,7963,2,1
19983,8173,3,1
19983,5121,4,1
19983,276,5,1
19983,65,6,1
19983,11009,7,1
19983,941,8,1
19983,4211,9,1
19983,8037,10,1
19983,1776,11,1
19983,5717,12,1
19983,6544,13,1
19983,5475,14,1
19983,5105,15,1
19983,10785,16,1
19997,5475,0,1
19997,11009,1,1
19997,8037,2,1
19997,276,3,1
19997,6862,4,1
19997,1776,5,1
19997,7963,6,1
19997,5717,7,1
19997,6544,8,1
19997,1334,9,1
19997,4211,10,1
19997,8173,11,1
19997,5105,12,1
19997,65,13,1
19997,941,14,1
19999,941,0,1
19999,6862,1,1
19999,8037,2,1
19999,4211,3,1
19999,5717,4,1
19999,7963,5,1
19999,65,6,1
19999,6544,7,1
19999,1776,8,1
19999,5105,9,1
19999,1334,10,1
19999,8173,11,1
19999,11009,12,1
19999,5121,13,1
19999,5475,14,1
19999,276,15,1
20006,1334,0,1
20006,11009,1,1
20006,6862,2,1
20006,8173,3,1
20006,4211,4,1
20006,5105,5,1
20006,6544,6,1
20006,8037,7,1
20006,1776,8,1
20006,7963,9,1
20006,941,10,1
20006,5121,11,1
20006,10785,12,1
20006,5475,13,1
20006,276,14,1
20010,65,0,1
20010,5105,1,1
20010,1776,2,1
20010,276,3,1
20010,5717,4,1
20010,4211,5,1
20010,5121,6,1
20010,8037,7,1
20010,8173,8,1
20010,5475,9,1
20010,7963,10,1
20010,1334,11,1
20010,6862,12,1
20010,11009,13,1
20010,10785,14,1
20010,941,15,1
20033,7963,0,1
20033,6544,1,1
20033,941,2,1
20033,9016,3,1
20033,65,4,1
20033,1776,5,1
20033,276,6,1
20033,4211,7,1
20033,5717,8,1
20033,1334,9,1
20033,8173,10,1
20033,11009,11,1
20033,5105,12,1
20033,8037,13,1
20033,6862,14,1
20036,6862,0,1
20036,1334,1,1
20036,7963,2,1
20036,9016,3,1
20036,11009,4,1
20036,5121,5,1
20036,941,6,1
20036,8037,7,1
20036,276,8,1
20036,5105,9,1
20036,1776,10,1
20036,6544,11,1
20036,5717,12,1
20036,8173,13,1
20036,5475,14,1
20061,7963,0,1
20061,65,1,1
20061,1776,2,1
20061,276,3,1
20061,6544,4,1
20061,5105,5,1
20061,11009,6,1
20061,5475,7,1
20061,8173,8,1
20061,8037,9,1
20061,1334,10,1
20061,5717,11,1
20061,941,12,1
20061,5121,13,1
20061,10785,14,1
20061,4211,15,1
20061,9016,16,1
20065,11009,0,1
20065,7963,1,1
20065,1334,2,1
20065,5475,3,1
20065,4211,4,1
20065,5121,5,1
20065,8037,6,1
20065,10785,7,1
20065,276,8,1
20065,6862,9,1
20065,65,10,1
20065,941,11,1
20065,5717,12,1
20065,8173,13,1
20065,5105,14,1
20077,5475,0,1
20077,7963,1,1
20077,1334,2,1
20077,1776,3,1
20077,65,4,1
20077,10785,5,1
20077,941,6,1
20077,4211,7,1
20077,5121,8,1
20077,5105,9,1
20077,11009,10,1
20077,276,11,1
20077,8173,12,1
20077,8037,13,1
20077,6862,14,1
20077,5717,15,1
20084,1334,0,1
20084,5121,1,1
20084,11009,2,1
20084,5475,3,1
20084,941,4,1
20084,276,5,1
20084,1776,6,1
20084,8037,7,1
20084,5105,8,1
20084,4211,9,1
20084,7963,10,1
20084,8173,11,1
20084,5717,12,1
20084,65,13,1
20084,10785,14,1
20096,276,0,1
20096,5475,1,1
20096,7963,2,1
20096,1334,3,1
20096,6862,4,1
20096,5121,5,1
20096,6544,6,1
20096,5717,7,1
20096,5105,8,1
20096,1776,9,1
20096,11009,10,1
20096,65,11,1
20096,941,12,1
20096,8037,13,1
20096,10785,14,1
20096,8173,15,1
2010,10785,0,1
2010,8173,1,1
2010,7963,2,1
2010,276,3,1
2010,5475,4,1
2010,8037,5,1
2010,11009,6,1
2010,6544,7,1
2010,5105,8,1
2010,5717,9,1
2010,65,10,1
2010,6862,11,1
2010,1334,12,1
2010,4211,13,1
2010,5121,14,1
20104,5717,0,1
20104,6862,1,1
20104,276,2,1
20104,7963,3,1
20104,4211,4,1
20104,6544,5,1
20104,5105,6,1
20104,10785,7,1
20104,5475,8,1
20104,8037,9,1
20104,11009,10,1
20104,941,11,1
20104,8173,12,1
20104,5121,13,1
20104,1776,14,1
20104,1334,15,1
20106,941,0,1
20106,7963,1,1
20106,10785,2,1
20106,1776,3,1
20106,6862,4,1
20106,5475,5,1
20106,8037,6,1
20106,5121,7,1
20106,5717,8,1
20106,11009,9,1
20106,8173,10,1
20106,1334,11,1
20106,276,12,1
20106,5105,13,1
20106,65,14,1
20106,6544,15,1
20111,11009,0,1
20111,4211,1,1
20111,941,2,1
20111,5717,3,1
20111,7963,4,1
20111,276,5,1
20111,1334,6,1
20111,1776,7,1
20111,65,8,1
20111,6862,9,1
20111,5121,10,1
20111,8037,11,1
20111,10785,12,1
20111,8173,13,1
20111,6544,14,1
20111,5475,15,1
20111,5105,16,1
20114,10785,0,1
20114,7963,1,1
20114,9016,2,1
20114,1776,3,1
20114,6544,4,1
20114,276,5,1
20114,5121,6,1
20114,1334,7,1
20114,5717,8,1
20114,65,9,1
20114,8173,10,1
20114,8037,11,1
20114,11009,12,1
20114,5105,13,1
20114,4211,14,1
20114,6862,15,1
2013,6862,0,1
2013,8173,1,1
2013,941,2,1
2013,7963,3,1
2013,5475,4,1
2013,5717,5,1
2013,5121,6,1
2013,6544,7,1
2013,65,8,1
2013,5105,9,1
2013,11009,10,1
2013,276,11,1
2013,8037,12,1
2013,1334,13,1
2013,4211,14,1
2013,10785,15,1
20141,9016,0,1
20141,276,1,1
20141,5475,2,1
20141,941,3,1
20141,8173,4,1
20141,7963,5,1
20141,1334,6,1
20141,6544,7,1
20141,11009,8,1
20141,4211,9,1
20141,5121,10,1
20141,5105,11,1
20141,65,12,1
20141,10785,13,1
20141,5717,14,1
20159,7963,0,1
20159,5717,1,1
20159,5105,2,1
20159,1776,3,1
20159,5121,4,1
20159,276,5,1
20159,941,6,1
20159,5475,7,1
20159,1334,8,1
20159,4211,9,1
20159,10785,10,1
20159,11009,11,1
20159,8037,12,1
20159,8173,13,1
20159,6544,14,1
20159,6862,15,1
20169,941,0,1
20169,7963,1,1
20169,65,2,1
20169,5105,3,1
20169,5475,4,1
20169,8173,5,1
20169,8037,6,1
20169,1776,7,1
20169,4211,8,1
20169,1334,9,1
20169,276,10,1
20169,10785,11,1
20169,5717,12,1
20169,11009,13,1
20169,6544,14,1
20169,5121,15,1
20169,6862,16,1
20171,5475,0,1
20171,65,1,1
20171,276,2,1
20171,7963,3,1
20171,5121,4,1
20171,11009,5,1
20171,5105,6,1
20171,4211,7,1
20171,8037,8,1
20171,6544,9,1
20171,1334,10,1
20171,6862,11,1
20171,5717,12,1
20171,9016,13,1
20171,10785,14,1
20171,8173,15,1
20179,5121,0,1
20179,1334,1,1
20179,6862,2,1
20179,1776,3,1
20179,9016,4,1
20179,941,5,1
20179,8037,6,1
20179,276,7,1
20179,8173,8,1
20179,7963,9,1
20179,5475,10,1
20179,5717,11,1
20179,4211,12,1
20179,5105,13,1
20179,11009,14,1
20179,6544,15,1
20179,65,16,1
20184,7963,0,1
20184,1334,1,1
20184,4211,2,1
20184,8173,3,1
20184,941,4,1
20184,65,5,1
20184,1776,6,1
20184,11009,7,1
20184,276,8,1
20184,8037,9,1
20184,5105,10,1
20184,10785,11,1
20184,6544,12,1
20184,5717,13,1
20184,6862,14,1
20190,10785,0,1
20190,941,1,1
20190,5105,2,1
20190,8037,3,1
20190,1776,4,1
20190,8173,5,1
20190,6862,6,1
20190,7963,7,1
20190,65,8,1
20190,5475,9,1
20190,276,10,1
20190,1334,11,1
20190,5121,12,1
20190,11009,13,1
20190,6544,14,1
20190,4211,15,1
20206,276,0,1
20206,7963,1,1
20206,4211,2,1
20206,10785,3,1
20206,5475,4,1
20206,941,5,1
20206,5105,6,1
20206,6862,7,1
20206,11009,8,1
20206,5717,9,1
20206,1776,10,1
20206,8173,11,1
20206,6544,12,1
20206,5121,13,1
20206,1334,14,1
2023,7963,0,1
2023,8173,1,1
2023,5121,2,1
2023,5475,3,1
2023,1334,4,1
2023,5717,5,1
2023,6544,6,1
2023,11009,7,1
2023,1776,8,1
2023,6862,9,1
2023,10785,10,1
2023,8037,11,1
2023,4211,12,1
2023,276,13,1
2023,941,14,1
2023,5105,15,1
20246,10785,0,1
20246,5105,1,1
20246,11009,2,1
20246,4211,3,1
20246,6544,4,1
20246,1776,5,1
20246,8173,6,1
20246,276,7,1
20246,7963,8,1
20246,6862,9,1
20246,5121,10,1
20246,941,11,1
20246,65,12,1
20246,1334,13,1
20246,9016,14,1
20274,6862,0,1
20274,1334,1,1
20274,10785,2,1
20274,11009,3,1
20274,8173,4,1
20274,5475,5,1
20274,65,6,1
20274,1776,7,1
20274,8037,8,1
20274,6544,9,1
20274,276,10,1
20274,5105,11,1
20274,941,12,1
20274,7963,13,1
20274,4211,14,1
20274,5717,15,1
20288,8037,0,1
20288,1776,1,1
20288,65,2,1
20288,11009,3,1
20288,5105,4,1
20288,5475,5,1
20288,1334,6,1
20288,6544,7,1
20288,941,8,1
20288,8173,9,1
20288,5717,10,1
20288,10785,11,1
20288,7963,12,1
20288,276,13,1
20288,4211,14,1
20300,65,0,1
20300,8173,1,1
20300,5475,2,1
20300,10785,3,1
20300,5717,4,1
20300,7963,5,1
20300,276,6,1
20300,941,7,1
20300,5105,8,1
20300,8037,9,1
20300,9016,10,1
20300,11009,11,1
20300,4211,12,1
20300,1334,13,1
20300,5121,14,1
20300,1776,15,1
20308,7963,0,1
20308,1776,1,1
20308,11009,2,1
20308,8037,3,1
20308,5105,4,1
20308,1334,5,1
20308,8173,6,1
20308,6544,7,1
20308,6862,8,1
20308,5717,9,1
20308,4211,10,1
20308,5475,11,1
20308,9016,12,1
20308,276,13,1
20308,5121,14,1
20349,7963,0,1
20349,5475,1,1
20349,4211,2,1
20349,1334,3,1
20349,11009,4,1
20349,65,5,1
20349,5121,6,1
20349,8037,7,1
20349,5105,8,1
20349,8173,9,1
20349,941,10,1
20349,10785,11,1
20349,6862,12,1
20349,9016,13,1
20349,6544,14,1
20349,276,15,1
20353,276,0,1
20353,4211,1,1
20353,7963,2,1
20353,65,3,1
20353,8173,4,1
20353,8037,5,1
20353,6862,6,1
20353,11009,7,1
20353,6544,8,1
20353,10785,9,1
20353,5475,10,1
20353,9016,11,1
20353,1334,12,1
20353,5105,13,1
20353,5121,14,1
20355,5105,0,1
20355,1334,1,1
20355,65,2,1
20355,9016,3,1
20355,5475,4,1
20355,1776,5,1
20355,6544,6,1
20355,276,7,1
20355,11009,8,1
20355,8173,9,1
20355,8037,10,1
20355,7963,11,1
20355,5717,12,1
20355,5121,13,1
20355,941,14,1
20358,8173,0,1
20358,1776,1,1
20358,941,2,1
20358,276,3,1
20358,1334,4,1
20358,7963,5,1
20358,8037,6,1
20358,11009,7,1
20358,6544,8,1
20358,5717,9,1
20358,6862,10,1
20358,65,11,1
20358,5105,12,1
20358,4211,13,1
20358,5475,14,1
20358,5121,15,1
20358,10785,16,1
20366,7963,0,1
20366,6862,1,1
20366,1334,2,1
20366,5105,3,1
20366,5121,4,1
20366,6544,5,1
20366,4211,6,1
20366,8037,7,1
20366,11009,8,1
20366,5717,9,1
20366,10785,10,1
20366,5475,11,1
20366,276,12,1
20366,941,13,1
20366,8173,14,1
20366,65,15,1
20393,8173,0,1
20393,1776,1,1
20393,6544,2,1
20393,5475,3,1
20393,65,4,1
20393,7963,5,1
20393,4211,6,1
20393,8037,7,1
20393,11009,8,1
20393,10785,9,1
20393,5717,10,1
20393,9016,11,1
20393,1334,12,1
20393,276,13,1
20393,5105,14,1
20405,1334,0,1
20405,8173,1,1
20405,6862,2,1
20405,7963,3,1
20405,65,4,1
20405,8037,5,1
20405,5105,6,1
20405,276,7,1
20405,5717,8,1
20405,5475,9,1
20405,5121,10,1
20405,1776,11,1
20405,11009,12,1
20405,6544,13,1
20405,4211,14,1
20416,7963,0,1
20416,1776,1,1
20416,5717,2,1
20416,5121,3,1
20416,941,4,1
20416,11009,5,1
20416,6862,6,1
20416,6544,7,1
20416,9016,8,1
20416,4211,9,1
20416,65,10,1
20416,5105,11,1
20416,1334,12,1
20416,8037,13,1
20416,8173,14,1
20416,276,15,1
20435,6544,0,1
20435,6862,1,1
20435,1776,2,1
20435,7963,3,1
20435,10785,4,1
20435,5105,5,1
20435,1334,6,1
20435,11009,7,1
20435,276,8,1
20435,8037,9,1
20435,5121,10,1
20435,8173,11,1
20435,5475,12,1
20435,65,13,1
20435,941,14,1
20435,5717,15,1
20435,9016,16,1
20471,8037,0,1
20471,1776,1,1
20471,5475,2,1
20471,6544,3,1
20471,276,4,1
20471,6862,5,1
20471,1334,6,1
20471,10785,7,1
20471,11009,8,1
20471,5717,9,1
20471,65,10,1
20471,7963,11,1
20471,5121,12,1
20471,941,13,1
20471,5105,14,1
20471,4211,15,1
20471,8173,16,1
20476,8037,0,1
20476,5105,1,1
20476,6544,2,1
20476,65,3,1
20476,7963,4,1
20476,276,5,1
20476,1334,6,1
20476,4211,7,1
20476,8173,8,1
20476,11009,9,1
20476,5717,10,1
20476,1776,11,1
20476,5121,12,1
20476,10785,13,1
20476,5475,14,1
20479,276,0,1
20479,11009,1,1
20479,9016,2,1
20479,5717,3,1
20479,5105,4,1
20479,5475,5,1
20479,7963,6,1
20479,8173,7,1
20479,8037,8,1
20479,941,9,1
20479,6544,10,1
20479,6862,11,1
20479,10785,12,1
20479,65,13,1
20479,4211,14,1
20482,1776,0,1
20482,6862,1,1
20482,8173,2,1
20482,1334,3,1
20482,4211,4,1
20482,11009,5,1
20482,8037,6,1
20482,7963,7,1
20482,5105,8,1
20482,276,9,1
20482,5475,10,1
20482,10785,11,1
20482,941,12,1
20482,5717,13,1
20482,6544,14,1
20492,941,0,1
20492,7963,1,1
20492,11009,2,1
20492,10785,3,1
20492,1776,4,1
20492,276,5,1
20492,4211,6,1
20492,1334,7,1
20492,8037,8,1
20492,5121,9,1
20492,6544,10,1
20492,5105,11,1
20492,65,12,1
20492,8173,13,1
20492,6862,14,1
20492,5717,15,1
20492,5475,16,1
20499,7963,0,1
20499,276,1,1
20499,8037,2,1
20499,1334,3,1
20499,6862,4,1
20499,4211,5,1
20499,941,6,1
20499,11009,7,1
20499,9016,8,1
20499,8173,9,1
20499,10785,10,1
20499,1776,11,1
20499,5121,12,1
20499,5717,13,1
20499,5105,14,1
20499,6544,15,1
20514,1776,0,1
20514,7963,1,1
20514,1334,2,1
20514,941,3,1
20514,8173,4,1
20514,4211,5,1
20514,65,6,1
20514,276,7,1
20514,11009,8,1
20514,8037,9,1
20514,6862,10,1
20514,5475,11,1
20514,5717,12,1
20514,5105,13,1
20514,5121,14,1
20529,6862,0,1
20529,10785,1,1
20529,4211,2,1
20529,8173,3,1
20529,276,4,1
20529,1776,5,1
20529,941,6,1
20529,7963,7,1
20529,1334,8,1
20529,11009,9,1
20529,9016,10,1
20529,6544,11,1
20529,8037,12,1
20529,5475,13,1
20529,5121,14,1
20529,5105,15,1
20558,7963,0,1
20558,276,1,1
20558,1334,2,1
20558,11009,3,1
20558,4211,4,1
20558,941,5,1
20558,5121,6,1
20558,1776,7,1
20558,8173,8,1
20558,65,9,1
20558,8037,10,1
20558,5105,11,1
20558,5717,12,1
20558,6544,13,1
20558,5475,14,1
20558,6862,15,1
20563,1334,0,1
20563,9016,1,1
20563,5121,2,1
20563,8037,3,1
20563,5475,4,1
20563,5105,5,1
20563,8173,6,1
20563,11009,7,1
20563,6544,8,1
20563,7963,9,1
20563,65,10,1
20563,941,11,1
20563,1776,12,1
20563,6862,13,1
20563,276,14,1
20582,276,0,1
20582,7963,1,1
20582,65,2,1
20582,5105,3,1
20582,1776,4,1
20582,1334,5,1
20582,6544,6,1
20582,5717,7,1
20582,941,8,1
20582,11009,9,1
20582,4211,10,1
20582,10785,11,1
20582,9016,12,1
20582,8173,13,1
20582,5475,14,1
20582,8037,15,1
20582,6862,16,1
20582,5121,17,1
20583,5475,0,1
20583,276,1,1
20583,1334,2,1
20583,7963,3,1
20583,5717,4,1
20583,5105,5,1
20583,10785,6,1
20583,4211,7,1
20583,8173,8,1
20583,6862,9,1
20583,9016,10,1
20583,11009,11,1
20583,941,12,1
20583,8037,13,1
20583,65,14,1
20592,11009,0,1
20592,8037,1,1
20592,7963,2,1
20592,65,3,1
20592,8173,4,1
20592,10785,5,1
20592,1334,6,1
20592,6862,7,1
20592,941,8,1
20592,4211,9,1
20592,6544,10,1
20592,5105,11,1
20592,276,12,1
20592,5475,13,1
20592,5717,14,1
20603,1776,0,1
20603,5121,1,1
20603,10785,2,1
20603,7963,3,1
20603,941,4,1
20603,276,5,1
20603,1334,6,1
20603,6862,7,1
20603,4211,8,1
20603,8037,9,1
20603,6544,10,1
20603,11009,11,1
20603,65,12,1
20603,8173,13,1
20603,5475,14,1
20609,276,0,1
20609,5121,1,1
20609,941,2,1
20609,7963,3,1
20609,8173,4,1
20609,1776,5,1
20609,5105,6,1
20609,5717,7,1
20609,1334,8,1
20609,5475,9,1
20609,8037,10,1
20609,11009,11,1
20609,6862,12,1
20609,65,13,1
20609,6544,14,1
20609,9016,15,1
20609,10785,16,1
20609,4211,17,1
20610,6862,0,1
20610,65,1,1
20610,5475,2,1
20610,7963,3,1
20610,9016,4,1
20610,5717,5,1
20610,8173,6,1
20610,10785,7,1
20610,1776,8,1
20610,276,9,1
20610,1334,10,1
20610,5105,11,1
20610,6544,12,1
20610,8037,13,1
20610,11009,14,1
20610,4211,15,1
20639,7963,0,1
20639,1334,1,1
20639,11009,2,1
20639,6544,3,1
20639,941,4,1
20639,8173,5,1
20639,276,6,1
20639,6862,7,1
20639,5717,8,1
20639,1776,9,1
20639,4211,10,1
20639,5475,11,1
20639,8037,12,1
20639,10785,13,1
20639,5121,14,1
20643,941,0,1
20643,276,1,1
20643,1776,2,1
20643,7963,3,1
20643,8037,4,1
20643,9016,5,1
20643,8173,6,1
20643,5121,7,1
20643,11009,8,1
20643,4211,9,1
20643,65,10,1
20643,1334,11,1
20643,5717,12,1
20643,5105,13,1
20643,5475,14,1
20643,6544,15,1
20645,6862,0,1
20645,7963,1,1
20645,1334,2,1
20645,9016,3,1
20645,65,4,1
20645,5475,5,1
20645,5105,6,1
20645,276,7,1
20645,8037,8,1
20645,11009,9,1
20645,8173,10,1
20645,4211,11,1
20645,941,12,1
20645,5717,13,1
20645,10785,14,1
20649,9016,0,1
20649,6544,1,1
20649,6862,2,1
20649,5105,3,1
20649,7963,4,1
20649,8037,5,1
20649,11009,6,1
20649,1334,7,1
20649,1776,8,1
20649,8173,9,1
20649,5121,10,1
20649,276,11,1
20649,5475,12,1
20649,941,13,1
20649,4211,14,1
20649,5717,15,1
20649,10785,16,1
20666,10785,0,1
20666,276,1,1
20666,941,2,1
20666,5717,3,1
20666,8037,4,1
20666,11009,5,1
20666,7963,6,1
20666,8173,7,1
20666,5105,8,1
20666,5475,9,1
20666,9016,10,1
20666,4211,11,1
20666,1776,12,1
20666,1334,13,1
20666,6544,14,1
20666,5121,15,1
20676,7963,0,1
20676,941,1,1
20676,8037,2,1
20676,5717,3,1
20676,11009,4,1
20676,6862,5,1
20676,5121,6,1
20676,8173,7,1
20676,1776,8,1
20676,4211,9,1
20676,65,10,1
20676,6544,11,1
20676,276,12,1
20676,5475,13,1
20676,5105,14,1
20681,8173,0,1
20681,276,1,1
20681,7963,2,1
20681,11009,3,1
20681,10785,4,1
20681,1334,5,1
20681,5717,6,1
20681,5121,7,1
20681,6862,8,1
20681,8037,9,1
20681,5105,10,1
20681,4211,11,1
20681,6544,12,1
20681,5475,13,1
20681,941,14,1
20689,11009,0,1
20689,65,1,1
20689,4211,2,1
20689,8037,3,1
20689,6862,4,1
20689,276,5,1
20689,5717,6,1
20689,1334,7,1
20689,7963,8,1
20689,6544,9,1
20689,8173,10,1
20689,5105,11,1
20689,10785,12,1
20689,5475,13,1
20689,5121,14,1
20689,1776,15,1
20689,941,16,1
20690,8173,0,1
20690,65,1,1
20690,9016,2,1
20690,7963,3,1
20690,1334,4,1
20690,4211,5,1
20690,5105,6,1
20690,1776,7,1
20690,5475,8,1
20690,11009,9,1
20690,276,10,1
20690,8037,11,1
20690,941,12,1
20690,6544,13,1
20690,5717,14,1
20693,1776,0,1
20693,1334,1,1
20693,6544,2,1
20693,4211,3,1
20693,11009,4,1
20693,7963,5,1
20693,5717,6,1
20693,941,7,1
20693,276,8,1
20693,65,9,1
20693,8173,10,1
20693,8037,11,1
20693,5121,12,1
20693,5475,13,1
20693,5105,14,1
20693,6862,15,1
20695,5105,0,1
20695,6544,1,1
20695,10785,2,1
20695,4211,3,1
20695,7963,4,1
20695,8037,5,1
20695,5121,6,1
20695,276,7,1
20695,11009,8,1
20695,1334,9,1
20695,5475,10,1
20695,1776,11,1
20695,65,12,1
20695,5717,13,1
20695,6862,14,1
20699,7963,0,1
20699,8173,1,1
20699,276,2,1
20699,6544,3,1
20699,5105,4,1
20699,65,5,1
20699,8037,6,1
20699,5475,7,1
20699,11009,8,1
20699,4211,9,1
20699,5717,10,1
20699,5121,11,1
20699,941,12,1
20699,1776,13,1
20699,1334,14,1
20699,10785,15,1
207,941,0,1
207,8173,1,1
207,11009,2,1
207,6544,3,1
207,65,4,1
207,1334,5,1
207,10785,6,1
207,5121,7,1
207,5717,8,1
207,276,9,1
207,1776,10,1
207,7963,11,1
207,5105,12,1
207,8037,13,1
207,4211,14,1
20700,8037,0,1
20700,941,1,1
20700,7963,2,1
20700,65,3,1
20700,11009,4,1
20700,5717,5,1
20700,1334,6,1
20700,6544,7,1
20700,6862,8,1
20700,8173,9,1
20700,1776,10,1
20700,276,11,1
20700,5105,12,1
20700,5475,13,1
20700,5121,14,1
20709,7963,0,1
20709,8173,1,1
20709,6862,2,1
20709,5717,3,1
20709,5475,4,1
20709,5105,5,1
20709,65,6,1
20709,8037,7,1
20709,1776,8,1
20709,941,9,1
20709,276,10,1
20709,11009,11,1
20709,6544,12,1
20709,1334,13,1
20709,10785,14,1
20709,5121,15,1
20710,5121,0,1
20710,6862,1,1
20710,4211,2,1
20710,1776,3,1
20710,7963,4,1
20710,276,5,1
20710,65,6,1
20710,8173,7,1
20710,11009,8,1
20710,10785,9,1
20710,941,10,1
20710,1334,11,1
20710,5475,12,1
20710,8037,13,1
20710,9016,14,1
20710,6544,15,1
20710,5105,16,1
20721,6862,0,1
20721,8037,1,1
20721,7963,2,1
20721,5717,3,1
20721,11009,4,1
20721,1776,5,1
20721,5121,6,1
20721,1334,7,1
20721,5105,8,1
20721,6544,9,1
20721,276,10,1
20721,8173,11,1
20721,10785,12,1
20721,941,13,1
20721,9016,14,1
20721,5475,15,1
20723,7963,0,1
20723,5121,1,1
20723,1776,2,1
20723,8037,3,1
20723,5475,4,1
20723,6862,5,1
20723,4211,6,1
20723,1334,7,1
20723,5717,8,1
20723,11009,9,1
20723,8173,10,1
20723,5105,11,1
20723,10785,12,1
20723,276,13,1
20723,941,14,1
20723,6544,15,1
20775,8037,0,1
20775,5121,1,1
20775,7963,2,1
20775,1334,3,1
20775,4211,4,1
20775,65,5,1
20775,276,6,1
20775,6862,7,1
20775,11009,8,1
20775,5105,9,1
20775,6544,10,1
20775,8173,11,1
20775,5475,12,1
20775,1776,13,1
20775,941,14,1
20775,5717,15,1
20784,10785,0,1
20784,5105,1,1
20784,276,2,1
20784,5475,3,1
20784,6862,4,1
20784,1334,5,1
20784,1776,6,1
20784,4211,7,1
20784,65,8,1
20784,7963,9,1
20784,5717,10,1
20784,8037,11,1
20784,6544,12,1
20784,8173,13,1
20784,5121,14,1
20784,941,15,1
20784,11009,16,1
20789,5121,0,1
20789,8037,1,1
20789,7963,2,1
20789,11009,3,1
20789,6544,4,1
20789,1776,5,1
20789,65,6,1
20789,8173,7,1
20789,9016,8,1
20789,5105,9,1
20789,1334,10,1
20789,276,11,1
20789,5717,12,1
20789,10785,13,1
20789,5475,14,1
20789,941,15,1
20789,4211,16,1
2080,9016,0,1
2080,7963,1,1
2080,6544,2,1
2080,1776,3,1
2080,5121,4,1
2080,65,5,1
2080,11009,6,1
2080,5475,7,1
2080,276,8,1
2080,941,9,1
2080,8037,10,1
2080,8173,11,1
2080,1334,12,1
2080,5717,13,1
2080,5105,14,1
2080,6862,15,1
2080,4211,16,1
20811,8037,0,1
20811,4211,1,1
20811,7963,2,1
20811,11009,3,1
20811,6544,4,1
20811,1776,5,1
20811,276,6,1
20811,5475,7,1
20811,5121,8,1
20811,1334,9,1
20811,941,10,1
20811,8173,11,1
20811,5105,12,1
20811,5717,13,1
20811,10785,14,1
20811,6862,15,1
20826,5105,0,1
20826,1776,1,1
20826,65,2,1
20826,7963,3,1
20826,6862,4,1
20826,10785,5,1
20826,11009,6,1
20826,941,7,1
20826,8173,8,1
20826,5121,9,1
20826,4211,10,1
20826,5475,11,1
20826,276,12,1
20826,5717,13,1
20826,6544,14,1
20830,1334,0,1
20830,5717,1,1
20830,7963,2,1
20830,11009,3,1
20830,276,4,1
20830,6862,5,1
20830,5121,6,1
20830,941,7,1
20830,8173,8,1
20830,5475,9,1
20830,65,10,1
20830,4211,11,1
20830,6544,12,1
20830,5105,13,1
20830,1776,14,1
20830,8037,15,1
20830,10785,16,1
20849,9016,0,1
20849,1334,1,1
20849,1776,2,1
20849,5717,3,1
20849,4211,4,1
20849,6862,5,1
20849,8037,6,1
20849,11009,7,1
20849,6544,8,1
20849,276,9,1
20849,5121,10,1
20849,7963,11,1
20849,8173,12,1
20849,5105,13,1
20849,5475,14,1
2120,1776,0,1
2120,6544,1,1
2120,9016,2,1
2120,5121,3,1
2120,8037,4,1
2120,5105,5,1
2120,4211,6,1
2120,276,7,1
2120,7963,8,1
2120,65,9,1
2120,1334,10,1
2120,5475,11,1
2120,5717,12,1
2120,11009,13,1
2120,941,14,1
2120,8173,15,1
2120,6862,16,1
2129,5475,0,1
2129,8173,1,1
2129,7963,2,1
2129,6862,3,1
2129,5105,4,1
2129,4211,5,1
2129,1334,6,1
2129,6544,7,1
2129,8037,8,1
2129,65,9,1
2129,5717,10,1
2129,276,11,1
2129,10785,12,1
2129,1776,13,1
2129,5121,14,1
2129,11009,15,1
2129,941,16,1
2133,276,0,1
2133,7963,1,1
2133,10785,2,1
2133,941,3,1
2133,1776,4,1
2133,5475,5,1
2133,1334,6,1
2133,11009,7,1
2133,65,8,1
2133,8173,9,1
2133,5105,10,1
2133,6862,11,1
2133,5121,12,1
2133,5717,13,1
2133,8037,14,1
2152,11009,0,1
2152,5121,1,1
2152,5105,2,1
2152,6544,3,1
2152,65,4,1
2152,276,5,1
2152,8037,6,1
2152,9016,7,1
2152,941,8,1
2152,1776,9,1
2152,10785,10,1
2152,6862,11,1
2152,7963,12,1
2152,4211,13,1
2152,1334,14,1
2152,8173,15,1
2152,5717,16,1
2153,11009,0,1
2153,5105,1,1
2153,7963,2,1
2153,5475,3,1
2153,276,4,1
2153,5121,5,1
2153,1334,6,1
2153,941,7,1
2153,8173,8,1
2153,10785,9,1
2153,8037,10,1
2153,4211,11,1
2153,65,12,1
2153,9016,13,1
2153,5717,14,1
2179,11009,0,1
2179,8037,1,1
2179,1776,2,1
2179,6862,3,1
2179,65,4,1
2179,7963,5,1
2179,1334,6,1
2179,5475,7,1
2179,276,8,1
2179,941,9,1
2179,6544,10,1
2179,8173,11,1
2179,4211,12,1
2179,5105,13,1
2179,5121,14,1
2179,5717,15,1
2194,7963,0,1
2194,1334,1,1
2194,65,2,1
2194,6862,3,1
2194,5717,4,1
2194,8037,5,1
2194,8173,6,1
2194,5475,7,1
2194,11009,8,1
2194,5121,9,1
2194,6544,10,1
2194,276,11,1
2194,941,12,1
2194,5105,13,1
2194,1776,14,1
2198,9016,0,1
2198,5121,1,1
2198,276,2,1
2198,8037,3,1
2198,7963,4,1
2198,10785,5,1
2198,5105,6,1
2198,6544,7,1
2198,65,8,1
2198,11009,9,1
2198,4211,10,1
2198,5717,11,1
2198,1334,12,1
2198,941,13,1
2198,5475,14,1
2200,11009,0,1
2200,7963,1,1
2200,1776,2,1
2200,276,3,1
2200,65,4,1
2200,4211,5,1
2200,5105,6,1
2200,5121,7,1
2200,1334,8,1
2200,941,9,1
2200,5475,10,1
2200,8173,11,1
2200,5717,12,1
2200,8037,13,1
2200,6544,14,1
2204,8173,0,1
2204,6544,1,1
2204,5105,2,1
2204,6862,3,1
2204,276,4,1
2204,10785,5,1
2204,4211,6,1
2204,8037,7,1
2204,9016,8,1
2204,1776,9,1
2204,7963,10,1
2204,5475,11,1
2204,11009,12,1
2204,5121,13,1
2204,941,14,1
2208,1334,0,1
2208,6544,1,1
2208,7963,2,1
2208,5717,3,1
2208,8037,4,1
2208,11009,5,1
2208,6862,6,1
2208,1776,7,1
2208,941,8,1
2208,8173,9,1
2208,5105,10,1
2208,65,11,1
2208,276,12,1
2208,5121,13,1
2208,4211,14,1
2208,5475,15,1
2217,4211,0,1
2217,5717,1,1
2217,5121,2,1
2217,8037,3,1
2217,9016,4,1
2217,5105,5,1
2217,11009,6,1
2217,1776,7,1
2217,941,8,1
2217,10785,9,1
2217,276,10,1
2217,7963,11,1
2217,6544,12,1
2217,1334,13,1
2217,8173,14,1
2217,65,15,1
2226,4211,0,1
2226,7963,1,1
2226,10785,2,1
2226,6862,3,1
2226,1334,4,1
2226,5717,5,1
2226,8037,6,1
2226,276,7,1
2226,5105,8,1
2226,5475,9,1
2226,11009,10,1
2226,941,11,1
2226,5121,12,1
2226,1776,13,1
2226,6544,14,1
2226,8173,15,1
2235,1776,0,1
2235,11009,1,1
2235,1334,2,1
2235,8037,3,1
2235,8173,4,1
2235,7963,5,1
2235,4211,6,1
2235,65,7,1
2235,6862,8,1
2235,5717,9,1
2235,276,10,1
2235,5105,11,1
2235,6544,12,1
2235,5121,13,1
2235,941,14,1
2235,5475,15,1
2236,8173,0,1
2236,1334,1,1
2236,65,2,1
2236,7963,3,1
2236,1776,4,1
2236,5717,5,1
2236,8037,6,1
2236,5121,7,1
2236,5105,8,1
2236,11009,9,1
2236,4211,10,1
2236,276,11,1
2236,5475,12,1
2236,9016,13,1
2236,941,14,1
2267,10785,0,1
2267,1334,1,1
2267,941,2,1
2267,6544,3,1
2267,4211,4,1
2267,5475,5,1
2267,8037,6,1
2267,7963,7,1
2267,5121,8,1
2267,65,9,1
2267,5717,10,1
2267,5105,11,1
2267,1776,12,1
2267,276,13,1
2267,8173,14,1
2267,11009,15,1
2271,7963,0,1
2271,6544,1,1
2271,1334,2,1
2271,941,3,1
2271,5717,4,1
2271,4211,5,1
2271,1776,6,1
2271,8037,7,1
2271,276,8,1
2271,8173,9,1
2271,9016,10,1
2271,6862,11,1
2271,5475,12,1
2271,10785,13,1
2271,11009,14,1
2287,8037,0,1
2287,4211,1,1
2287,65,2,1
2287,1776,3,1
2287,6544,4,1
2287,11009,5,1
2287,8173,6,1
2287,5717,7,1
2287,10785,8,1
2287,276,9,1
2287,1334,10,1
2287,941,11,1
2287,5105,12,1
2287,7963,13,1
2287,5475,14,1
230,11009,0,1
230,1776,1,1
230,9016,2,1
230,6862,3,1
230,5105,4,1
230,8173,5,1
230,10785,6,1
230,7963,7,1
230,8037,8,1
230,5717,9,1
230,5121,10,1
230,5475,11,1
230,1334,12,1
230,4211,13,1
230,276,14,1
2310,5717,0,1
2310,941,1,1
2310,7963,2,1
2310,1334,3,1
2310,9016,4,1
2310,65,5,1
2310,5121,6,1
2310,4211,7,1
2310,276,8,1
2310,6862,9,1
2310,10785,10,1
2310,5105,11,1
2310,8173,12,1
2310,6544,13,1
2310,11009,14,1
2340,276,0,1
2340,5121,1,1
2340,7963,2,1
2340,8037,3,1
2340,1334,4,1
2340,5475,5,1
2340,6862,6,1
2340,10785,7,1
2340,1776,8,1
2340,5105,9,1
2340,11009,10,1
2340,4211,11,1
2340,941,12,1
2340,9016,13,1
2340,8173,14,1
2340,5717,15,1
2340,6544,16,1
2340,65,17,1
2344,276,0,1
2344,7963,1,1
2344,6544,2,1
2344,6862,3,1
2344,941,4,1
2344,8037,5,1
2344,65,6,1
2344,5105,7,1
2344,1334,8,1
2344,1776,9,1
2344,10785,10,1
2344,8173,11,1
2344,5717,12,1
2344,5475,13,1
2344,11009,14,1
2344,9016,15,1
2344,5121,16,1
2344,4211,17,1
2345,7963,0,1
2345,5105,1,1
2345,276,2,1
2345,4211,3,1
2345,8037,4,1
2345,1776,5,1
2345,10785,6,1
2345,9016,7,1
2345,8173,8,1
2345,5475,9,1
2345,941,10,1
2345,65,11,1
2345,11009,12,1
2345,1334,13,1
2345,6862,14,1
2345,5717,15,1
2345,5121,16,1
2370,6544,0,1
2370,941,1,1
2370,1776,2,1
2370,7963,3,1
2370,65,4,1
2370,11009,5,1
2370,8037,6,1
2370,6862,7,1
2370,1334,8,1
2370,5105,9,1
2370,5475,10,1
2370,8173,11,1
2370,276,12,1
2370,9016,13,1
2370,10785,14,1
2370,5717,15,1
2370,4211,16,1
2372,5121,0,1
2372,8037,1,1
2372,941,2,1
2372,1334,3,1
2372,6544,4,1
2372,5105,5,1
2372,65,6,1
2372,5717,7,1
2372,10785,8,1
2372,276,9,1
2372,8173,10,1
2372,7963,11,1
2372,1776,12,1
2372,5475,13,1
2372,11009,14,1
2372,4211,15,1
2390,1334,0,1
2390,5717,1,1
2390,6544,2,1
2390,8037,3,1
2390,7963,4,1
2390,8173,5,1
2390,5105,6,1
2390,5475,7,1
2390,276,8,1
2390,6862,9,1
2390,5121,10,1
2390,941,11,1
2390,4211,12,1
2390,11009,13,1
2390,65,14,1
2390,10785,15,1
2439,7963,0,1
2439,8037,1,1
2439,8173,2,1
2439,6544,3,1
2439,5121,4,1
2439,1334,5,1
2439,11009,6,1
2439,1776,7,1
2439,276,8,1
2439,6862,9,1
2439,5105,10,1
2439,65,11,1
2439,4211,12,1
2439,10785,13,1
2439,5475,14,1
2439,5717,15,1
245,4211,0,1
245,6544,1,1
245,5105,2,1
245,8173,3,1
245,11009,4,1
245,9016,5,1
245,8037,6,1
245,1776,7,1
245,5717,8,1
245,1334,9,1
245,5121,10,1
245,10785,11,1
245,941,12,1
245,7963,13,1
245,65,14,1
245,276,15,1
245,5475,16,1
2451,8173,0,1
2451,10785,1,1
2451,4211,2,1
2451,276,3,1
2451,5475,4,1
2451,1776,5,1
2451,9016,6,1
2451,5121,7,1
2451,6544,8,1
2451,1334,9,1
2451,7963,10,1
2451,65,11,1
2451,941,12,1
2451,5105,13,1
2451,5717,14,1
2451,11009,15,1
2451,8037,16,1
2451,6862,17,1
2461,8037,0,1
2461,7963,1,1
2461,5105,2,1
2461,276,3,1
2461,1776,4,1
2461,6544,5,1
2461,5717,6,1
2461,941,7,1
2461,10785,8,1
2461,5475,9,1
2461,1334,10,1
2461,11009,11,1
2461,6862,12,1
2461,8173,13,1
2461,5121,14,1
2501,5121,0,1
2501,6862,1,1
2501,8173,2,1
2501,1776,3,1
2501,5717,4,1
2501,11009,5,1
2501,65,6,1
2501,10785,7,1
2501,1334,8,1
2501,7963,9,1
2501,6544,10,1
2501,5475,11,1
2501,5105,12,1
2501,276,13,1
2501,4211,14,1
2501,8037,15,1
2501,941,16,1
2502,5475,0,1
2502,7963,1,1
2502,6544,2,1
2502,4211,3,1
2502,11009,4,1
2502,8037,5,1
2502,5121,6,1
2502,941,7,1
2502,1334,8,1
2502,65,9,1
2502,8173,10,1
2502,9016,11,1
2502,6862,12,1
2502,5717,13,1
2502,1776,14,1
2502,276,15,1
2521,10785,0,1
2521,8037,1,1
2521,9016,2,1
2521,941,3,1
2521,7963,4,1
2521,1776,5,1
2521,4211,6,1
2521,6862,7,1
2521,5475,8,1
2521,65,9,1
2521,6544,10,1
2521,276,11,1
2521,5105,12,1
2521,8173,13,1
2521,5121,14,1
2521,5717,15,1
2521,11009,16,1
2521,1334,17,1
2526,9016,0,1
2526,8037,1,1
2526,7963,2,1
2526,1334,3,1
2526,8173,4,1
2526,941,5,1
2526,1776,6,1
2526,4211,7,1
2526,10785,8,1
2526,11009,9,1
2526,65,10,1
2526,276,11,1
2526,6544,12,1
2526,5717,13,1
2526,5121,14,1
2530,7963,0,1
2530,6544,1,1
2530,5121,2,1
2530,1334,3,1
2530,941,4,1
2530,65,5,1
2530,10785,6,1
2530,8037,7,1
2530,9016,8,1
2530,8173,9,1
2530,11009,10,1
2530,5475,11,1
2530,5105,12,1
2530,6862,13,1
2530,5717,14,1
2530,276,15,1
2530,4211,16,1
2530,1776,17,1
2531,8173,0,1
2531,1334,1,1
2531,11009,2,1
2531,65,3,1
2531,5717,4,1
2531,6862,5,1
2531,1776,6,1
2531,10785,7,1
2531,8037,8,1
2531,6544,9,1
2531,7963,10,1
2531,4211,11,1
2531,5121,12,1
2531,941,13,1
2531,276,14,1
2548,5105,0,1
2548,7963,1,1
2548,8173,2,1
2548,5717,3,1
2548,8037,4,1
2548,11009,5,1
2548,6862,6,1
2548,65,7,1
2548,1776,8,1
2548,276,9,1
2548,6544,10,1
2548,1334,11,1
2548,4211,12,1
2548,5475,13,1
2548,9016,14,1
2548,941,15,1
255,1776,0,1
255,1334,1,1
255,7963,2,1
255,6544,3,1
255,6862,4,1
255,4211,5,1
255,9016,6,1
255,5475,7,1
255,5717,8,1
255,5121,9,1
255,11009,10,1
255,8173,11,1
255,5105,12,1
255,8037,13,1
255,941,14,1
255,10785,15,1
255,276,16,1
2550,276,0,1
2550,7963,1,1
2550,11009,2,1
2550,5121,3,1
2550,5475,4,1
2550,1334,5,1
2550,1776,6,1
2550,8037,7,1
2550,941,8,1
2550,10785,9,1
2550,4211,10,1
2550,6862,11,1
2550,65,12,1
2550,5717,13,1
2550,5105,14,1
2550,8173,15,1
2558,7963,0,1
2558,8173,1,1
2558,6862,2,1
2558,8037,3,1
2558,276,4,1
2558,6544,5,1
2558,5475,6,1
2558,11009,7,1
2558,1334,8,1
2558,941,9,1
2558,5717,10,1
2558,5121,11,1
2558,10785,12,1
2558,4211,13,1
2558,5105,14,1
2559,5475,0,1
2559,5121,1,1
2559,6862,2,1
2559,1334,3,1
2559,276,4,1
2559,11009,5,1
2559,7963,6,1
2559,1776,7,1
2559,4211,8,1
2559,6544,9,1
2559,8037,10,1
2559,10785,11,1
2559,5717,12,1
2559,8173,13,1
2559,5105,14,1
2559,941,15,1
258,7963,0,1
258,6544,1,1
258,65,2,1
258,1334,3,1
258,5105,4,1
258,8037,5,1
258,941,6,1
258,6862,7,1
258,10785,8,1
258,8173,9,1
258,5121,10,1
258,11009,11,1
258,5717,12,1
258,276,13,1
258,5475,14,1
2598,7963,0,1
2598,4211,1,1
2598,276,2,1
2598,1334,3,1
2598,11009,4,1
2598,6544,5,1
2598,5717,6,1
2598,5105,7,1
2598,6862,8,1
2598,941,9,1
2598,8173,10,1
2598,5475,11,1
2598,8037,12,1
2598,1776,13,1
2598,10785,14,1
2600,1334,0,1
2600,276,1,1
2600,4211,2,1
2600,8037,3,1
2600,5717,4,1
2600,11009,5,1
2600,7963,6,1
2600,941,7,1
2600,1776,8,1
2600,10785,9,1
2600,8173,10,1
2600,6544,11,1
2600,5105,12,1
2600,6862,13,1
2600,5121,14,1
2600,5475,15,1
2606,7963,0,1
2606,6544,1,1
2606,1334,2,1
2606,8037,3,1
2606,276,4,1
2606,5475,5,1
2606,5717,6,1
2606,5121,7,1
2606,4211,8,1
2606,11009,9,1
2606,65,10,1
2606,10785,11,1
2606,8173,12,1
2606,5105,13,1
2606,941,14,1
2606,1776,15,1
2609,5105,0,1
2609,5717,1,1
2609,6862,2,1
2609,1776,3,1
2609,11009,4,1
2609,7963,5,1
2609,941,6,1
2609,1334,7,1
2609,8173,8,1
2609,5121,9,1
2609,5475,10,1
2609,8037,11,1
2609,6544,12,1
2609,276,13,1
2609,4211,14,1
2625,7963,0,1
2625,941,1,1
2625,10785,2,1
2625,8173,3,1
2625,6862,4,1
2625,5475,5,1
2625,1334,6,1
2625,6544,7,1
2625,8037,8,1
2625,11009,9,1
2625,276,10,1
2625,5121,11,1
2625,4211,12,1
2625,5717,13,1
2625,5105,14,1
2639,5105,0,1
2639,7963,1,1
2639,5121,2,1
2639,1776,3,1
2639,8037,4,1
2639,11009,5,1
2639,1334,6,1
2639,276,7,1
2639,10785,8,1
2639,65,9,1
2639,941,10,1
2639,6544,11,1
2639,6862,12,1
2639,4211,13,1
2639,5475,14,1
2639,8173,15,1
2647,1334,0,1
2647,7963,1,1
2647,8037,2,1
2647,6544,3,1
2647,11009,4,1
2647,6862,5,1
2647,65,6,1
2647,8173,7,1
2647,10785,8,1
2647,9016,9,1
2647,276,10,1
2647,5717,11,1
2647,5121,12,1
2647,1776,13,1
2647,941,14,1
2662,7963,0,1
2662,11009,1,1
2662,1776,2,1
2662,4211,3,1
2662,1334,4,1
2662,6862,5,1
2662,276,6,1
2662,65,7,1
2662,10785,8,1
2662,5475,9,1
2662,941,10,1
2662,9016,11,1
2662,8173,12,1
2662,5105,13,1
2662,5717,14,1
2662,6544,15,1
2662,8037,16,1
2662,5121,17,1
2670,1334,0,1
2670,6544,1,1
2670,7963,2,1
2670,941,3,1
2670,276,4,1
2670,8173,5,1
2670,65,6,1
2670,10785,7,1
2670,11009,8,1
2670,6862,9,1
2670,9016,10,1
2670,5717,11,1
2670,5105,12,1
2670,4211,13,1
2670,1776,14,1
2695,11009,0,1
2695,65,1,1
2695,10785,2,1
2695,276,3,1
2695,941,4,1
2695,5717,5,1
2695,1334,6,1
2695,7963,7,1
2695,6862,8,1
2695,5105,9,1
2695,5121,10,1
2695,4211,11,1
2695,8173,12,1
2695,1776,13,1
2695,9016,14,1
2706,8037,0,1
2706,65,1,1
2706,1776,2,1
2706,9016,3,1
2706,6544,4,1
2706,4211,5,1
2706,7963,6,1
2706,5475,7,1
2706,10785,8,1
2706,5717,9,1
2706,276,10,1
2706,11009,11,1
2706,1334,12,1
2706,5121,13,1
2706,8173,14,1
2706,5105,15,1
2706,941,16,1
2706,6862,17,1
2748,8037,0,1
2748,10785,1,1
2748,9016,2,1
2748,11009,3,1
2748,5475,4,1
2748,1334,5,1
2748,6862,6,1
2748,1776,7,1
2748,8173,8,1
2748,276,9,1
2748,7963,10,1
2748,5121,11,1
2748,6544,12,1
2748,5717,13,1
2748,5105,14,1
2748,941,15,1
2749,1334,0,1
2749,7963,1,1
2749,6544,2,1
2749,4211,3,1
2749,65,4,1
2749,941,5,1
2749,5717,6,1
2749,5475,7,1
2749,5121,8,1
2749,8037,9,1
2749,5105,10,1
2749,276,11,1
2749,8173,12,1
2749,11009,13,1
2749,10785,14,1
2749,6862,15,1
2749,9016,16,1
2757,7963,0,1
2757,6862,1,1
2757,5105,2,1
2757,276,3,1
2757,6544,4,1
2757,65,5,1
2757,5475,6,1
2757,5717,7,1
2757,1776,8,1
2757,11009,9,1
2757,4211,10,1
2757,5121,11,1
2757,1334,12,1
2757,8037,13,1
2757,10785,14,1
2757,8173,15,1
2772,276,0,1
2772,7963,1,1
2772,8037,2,1
2772,5475,3,1
2772,5717,4,1
2772,1334,5,1
2772,5105,6,1
2772,10785,7,1
2772,1776,8,1
2772,11009,9,1
2772,9016,10,1
2772,8173,11,1
2772,65,12,1
2772,941,13,1
2772,4211,14,1
2784,11009,0,1
2784,276,1,1
2784,941,2,1
2784,7963,3,1
2784,10785,4,1
2784,65,5,1
2784,8037,6,1
2784,5121,7,1
2784,6544,8,1
2784,5475,9,1
2784,1334,10,1
2784,5717,11,1
2784,8173,12,1
2784,4211,13,1
2784,5105,14,1
2836,11009,0,1
2836,276,1,1
2836,4211,2,1
2836,6862,3,1
2836,10785,4,1
2836,7963,5,1
2836,1776,6,1
2836,5105,7,1
2836,8037,8,1
2836,1334,9,1
2836,5475,10,1
2836,5121,11,1
2836,5717,12,1
2836,8173,13,1
2836,6544,14,1
2859,6544,0,1
2859,5717,1,1
2859,8037,2,1
2859,7963,3,1
2859,6862,4,1
2859,1334,5,1
2859,5121,6,1
2859,10785,7,1
2859,11009,8,1
2859,1776,9,1
2859,8173,10,1
2859,65,11,1
2859,5105,12,1
2859,4211,13,1
2859,941,14,1
2859,276,15,1
2869,7963,0,1
2869,6544,1,1
2869,8037,2,1
2869,11009,3,1
2869,941,4,1
2869,6862,5,1
2869,1776,6,1
2869,5475,7,1
2869,1334,8,1
2869,5121,9,1
2869,8173,10,1
2869,276,11,1
2869,9016,12,1
2869,65,13,1
2869,4211,14,1
2898,6544,0,1
2898,1776,1,1
2898,276,2,1
2898,7963,3,1
2898,941,4,1
2898,6862,5,1
2898,9016,6,1
2898,1334,7,1
2898,5717,8,1
2898,5121,9,1
2898,5475,10,1
2898,5105,11,1
2898,11009,12,1
2898,8037,13,1
2898,65,14,1
2898,8173,15,1
2898,4211,16,1
2902,5717,0,1
2902,941,1,1
2902,8037,2,1
2902,65,3,1
2902,276,4,1
2902,7963,5,1
2902,5121,6,1
2902,6544,7,1
2902,5105,8,1
2902,5475,9,1
2902,1776,10,1
2902,1334,11,1
2902,6862,12,1
2902,8173,13,1
2902,11009,14,1
2902,4211,15,1
2902,10785,16,1
291,5105,0,1
291,8037,1,1
291,1776,2,1
291,6544,3,1
291,6862,4,1
291,941,5,1
291,5121,6,1
291,7963,7,1
291,1334,8,1
291,276,9,1
291,65,10,1
291,10785,11,1
291,5475,12,1
291,5717,13,1
291,8173,14,1
291,11009,15,1
291,4211,16,1
293,1334,0,1
293,8037,1,1
293,7963,2,1
293,5717,3,1
293,276,4,1
293,65,5,1
293,5475,6,1
293,4211,7,1
293,11009,8,1
293,5121,9,1
293,9016,10,1
293,8173,11,1
293,941,12,1
293,6544,13,1
293,1776,14,1
293,5105,15,1
2956,5475,0,1
2956,276,1,1
2956,10785,2,1
2956,5717,3,1
2956,4211,4,1
2956,1334,5,1
2956,8173,6,1
2956,7963,7,1
2956,6862,8,1
2956,941,9,1
2956,5105,10,1
2956,6544,11,1
2956,8037,12,1
2956,11009,13,1
2956,5121,14,1
2965,8173,0,1
2965,1334,1,1
2965,10785,2,1
2965,7963,3,1
2965,6544,4,1
2965,8037,5,1
2965,9016,6,1
2965,4211,7,1
2965,5121,8,1
2965,1776,9,1
2965,5105,10,1
2965,5717,11,1
2965,276,12,1
2965,11009,13,1
2965,941,14,1
2965,65,15,1
2969,941,0,1
2969,10785,1,1
2969,1776,2,1
2969,65,3,1
2969,5121,4,1
2969,5105,5,1
2969,1334,6,1
2969,4211,7,1
2969,7963,8,1
2969,9016,9,1
2969,6544,10,1
2969,276,11,1
2969,5717,12,1
2969,11009,13,1
2969,5475,14,1
2977,4211,0,1
2977,276,1,1
2977,9016,2,1
2977,10785,3,1
2977,8173,4,1
2977,8037,5,1
2977,5717,6,1
2977,65,7,1
2977,5121,8,1
2977,11009,9,1
2977,1776,10,1
2977,1334,11,1
2977,5475,12,1
2977,941,13,1
2977,6544,14,1
2977,7963,15,1
2983,8037,0,1
2983,7963,1,1
2983,4211,2,1
2983,8173,3,1
2983,6544,4,1
2983,11009,5,1
2983,5121,6,1
2983,941,7,1
2983,1776,8,1
2983,65,9,1
2983,1334,10,1
2983,5105,11,1
2983,5717,12,1
2983,276,13,1
2983,5475,14,1
2990,7963,0,1
2990,11009,1,1
2990,1776,2,1
2990,6862,3,1
2990,941,4,1
2990,5105,5,1
2990,276,6,1
2990,5475,7,1
2990,1334,8,1
2990,5717,9,1
2990,10785,10,1
2990,8037,11,1
2990,5121,12,1
2990,4211,13,1
2990,8173,14,1
2990,6544,15,1
2997,6544,0,1
2997,9016,1,1
2997,276,2,1
2997,7963,3,1
2997,5717,4,1
2997,5105,5,1
2997,1776,6,1
2997,941,7,1
2997,8173,8,1
2997,5475,9,1
2997,4211,10,1
2997,6862,11,1
2997,11009,12,1
2997,8037,13,1
2997,1334,14,1
2997,5121,15,1
3014,5717,0,1
3014,1334,1,1
3014,4211,2,1
3014,8037,3,1
3014,7963,4,1
3014,5475,5,1
3014,8173,6,1
3014,6544,7,1
3014,11009,8,1
3014,65,9,1
3014,276,10,1
3014,10785,11,1
3014,6862,12,1
3014,941,13,1
3014,5105,14,1
3014,9016,15,1
3027,6862,0,1
3027,65,1,1
3027,7963,2,1
3027,5717,3,1
3027,276,4,1
3027,6544,5,1
3027,10785,6,1
3027,8037,7,1
3027,1776,8,1
3027,5475,9,1
3027,941,10,1
3027,8173,11,1
3027,11009,12,1
3027,5121,13,1
3027,5105,14,1
304,276,0,1
304,6862,1,1
304,1334,2,1
304,4211,3,1
304,8173,4,1
304,8037,5,1
304,941,6,1
304,6544,7,1
304,7963,8,1
304,5717,9,1
304,1776,10,1
304,9016,11,1
304,5105,12,1
304,5475,13,1
304,5121,14,1
304,11009,15,1
304,10785,16,1
3042,7963,0,1
3042,1334,1,1
3042,6862,2,1
3042,11009,3,1
3042,1776,4,1
3042,5475,5,1
3042,6544,6,1
3042,10785,7,1
3042,5105,8,1
3042,5717,9,1
3042,4211,10,1
3042,941,11,1
3042,276,12,1
3042,8037,13,1
3042,65,14,1
3042,8173,15,1
3042,5121,16,1
3052,9016,0,1
3052,7963,1,1
3052,5105,2,1
3052,1334,3,1
3052,8037,4,1
3052,11009,5,1
3052,5717,6,1
3052,276,7,1
3052,941,8,1
3052,6544,9,1
3052,10785,10,1
3052,6862,11,1
3052,8173,12,1
3052,65,13,1
3052,1776,14,1
3052,5475,15,1
3052,5121,16,1
3100,7963,0,1
3100,8037,1,1
3100,1334,2,1
3100,1776,3,1
3100,65,4,1
3100,5105,5,1
3100,10785,6,1
3100,11009,7,1
3100,276,8,1
3100,4211,9,1
3100,941,10,1
3100,5121,11,1
3100,6544,12,1
3100,5475,13,1
3100,6862,14,1
3100,8173,15,1
3101,5717,0,1
3101,8173,1,1
3101,8037,2,1
3101,7963,3,1
3101,4211,4,1
3101,276,5,1
3101,1334,6,1
3101,1776,7,1
3101,5105,8,1
3101,6544,9,1
3101,11009,10,1
3101,6862,11,1
3101,65,12,1
3101,5475,13,1
3101,10785,14,1
3101,5121,15,1
3101,941,16,1
3120,5475,0,1
3120,5121,1,1
3120,6544,2,1
3120,11009,3,1
3120,7963,4,1
3120,10785,5,1
3120,276,6,1
3120,1776,7,1
3120,1334,8,1
3120,8037,9,1
3120,5105,10,1
3120,65,11,1
3120,8173,12,1
3120,9016,13,1
3120,4211,14,1
3120,5717,15,1
3120,6862,16,1
314,9016,0,1
314,5717,1,1
314,1776,2,1
314,11009,3,1
314,7963,4,1
314,1334,5,1
314,6862,6,1
314,941,7,1
314,65,8,1
314,10785,9,1
314,8173,10,1
314,5105,11,1
314,6544,12,1
314,4211,13,1
314,276,14,1
314,5121,15,1
314,5475,16,1
3143,11009,0,1
3143,6862,1,1
3143,1776,2,1
3143,7963,3,1
3143,8173,4,1
3143,1334,5,1
3143,5475,6,1
3143,65,7,1
3143,5121,8,1
3143,5717,9,1
3143,9016,10,1
3143,5105,11,1
3143,10785,12,1
3143,941,13,1
3143,6544,14,1
3143,276,15,1
3143,4211,16,1
3161,5717,0,1
3161,7963,1,1
3161,65,2,1
3161,1334,3,1
3161,8173,4,1
3161,5475,5,1
3161,9016,6,1
3161,276,7,1
3161,10785,8,1
3161,4211,9,1
3161,1776,10,1
3161,11009,11,1
3161,5105,12,1
3161,8037,13,1
3161,6544,14,1
3164,276,0,1
3164,8037,1,1
3164,5475,2,1
3164,4211,3,1
3164,7963,4,1
3164,11009,5,1
3164,6862,6,1
3164,10785,7,1
3164,8173,8,1
3164,1776,9,1
3164,6544,10,1
3164,941,11,1
3164,1334,12,1
3164,5717,13,1
3164,5121,14,1
317,7963,0,1
317,6544,1,1
317,5105,2,1
317,5717,3,1
317,8173,4,1
317,6862,5,1
317,1776,6,1
317,1334,7,1
317,5121,8,1
317,65,9,1
317,11009,10,1
317,8037,11,1
317,5475,12,1
317,4211,13,1
317,10785,14,1
317,276,15,1
3186,9016,0,1
3186,65,1,1
3186,7963,2,1
3186,8173,3,1
3186,6862,4,1
3186,5475,5,1
3186,276,6,1
3186,8037,7,1
3186,11009,8,1
3186,941,9,1
3186,4211,10,1
3186,5717,11,1
3186,1334,12,1
3186,5121,13,1
3186,5105,14,1
3254,8173,0,1
3254,5105,1,1
3254,9016,2,1
3254,10785,3,1
3254,7963,4,1
3254,5717,5,1
3254,276,6,1
3254,941,7,1
3254,11009,8,1
3254,65,9,1
3254,5475,10,1
3254,4211,11,1
3254,6862,12,1
3254,8037,13,1
3254,1334,14,1
3268,276,0,1
3268,6862,1,1
3268,4211,2,1
3268,5121,3,1
3268,5105,4,1
3268,8037,5,1
3268,1776,6,1
3268,5717,7,1
3268,8173,8,1
3268,1334,9,1
3268,10785,10,1
3268,7963,11,1
3268,6544,12,1
3268,941,13,1
3268,11009,14,1
3268,5475,15,1
3269,7963,0,1
3269,8173,1,1
3269,276,2,1
3269,1776,3,1
3269,6862,4,1
3269,11009,5,1
3269,4211,6,1
3269,8037,7,1
3269,5475,8,1
3269,941,9,1
3269,1334,10,1
3269,10785,11,1
3269,5105,12,1
3269,65,13,1
3269,5717,14,1
3269,6544,15,1
3269,5121,16,1
3346,276,0,1
3346,4211,1,1
3346,10785,2,1
3346,941,3,1
3346,7963,4,1
3346,6544,5,1
3346,5475,6,1
3346,6862,7,1
3346,1776,8,1
3346,5717,9,1
3346,1334,10,1
3346,5121,11,1
3346,8173,12,1
3346,65,13,1
3346,5105,14,1
3346,11009,15,1
3346,8037,16,1
3356,4211,0,1
3356,9016,1,1
3356,1334,2,1
3356,7963,3,1
3356,276,4,1
3356,8037,5,1
3356,11009,6,1
3356,6544,7,1
3356,8173,8,1
3356,5475,9,1
3356,1776,10,1
3356,5105,11,1
3356,6862,12,1
3356,941,13,1
3356,5717,14,1
3356,10785,15,1
3361,6862,0,1
3361,1334,1,1
3361,8037,2,1
3361,276,3,1
3361,8173,4,1
3361,4211,5,1
3361,5121,6,1
3361,10785,7,1
3361,5475,8,1
3361,11009,9,1
3361,7963,10,1
3361,65,11,1
3361,6544,12,1
3361,5105,13,1
3361,5717,14,1
3361,941,15,1
3362,6544,0,1
3362,5717,1,1
3362,8037,2,1
3362,1334,3,1
3362,8173,4,1
3362,1776,5,1
3362,6862,6,1
3362,11009,7,1
3362,276,8,1
3362,65,9,1
3362,9016,10,1
3362,7963,11,1
3362,5105,12,1
3362,4211,13,1
3362,5475,14,1
3362,941,15,1
3362,10785,16,1
337,1334,0,1
337,65,1,1
337,7963,2,1
337,8173,3,1
337,6862,4,1
337,11009,5,1
337,941,6,1
337,5717,7,1
337,10785,8,1
337,8037,9,1
337,5475,10,1
337,276,11,1
337,6544,12,1
337,5105,13,1
337,5121,14,1
337,1776,15,1
337,4211,16,1
3372,11009,0,1
3372,5717,1,1
3372,5475,2,1
3372,1334,3,1
3372,7963,4,1
3372,10785,5,1
3372,276,6,1
3372,4211,7,1
3372,6862,8,1
3372,8037,9,1
3372,65,10,1
3372,8173,11,1
3372,5105,12,1
3372,5121,13,1
3372,941,14,1
3388,5717,0,1
3388,1776,1,1
3388,8173,2,1
3388,7963,3,1
3388,4211,4,1
3388,5475,5,1
3388,1334,6,1
3388,5121,7,1
3388,11009,8,1
3388,941,9,1
3388,65,10,1
3388,6544,11,1
3388,8037,12,1
3388,10785,13,1
3388,9016,14,1
3388,5105,15,1
3388,276,16,1
3396,11009,0,1
3396,276,1,1
3396,5105,2,1
3396,8037,3,1
3396,5717,4,1
3396,7963,5,1
3396,941,6,1
3396,6862,7,1
3396,8173,8,1
3396,9016,9,1
3396,10785,10,1
3396,1334,11,1
3396,6544,12,1
3396,4211,13,1
3396,65,14,1
3396,5121,15,1
3396,5475,16,1
3399,7963,0,1
3399,8037,1,1
3399,8173,2,1
3399,1776,3,1
3399,5717,4,1
3399,276,5,1
3399,1334,6,1
3399,6862,7,1
3399,5475,8,1
3399,6544,9,1
3399,4211,10,1
3399,11009,11,1
3399,941,12,1
3399,5121,13,1
3399,65,14,1
3400,5717,0,1
3400,1334,1,1
3400,7963,2,1
3400,9016,3,1
3400,4211,4,1
3400,5105,5,1
3400,941,6,1
3400,276,7,1
3400,8173,8,1
3400,5121,9,1
3400,5475,10,1
3400,6862,11,1
3400,1776,12,1
3400,10785,13,1
3400,11009,14,1
3400,6544,15,1
3441,1776,0,1
3441,65,1,1
3441,10785,2,1
3441,5475,3,1
3441,7963,4,1
3441,8173,5,1
3441,4211,6,1
3441,276,7,1
3441,5105,8,1
3441,11009,9,1
3441,5121,10,1
3441,1334,11,1
3441,9016,12,1
3441,941,13,1
3441,6862,14,1
3453,1776,0,1
3453,276,1,1
3453,9016,2,1
3453,7963,3,1
3453,5717,4,1
3453,8173,5,1
3453,4211,6,1
3453,8037,7,1
3453,5121,8,1
3453,65,9,1
3453,6544,10,1
3453,5475,11,1
3453,11009,12,1
3453,1334,13,1
3453,5105,14,1
3473,6544,0,1
3473,7963,1,1
3473,8173,2,1
3473,9016,3,1
3473,1334,4,1
3473,8037,5,1
3473,5717,6,1
3473,6862,7,1
3473,10785,8,1
3473,276,9,1
3473,4211,10,1
3473,11009,11,1
3473,5105,12,1
3473,1776,13,1
3473,941,14,1
3473,65,15,1
3473,5121,16,1
3487,1334,0,1
3487,5475,1,1
3487,276,2,1
3487,4211,3,1
3487,6544,4,1
3487,1776,5,1
3487,7963,6,1
3487,5121,7,1
3487,6862,8,1
3487,8037,9,1
3487,941,10,1
3487,5105,11,1
3487,9016,12,1
3487,65,13,1
3487,8173,14,1
3487,11009,15,1
3532,941,0,1
3532,7963,1,1
3532,276,2,1
3532,5717,3,1
3532,5121,4,1
3532,6862,5,1
3532,11009,6,1
3532,8037,7,1
3532,6544,8,1
3532,65,9,1
3532,1334,10,1
3532,5105,11,1
3532,8173,12,1
3532,10785,13,1
3532,5475,14,1
3548,4211,0,1
3548,11009,1,1
3548,8037,2,1
3548,6544,3,1
3548,941,4,1
3548,1776,5,1
3548,7963,6,1
3548,5475,7,1
3548,5105,8,1
3548,276,9,1
3548,6862,10,1
3548,5717,11,1
3548,1334,12,1
3548,10785,13,1
3548,5121,14,1
3548,8173,15,1
3548,65,16,1
3552,276,0,1
3552,5121,1,1
3552,1776,2,1
3552,8037,3,1
3552,10785,4,1
3552,1334,5,1
3552,6862,6,1
3552,8173,7,1
3552,5475,8,1
3552,5717,9,1
3552,11009,10,1
3552,6544,11,1
3552,7963,12,1
3552,5105,13,1
3552,941,14,1
3558,6544,0,1
3558,8037,1,1
3558,6862,2,1
3558,65,3,1
3558,11009,4,1
3558,276,5,1
3558,1334,6,1
3558,5105,7,1
3558,7963,8,1
3558,9016,9,1
3558,8173,10,1
3558,5121,11,1
3558,1776,12,1
3558,5475,13,1
3558,5717,14,1
3558,941,15,1
3558,10785,16,1
3582,6862,0,1
3582,1334,1,1
3582,276,2,1
3582,11009,3,1
3582,5121,4,1
3582,5717,5,1
3582,8037,6,1
3582,1776,7,1
3582,9016,8,1
3582,6544,9,1
3582,941,10,1
3582,7963,11,1
3582,4211,12,1
3582,65,13,1
3582,10785,14,1
3582,8173,15,1
3607,11009,0,1
3607,4211,1,1
3607,6544,2,1
3607,5105,3,1
3607,276,4,1
3607,8037,5,1
3607,8173,6,1
3607,7963,7,1
3607,1334,8,1
3607,5121,9,1
3607,5475,10,1
3607,65,11,1
3607,5717,12,1
3607,1776,13,1
3607,10785,14,1
3607,6862,15,1
3607,941,16,1
3612,65,0,1
3612,1776,1,1
3612,8037,2,1
3612,7963,3,1
3612,276,4,1
3612,941,5,1
3612,1334,6,1
3612,8173,7,1
3612,5105,8,1
3612,6544,9,1
3612,5717,10,1
3612,11009,11,1
3612,6862,12,1
3612,10785,13,1
3612,5121,14,1
3612,5475,15,1
3612,4211,16,1
3631,5475,0,1
3631,1776,1,1
3631,10785,2,1
3631,941,3,1
3631,6544,4,1
3631,1334,5,1
3631,11009,6,1
3631,7963,7,1
3631,8173,8,1
3631,65,9,1
3631,4211,10,1
3631,5121,11,1
3631,6862,12,1
3631,5105,13,1
3631,276,14,1
3631,5717,15,1
3632,7963,0,1
3632,11009,1,1
3632,8173,2,1
3632,5105,3,1
3632,941,4,1
3632,5717,5,1
3632,5475,6,1
3632,5121,7,1
3632,1776,8,1
3632,65,9,1
3632,4211,10,1
3632,6862,11,1
3632,1334,12,1
3632,10785,13,1
3632,9016,14,1
3632,276,15,1
3632,8037,16,1
3634,1334,0,1
3634,10785,1,1
3634,5105,2,1
3634,8173,3,1
3634,1776,4,1
3634,5717,5,1
3634,276,6,1
3634,6862,7,1
3634,7963,8,1
3634,941,9,1
3634,5121,10,1
3634,5475,11,1
3634,6544,12,1
3634,11009,13,1
3634,8037,14,1
3634,65,15,1
3646,7963,0,1
3646,5105,1,1
3646,8037,2,1
3646,11009,3,1
3646,1334,4,1
3646,8173,5,1
3646,5717,6,1
3646,6862,7,1
3646,65,8,1
3646,5121,9,1
3646,6544,10,1
3646,941,11,1
3646,4211,12,1
3646,10785,13,1
3646,5475,14,1
3646,276,15,1
3647,10785,0,1
3647,65,1,1
3647,1334,2,1
3647,6544,3,1
3647,941,4,1
3647,7963,5,1
3647,5121,6,1
3647,6862,7,1
3647,11009,8,1
3647,8037,9,1
3647,5717,10,1
3647,276,11,1
3647,5475,12,1
3647,8173,13,1
3647,4211,14,1
3683,11009,0,1
3683,7963,1,1
3683,6544,2,1
3683,5475,3,1
3683,8037,4,1
3683,276,5,1
3683,5121,6,1
3683,8173,7,1
3683,10785,8,1
3683,1334,9,1
3683,5717,10,1
3683,65,11,1
3683,4211,12,1
3683,941,13,1
3683,5105,14,1
369,8173,0,1
369,5475,1,1
369,4211,2,1
369,276,3,1
369,941,4,1
369,6862,5,1
369,10785,6,1
369,8037,7,1
369,7963,8,1
369,11009,9,1
369,1334,10,1
369,6544,11,1
369,1776,12,1
369,5105,13,1
369,5717,14,1
369,5121,15,1
3701,276,0,1
3701,1334,1,1
3701,1776,2,1
3701,10785,3,1
3701,7963,4,1
3701,11009,5,1
3701,9016,6,1
3701,5717,7,1
3701,8037,8,1
3701,65,9,1
3701,5475,10,1
3701,5105,11,1
3701,6862,12,1
3701,8173,13,1
3701,941,14,1
3731,7963,0,1
3731,5121,1,1
3731,5475,2,1
3731,941,3,1
3731,11009,4,1
3731,6862,5,1
3731,5717,6,1
3731,5105,7,1
3731,10785,8,1
3731,8173,9,1
3731,8037,10,1
3731,1776,11,1
3731,1334,12,1
3731,276,13,1
3731,6544,14,1
3746,7963,0,1
3746,5717,1,1
3746,11009,2,1
3746,276,3,1
3746,8173,4,1
3746,9016,5,1
3746,5475,6,1
3746,5121,7,1
3746,1334,8,1
3746,10785,9,1
3746,4211,10,1
3746,941,11,1
3746,6544,12,1
3746,65,13,1
3746,5105,14,1
3767,8037,0,1
3767,1334,1,1
3767,276,2,1
3767,65,3,1
3767,5475,4,1
3767,4211,5,1
3767,7963,6,1
3767,1776,7,1
3767,5121,8,1
3767,941,9,1
3767,6544,10,1
3767,5105,11,1
3767,5717,12,1
3767,8173,13,1
3767,6862,14,1
3767,10785,15,1
3767,11009,16,1
3777,11009,0,1
3777,5121,1,1
3777,8173,2,1
3777,4211,3,1
3777,6544,4,1
3777,5475,5,1
3777,1776,6,1
3777,7963,7,1
3777,5717,8,1
3777,1334,9,1
3777,8037,10,1
3777,6862,11,1
3777,65,12,1
3777,276,13,1
3777,941,14,1
3777,5105,15,1
3777,9016,16,1
3777,10785,17,1
3779,6862,0,1
3779,5717,1,1
3779,1334,2,1
3779,8173,3,1
3779,7963,4,1
3779,1776,5,1
3779,941,6,1
3779,276,7,1
3779,6544,8,1
3779,5121,9,1
3779,5475,10,1
3779,65,11,1
3779,8037,12,1
3779,10785,13,1
3779,11009,14,1
3781,4211,0,1
3781,941,1,1
3781,1776,2,1
3781,65,3,1
3781,7963,4,1
3781,9016,5,1
3781,276,6,1
3781,8173,7,1
3781,6544,8,1
3781,6862,9,1
3781,11009,10,1
3781,8037,11,1
3781,5475,12,1
3781,5105,13,1
3781,1334,14,1
3781,5717,15,1
3788,7963,0,1
3788,8173,1,1
3788,10785,2,1
3788,5475,3,1
3788,6544,4,1
3788,5105,5,1
3788,5717,6,1
3788,11009,7,1
3788,5121,8,1
3788,1334,9,1
3788,8037,10,1
3788,1776,11,1
3788,276,12,1
3788,6862,13,1
3788,65,14,1
3788,4211,15,1
3788,941,16,1
379,7963,0,1
379,6862,1,1
379,5717,2,1
379,9016,3,1
379,1334,4,1
379,65,5,1
379,8037,6,1
379,8173,7,1
379,6544,8,1
379,941,9,1
379,1776,10,1
379,276,11,1
379,5105,12,1
379,4211,13,1
379,5475,14,1
379,11009,15,1
3793,5121,0,1
3793,1776,1,1
3793,1334,2,1
3793,7963,3,1
3793,8037,4,1
3793,5475,5,1
3793,11009,6,1
3793,6544,7,1
3793,276,8,1
3793,5105,9,1
3793,10785,10,1
3793,941,11,1
3793,6862,12,1
3793,65,13,1
3793,4211,14,1
3793,5717,15,1
3793,8173,16,1
38,8037,0,1
38,5475,1,1
38,1776,2,1
38,4211,3,1
38,7963,4,1
38,276,5,1
38,5717,6,1
38,1334,7,1
38,5121,8,1
38,6544,9,1
38,5105,10,1
38,8173,11,1
38,6862,12,1
38,11009,13,1
38,941,14,1
38,10785,15,1
3811,6862,0,1
3811,1334,1,1
3811,8037,2,1
3811,9016,3,1
3811,7963,4,1
3811,65,5,1
3811,5475,6,1
3811,4211,7,1
3811,8173,8,1
3811,276,9,1
3811,11009,10,1
3811,5717,11,1
3811,10785,12,1
3811,5105,13,1
3811,941,14,1
3812,9016,0,1
3812,1334,1,1
3812,7963,2,1
3812,11009,3,1
3812,5105,4,1
3812,6544,5,1
3812,4211,6,1
3812,5475,7,1
3812,8037,8,1
3812,5717,9,1
3812,10785,10,1
3812,8173,11,1
3812,5121,12,1
3812,276,13,1
3812,6862,14,1
3819,5121,0,1
3819,11009,1,1
3819,5475,2,1
3819,7963,3,1
3819,8037,4,1
3819,5717,5,1
3819,6544,6,1
3819,276,7,1
3819,8173,8,1
3819,5105,9,1
3819,1776,10,1
3819,4211,11,1
3819,65,12,1
3819,1334,13,1
3819,10785,14,1
3829,4211,0,1
3829,5105,1,1
3829,7963,2,1
3829,276,3,1
3829,10785,4,1
3829,5475,5,1
3829,5717,6,1
3829,11009,7,1
3829,941,8,1
3829,65,9,1
3829,8037,10,1
3829,8173,11,1
3829,6544,12,1
3829,1334,13,1
3829,6862,14,1
383,4211,0,1
383,5121,1,1
383,276,2,1
383,65,3,1
383,1334,4,1
383,6544,5,1
383,8037,6,1
383,5717,7,1
383,7963,8,1
383,6862,9,1
383,941,10,1
383,5475,11,1
383,10785,12,1
383,8173,13,1
383,1776,14,1
383,11009,15,1
3834,8037,0,1
3834,5717,1,1
3834,5105,2,1
3834,7963,3,1
3834,65,4,1
3834,9016,5,1
3834,941,6,1
3834,8173,7,1
3834,5121,8,1
3834,276,9,1
3834,6544,10,1
3834,11009,11,1
3834,4211,12,1
3834,1776,13,1
3834,5475,14,1
3849,1334,0,1
3849,5717,1,1
3849,5105,2,1
3849,10785,3,1
3849,8037,4,1
3849,6544,5,1
3849,11009,6,1
3849,5121,7,1
3849,7963,8,1
3849,276,9,1
3849,4211,10,1
3849,941,11,1
3849,6862,12,1
3849,8173,13,1
3849,1776,14,1
3852,6862,0,1
3852,4211,1,1
3852,5121,2,1
3852,7963,3,1
3852,941,4,1
3852,5475,5,1
3852,6544,6,1
3852,10785,7,1
3852,8037,8,1
3852,5105,9,1
3852,11009,10,1
3852,1334,11,1
3852,1776,12,1
3852,5717,13,1
3852,8173,14,1
3852,276,15,1
3868,65,0,1
3868,4211,1,1
3868,6544,2,1
3868,5121,3,1
3868,1334,4,1
3868,7963,5,1
3868,941,6,1
3868,8037,7,1
3868,8173,8,1
3868,5475,9,1
3868,5105,10,1
3868,5717,11,1
3868,1776,12,1
3868,11009,13,1
3868,9016,14,1
3868,6862,15,1
3869,8037,0,1
3869,276,1,1
3869,1776,2,1
3869,6862,3,1
3869,7963,4,1
3869,10785,5,1
3869,8173,6,1
3869,11009,7,1
3869,1334,8,1
3869,4211,9,1
3869,941,10,1
3869,5105,11,1
3869,5121,12,1
3869,5717,13,1
3869,5475,14,1
3912,11009,0,1
3912,5121,1,1
3912,1776,2,1
3912,6544,3,1
3912,7963,4,1
3912,5475,5,1
3912,5717,6,1
3912,8173,7,1
3912,4211,8,1
3912,10785,9,1
3912,5105,10,1
3912,6862,11,1
3912,276,12,1
3912,9016,13,1
3912,941,14,1
3912,65,15,1
3923,7963,0,1
3923,8037,1,1
3923,5475,2,1
3923,5717,3,1
3923,4211,4,1
3923,5105,5,1
3923,11009,6,1
3923,5121,7,1
3923,941,8,1
3923,276,9,1
3923,6862,10,1
3923,6544,11,1
3923,8173,12,1
3923,1334,13,1
3923,1776,14,1
3923,10785,15,1
3962,5475,0,1
3962,9016,1,1
3962,1334,2,1
3962,11009,3,1
3962,7963,4,1
3962,941,5,1
3962,276,6,1
3962,8173,7,1
3962,6544,8,1
3962,8037,9,1
3962,4211,10,1
3962,10785,11,1
3962,6862,12,1
3962,5121,13,1
3962,65,14,1
3962,5717,15,1
3981,7963,0,1
3981,11009,1,1
3981,6544,2,1
3981,8173,3,1
3981,5717,4,1
3981,6862,5,1
3981,4211,6,1
3981,5475,7,1
3981,276,8,1
3981,8037,9,1
3981,5105,10,1
3981,941,11,1
3981,1334,12,1
3981,9016,13,1
3981,5121,14,1
3983,11009,0,1
3983,5717,1,1
3983,276,2,1
3983,7963,3,1
3983,1776,4,1
3983,5105,5,1
3983,8173,6,1
3983,8037,7,1
3983,4211,8,1
3983,9016,9,1
3983,1334,10,1
3983,6544,11,1
3983,941,12,1
3983,5121,13,1
3983,6862,14,1
3991,1334,0,1
3991,5475,1,1
3991,276,2,1
3991,5717,3,1
3991,8037,4,1
3991,941,5,1
3991,65,6,1
3991,7963,7,1
3991,9016,8,1
3991,11009,9,1
3991,10785,10,1
3991,6544,11,1
3991,5105,12,1
3991,4211,13,1
3991,8173,14,1
4007,5121,0,1
4007,8173,1,1
4007,5717,2,1
4007,8037,3,1
4007,1776,4,1
4007,11009,5,1
4007,10785,6,1
4007,276,7,1
4007,7963,8,1
4007,6862,9,1
4007,5475,10,1
4007,1334,11,1
4007,5105,12,1
4007,9016,13,1
4007,4211,14,1
401,5121,0,1
401,6862,1,1
401,7963,2,1
401,5105,3,1
401,941,4,1
401,276,5,1
401,65,6,1
401,4211,7,1
401,8037,8,1
401,9016,9,1
401,11009,10,1
401,1334,11,1
401,5475,12,1
401,5717,13,1
401,10785,14,1
4011,1776,0,1
4011,5121,1,1
4011,11009,2,1
4011,5475,3,1
4011,65,4,1
4011,1334,5,1
4011,941,6,1
4011,7963,7,1
4011,10785,8,1
4011,6544,9,1
4011,8037,10,1
4011,5105,11,1
4011,6862,12,1
4011,276,13,1
4011,5717,14,1
4011,8173,15,1
4011,4211,16,1
4014,5121,0,1
4014,11009,1,1
4014,5717,2,1
4014,941,3,1
4014,8173,4,1
4014,7963,5,1
4014,10785,6,1
4014,5475,7,1
4014,276,8,1
4014,4211,9,1
4014,1334,10,1
4014,8037,11,1
4014,1776,12,1
4014,5105,13,1
4014,6862,14,1
4014,6544,15,1
4024,6544,0,1
4024,1334,1,1
4024,276,2,1
4024,11009,3,1
4024,5475,4,1
4024,8037,5,1
4024,7963,6,1
4024,4211,7,1
4024,5717,8,1
4024,1776,9,1
4024,5105,10,1
4024,10785,11,1
4024,65,12,1
4024,8173,13,1
4024,941,14,1
4030,6544,0,1
4030,5105,1,1
4030,1776,2,1
4030,7963,3,1
4030,5717,4,1
4030,8037,5,1
4030,1334,6,1
4030,65,7,1
4030,11009,8,1
4030,5475,9,1
4030,5121,10,1
4030,941,11,1
4030,4211,12,1
4030,276,13,1
4030,8173,14,1
4036,11009,0,1
4036,1334,1,1
4036,5105,2,1
4036,7963,3,1
4036,10785,4,1
4036,1776,5,1
4036,8173,6,1
4036,5475,7,1
4036,8037,8,1
4036,941,9,1
4036,65,10,1
4036,276,11,1
4036,5121,12,1
4036,4211,13,1
4036,6862,14,1
4096,7963,0,1
4096,5717,1,1
4096,11009,2,1
4096,5105,3,1
4096,10785,4,1
4096,65,5,1
4096,276,6,1
4096,8037,7,1
4096,5121,8,1
4096,8173,9,1
4096,4211,10,1
4096,1334,11,1
4096,941,12,1
4096,6544,13,1
4096,5475,14,1
4100,7963,0,1
4100,1334,1,1
4100,5475,2,1
4100,5121,3,1
4100,8037,4,1
4100,8173,5,1
4100,1776,6,1
4100,5105,7,1
4100,10785,8,1
4100,5717,9,1
4100,11009,10,1
4100,4211,11,1
4100,276,12,1
4100,6544,13,1
4100,941,14,1
4108,7963,0,1
4108,276,1,1
4108,6544,2,1
4108,8173,3,1
4108,941,4,1
4108,1776,5,1
4108,4211,6,1
4108,8037,7,1
4108,6862,8,1
4108,5121,9,1
4108,5105,10,1
4108,5717,11,1
4108,11009,12,1
4108,5475,13,1
4108,10785,14,1
4108,9016,15,1
4108,65,16,1
4119,11009,0,1
4119,65,1,1
4119,7963,2,1
4119,8173,3,1
4119,6862,4,1
4119,8037,5,1
4119,276,6,1
4119,5717,7,1
4119,1334,8,1
4119,10785,9,1
4119,9016,10,1
4119,5475,11,1
4119,6544,12,1
4119,1776,13,1
4119,4211,14,1
4119,941,15,1
412,65,0,1
412,7963,1,1
412,5105,2,1
412,11009,3,1
412,5475,4,1
412,10785,5,1
412,941,6,1
412,6544,7,1
412,1776,8,1
412,8037,9,1
412,8173,10,1
412,1334,11,1
412,9016,12,1
412,5717,13,1
412,276,14,1
412,6862,15,1
4123,11009,0,1
4123,65,1,1
4123,276,2,1
4123,7963,3,1
4123,5105,4,1
4123,8037,5,1
4123,1334,6,1
4123,1776,7,1
4123,4211,8,1
4123,6544,9,1
4123,941,10,1
4123,5475,11,1
4123,5717,12,1
4123,8173,13,1
4123,5121,14,1
4123,6862,15,1
4127,1334,0,1
4127,65,1,1
4127,7963,2,1
4127,11009,3,1
4127,8173,4,1
4127,6544,5,1
4127,1776,6,1
4127,5717,7,1
4127,276,8,1
4127,5105,9,1
4127,5121,10,1
4127,4211,11,1
4127,941,12,1
4127,10785,13,1
4127,8037,14,1
4127,5475,15,1
4189,7963,0,1
4189,5121,1,1
4189,6544,2,1
4189,65,3,1
4189,1334,4,1
4189,8037,5,1
4189,5475,6,1
4189,11009,7,1
4189,10785,8,1
4189,941,9,1
4189,5717,10,1
4189,4211,11,1
4189,8173,12,1
4189,276,13,1
4189,1776,14,1
419,276,0,1
419,1776,1,1
419,8037,2,1
419,6862,3,1
419,7963,4,1
419,11009,5,1
419,1334,6,1
419,941,7,1
419,6544,8,1
419,8173,9,1
419,4211,10,1
419,65,11,1
419,10785,12,1
419,5475,13,1
419,5121,14,1
419,5105,15,1
419,9016,16,1
4198,8037,0,1
4198,1334,1,1
4198,65,2,1
4198,1776,3,1
4198,11009,4,1
4198,6862,5,1
4198,5475,6,1
4198,941,7,1
4198,4211,8,1
4198,276,9,1
4198,5121,10,1
4198,7963,11,1
4198,8173,12,1
4198,10785,13,1
4198,5717,14,1
4198,5105,15,1
4201,65,0,1
4201,941,1,1
4201,6544,2,1
4201,7963,3,1
4201,9016,4,1
4201,8037,5,1
4201,8173,6,1
4201,1334,7,1
4201,1776,8,1
4201,6862,9,1
4201,5121,10,1
4201,5717,11,1
4201,4211,12,1
4201,5105,13,1
4201,11009,14,1
4201,10785,15,1
4201,276,16,1
4201,5475,17,1
4205,7963,0,1
4205,11009,1,1
4205,1334,2,1
4205,8037,3,1
4205,4211,4,1
4205,6544,5,1
4205,6862,6,1
4205,276,7,1
4205,5475,8,1
4205,9016,9,1
4205,8173,10,1
4205,5717,11,1
4205,5105,12,1
4205,10785,13,1
4205,5121,14,1
421,8037,0,1
421,6544,1,1
421,8173,2,1
421,276,3,1
421,5717,4,1
421,65,5,1
421,7963,6,1
421,5475,7,1
421,1334,8,1
421,9016,9,1
421,1776,10,1
421,10785,11,1
421,4211,12,1
421,11009,13,1
421,941,14,1
4213,8037,0,1
4213,7963,1,1
4213,5121,2,1
4213,8173,3,1
4213,11009,4,1
4213,5475,5,1
4213,6544,6,1
4213,276,7,1
4213,10785,8,1
4213,1776,9,1
4213,1334,10,1
4213,5717,11,1
4213,941,12,1
4213,5105,13,1
4213,65,14,1
4213,4211,15,1
4213,9016,16,1
4213,6862,17,1
4228,6862,0,1
4228,7963,1,1
4228,65,2,1
4228,5475,3,1
4228,6544,4,1
4228,11009,5,1
4228,1776,6,1
4228,10785,7,1
4228,5121,8,1
4228,5717,9,1
4228,276,10,1
4228,8037,11,1
4228,8173,12,1
4228,1334,13,1
4228,4211,14,1
4228,941,15,1
4237,9016,0,1
4237,7963,1,1
4237,5717,2,1
4237,1334,3,1
4237,941,4,1
4237,11009,5,1
4237,6862,6,1
4237,1776,7,1
4237,10785,8,1
4237,6544,9,1
4237,5105,10,1
4237,276,11,1
4237,4211,12,1
4237,8173,13,1
4237,5475,14,1
4282,5121,0,1
4282,941,1,1
4282,6862,2,1
4282,5105,3,1
4282,9016,4,1
4282,6544,5,1
4282,7963,6,1
4282,65,7,1
4282,276,8,1
4282,8173,9,1
4282,1334,10,1
4282,1776,11,1
4282,8037,12,1
4282,4211,13,1
4282,5717,14,1
4282,11009,15,1
4282,5475,16,1
4299,5717,0,1
4299,276,1,1
4299,9016,2,1
4299,1776,3,1
4299,7963,4,1
4299,11009,5,1
4299,5105,6,1
4299,1334,7,1
4299,8173,8,1
4299,6862,9,1
4299,6544,10,1
4299,8037,11,1
4299,5121,12,1
4299,5475,13,1
4299,10785,14,1
4299,941,15,1
4304,1334,0,1
4304,11009,1,1
4304,4211,2,1
4304,7963,3,1
4304,5717,4,1
4304,6862,5,1
4304,5475,6,1
4304,6544,7,1
4304,65,8,1
4304,5105,9,1
4304,5121,10,1
4304,941,11,1
4304,276,12,1
4304,8173,13,1
4304,10785,14,1
433,5105,0,1
433,5717,1,1
433,1334,2,1
433,5475,3,1
433,276,4,1
433,941,5,1
433,8037,6,1
433,9016,7,1
433,5121,8,1
433,6544,9,1
433,4211,10,1
433,10785,11,1
433,1776,12,1
433,8173,13,1
433,6862,14,1
433,65,15,1
433,11009,16,1
433,7963,17,1
4387,8173,0,1
4387,1334,1,1
4387,7963,2,1
4387,8037,3,1
4387,10785,4,1
4387,5717,5,1
4387,6544,6,1
4387,276,7,1
4387,5475,8,1
4387,1776,9,1
4387,4211,10,1
4387,5105,11,1
4387,11009,12,1
4387,65,13,1
4387,941,14,1
4389,7963,0,1
4389,8037,1,1
4389,65,2,1
4389,941,3,1
4389,1334,4,1
4389,8173,5,1
4389,6544,6,1
4389,276,7,1
4389,10785,8,1
4389,5105,9,1
4389,5121,10,1
4389,6862,11,1
4389,11009,12,1
4389,5717,13,1
4389,5475,14,1
4389,1776,15,1
4389,4211,16,1
4396,5105,0,1
4396,10785,1,1
4396,6544,2,1
4396,65,3,1
4396,276,4,1
4396,9016,5,1
4396,11009,6,1
4396,7963,7,1
4396,1334,8,1
4396,941,9,1
4396,8037,10,1
4396,4211,11,1
4396,8173,12,1
4396,5475,13,1
4396,5121,14,1
4397,6544,0,1
4397,5475,1,1
4397,1776,2,1
4397,7963,3,1
4397,5717,4,1
4397,4211,5,1
4397,276,6,1
4397,5105,7,1
4397,11009,8,1
4397,5121,9,1
4397,8037,10,1
4397,1334,11,1
4397,941,12,1
4397,65,13,1
4397,8173,14,1
4405,6862,0,1
4405,7963,1,1
4405,1776,2,1
4405,8037,3,1
4405,65,4,1
4405,5121,5,1
4405,11009,6,1
4405,5105,7,1
4405,5717,8,1
4405,5475,9,1
4405,4211,10,1
4405,6544,11,1
4405,1334,12,1
4405,8173,13,1
4405,276,14,1
4405,10785,15,1
4420,6862,0,1
4420,5105,1,1
4420,7963,2,1
4420,8037,3,1
4420,5475,4,1
4420,5121,5,1
4420,10785,6,1
4420,1334,7,1
4420,5717,8,1
4420,65,9,1
4420,11009,10,1
4420,6544,11,1
4420,276,12,1
4420,1776,13,1
4420,8173,14,1
4427,8037,0,1
4427,8173,1,1
4427,7963,2,1
4427,4211,3,1
4427,5475,4,1
4427,11009,5,1
4427,276,6,1
4427,1334,7,1
4427,5717,8,1
4427,6862,9,1
4427,1776,10,1
4427,65,11,1
4427,6544,12,1
4427,5121,13,1
4427,5105,14,1
4434,6544,0,1
4434,5717,1,1
4434,5475,2,1
4434,8173,3,1
4434,5121,4,1
4434,7963,5,1
4434,65,6,1
4434,10785,7,1
4434,276,8,1
4434,941,9,1
4434,11009,10,1
4434,4211,11,1
4434,1334,12,1
4434,1776,13,1
4434,5105,14,1
4434,6862,15,1
4434,8037,16,1
4434,9016,17,1
4452,7963,0,1
4452,8037,1,1
4452,8173,2,1
4452,11009,3,1
4452,1334,4,1
4452,5475,5,1
4452,276,6,1
4452,5105,7,1
4452,10785,8,1
4452,6862,9,1
4452,5121,10,1
4452,4211,11,1
4452,65,12,1
4452,1776,13,1
4452,941,14,1
4452,6544,15,1
4465,8037,0,1
4465,1334,1,1
4465,11009,2,1
4465,7963,3,1
4465,6862,4,1
4465,5121,5,1
4465,941,6,1
4465,276,7,1
4465,8173,8,1
4465,5717,9,1
4465,6544,10,1
4465,4211,11,1
4465,1776,12,1
4465,65,13,1
4465,5105,14,1
4480,5717,0,1
4480,941,1,1
4480,6862,2,1
4480,6544,3,1
4480,8037,4,1
4480,10785,5,1
4480,5475,6,1
4480,8173,7,1
4480,1334,8,1
4480,11009,9,1
4480,5121,10,1
4480,7963,11,1
4480,1776,12,1
4480,9016,13,1
4480,276,14,1
4480,5105,15,1
4480,4211,16,1
4480,65,17,1
4488,9016,0,1
4488,1334,1,1
4488,8037,2,1
4488,1776,3,1
4488,8173,4,1
4488,7963,5,1
4488,11009,6,1
4488,10785,7,1
4488,6544,8,1
4488,941,9,1
4488,5105,10,1
4488,5717,11,1
4488,5121,12,1
4488,276,13,1
4488,5475,14,1
4507,7963,0,1
4507,4211,1,1
4507,1334,2,1
4507,8037,3,1
4507,6544,4,1
4507,276,5,1
4507,5105,6,1
4507,1776,7,1
4507,5475,8,1
4507,941,9,1
4507,5717,10,1
4507,11009,11,1
4507,10785,12,1
4507,6862,13,1
4507,5121,14,1
4507,8173,15,1
4508,8173,0,1
4508,7963,1,1
4508,276,2,1
4508,6544,3,1
4508,10785,4,1
4508,8037,5,1
4508,5121,6,1
4508,1776,7,1
4508,65,8,1
4508,4211,9,1
4508,5717,10,1
4508,1334,11,1
4508,5475,12,1
4508,941,13,1
4508,5105,14,1
4508,11009,15,1
4520,4211,0,1
4520,276,1,1
4520,1776,2,1
4520,7963,3,1
4520,5475,4,1
4520,6862,5,1
4520,941,6,1
4520,11009,7,1
4520,65,8,1
4520,1334,9,1
4520,8037,10,1
4520,5121,11,1
4520,5717,12,1
4520,6544,13,1
4520,10785,14,1
4520,8173,15,1
4528,7963,0,1
4528,4211,1,1
4528,276,2,1
4528,8037,3,1
4528,11009,4,1
4528,1776,5,1
4528,6544,6,1
4528,10785,7,1
4528,1334,8,1
4528,5121,9,1
4528,5105,10,1
4528,8173,11,1
4528,5717,12,1
4528,941,13,1
4528,5475,14,1
4528,6862,15,1
4530,8173,0,1
4530,5105,1,1
4530,10785,2,1
4530,6862,3,1
4530,7963,4,1
4530,5475,5,1
4530,5717,6,1
4530,276,7,1
4530,11009,8,1
4530,4211,9,1
4530,8037,10,1
4530,1334,11,1
4530,65,12,1
4530,5121,13,1
4530,1776,14,1
4530,941,15,1
4530,6544,16,1
4534,5717,0,1
4534,8037,1,1
4534,5475,2,1
4534,7963,3,1
4534,4211,4,1
4534,5121,5,1
4534,1776,6,1
4534,5105,7,1
4534,6862,8,1
4534,6544,9,1
4534,276,10,1
4534,11009,11,1
4534,1334,12,1
4534,10785,13,1
4534,8173,14,1
4534,941,15,1
4541,276,0,1
4541,8173,1,1
4541,65,2,1
4541,5121,3,1
4541,6544,4,1
4541,11009,5,1
4541,7963,6,1
4541,6862,7,1
4541,1334,8,1
4541,4211,9,1
4541,5475,10,1
4541,5717,11,1
4541,941,12,1
4541,8037,13,1
4541,1776,14,1
4541,5105,15,1
4583,5105,0,1
4583,8037,1,1
4583,1776,2,1
4583,1334,3,1
4583,7963,4,1
4583,5121,5,1
4583,9016,6,1
4583,4211,7,1
4583,276,8,1
4583,11009,9,1
4583,5717,10,1
4583,6862,11,1
4583,6544,12,1
4583,941,13,1
4583,8173,14,1
4583,5475,15,1
4586,9016,0,1
4586,6544,1,1
4586,7963,2,1
4586,11009,3,1
4586,1776,4,1
4586,8173,5,1
4586,276,6,1
4586,65,7,1
4586,4211,8,1
4586,5105,9,1
4586,6862,10,1
4586,1334,11,1
4586,5475,12,1
4586,941,13,1
4586,5717,14,1
4591,6862,0,1
4591,7963,1,1
4591,5717,2,1
4591,1334,3,1
4591,5475,4,1
4591,8037,5,1
4591,9016,6,1
4591,5105,7,1
4591,8173,8,1
4591,5121,9,1
4591,1776,10,1
4591,4211,11,1
4591,11009,12,1
4591,276,13,1
4591,6544,14,1
4591,10785,15,1
46,7963,0,1
46,1776,1,1
46,6862,2,1
46,8037,3,1
46,5475,4,1
46,11009,5,1
46,6544,6,1
46,941,7,1
46,276,8,1
46,5105,9,1
46,8173,10,1
46,5717,11,1
46,5121,12,1
46,10785,13,1
46,1334,14,1
4602,7963,0,1
4602,8037,1,1
4602,1334,2,1
4602,5717,3,1
4602,6544,4,1
4602,5475,5,1
4602,6862,6,1
4602,65,7,1
4602,11009,8,1
4602,10785,9,1
4602,4211,10,1
4602,1776,11,1
4602,941,12,1
4602,8173,13,1
4602,276,14,1
4602,5105,15,1
461,8173,0,1
461,11009,1,1
461,1776,2,1
461,8037,3,1
461,5475,4,1
461,6862,5,1
461,10785,6,1
461,5717,7,1
461,276,8,1
461,5105,9,1
461,7963,10,1
461,4211,11,1
461,1334,12,1
461,6544,13,1
461,941,14,1
4634,8173,0,1
4634,941,1,1
4634,11009,2,1
4634,4211,3,1
4634,8037,4,1
4634,7963,5,1
4634,5475,6,1
4634,276,7,1
4634,10785,8,1
4634,6544,9,1
4634,5121,10,1
4634,1334,11,1
4634,5717,12,1
4634,65,13,1
4634,5105,14,1
4634,6862,15,1
4645,1776,0,1
4645,5475,1,1
4645,7963,2,1
4645,8173,3,1
4645,276,4,1
4645,1334,5,1
4645,5717,6,1
4645,6862,7,1
4645,5105,8,1
4645,6544,9,1
4645,11009,10,1
4645,941,11,1
4645,4211,12,1
4645,5121,13,1
4645,8037,14,1
4645,10785,15,1
4647,6862,0,1
4647,1334,1,1
4647,6544,2,1
4647,4211,3,1
4647,7963,4,1
4647,5121,5,1
4647,276,6,1
4647,941,7,1
4647,8037,8,1
4647,11009,9,1
4647,5105,10,1
4647,1776,11,1
4647,10785,12,1
4647,5475,13,1
4647,5717,14,1
4647,8173,15,1
4657,7963,0,1
4657,276,1,1
4657,1334,2,1
4657,5105,3,1
4657,6544,4,1
4657,65,5,1
4657,6862,6,1
4657,10785,7,1
4657,4211,8,1
4657,941,9,1
4657,5475,10,1
4657,5121,11,1
4657,8037,12,1
4657,1776,13,1
4657,8173,14,1
4657,5717,15,1
4657,11009,16,1
4662,10785,0,1
4662,7963,1,1
4662,6544,2,1
4662,1776,3,1
4662,5105,4,1
4662,11009,5,1
4662,5121,6,1
4662,1334,7,1
4662,9016,8,1
4662,5717,9,1
4662,276,10,1
4662,5475,11,1
4662,65,12,1
4662,4211,13,1
4662,941,14,1
4662,8173,15,1
4662,8037,16,1
4667,7963,0,1
4667,8173,1,1
4667,9016,2,1
4667,941,3,1
4667,5475,4,1
4667,11009,5,1
4667,8037,6,1
4667,6862,7,1
4667,4211,8,1
4667,1334,9,1
4667,65,10,1
4667,10785,11,1
4667,5105,12,1
4667,5717,13,1
4667,5121,14,1
4667,276,15,1
4668,7963,0,1
4668,1776,1,1
4668,9016,2,1
4668,941,3,1
4668,5717,4,1
4668,1334,5,1
4668,6544,6,1
4668,4211,7,1
4668,65,8,1
4668,8037,9,1
4668,5475,10,1
4668,10785,11,1
4668,8173,12,1
4668,6862,13,1
4668,276,14,1
4668,11009,15,1
4668,5121,16,1
4668,5105,17,1
4674,11009,0,1
4674,7963,1,1
4674,5717,2,1
4674,9016,3,1
4674,6862,4,1
4674,1776,5,1
4674,1334,6,1
4674,276,7,1
4674,65,8,1
4674,8173,9,1
4674,5105,10,1
4674,941,11,1
4674,8037,12,1
4674,4211,13,1
4674,6544,14,1
4674,5475,15,1
4674,5121,16,1
4674,10785,17,1
4678,1334,0,1
4678,5121,1,1
4678,1776,2,1
4678,5475,3,1
4678,5105,4,1
4678,5717,5,1
4678,7963,6,1
4678,8173,7,1
4678,9016,8,1
4678,6862,9,1
4678,941,10,1
4678,6544,11,1
4678,4211,12,1
4678,10785,13,1
4678,11009,14,1
4678,276,15,1
4678,8037,16,1
4688,1776,0,1
4688,941,1,1
4688,7963,2,1
4688,8037,3,1
4688,4211,4,1
4688,6862,5,1
4688,5121,6,1
4688,1334,7,1
4688,6544,8,1
4688,65,9,1
4688,5475,10,1
4688,8173,11,1
4688,5105,12,1
4688,276,13,1
4688,11009,14,1
4690,11009,0,1
4690,1334,1,1
4690,5105,2,1
4690,10785,3,1
4690,941,4,1
4690,8173,5,1
4690,8037,6,1
4690,5717,7,1
4690,5121,8,1
4690,7963,9,1
4690,6544,10,1
4690,4211,11,1
4690,276,12,1
4690,1776,13,1
4690,5475,14,1
4690,6862,15,1
4691,4211,0,1
4691,1334,1,1
4691,7963,2,1
4691,5121,3,1
4691,10785,4,1
4691,5717,5,1
4691,11009,6,1
4691,941,7,1
4691,8173,8,1
4691,276,9,1
4691,5475,10,1
4691,6544,11,1
4691,5105,12,1
4691,1776,13,1
4691,6862,14,1
4705,10785,0,1
4705,7963,1,1
4705,5475,2,1
4705,1776,3,1
4705,5105,4,1
4705,9016,5,1
4705,8037,6,1
4705,1334,7,1
4705,4211,8,1
4705,5121,9,1
4705,6544,10,1
4705,276,11,1
4705,11009,12,1
4705,65,13,1
4705,8173,14,1
4705,5717,15,1
4705,941,16,1
474,7963,0,1
474,4211,1,1
474,6862,2,1
474,5105,3,1
474,11009,4,1
474,10785,5,1
474,5475,6,1
474,65,7,1
474,9016,8,1
474,1334,9,1
474,5121,10,1
474,276,11,1
474,8037,12,1
474,5717,13,1
474,8173,14,1
4746,8173,0,1
4746,941,1,1
4746,276,2,1
4746,5105,3,1
4746,7963,4,1
4746,1334,5,1
4746,6544,6,1
4746,65,7,1
4746,6862,8,1
4746,8037,9,1
4746,11009,10,1
4746,4211,11,1
4746,1776,12,1
4746,5717,13,1
4746,5121,14,1
4746,10785,15,1
4746,5475,16,1
4749,65,0,1
4749,5717,1,1
4749,276,2,1
4749,5475,3,1
4749,5121,4,1
4749,4211,5,1
4749,7963,6,1
4749,941,7,1
4749,5105,8,1
4749,1776,9,1
4749,6544,10,1
4749,10785,11,1
4749,11009,12,1
4749,1334,13,1
4749,8037,14,1
4749,8173,15,1
4752,5717,0,1
4752,1334,1,1
4752,8037,2,1
4752,7963,3,1
4752,5105,4,1
4752,6544,5,1
4752,6862,6,1
4752,10785,7,1
4752,9016,8,1
4752,11009,9,1
4752,8173,10,1
4752,941,11,1
4752,5121,12,1
4752,276,13,1
4752,65,14,1
4752,5475,15,1
4752,4211,16,1
4773,8037,0,1
4773,1334,1,1
4773,7963,2,1
4773,5105,3,1
4773,8173,4,1
4773,1776,5,1
4773,276,6,1
4773,11009,7,1
4773,4211,8,1
4773,941,9,1
4773,5475,10,1
4773,5717,11,1
4773,6544,12,1
4773,5121,13,1
4773,65,14,1
478,7963,0,1
478,941,1,1
478,276,2,1
478,5717,3,1
478,1334,4,1
478,11009,5,1
478,10785,6,1
478,1776,7,1
478,5121,8,1
478,8037,9,1
478,6544,10,1
478,65,11,1
478,8173,12,1
478,5105,13,1
478,6862,14,1
478,9016,15,1
478,4211,16,1
478,5475,17,1
4789,1334,0,1
4789,11009,1,1
4789,7963,2,1
4789,6544,3,1
4789,6862,4,1
4789,941,5,1
4789,276,6,1
4789,5121,7,1
4789,1776,8,1
4789,8173,9,1
4789,4211,10,1
4789,5717,11,1
4789,10785,12,1
4789,5475,13,1
4789,8037,14,1
4789,65,15,1
4789,5105,16,1
4818,10785,0,1
4818,8173,1,1
4818,1334,2,1
4818,6544,3,1
4818,5717,4,1
4818,5105,5,1
4818,941,6,1
4818,8037,7,1
4818,7963,8,1
4818,5475,9,1
4818,11009,10,1
4818,1776,11,1
4818,276,12,1
4818,5121,13,1
4818,6862,14,1
4825,941,0,1
4825,7963,1,1
4825,10785,2,1
4825,1334,3,1
4825,8037,4,1
4825,65,5,1
4825,1776,6,1
4825,6544,7,1
4825,4211,8,1
4825,5717,9,1
4825,5121,10,1
4825,276,11,1
4825,6862,12,1
4825,9016,13,1
4825,8173,14,1
4825,11009,15,1
4825,5475,16,1
4871,6544,0,1
4871,6862,1,1
4871,8037,2,1
4871,5717,3,1
4871,1334,4,1
4871,941,5,1
4871,7963,6,1
4871,10785,7,1
4871,5121,8,1
4871,8173,9,1
4871,5475,10,1
4871,276,11,1
4871,1776,12,1
4871,11009,13,1
4871,5105,14,1
489,65,0,1
489,11009,1,1
489,276,2,1
489,6862,3,1
489,8037,4,1
489,7963,5,1
489,4211,6,1
489,5717,7,1
489,1776,8,1
489,1334,9,1
489,5121,10,1
489,6544,11,1
489,5475,12,1
489,5105,13,1
489,941,14,1
489,8173,15,1
4892,7963,0,1
4892,6862,1,1
4892,10785,2,1
4892,8173,3,1
4892,65,4,1
4892,5717,5,1
4892,5105,6,1
4892,6544,7,1
4892,1334,8,1
4892,941,9,1
4892,11009,10,1
4892,9016,11,1
4892,5121,12,1
4892,276,13,1
4892,8037,14,1
4892,5475,15,1
4892,4211,16,1
4895,9016,0,1
4895,5121,1,1
4895,6862,2,1
4895,941,3,1
4895,276,4,1
4895,5105,5,1
4895,1334,6,1
4895,7963,7,1
4895,8173,8,1
4895,10785,9,1
4895,5475,10,1
4895,11009,11,1
4895,65,12,1
4895,5717,13,1
4895,4211,14,1
491,10785,0,1
491,5717,1,1
491,1334,2,1
491,11009,3,1
491,1776,4,1
491,941,5,1
491,4211,6,1
491,7963,7,1
491,6544,8,1
491,5121,9,1
491,8173,10,1
491,276,11,1
491,5475,12,1
491,5105,13,1
491,8037,14,1
4916,7963,0,1
4916,1776,1,1
4916,6544,2,1
4916,5717,3,1
4916,276,4,1
4916,8037,5,1
4916,11009,6,1
4916,65,7,1
4916,5121,8,1
4916,5475,9,1
4916,8173,10,1
4916,10785,11,1
4916,1334,12,1
4916,5105,13,1
4916,6862,14,1
4920,276,0,1
4920,1776,1,1
4920,7963,2,1
4920,5105,3,1
4920,8037,4,1
4920,4211,5,1
4920,8173,6,1
4920,1334,7,1
4920,5717,8,1
4920,5121,9,1
4920,65,10,1
4920,10785,11,1
4920,6544,12,1
4920,941,13,1
4920,6862,14,1
4920,5475,15,1
4920,11009,16,1
4927,4211,0,1
4927,11009,1,1
4927,5717,2,1
4927,7963,3,1
4927,6544,4,1
4927,1334,5,1
4927,276,6,1
4927,8037,7,1
4927,6862,8,1
4927,5121,9,1
4927,8173,10,1
4927,10785,11,1
4927,5475,12,1
4927,5105,13,1
4927,941,14,1
4927,1776,15,1
4944,5105,0,1
4944,7963,1,1
4944,8173,2,1
4944,1334,3,1
4944,8037,4,1
4944,5121,5,1
4944,11009,6,1
4944,6544,7,1
4944,276,8,1
4944,10785,9,1
4944,5717,10,1
4944,6862,11,1
4944,1776,12,1
4944,941,13,1
4944,4211,14,1
4944,5475,15,1
4971,5475,0,1
4971,7963,1,1
4971,941,2,1
4971,65,3,1
4971,8173,4,1
4971,11009,5,1
4971,5121,6,1
4971,4211,7,1
4971,5105,8,1
4971,276,9,1
4971,1776,10,1
4971,9016,11,1
4971,1334,12,1
4971,8037,13,1
4971,10785,14,1
4971,5717,15,1
4972,4211,0,1
4972,6544,1,1
4972,8037,2,1
4972,7963,3,1
4972,5475,4,1
4972,6862,5,1
4972,8173,6,1
4972,65,7,1
4972,1776,8,1
4972,941,9,1
4972,5105,10,1
4972,11009,11,1
4972,276,12,1
4972,1334,13,1
4972,10785,14,1
4978,7963,0,1
4978,4211,1,1
4978,11009,2,1
4978,65,3,1
4978,6544,4,1
4978,5121,5,1
4978,5717,6,1
4978,5105,7,1
4978,9016,8,1
4978,1334,9,1
4978,8173,10,1
4978,1776,11,1
4978,941,12,1
4978,10785,13,1
4978,8037,14,1
4978,276,15,1
499,65,0,1
499,1334,1,1
499,11009,2,1
499,8037,3,1
499,6544,4,1
499,7963,5,1
499,1776,6,1
499,6862,7,1
499,941,8,1
499,5121,9,1
499,276,10,1
499,8173,11,1
499,5717,12,1
499,5105,13,1
499,5475,14,1
4990,7963,0,1
4990,8037,1,1
4990,65,2,1
4990,5717,3,1
4990,941,4,1
4990,276,5,1
4990,1334,6,1
4990,4211,7,1
4990,5105,8,1
4990,1776,9,1
4990,10785,10,1
4990,5121,11,1
4990,5475,12,1
4990,11009,13,1
4990,6544,14,1
5019,5717,0,1
5019,276,1,1
5019,1334,2,1
5019,8173,3,1
5019,941,4,1
5019,8037,5,1
5019,7963,6,1
5019,1776,7,1
5019,5105,8,1
5019,10785,9,1
5019,6862,10,1
5019,5121,11,1
5019,6544,12,1
5019,65,13,1
5019,11009,14,1
5019,5475,15,1
5020,7963,0,1
5020,65,1,1
5020,5717,2,1
5020,276,3,1
5020,941,4,1
5020,1334,5,1
5020,5475,6,1
5020,8173,7,1
5020,5121,8,1
5020,8037,9,1
5020,1776,10,1
5020,6544,11,1
5020,6862,12,1
5020,5105,13,1
5020,10785,14,1
5020,11009,15,1
505,8037,0,1
505,11009,1,1
505,1334,2,1
505,4211,3,1
505,5105,4,1
505,65,5,1
505,7963,6,1
505,8173,7,1
505,276,8,1
505,5121,9,1
505,941,10,1
505,6544,11,1
505,10785,12,1
505,5717,13,1
505,1776,14,1
505,5475,15,1
5056,7963,0,1
5056,1334,1,1
5056,6544,2,1
5056,1776,3,1
5056,276,4,1
5056,11009,5,1
5056,65,6,1
5056,8173,7,1
5056,9016,8,1
5056,5105,9,1
5056,941,10,1
5056,5717,11,1
5056,4211,12,1
5056,5121,13,1
5056,8037,14,1
5059,5717,0,1
5059,276,1,1
5059,941,2,1
5059,6862,3,1
5059,7963,4,1
5059,11009,5,1
5059,8173,6,1
5059,10785,7,1
5059,5121,8,1
5059,1334,9,1
5059,1776,10,1
5059,8037,11,1
5059,6544,12,1
5059,5475,13,1
5059,5105,14,1
5059,65,15,1
5076,9016,0,1
5076,7963,1,1
5076,1776,2,1
5076,4211,3,1
5076,65,4,1
5076,8037,5,1
5076,5105,6,1
5076,11009,7,1
5076,276,8,1
5076,1334,9,1
5076,5121,10,1
5076,8173,11,1
5076,6544,12,1
5076,5475,13,1
5076,941,14,1
5077,7963,0,1
5077,6544,1,1
5077,11009,2,1
5077,5105,3,1
5077,1334,4,1
5077,941,5,1
5077,276,6,1
5077,5717,7,1
5077,5121,8,1
5077,10785,9,1
5077,8173,10,1
5077,1776,11,1
5077,6862,12,1
5077,8037,13,1
5077,5475,14,1
5118,7963,0,1
5118,11009,1,1
5118,10785,2,1
5118,9016,3,1
5118,276,4,1
5118,5717,5,1
5118,1334,6,1
5118,941,7,1
5118,1776,8,1
5118,6862,9,1
5118,5121,10,1
5118,4211,11,1
5118,5475,12,1
5118,6544,13,1
5118,5105,14,1
5118,8173,15,1
5148,1776,0,1
5148,11009,1,1
5148,276,2,1
5148,7963,3,1
5148,4211,4,1
5148,10785,5,1
5148,5105,6,1
5148,65,7,1
5148,6862,8,1
5148,5475,9,1
5148,5121,10,1
5148,8037,11,1
5148,941,12,1
5148,8173,13,1
5148,1334,14,1
5148,6544,15,1
5151,5717,0,1
5151,4211,1,1
5151,8037,2,1
5151,65,3,1
5151,7963,4,1
5151,1334,5,1
5151,11009,6,1
5151,1776,7,1
5151,8173,8,1
5151,941,9,1
5151,276,10,1
5151,9016,11,1
5151,5105,12,1
5151,5475,13,1
5151,6544,14,1
5151,5121,15,1
5152,5475,0,1
5152,5105,1,1
5152,7963,2,1
5152,1776,3,1
5152,6862,4,1
5152,8037,5,1
5152,5121,6,1
5152,5717,7,1
5152,1334,8,1
5152,276,9,1
5152,6544,10,1
5152,4211,11,1
5152,65,12,1
5152,941,13,1
5152,8173,14,1
5152,10785,15,1
5152,11009,16,1
5176,276,0,1
5176,8037,1,1
5176,11009,2,1
5176,8173,3,1
5176,5105,4,1
5176,7963,5,1
5176,9016,6,1
5176,4211,7,1
5176,6862,8,1
5176,5475,9,1
5176,1776,10,1
5176,1334,11,1
5176,5121,12,1
5176,65,13,1
5176,5717,14,1
5176,6544,15,1
5176,10785,16,1
5186,11009,0,1
5186,5717,1,1
5186,5105,2,1
5186,8173,3,1
5186,276,4,1
5186,7963,5,1
5186,6862,6,1
5186,5475,7,1
5186,5121,8,1
5186,6544,9,1
5186,10785,10,1
5186,4211,11,1
5186,1334,12,1
5186,8037,13,1
5186,1776,14,1
5186,65,15,1
5194,4211,0,1
5194,65,1,1
5194,276,2,1
5194,1776,3,1
5194,6862,4,1
5194,5121,5,1
5194,7963,6,1
5194,10785,7,1
5194,5105,8,1
5194,5717,9,1
5194,1334,10,1
5194,11009,11,1
5194,5475,12,1
5194,941,13,1
5194,8173,14,1
5199,11009,0,1
5199,1776,1,1
5199,5475,2,1
5199,5717,3,1
5199,4211,4,1
5199,8037,5,1
5199,5105,6,1
5199,65,7,1
5199,6544,8,1
5199,7963,9,1
5199,5121,10,1
5199,8173,11,1
5199,941,12,1
5199,1334,13,1
5199,276,14,1
5202,5121,0,1
5202,65,1,1
5202,6544,2,1
5202,1334,3,1
5202,4211,4,1
5202,7963,5,1
5202,276,6,1
5202,5475,7,1
5202,6862,8,1
5202,11009,9,1
5202,1776,10,1
5202,8173,11,1
5202,10785,12,1
5202,5105,13,1
5202,8037,14,1
5202,941,15,1
5250,4211,0,1
5250,1334,1,1
5250,8173,2,1
5250,276,3,1
5250,5121,4,1
5250,5105,5,1
5250,7963,6,1
5250,5475,7,1
5250,8037,8,1
5250,941,9,1
5250,6544,10,1
5250,6862,11,1
5250,11009,12,1
5250,65,13,1
5250,5717,14,1
5250,10785,15,1
5283,1776,0,1
5283,276,1,1
5283,5105,2,1
5283,6862,3,1
5283,941,4,1
5283,5475,5,1
5283,1334,6,1
5283,8037,7,1
5283,6544,8,1
5283,10785,9,1
5283,7963,10,1
5283,5121,11,1
5283,8173,12,1
5283,5717,13,1
5283,11009,14,1
5283,65,15,1
5283,4211,16,1
5297,1776,0,1
5297,8037,1,1
5297,5717,2,1
5297,7963,3,1
5297,10785,4,1
5297,1334,5,1
5297,5475,6,1
5297,941,7,1
5297,6544,8,1
5297,276,9,1
5297,5121,10,1
5297,8173,11,1
5297,5105,12,1
5297,11009,13,1
5297,6862,14,1
5339,1334,0,1
5339,6544,1,1
5339,7963,2,1
5339,6862,3,1
5339,8037,4,1
5339,276,5,1
5339,10785,6,1
5339,5475,7,1
5339,8173,8,1
5339,5121,9,1
5339,941,10,1
5339,5717,11,1
5339,11009,12,1
5339,4211,13,1
5339,65,14,1
5350,276,0,1
5350,8037,1,1
5350,5105,2,1
5350,10785,3,1
5350,8173,4,1
5350,1334,5,1
5350,6862,6,1
5350,941,7,1
5350,7963,8,1
5350,6544,9,1
5350,5121,10,1
5350,11009,11,1
5350,4211,12,1
5350,5475,13,1
5350,65,14,1
5350,5717,15,1
537,9016,0,1
537,1776,1,1
537,11009,2,1
537,5105,3,1
537,65,4,1
537,5121,5,1
537,7963,6,1
537,276,7,1
537,6544,8,1
537,4211,9,1
537,8037,10,1
537,10785,11,1
537,8173,12,1
537,1334,13,1
537,5475,14,1
5385,276,0,1
5385,5717,1,1
5385,1334,2,1
5385,4211,3,1
5385,7963,4,1
5385,11009,5,1
5385,8037,6,1
5385,10785,7,1
5385,9016,8,1
5385,5475,9,1
5385,6862,10,1
5385,5105,11,1
5385,5121,12,1
5385,8173,13,1
5385,65,14,1
5411,8173,0,1
5411,11009,1,1
5411,6862,2,1
5411,5475,3,1
5411,5717,4,1
5411,5121,5,1
5411,941,6,1
5411,1334,7,1
5411,5105,8,1
5411,7963,9,1
5411,1776,10,1
5411,4211,11,1
5411,276,12,1
5411,65,13,1
5411,6544,14,1
5411,8037,15,1
5411,10785,16,1
5419,1776,0,1
5419,5105,1,1
5419,276,2,1
5419,6544,3,1
5419,5475,4,1
5419,8037,5,1
5419,6862,6,1
5419,5121,7,1
5419,7963,8,1
5419,941,9,1
5419,5717,10,1
5419,4211,11,1
5419,1334,12,1
5419,8173,13,1
5419,11009,14,1
5427,8173,0,1
5427,1776,1,1
5427,11009,2,1
5427,9016,3,1
5427,10785,4,1
5427,5717,5,1
5427,4211,6,1
5427,941,7,1
5427,6862,8,1
5427,7963,9,1
5427,65,10,1
5427,5475,11,1
5427,276,12,1
5427,5121,13,1
5427,8037,14,1
5427,6544,15,1
5427,5105,16,1
5427,1334,17,1
5432,11009,0,1
5432,4211,1,1
5432,8173,2,1
5432,65,3,1
5432,7963,4,1
5432,5475,5,1
5432,1334,6,1
5432,5717,7,1
5432,941,8,1
5432,6544,9,1
5432,5121,10,1
5432,9016,11,1
5432,10785,12,1
5432,276,13,1
5432,5105,14,1
5498,1776,0,1
5498,5121,1,1
5498,1334,2,1
5498,5717,3,1
5498,9016,4,1
5498,7963,5,1
5498,276,6,1
5498,941,7,1
5498,6544,8,1
5498,10785,9,1
5498,8037,10,1
5498,5105,11,1
5498,8173,12,1
5498,5475,13,1
5498,11009,14,1
5500,11009,0,1
5500,8173,1,1
5500,276,2,1
5500,9016,3,1
5500,6544,4,1
5500,5121,5,1
5500,941,6,1
5500,8037,7,1
5500,7963,8,1
5500,4211,9,1
5500,6862,10,1
5500,5475,11,1
5500,5717,12,1
5500,5105,13,1
5500,65,14,1
5514,276,0,1
5514,8037,1,1
5514,7963,2,1
5514,5105,3,1
5514,1776,4,1
5514,6862,5,1
5514,5121,6,1
5514,10785,7,1
5514,65,8,1
5514,8173,9,1
5514,1334,10,1
5514,11009,11,1
5514,941,12,1
5514,5717,13,1
5514,5475,14,1
5514,4211,15,1
5514,6544,16,1
5534,8173,0,1
5534,10785,1,1
5534,5475,2,1
5534,8037,3,1
5534,5105,4,1
5534,5717,5,1
5534,11009,6,1
5534,1334,7,1
5534,5121,8,1
5534,6544,9,1
5534,276,10,1
5534,941,11,1
5534,7963,12,1
5534,1776,13,1
5534,6862,14,1
5549,8173,0,1
5549,8037,1,1
5549,1776,2,1
5549,1334,3,1
5549,7963,4,1
5549,941,5,1
5549,4211,6,1
5549,9016,7,1
5549,5717,8,1
5549,6544,9,1
5549,5475,10,1
5549,5121,11,1
5549,11009,12,1
5549,6862,13,1
5549,10785,14,1
5549,5105,15,1
5549,276,16,1
555,1334,0,1
555,65,1,1
555,1776,2,1
555,8037,3,1
555,6544,4,1
555,5475,5,1
555,5121,6,1
555,4211,7,1
555,6862,8,1
555,7963,9,1
555,11009,10,1
555,5717,11,1
555,5105,12,1
555,941,13,1
555,10785,14,1
555,276,15,1
555,8173,16,1
5574,7963,0,1
5574,8037,1,1
5574,1334,2,1
5574,5475,3,1
5574,6544,4,1
5574,6862,5,1
5574,8173,6,1
5574,11009,7,1
5574,5717,8,1
5574,276,9,1
5574,1776,10,1
5574,5105,11,1
5574,941,12,1
5574,5121,13,1
5574,10785,14,1
5574,4211,15,1
5574,65,16,1
5596,4211,0,1
5596,6862,1,1
5596,6544,2,1
5596,8173,3,1
5596,941,4,1
5596,5717,5,1
5596,5121,6,1
5596,7963,7,1
5596,8037,8,1
5596,10785,9,1
5596,1776,10,1
5596,276,11,1
5596,1334,12,1
5596,5475,13,1
5596,11009,14,1
5601,7963,0,1
5601,11009,1,1
5601,276,2,1
5601,9016,3,1
5601,8037,4,1
5601,5121,5,1
5601,5105,6,1
5601,6544,7,1
5601,941,8,1
5601,1334,9,1
5601,8173,10,1
5601,1776,11,1
5601,5475,12,1
5601,4211,13,1
5601,6862,14,1
5601,5717,15,1
5612,11009,0,1
5612,8037,1,1
5612,6544,2,1
5612,10785,3,1
5612,1334,4,1
5612,9016,5,1
5612,7963,6,1
5612,5121,7,1
5612,6862,8,1
5612,276,9,1
5612,5717,10,1
5612,5105,11,1
5612,4211,12,1
5612,5475,13,1
5612,65,14,1
5612,941,15,1
5612,8173,16,1
5618,5105,0,1
5618,4211,1,1
5618,1334,2,1
5618,6862,3,1
5618,5475,4,1
5618,8037,5,1
5618,65,6,1
5618,1776,7,1
5618,7963,8,1
5618,276,9,1
5618,941,10,1
5618,11009,11,1
5618,9016,12,1
5618,5121,13,1
5618,10785,14,1
5618,5717,15,1
5618,8173,16,1
5624,1776,0,1
5624,4211,1,1
5624,5105,2,1
5624,7963,3,1
5624,941,4,1
5624,276,5,1
5624,1334,6,1
5624,11009,7,1
5624,5121,8,1
5624,5475,9,1
5624,65,10,1
5624,8173,11,1
5624,5717,12,1
5624,6862,13,1
5624,6544,14,1
5624,10785,15,1
5627,7963,0,1
5627,5121,1,1
5627,276,2,1
5627,8037,3,1
5627,941,4,1
5627,1334,5,1
5627,10785,6,1
5627,5105,7,1
5627,9016,8,1
5627,6544,9,1
5627,8173,10,1
5627,5717,11,1
5627,4211,12,1
5627,65,13,1
5627,6862,14,1
5627,11009,15,1
5627,5475,16,1
5631,5475,0,1
5631,6544,1,1
5631,941,2,1
5631,276,3,1
5631,7963,4,1
5631,5717,5,1
5631,11009,6,1
5631,6862,7,1
5631,5121,8,1
5631,8173,9,1
5631,1776,10,1
5631,1334,11,1
5631,10785,12,1
5631,5105,13,1
5631,8037,14,1
5632,7963,0,1
5632,4211,1,1
5632,65,2,1
5632,276,3,1
5632,8173,4,1
5632,5717,5,1
5632,1334,6,1
5632,6544,7,1
5632,941,8,1
5632,5475,9,1
5632,6862,10,1
5632,10785,11,1
5632,5121,12,1
5632,5105,13,1
5632,11009,14,1
5635,7963,0,1
5635,5105,1,1
5635,8037,2,1
5635,1334,3,1
5635,10785,4,1
5635,941,5,1
5635,65,6,1
5635,5717,7,1
5635,4211,8,1
5635,6862,9,1
5635,276,10,1
5635,5121,11,1
5635,9016,12,1
5635,8173,13,1
5635,5475,14,1
5635,11009,15,1
5650,276,0,1
5650,8173,1,1
5650,6544,2,1
5650,7963,3,1
5650,65,4,1
5650,8037,5,1
5650,6862,6,1
5650,5121,7,1
5650,9016,8,1
5650,1334,9,1
5650,4211,10,1
5650,11009,11,1
5650,941,12,1
5650,1776,13,1
5650,5717,14,1
5650,5105,15,1
5662,941,0,1
5662,6862,1,1
5662,8037,2,1
5662,10785,3,1
5662,1334,4,1
5662,11009,5,1
5662,276,6,1
5662,7963,7,1
5662,4211,8,1
5662,5121,9,1
5662,65,10,1
5662,6544,11,1
5662,5105,12,1
5662,8173,13,1
5662,5717,14,1
5662,5475,15,1
5681,10785,0,1
5681,7963,1,1
5681,8037,2,1
5681,5717,3,1
5681,6862,4,1
5681,5105,5,1
5681,1334,6,1
5681,6544,7,1
5681,276,8,1
5681,11009,9,1
5681,4211,10,1
5681,5475,11,1
5681,5121,12,1
5681,941,13,1
5681,1776,14,1
5681,8173,15,1
5703,5717,0,1
5703,276,1,1
5703,8173,2,1
5703,5475,3,1
5703,6862,4,1
5703,8037,5,1
5703,65,6,1
5703,7963,7,1
5703,941,8,1
5703,9016,9,1
5703,10785,10,1
5703,4211,11,1
5703,1334,12,1
5703,11009,13,1
5703,5105,14,1
5710,6862,0,1
5710,1776,1,1
5710,8173,2,1
5710,5475,3,1
5710,8037,4,1
5710,9016,5,1
5710,941,6,1
5710,5105,7,1
5710,7963,8,1
5710,276,9,1
5710,4211,10,1
5710,6544,11,1
5710,5717,12,1
5710,11009,13,1
5710,10785,14,1
5710,5121,15,1
5710,1334,16,1
5726,65,0,1
5726,10785,1,1
5726,11009,2,1
5726,5717,3,1
5726,7963,4,1
5726,1776,5,1
5726,6544,6,1
5726,5105,7,1
5726,4211,8,1
5726,941,9,1
5726,8173,10,1
5726,276,11,1
5726,5475,12,1
5726,8037,13,1
5726,6862,14,1
5726,1334,15,1
5726,5121,16,1
5730,11009,0,1
5730,7963,1,1
5730,65,2,1
5730,1776,3,1
5730,8173,4,1
5730,10785,5,1
5730,276,6,1
5730,1334,7,1
5730,6544,8,1
5730,941,9,1
5730,5717,10,1
5730,5105,11,1
5730,6862,12,1
5730,5121,13,1
5730,5475,14,1
5748,276,0,1
5748,5475,1,1
5748,7963,2,1
5748,1334,3,1
5748,6862,4,1
5748,1776,5,1
5748,6544,6,1
5748,5717,7,1
5748,11009,8,1
5748,4211,9,1
5748,10785,10,1
5748,8173,11,1
5748,65,12,1
5748,5105,13,1
5748,5121,14,1
5750,7963,0,1
5750,8037,1,1
5750,6862,2,1
5750,8173,3,1
5750,10785,4,1
5750,276,5,1
5750,11009,6,1
5750,6544,7,1
5750,4211,8,1
5750,5105,9,1
5750,941,10,1
5750,65,11,1
5750,1334,12,1
5750,5717,13,1
5750,5475,14,1
5750,5121,15,1
5768,276,0,1
5768,7963,1,1
5768,6862,2,1
5768,8037,3,1
5768,5475,4,1
5768,6544,5,1
5768,5121,6,1
5768,5105,7,1
5768,8173,8,1
5768,4211,9,1
5768,1776,10,1
5768,10785,11,1
5768,11009,12,1
5768,5717,13,1
5768,1334,14,1
577,5121,0,1
577,65,1,1
577,276,2,1
577,11009,3,1
577,7963,4,1
577,1776,5,1
577,5105,6,1
577,6544,7,1
577,6862,8,1
577,8037,9,1
577,5717,10,1
577,8173,11,1
577,1334,12,1
577,5475,13,1
577,4211,14,1
577,10785,15,1
5791,5475,0,1
5791,7963,1,1
5791,6544,2,1
5791,5121,3,1
5791,8037,4,1
5791,1776,5,1
5791,6862,6,1
5791,1334,7,1
5791,11009,8,1
5791,8173,9,1
5791,4211,10,1
5791,5717,11,1
5791,941,12,1
5791,276,13,1
5791,5105,14,1
5791,10785,15,1
5798,5475,0,1
5798,7963,1,1
5798,8037,2,1
5798,941,3,1
5798,1776,4,1
5798,6544,5,1
5798,1334,6,1
5798,4211,7,1
5798,6862,8,1
5798,65,9,1
5798,5105,10,1
5798,8173,11,1
5798,11009,12,1
5798,5121,13,1
5798,276,14,1
5798,10785,15,1
5798,5717,16,1
5803,1334,0,1
5803,5475,1,1
5803,6862,2,1
5803,7963,3,1
5803,8173,4,1
5803,1776,5,1
5803,941,6,1
5803,276,7,1
5803,8037,8,1
5803,5717,9,1
5803,4211,10,1
5803,11009,11,1
5803,6544,12,1
5803,5121,13,1
5803,5105,14,1
5803,65,15,1
581,8037,0,1
581,9016,1,1
581,276,2,1
581,4211,3,1
581,941,4,1
581,7963,5,1
581,5121,6,1
581,5475,7,1
581,11009,8,1
581,10785,9,1
581,6544,10,1
581,5105,11,1
581,1334,12,1
581,5717,13,1
581,8173,14,1
581,65,15,1
582,276,0,1
582,941,1,1
582,4211,2,1
582,8037,3,1
582,7963,4,1
582,1776,5,1
582,5475,6,1
582,5121,7,1
582,1334,8,1
582,5105,9,1
582,8173,10,1
582,5717,11,1
582,65,12,1
582,6544,13,1
582,10785,14,1
582,11009,15,1
5823,7963,0,1
5823,5121,1,1
5823,11009,2,1
5823,10785,3,1
5823,276,4,1
5823,8037,5,1
5823,65,6,1
5823,6862,7,1
5823,1776,8,1
5823,5475,9,1
5823,8173,10,1
5823,6544,11,1
5823,5717,12,1
5823,5105,13,1
5823,1334,14,1
5827,7963,0,1
5827,1334,1,1
5827,6862,2,1
5827,65,3,1
5827,1776,4,1
5827,941,5,1
5827,8173,6,1
5827,276,7,1
5827,11009,8,1
5827,6544,9,1
5827,4211,10,1
5827,5717,11,1
5827,9016,12,1
5827,5121,13,1
5827,8037,14,1
5827,5105,15,1
5827,5475,16,1
583,11009,0,1
583,7963,1,1
583,6862,2,1
583,8173,3,1
583,6544,4,1
583,276,5,1
583,4211,6,1
583,1776,7,1
583,65,8,1
583,9016,9,1
583,8037,10,1
583,5717,11,1
583,5121,12,1
583,1334,13,1
583,5105,14,1
583,5475,15,1
5838,941,0,1
5838,11009,1,1
5838,5475,2,1
5838,7963,3,1
5838,8173,4,1
5838,9016,5,1
5838,5717,6,1
5838,4211,7,1
5838,5121,8,1
5838,276,9,1
5838,65,10,1
5838,6862,11,1
5838,1334,12,1
5838,8037,13,1
5838,5105,14,1
5862,9016,0,1
5862,7963,1,1
5862,941,2,1
5862,1776,3,1
5862,276,4,1
5862,5121,5,1
5862,8173,6,1
5862,8037,7,1
5862,4211,8,1
5862,11009,9,1
5862,1334,10,1
5862,5717,11,1
5862,6862,12,1
5862,10785,13,1
5862,5475,14,1
5862,6544,15,1
589,65,0,1
589,6862,1,1
589,7963,2,1
589,6544,3,1
589,5475,4,1
589,1334,5,1
589,5121,6,1
589,8173,7,1
589,11009,8,1
589,1776,9,1
589,10785,10,1
589,5105,11,1
589,276,12,1
589,8037,13,1
589,941,14,1
5910,7963,0,1
5910,5121,1,1
5910,11009,2,1
5910,941,3,1
5910,5475,4,1
5910,276,5,1
5910,5717,6,1
5910,8173,7,1
5910,1334,8,1
5910,10785,9,1
5910,1776,10,1
5910,8037,11,1
5910,6544,12,1
5910,5105,13,1
5910,6862,14,1
5910,9016,15,1
5910,65,16,1
5919,11009,0,1
5919,8037,1,1
5919,6544,2,1
5919,8173,3,1
5919,65,4,1
5919,5105,5,1
5919,10785,6,1
5919,9016,7,1
5919,7963,8,1
5919,941,9,1
5919,5717,10,1
5919,276,11,1
5919,4211,12,1
5919,5475,13,1
5919,6862,14,1
5927,1776,0,1
5927,276,1,1
5927,7963,2,1
5927,5475,3,1
5927,1334,4,1
5927,8173,5,1
5927,8037,6,1
5927,11009,7,1
5927,6862,8,1
5927,941,9,1
5927,65,10,1
5927,10785,11,1
5927,5105,12,1
5927,5717,13,1
5927,6544,14,1
5927,5121,15,1
5944,1334,0,1
5944,7963,1,1
5944,1776,2,1
5944,10785,3,1
5944,9016,4,1
5944,65,5,1
5944,4211,6,1
5944,8173,7,1
5944,276,8,1
5944,5105,9,1
5944,5717,10,1
5944,5121,11,1
5944,11009,12,1
5944,6544,13,1
5944,941,14,1
5954,1776,0,1
5954,5105,1,1
5954,1334,2,1
5954,8037,3,1
5954,6862,4,1
5954,11009,5,1
5954,6544,6,1
5954,276,7,1
5954,7963,8,1
5954,8173,9,1
5954,10785,10,1
5954,65,11,1
5954,5717,12,1
5954,5121,13,1
5954,5475,14,1
5954,4211,15,1
597,6862,0,1
597,10785,1,1
597,1776,2,1
597,8037,3,1
597,1334,4,1
597,11009,5,1
597,5475,6,1
597,7963,7,1
597,5717,8,1
597,5121,9,1
597,6544,10,1
597,941,11,1
597,65,12,1
597,5105,13,1
597,8173,14,1
597,276,15,1
597,4211,16,1
6,5717,0,1
6,9016,1,1
6,11009,2,1
6,7963,3,1
6,5121,4,1
6,5105,5,1
6,8037,6,1
6,8173,7,1
6,276,8,1
6,5475,9,1
6,10785,10,1
6,1776,11,1
6,65,12,1
6,4211,13,1
6,6544,14,1
6002,11009,0,1
6002,10785,1,1
6002,276,2,1
6002,8037,3,1
6002,1334,4,1
6002,65,5,1
6002,6544,6,1
6002,6862,7,1
6002,7963,8,1
6002,9016,9,1
6002,8173,10,1
6002,5121,11,1
6002,1776,12,1
6002,5105,13,1
6002,4211,14,1
6002,941,15,1
6002,5717,16,1
6002,5475,17,1
6011,5717,0,1
6011,4211,1,1
6011,7963,2,1
6011,5121,3,1
6011,5105,4,1
6011,65,5,1
6011,11009,6,1
6011,941,7,1
6011,276,8,1
6011,1776,9,1
6011,9016,10,1
6011,8037,11,1
6011,1334,12,1
6011,6862,13,1
6011,8173,14,1
604,10785,0,1
604,1776,1,1
604,1334,2,1
604,7963,3,1
604,276,4,1
604,11009,5,1
604,8173,6,1
604,6544,7,1
604,941,8,1
604,9016,9,1
604,5121,10,1
604,5475,11,1
604,5105,12,1
604,5717,13,1
604,8037,14,1
6067,7963,0,1
6067,5475,1,1
6067,5121,2,1
6067,1334,3,1
6067,8037,4,1
6067,8173,5,1
6067,6544,6,1
6067,5717,7,1
6067,4211,8,1
6067,6862,9,1
6067,10785,10,1
6067,941,11,1
6067,5105,12,1
6067,1776,13,1
6067,276,14,1
6067,11009,15,1
6092,1334,0,1
6092,276,1,1
6092,5105,2,1
6092,11009,3,1
6092,10785,4,1
6092,6544,5,1
6092,1776,6,1
6092,8037,7,1
6092,6862,8,1
6092,7963,9,1
6092,5717,10,1
6092,8173,11,1
6092,5121,12,1
6092,941,13,1
6092,5475,14,1
6092,65,15,1
6093,6862,0,1
6093,1776,1,1
6093,276,2,1
6093,8037,3,1
6093,10785,4,1
6093,7963,5,1
6093,5717,6,1
6093,5121,7,1
6093,65,8,1
6093,5475,9,1
6093,6544,10,1
6093,5105,11,1
6093,1334,12,1
6093,11009,13,1
6093,8173,14,1
6093,4211,15,1
6100,6544,0,1
6100,11009,1,1
6100,9016,2,1
6100,65,3,1
6100,5717,4,1
6100,276,5,1
6100,1334,6,1
6100,5475,7,1
6100,7963,8,1
6100,5105,9,1
6100,5121,10,1
6100,941,11,1
6100,1776,12,1
6100,8037,13,1
6100,10785,14,1
6100,6862,15,1
6100,8173,16,1
6133,276,0,1
6133,6544,1,1
6133,1334,2,1
6133,1776,3,1
6133,7963,4,1
6133,65,5,1
6133,10785,6,1
6133,5717,7,1
6133,4211,8,1
6133,5105,9,1
6133,8173,10,1
6133,5121,11,1
6133,8037,12,1
6133,11009,13,1
6133,941,14,1
6161,10785,0,1
6161,65,1,1
6161,5475,2,1
6161,5717,3,1
6161,4211,4,1
6161,7963,5,1
6161,11009,6,1
6161,8173,7,1
6161,1776,8,1
6161,8037,9,1
6161,5121,10,1
6161,6544,11,1
6161,276,12,1
6161,1334,13,1
6161,941,14,1
6168,8037,0,1
6168,9016,1,1
6168,5121,2,1
6168,5475,3,1
6168,5105,4,1
6168,11009,5,1
6168,65,6,1
6168,5717,7,1
6168,7963,8,1
6168,1776,9,1
6168,276,10,1
6168,6544,11,1
6168,10785,12,1
6168,8173,13,1
6168,1334,14,1
6168,941,15,1
62,8037,0,1
62,276,1,1
62,1334,2,1
62,5121,3,1
62,941,4,1
62,8173,5,1
62,10785,6,1
62,7963,7,1
62,6544,8,1
62,11009,9,1
62,5475,10,1
62,5717,11,1
62,65,12,1
62,5105,13,1
62,4211,14,1
6202,9016,0,1
6202,5121,1,1
6202,7963,2,1
6202,1334,3,1
6202,10785,4,1
6202,1776,5,1
6202,8037,6,1
6202,8173,7,1
6202,6544,8,1
6202,276,9,1
6202,65,10,1
6202,11009,11,1
6202,941,12,1
6202,5105,13,1
6202,4211,14,1
6202,5717,15,1
6209,276,0,1
6209,9016,1,1
6209,1334,2,1
6209,6544,3,1
6209,8037,4,1
6209,941,5,1
6209,5475,6,1
6209,7963,7,1
6209,5105,8,1
6209,5717,9,1
6209,1776,10,1
6209,11009,11,1
6209,8173,12,1
6209,5121,13,1
6209,4211,14,1
6219,6862,0,1
6219,5105,1,1
6219,65,2,1
6219,7963,3,1
6219,1776,4,1
6219,1334,5,1
6219,941,6,1
6219,5717,7,1
6219,10785,8,1
6219,11009,9,1
6219,5475,10,1
6219,276,11,1
6219,8173,12,1
6219,8037,13,1
6219,5121,14,1
6219,4211,15,1
6220,6544,0,1
6220,8037,1,1
6220,5475,2,1
6220,7963,3,1
6220,276,4,1
6220,5717,5,1
6220,65,6,1
6220,941,7,1
6220,1334,8,1
6220,8173,9,1
6220,5105,10,1
6220,10785,11,1
6220,11009,12,1
6220,5121,13,1
6220,6862,14,1
6220,4211,15,1
6266,5717,0,1
6266,7963,1,1
6266,276,2,1
6266,941,3,1
6266,11009,4,1
6266,10785,5,1
6266,5475,6,1
6266,6544,7,1
6266,4211,8,1
6266,1334,9,1
6266,6862,10,1
6266,8173,11,1
6266,5105,12,1
6266,1776,13,1
6266,8037,14,1
6266,65,15,1
6289,1334,0,1
6289,5475,1,1
6289,276,2,1
6289,8173,3,1
6289,11009,4,1
6289,6862,5,1
6289,4211,6,1
6289,8037,7,1
6289,7963,8,1
6289,941,9,1
6289,65,10,1
6289,10785,11,1
6289,5717,12,1
6289,5121,13,1
6289,6544,14,1
6289,1776,15,1
6294,5717,0,1
6294,941,1,1
6294,6862,2,1
6294,276,3,1
6294,8173,4,1
6294,1776,5,1
6294,10785,6,1
6294,1334,7,1
6294,11009,8,1
6294,7963,9,1
6294,5475,10,1
6294,9016,11,1
6294,5105,12,1
6294,65,13,1
6294,6544,14,1
6295,11009,0,1
6295,7963,1,1
6295,8037,2,1
6295,8173,3,1
6295,5105,4,1
6295,10785,5,1
6295,5475,6,1
6295,1776,7,1
6295,9016,8,1
6295,6862,9,1
6295,941,10,1
6295,1334,11,1
6295,6544,12,1
6295,4211,13,1
6295,5717,14,1
6295,276,15,1
6295,5121,16,1
6303,6862,0,1
6303,7963,1,1
6303,5717,2,1
6303,1776,3,1
6303,5105,4,1
6303,4211,5,1
6303,5475,6,1
6303,1334,7,1
6303,11009,8,1
6303,941,9,1
6303,65,10,1
6303,8037,11,1
6303,8173,12,1
6303,5121,13,1
6303,6544,14,1
6303,276,15,1
6309,5105,0,1
6309,5717,1,1
6309,7963,2,1
6309,1334,3,1
6309,5121,4,1
6309,1776,5,1
6309,11009,6,1
6309,8037,7,1
6309,5475,8,1
6309,6544,9,1
6309,941,10,1
6309,6862,11,1
6309,8173,12,1
6309,65,13,1
6309,276,14,1
6309,4211,15,1
6309,10785,16,1
6311,6862,0,1
6311,276,1,1
6311,8037,2,1
6311,4211,3,1
6311,7963,4,1
6311,5121,5,1
6311,6544,6,1
6311,65,7,1
6311,11009,8,1
6311,1776,9,1
6311,8173,10,1
6311,1334,11,1
6311,5717,12,1
6311,941,13,1
6311,5105,14,1
6311,5475,15,1
633,5475,0,1
633,9016,1,1
633,11009,2,1
633,6544,3,1
633,8037,4,1
633,7963,5,1
633,276,6,1
633,1334,7,1
633,5105,8,1
633,8173,9,1
633,5717,10,1
633,5121,11,1
633,4211,12,1
633,1776,13,1
633,10785,14,1
633,941,15,1
6336,8173,0,1
6336,276,1,1
6336,5121,2,1
6336,6544,3,1
6336,1334,4,1
6336,7963,5,1
6336,5717,6,1
6336,1776,7,1
6336,941,8,1
6336,65,9,1
6336,6862,10,1
6336,8037,11,1
6336,11009,12,1
6336,10785,13,1
6336,5105,14,1
6336,5475,15,1
6336,4211,16,1
6360,1776,0,1
6360,7963,1,1
6360,5105,2,1
6360,65,3,1
6360,11009,4,1
6360,8037,5,1
6360,5475,6,1
6360,1334,7,1
6360,6862,8,1
6360,941,9,1
6360,5717,10,1
6360,4211,11,1
6360,276,12,1
6360,8173,13,1
6360,6544,14,1
6369,5121,0,1
6369,1776,1,1
6369,7963,2,1
6369,8173,3,1
6369,5475,4,1
6369,4211,5,1
6369,10785,6,1
6369,65,7,1
6369,9016,8,1
6369,5717,9,1
6369,11009,10,1
6369,941,11,1
6369,276,12,1
6369,8037,13,1
6369,1334,14,1
6377,941,0,1
6377,7963,1,1
6377,276,2,1
6377,5105,3,1
6377,10785,4,1
6377,5717,5,1
6377,1334,6,1
6377,8173,7,1
6377,8037,8,1
6377,6544,9,1
6377,1776,10,1
6377,11009,11,1
6377,5475,12,1
6377,5121,13,1
6377,6862,14,1
6382,1334,0,1
6382,5105,1,1
6382,11009,2,1
6382,6862,3,1
6382,5121,4,1
6382,8037,5,1
6382,1776,6,1
6382,7963,7,1
6382,10785,8,1
6382,65,9,1
6382,8173,10,1
6382,276,11,1
6382,5475,12,1
6382,941,13,1
6382,6544,14,1
6382,5717,15,1
6384,6544,0,1
6384,11009,1,1
6384,8173,2,1
6384,1334,3,1
6384,276,4,1
6384,65,5,1
6384,6862,6,1
6384,4211,7,1
6384,7963,8,1
6384,5105,9,1
6384,8037,10,1
6384,5717,11,1
6384,1776,12,1
6384,5475,13,1
6384,941,14,1
6384,9016,15,1
6384,5121,16,1
6390,10785,0,1
6390,65,1,1
6390,276,2,1
6390,9016,3,1
6390,941,4,1
6390,4211,5,1
6390,5475,6,1
6390,5105,7,1
6390,5717,8,1
6390,11009,9,1
6390,6862,10,1
6390,1334,11,1
6390,7963,12,1
6390,8037,13,1
6390,1776,14,1
6395,5475,0,1
6395,11009,1,1
6395,9016,2,1
6395,1776,3,1
6395,8037,4,1
6395,276,5,1
6395,6544,6,1
6395,7963,7,1
6395,941,8,1
6395,5121,9,1
6395,65,10,1
6395,10785,11,1
6395,5717,12,1
6395,8173,13,1
6395,5105,14,1
6395,4211,15,1
6402,5105,0,1
6402,8173,1,1
6402,1776,2,1
6402,7963,3,1
6402,941,4,1
6402,11009,5,1
6402,1334,6,1
6402,5121,7,1
6402,5475,8,1
6402,5717,9,1
6402,10785,10,1
6402,276,11,1
6402,6544,12,1
6402,8037,13,1
6402,6862,14,1
6405,65,0,1
6405,6862,1,1
6405,1776,2,1
6405,6544,3,1
6405,941,4,1
6405,5105,5,1
6405,11009,6,1
6405,7963,7,1
6405,8173,8,1
6405,10785,9,1
6405,276,10,1
6405,8037,11,1
6405,5717,12,1
6405,5475,13,1
6405,1334,14,1
6405,5121,15,1
6409,9016,0,1
6409,8173,1,1
6409,8037,2,1
6409,5717,3,1
6409,7963,4,1
6409,941,5,1
6409,1334,6,1
6409,276,7,1
6409,5105,8,1
6409,11009,9,1
6409,5121,10,1
6409,4211,11,1
6409,10785,12,1
6409,6862,13,1
6409,5475,14,1
6410,6544,0,1
6410,5475,1,1
6410,11009,2,1
6410,276,3,1
6410,4211,4,1
6410,1334,5,1
6410,8173,6,1
6410,5121,7,1
6410,1776,8,1
6410,7963,9,1
6410,65,10,1
6410,5717,11,1
6410,6862,12,1
6410,10785,13,1
6410,941,14,1
6410,8037,15,1
6410,5105,16,1
6417,5475,0,1
6417,1334,1,1
6417,7963,2,1
6417,6862,3,1
6417,276,4,1
6417,5105,5,1
6417,65,6,1
6417,5121,7,1
6417,941,8,1
6417,1776,9,1
6417,4211,10,1
6417,8037,11,1
6417,9016,12,1
6417,6544,13,1
6417,11009,14,1
6417,5717,15,1
6417,8173,16,1
6418,6862,0,1
6418,5121,1,1
6418,4211,2,1
6418,941,3,1
6418,276,4,1
6418,7963,5,1
6418,11009,6,1
6418,6544,7,1
6418,5105,8,1
6418,5717,9,1
6418,8037,10,1
6418,8173,11,1
6418,10785,12,1
6418,65,13,1
6418,1334,14,1
6458,7963,0,1
6458,276,1,1
6458,1334,2,1
6458,6544,3,1
6458,65,4,1
6458,6862,5,1
6458,11009,6,1
6458,4211,7,1
6458,10785,8,1
6458,941,9,1
6458,5475,10,1
6458,8173,11,1
6458,1776,12,1
6458,8037,13,1
6458,5717,14,1
6462,5475,0,1
6462,4211,1,1
6462,1776,2,1
6462,65,3,1
6462,6862,4,1
6462,5121,5,1
6462,5717,6,1
6462,7963,7,1
6462,276,8,1
6462,8173,9,1
6462,1334,10,1
6462,5105,11,1
6462,9016,12,1
6462,11009,13,1
6462,10785,14,1
6500,11009,0,1
6500,1776,1,1
6500,7963,2,1
6500,1334,3,1
6500,65,4,1
6500,276,5,1
6500,8037,6,1
6500,5475,7,1
6500,4211,8,1
6500,6544,9,1
6500,10785,10,1
6500,8173,11,1
6500,941,12,1
6500,5121,13,1
6500,9016,14,1
6514,7963,0,1
6514,5475,1,1
6514,8037,2,1
6514,8173,3,1
6514,5121,4,1
6514,1334,5,1
6514,6544,6,1
6514,941,7,1
6514,5717,8,1
6514,276,9,1
6514,6862,10,1
6514,5105,11,1
6514,10785,12,1
6514,1776,13,1
6514,11009,14,1
6528,1334,0,1
6528,5717,1,1
6528,6544,2,1
6528,276,3,1
6528,6862,4,1
6528,8173,5,1
6528,4211,6,1
6528,5105,7,1
6528,7963,8,1
6528,65,9,1
6528,8037,10,1
6528,11009,11,1
6528,5475,12,1
6528,1776,13,1
6528,10785,14,1
6531,1334,0,1
6531,8037,1,1
6531,7963,2,1
6531,276,3,1
6531,10785,4,1
6531,5717,5,1
6531,941,6,1
6531,9016,7,1
6531,6862,8,1
6531,65,9,1
6531,4211,10,1
6531,11009,11,1
6531,5475,12,1
6531,5121,13,1
6531,5105,14,1
6531,6544,15,1
6531,8173,16,1
6536,11009,0,1
6536,7963,1,1
6536,6544,2,1
6536,1334,3,1
6536,8173,4,1
6536,5121,5,1
6536,276,6,1
6536,941,7,1
6536,10785,8,1
6536,5105,9,1
6536,8037,10,1
6536,5475,11,1
6536,6862,12,1
6536,4211,13,1
6536,5717,14,1
6540,1334,0,1
6540,5105,1,1
6540,7963,2,1
6540,5717,3,1
6540,9016,4,1
6540,1776,5,1
6540,10785,6,1
6540,6862,7,1
6540,6544,8,1
6540,11009,9,1
6540,8173,10,1
6540,5475,11,1
6540,8037,12,1
6540,276,13,1
6540,941,14,1
6540,4211,15,1
6540,5121,16,1
6544,5717,0,1
6544,8037,1,1
6544,7963,2,1
6544,6544,3,1
6544,4211,4,1
6544,5105,5,1
6544,65,6,1
6544,11009,7,1
6544,276,8,1
6544,1776,9,1
6544,6862,10,1
6544,8173,11,1
6544,1334,12,1
6544,5475,13,1
6544,5121,14,1
6544,941,15,1
6544,10785,16,1
6556,6862,0,1
6556,11009,1,1
6556,65,2,1
6556,7963,3,1
6556,10785,4,1
6556,276,5,1
6556,1776,6,1
6556,8037,7,1
6556,5105,8,1
6556,5717,9,1
6556,4211,10,1
6556,1334,11,1
6556,8173,12,1
6556,5475,13,1
6556,6544,14,1
656,8037,0,1
656,7963,1,1
656,276,2,1
656,6862,3,1
656,941,4,1
656,5121,5,1
656,11009,6,1
656,5105,7,1
656,8173,8,1
656,65,9,1
656,10785,10,1
656,5717,11,1
656,5475,12,1
656,1334,13,1
656,1776,14,1
656,4211,15,1
6591,8037,0,1
6591,1334,1,1
6591,5717,2,1
6591,276,3,1
6591,8173,4,1
6591,5105,5,1
6591,5475,6,1
6591,5121,7,1
6591,941,8,1
6591,1776,9,1
6591,6544,10,1
6591,7963,11,1
6591,6862,12,1
6591,10785,13,1
6591,11009,14,1
6614,8173,0,1
6614,276,1,1
6614,941,2,1
6614,7963,3,1
6614,8037,4,1
6614,1334,5,1
6614,4211,6,1
6614,65,7,1
6614,11009,8,1
6614,9016,9,1
6614,5105,10,1
6614,5475,11,1
6614,5717,12,1
6614,5121,13,1
6614,10785,14,1
6622,1334,0,1
6622,8037,1,1
6622,5105,2,1
6622,276,3,1
6622,10785,4,1
6622,941,5,1
6622,65,6,1
6622,11009,7,1
6622,7963,8,1
6622,4211,9,1
6622,5717,10,1
6622,6862,11,1
6622,8173,12,1
6622,5475,13,1
6622,6544,14,1
6626,1334,0,1
6626,1776,1,1
6626,276,2,1
6626,5717,3,1
6626,5475,4,1
6626,7963,5,1
6626,8037,6,1
6626,10785,7,1
6626,11009,8,1
6626,941,9,1
6626,9016,10,1
6626,5121,11,1
6626,65,12,1
6626,8173,13,1
6626,5105,14,1
6626,6544,15,1
6626,4211,16,1
6629,11009,0,1
6629,5717,1,1
6629,7963,2,1
6629,1776,3,1
6629,5121,4,1
6629,10785,5,1
6629,9016,6,1
6629,276,7,1
6629,8173,8,1
6629,941,9,1
6629,65,10,1
6629,5105,11,1
6629,5475,12,1
6629,6544,13,1
6629,4211,14,1
6636,11009,0,1
6636,1776,1,1
6636,65,2,1
6636,7963,3,1
6636,5717,4,1
6636,8037,5,1
6636,6544,6,1
6636,5105,7,1
6636,1334,8,1
6636,8173,9,1
6636,5121,10,1
6636,276,11,1
6636,4211,12,1
6636,10785,13,1
6636,5475,14,1
6636,941,15,1
6643,7963,0,1
6643,11009,1,1
6643,941,2,1
6643,9016,3,1
6643,6544,4,1
6643,65,5,1
6643,5475,6,1
6643,6862,7,1
6643,1334,8,1
6643,5717,9,1
6643,5121,10,1
6643,10785,11,1
6643,8173,12,1
6643,1776,13,1
6643,276,14,1
6660,941,0,1
6660,5121,1,1
6660,1776,2,1
6660,5717,3,1
6660,276,4,1
6660,11009,5,1
6660,5475,6,1
6660,1334,7,1
6660,8037,8,1
6660,9016,9,1
6660,5105,10,1
6660,8173,11,1
6660,7963,12,1
6660,6862,13,1
6660,10785,14,1
6675,6544,0,1
6675,8173,1,1
6675,11009,2,1
6675,276,3,1
6675,10785,4,1
6675,4211,5,1
6675,1776,6,1
6675,8037,7,1
6675,7963,8,1
6675,5121,9,1
6675,65,10,1
6675,5105,11,1
6675,5475,12,1
6675,9016,13,1
6675,5717,14,1
6693,7963,0,1
6693,9016,1,1
6693,65,2,1
6693,1334,3,1
6693,8037,4,1
6693,6544,5,1
6693,6862,6,1
6693,276,7,1
6693,11009,8,1
6693,5475,9,1
6693,5105,10,1
6693,941,11,1
6693,5717,12,1
6693,4211,13,1
6693,10785,14,1
6693,8173,15,1
6693,5121,16,1
6711,941,0,1
6711,7963,1,1
6711,4211,2,1
6711,10785,3,1
6711,5105,4,1
6711,8037,5,1
6711,65,6,1
6711,1776,7,1
6711,8173,8,1
6711,5475,9,1
6711,11009,10,1
6711,1334,11,1
6711,5121,12,1
6711,6862,13,1
6711,276,14,1
6711,5717,15,1
6727,7963,0,1
6727,11009,1,1
6727,5717,2,1
6727,9016,3,1
6727,65,4,1
6727,8037,5,1
6727,6544,6,1
6727,5121,7,1
6727,1334,8,1
6727,941,9,1
6727,1776,10,1
6727,276,11,1
6727,4211,12,1
6727,6862,13,1
6727,5105,14,1
6727,8173,15,1
6727,10785,16,1
6727,5475,17,1
6736,7963,0,1
6736,6544,1,1
6736,4211,2,1
6736,276,3,1
6736,5475,4,1
6736,8037,5,1
6736,941,6,1
6736,10785,7,1
6736,1334,8,1
6736,65,9,1
6736,5121,10,1
6736,8173,11,1
6736,6862,12,1
6736,11009,13,1
6736,5105,14,1
6736,5717,15,1
6755,9016,0,1
6755,6862,1,1
6755,8037,2,1
6755,276,3,1
6755,10785,4,1
6755,6544,5,1
6755,1776,6,1
6755,1334,7,1
6755,7963,8,1
6755,941,9,1
6755,5475,10,1
6755,5105,11,1
6755,5717,12,1
6755,4211,13,1
6755,11009,14,1
6755,8173,15,1
6755,5121,16,1
6755,65,17,1
6765,1776,0,1
6765,10785,1,1
6765,65,2,1
6765,7963,3,1
6765,941,4,1
6765,11009,5,1
6765,276,6,1
6765,1334,7,1
6765,6544,8,1
6765,6862,9,1
6765,8037,10,1
6765,5121,11,1
6765,4211,12,1
6765,5105,13,1
6765,8173,14,1
6765,5717,15,1
6769,1334,0,1
6769,5717,1,1
6769,5475,2,1
6769,5121,3,1
6769,8173,4,1
6769,11009,5,1
6769,4211,6,1
6769,7963,7,1
6769,941,8,1
6769,65,9,1
6769,276,10,1
6769,9016,11,1
6769,8037,12,1
6769,6544,13,1
6769,6862,14,1
6786,9016,0,1
6786,1334,1,1
6786,6862,2,1
6786,276,3,1
6786,7963,4,1
6786,1776,5,1
6786,8173,6,1
6786,5105,7,1
6786,6544,8,1
6786,65,9,1
6786,4211,10,1
6786,11009,11,1
6786,5717,12,1
6786,941,13,1
6786,5121,14,1
6789,5105,0,1
6789,5717,1,1
6789,4211,2,1
6789,7963,3,1
6789,941,4,1
6789,8173,5,1
6789,5475,6,1
6789,5121,7,1
6789,8037,8,1
6789,6862,9,1
6789,6544,10,1
6789,276,11,1
6789,1334,12,1
6789,10785,13,1
6789,11009,14,1
68,8037,0,1
68,5475,1,1
68,7963,2,1
68,10785,3,1
68,941,4,1
68,5121,5,1
68,5105,6,1
68,8173,7,1
68,11009,8,1
68,4211,9,1
68,6862,10,1
68,5717,11,1
68,1776,12,1
68,276,13,1
68,1334,14,1
6810,6862,0,1
6810,941,1,1
6810,5121,2,1
6810,276,3,1
6810,8037,4,1
6810,7963,5,1
6810,5717,6,1
6810,6544,7,1
6810,1334,8,1
6810,1776,9,1
6810,11009,10,1
6810,8173,11,1
6810,4211,12,1
6810,5475,13,1
6810,65,14,1
6810,10785,15,1
6814,7963,0,1
6814,276,1,1
6814,8173,2,1
6814,1776,3,1
6814,11009,4,1
6814,6862,5,1
6814,4211,6,1
6814,8037,7,1
6814,65,8,1
6814,10785,9,1
6814,5475,10,1
6814,1334,11,1
6814,5717,12,1
6814,5105,13,1
6814,5121,14,1
6814,941,15,1
6814,6544,16,1
6825,5475,0,1
6825,11009,1,1
6825,6544,2,1
6825,8037,3,1
6825,7963,4,1
6825,5121,5,1
6825,1334,6,1
6825,8173,7,1
6825,4211,8,1
6825,276,9,1
6825,6862,10,1
6825,5105,11,1
6825,5717,12,1
6825,65,13,1
6825,941,14,1
6825,1776,15,1
6825,10785,16,1
6826,7963,0,1
6826,11009,1,1
6826,8037,2,1
6826,941,3,1
6826,1776,4,1
6826,5105,5,1
6826,276,6,1
6826,6862,7,1
6826,5475,8,1
6826,1334,9,1
6826,8173,10,1
6826,6544,11,1
6826,4211,12,1
6826,10785,13,1
6826,5717,14,1
6826,5121,15,1
6827,11009,0,1
6827,276,1,1
6827,65,2,1
6827,1334,3,1
6827,5717,4,1
6827,7963,5,1
6827,10785,6,1
6827,6862,7,1
6827,8037,8,1
6827,6544,9,1
6827,5105,10,1
6827,941,11,1
6827,5475,12,1
6827,4211,13,1
6827,8173,14,1
6829,7963,0,1
6829,1334,1,1
6829,8037,2,1
6829,4211,3,1
6829,11009,4,1
6829,8173,5,1
6829,6862,6,1
6829,6544,7,1
6829,5475,8,1
6829,1776,9,1
6829,65,10,1
6829,276,11,1
6829,5717,12,1
6829,5121,13,1
6829,5105,14,1
6829,941,15,1
6833,5717,0,1
6833,1334,1,1
6833,6862,2,1
6833,4211,3,1
6833,65,4,1
6833,6544,5,1
6833,5105,6,1
6833,11009,7,1
6833,1776,8,1
6833,7963,9,1
6833,8173,10,1
6833,5121,11,1
6833,276,12,1
6833,941,13,1
6833,10785,14,1
6862,1334,0,1
6862,276,1,1
6862,5475,2,1
6862,7963,3,1
6862,1776,4,1
6862,4211,5,1
6862,8037,6,1
6862,11009,7,1
6862,6544,8,1
6862,8173,9,1
6862,5105,10,1
6862,6862,11,1
6862,5717,12,1
6862,10785,13,1
6862,5121,14,1
6862,941,15,1
6880,941,0,1
6880,9016,1,1
6880,1776,2,1
6880,5121,3,1
6880,7963,4,1
6880,1334,5,1
6880,8037,6,1
6880,4211,7,1
6880,6544,8,1
6880,276,9,1
6880,11009,10,1
6880,5475,11,1
6880,5105,12,1
6880,8173,13,1
6880,65,14,1
6880,10785,15,1
6886,5717,0,1
6886,5105,1,1
6886,276,2,1
6886,6862,3,1
6886,1334,4,1
6886,65,5,1
6886,10785,6,1
6886,4211,7,1
6886,7963,8,1
6886,8037,9,1
6886,1776,10,1
6886,5121,11,1
6886,11009,12,1
6886,941,13,1
6886,8173,14,1
6894,7963,0,1
6894,1334,1,1
6894,6544,2,1
6894,5717,3,1
6894,11009,4,1
6894,5121,5,1
6894,941,6,1
6894,5475,7,1
6894,6862,8,1
6894,8037,9,1
6894,10785,10,1
6894,65,11,1
6894,1776,12,1
6894,5105,13,1
6894,276,14,1
6894,4211,15,1
6897,11009,0,1
6897,276,1,1
6897,1334,2,1
6897,7963,3,1
6897,6862,4,1
6897,6544,5,1
6897,941,6,1
6897,8037,7,1
6897,5717,8,1
6897,10785,9,1
6897,8173,10,1
6897,4211,11,1
6897,5105,12,1
6897,5121,13,1
6897,65,14,1
6914,5121,0,1
6914,8173,1,1
6914,276,2,1
6914,6544,3,1
6914,11009,4,1
6914,5105,5,1
6914,1776,6,1
6914,941,7,1
6914,9016,8,1
6914,5717,9,1
6914,10785,10,1
6914,7963,11,1
6914,8037,12,1
6914,1334,13,1
6914,65,14,1
6914,5475,15,1
6914,4211,16,1
6918,276,0,1
6918,5717,1,1
6918,5105,2,1
6918,8173,3,1
6918,4211,4,1
6918,5475,5,1
6918,10785,6,1
6918,8037,7,1
6918,65,8,1
6918,7963,9,1
6918,1776,10,1
6918,11009,11,1
6918,6862,12,1
6918,6544,13,1
6918,1334,14,1
6918,5121,15,1
6926,7963,0,1
6926,10785,1,1
6926,6544,2,1
6926,1776,3,1
6926,6862,4,1
6926,276,5,1
6926,8173,6,1
6926,8037,7,1
6926,11009,8,1
6926,1334,9,1
6926,5717,10,1
6926,5121,11,1
6926,941,12,1
6926,65,13,1
6926,4211,14,1
6928,8037,0,1
6928,5717,1,1
6928,1334,2,1
6928,11009,3,1
6928,276,4,1
6928,5475,5,1
6928,5121,6,1
6928,5105,7,1
6928,65,8,1
6928,7963,9,1
6928,6544,10,1
6928,941,11,1
6928,10785,12,1
6928,1776,13,1
6928,8173,14,1
693,5717,0,1
693,1776,1,1
693,10785,2,1
693,5475,3,1
693,8037,4,1
693,5121,5,1
693,11009,6,1
693,1334,7,1
693,9016,8,1
693,5105,9,1
693,276,10,1
693,8173,11,1
693,7963,12,1
693,6862,13,1
693,6544,14,1
693,4211,15,1
693,941,16,1
6958,4211,0,1
6958,941,1,1
6958,1334,2,1
6958,7963,3,1
6958,5475,4,1
6958,6544,5,1
6958,5105,6,1
6958,5717,7,1
6958,1776,8,1
6958,8173,9,1
6958,5121,10,1
6958,276,11,1
6958,10785,12,1
6958,11009,13,1
6958,6862,14,1
696,5717,0,1
696,4211,1,1
696,9016,2,1
696,5105,3,1
696,11009,4,1
696,276,5,1
696,941,6,1
696,1776,7,1
696,5121,8,1
696,8037,9,1
696,8173,10,1
696,1334,11,1
696,7963,12,1
696,6544,13,1
696,10785,14,1
696,6862,15,1
696,5475,16,1
6995,11009,0,1
6995,276,1,1
6995,6862,2,1
6995,1334,3,1
6995,7963,4,1
6995,9016,5,1
6995,5105,6,1
6995,5717,7,1
6995,10785,8,1
6995,5121,9,1
6995,8037,10,1
6995,4211,11,1
6995,6544,12,1
6995,65,13,1
6995,5475,14,1
6995,8173,15,1
7002,9016,0,1
7002,941,1,1
7002,10785,2,1
7002,276,3,1
7002,5475,4,1
7002,11009,5,1
7002,65,6,1
7002,1334,7,1
7002,6862,8,1
7002,8173,9,1
7002,8037,10,1
7002,5717,11,1
7002,5121,12,1
7002,5105,13,1
7002,6544,14,1
7002,4211,15,1
7002,7963,16,1
7015,276,0,1
7015,4211,1,1
7015,5105,2,1
7015,1334,3,1
7015,7963,4,1
7015,5717,5,1
7015,10785,6,1
7015,6544,7,1
7015,8037,8,1
7015,6862,9,1
7015,11009,10,1
7015,8173,11,1
7015,5121,12,1
7015,941,13,1
7015,1776,14,1
7015,5475,15,1
7017,10785,0,1
7017,11009,1,1
7017,1776,2,1
7017,1334,3,1
7017,7963,4,1
7017,941,5,1
7017,8037,6,1
7017,5105,7,1
7017,5121,8,1
7017,276,9,1
7017,65,10,1
7017,5717,11,1
7017,6544,12,1
7017,8173,13,1
7017,5475,14,1
7027,5105,0,1
7027,4211,1,1
7027,6544,2,1
7027,1334,3,1
7027,276,4,1
7027,7963,5,1
7027,8037,6,1
7027,11009,7,1
7027,5717,8,1
7027,6862,9,1
7027,1776,10,1
7027,8173,11,1
7027,941,12,1
7027,5475,13,1
7027,10785,14,1
7027,5121,15,1
7031,8173,0,1
7031,65,1,1
7031,8037,2,1
7031,6544,3,1
7031,11009,4,1
7031,7963,5,1
7031,5121,6,1
7031,1776,7,1
7031,276,8,1
7031,10785,9,1
7031,5717,10,1
7031,4211,11,1
7031,5475,12,1
7031,5105,13,1
7031,9016,14,1
7033,8037,0,1
7033,7963,1,1
7033,1776,2,1
7033,6544,3,1
7033,1334,4,1
7033,941,5,1
7033,276,6,1
7033,5105,7,1
7033,4211,8,1
7033,8173,9,1
7033,5717,10,1
7033,11009,11,1
7033,6862,12,1
7033,5475,13,1
7033,5121,14,1
7054,65,0,1
7054,8037,1,1
7054,5717,2,1
7054,5105,3,1
7054,1334,4,1
7054,1776,5,1
7054,7963,6,1
7054,4211,7,1
7054,11009,8,1
7054,10785,9,1
7054,276,10,1
7054,5475,11,1
7054,5121,12,1
7054,6862,13,1
7054,941,14,1
7072,10785,0,1
7072,5105,1,1
7072,7963,2,1
7072,65,3,1
7072,276,4,1
7072,6862,5,1
7072,8173,6,1
7072,1334,7,1
7072,6544,8,1
7072,4211,9,1
7072,5475,10,1
7072,11009,11,1
7072,941,12,1
7072,5121,13,1
7072,5717,14,1
7084,11009,0,1
7084,8173,1,1
7084,9016,2,1
7084,276,3,1
7084,1334,4,1
7084,1776,5,1
7084,941,6,1
7084,5717,7,1
7084,8037,8,1
7084,7963,9,1
7084,5475,10,1
7084,6544,11,1
7084,6862,12,1
7084,4211,13,1
7084,5105,14,1
7084,65,15,1
7084,5121,16,1
7084,10785,17,1
7116,5475,0,1
7116,8037,1,1
7116,7963,2,1
7116,5717,3,1
7116,1776,4,1
7116,6544,5,1
7116,1334,6,1
7116,65,7,1
7116,5121,8,1
7116,941,9,1
7116,4211,10,1
7116,8173,11,1
7116,6862,12,1
7116,276,13,1
7116,5105,14,1
7116,11009,15,1
7121,276,0,1
7121,5105,1,1
7121,1776,2,1
7121,11009,3,1
7121,7963,4,1
7121,8037,5,1
7121,941,6,1
7121,1334,7,1
7121,65,8,1
7121,6862,9,1
7121,4211,10,1
7121,8173,11,1
7121,5475,12,1
7121,6544,13,1
7121,5717,14,1
7121,5121,15,1
7128,1776,0,1
7128,10785,1,1
7128,5717,2,1
7128,8173,3,1
7128,11009,4,1
7128,941,5,1
7128,5121,6,1
7128,276,7,1
7128,4211,8,1
7128,8037,9,1
7128,1334,10,1
7128,5105,11,1
7128,5475,12,1
7128,6544,13,1
7128,7963,14,1
7141,7963,0,1
7141,9016,1,1
7141,5105,2,1
7141,276,3,1
7141,6862,4,1
7141,8037,5,1
7141,1334,6,1
7141,5475,7,1
7141,65,8,1
7141,4211,9,1
7141,11009,10,1
7141,5121,11,1
7141,10785,12,1
7141,5717,13,1
7141,8173,14,1
7141,6544,15,1
715,5717,0,1
715,6862,1,1
715,1776,2,1
715,276,3,1
715,7963,4,1
715,8037,5,1
715,6544,6,1
715,8173,7,1
715,1334,8,1
715,5121,9,1
715,65,10,1
715,5475,11,1
715,11009,12,1
715,5105,13,1
715,941,14,1
715,10785,15,1
715,4211,16,1
7161,1776,0,1
7161,7963,1,1
7161,941,2,1
7161,9016,3,1
7161,5475,4,1
7161,276,5,1
7161,10785,6,1
7161,1334,7,1
7161,8173,8,1
7161,11009,9,1
7161,65,10,1
7161,6862,11,1
7161,8037,12,1
7161,5121,13,1
7161,6544,14,1
7179,5475,0,1
7179,6862,1,1
7179,1334,2,1
7179,65,3,1
7179,1776,4,1
7179,4211,5,1
7179,7963,6,1
7179,5121,7,1
7179,6544,8,1
7179,8173,9,1
7179,941,10,1
7179,276,11,1
7179,5717,12,1
7179,11009,13,1
7179,8037,14,1
7179,5105,15,1
719,8037,0,1
719,10785,1,1
719,7963,2,1
719,5717,3,1
719,1334,4,1
719,276,5,1
719,5105,6,1
719,65,7,1
719,1776,8,1
719,5475,9,1
719,11009,10,1
719,5121,11,1
719,8173,12,1
719,6862,13,1
719,6544,14,1
719,4211,15,1
7190,8173,0,1
7190,7963,1,1
7190,8037,2,1
7190,6862,3,1
7190,10785,4,1
7190,941,5,1
7190,1334,6,1
7190,6544,7,1
7190,5717,8,1
7190,1776,9,1
7190,5105,10,1
7190,4211,11,1
7190,276,12,1
7190,5475,13,1
7190,11009,14,1
7190,5121,15,1
7190,65,16,1
7191,8037,0,1
7191,276,1,1
7191,5121,2,1
7191,11009,3,1
7191,5105,4,1
7191,6862,5,1
7191,1776,6,1
7191,4211,7,1
7191,65,8,1
7191,10785,9,1
7191,7963,10,1
7191,6544,11,1
7191,941,12,1
7191,1334,13,1
7191,8173,14,1
7191,5717,15,1
7192,1334,0,1
7192,7963,1,1
7192,6544,2,1
7192,10785,3,1
7192,5105,4,1
7192,5475,5,1
7192,276,6,1
7192,6862,7,1
7192,11009,8,1
7192,8173,9,1
7192,5717,10,1
7192,1776,11,1
7192,4211,12,1
7192,8037,13,1
7192,941,14,1
7211,5105,0,1
7211,65,1,1
7211,5475,2,1
7211,7963,3,1
7211,8037,4,1
7211,6544,5,1
7211,1776,6,1
7211,4211,7,1
7211,6862,8,1
7211,8173,9,1
7211,5717,10,1
7211,5121,11,1
7211,276,12,1
7211,11009,13,1
7211,1334,14,1
7238,5105,0,1
7238,276,1,1
7238,5121,2,1
7238,8037,3,1
7238,7963,4,1
7238,65,5,1
7238,1334,6,1
7238,6862,7,1
7238,8173,8,1
7238,6544,9,1
7238,5717,10,1
7238,941,11,1
7238,11009,12,1
7238,5475,13,1
7238,10785,14,1
7238,4211,15,1
7239,7963,0,1
7239,1334,1,1
7239,941,2,1
7239,5121,3,1
7239,6862,4,1
7239,1776,5,1
7239,11009,6,1
7239,8173,7,1
7239,5105,8,1
7239,8037,9,1
7239,5717,10,1
7239,5475,11,1
7239,6544,12,1
7239,276,13,1
7239,4211,14,1
7287,8173,0,1
7287,8037,1,1
7287,7963,2,1
7287,1334,3,1
7287,5105,4,1
7287,6862,5,1
7287,4211,6,1
7287,941,7,1
7287,10785,8,1
7287,5475,9,1
7287,1776,10,1
7287,276,11,1
7287,9016,12,1
7287,5717,13,1
7287,11009,14,1
7298,11009,0,1
7298,5105,1,1
7298,276,2,1
7298,1334,3,1
7298,7963,4,1
7298,6544,5,1
7298,941,6,1
7298,8037,7,1
7298,5475,8,1
7298,10785,9,1
7298,5121,10,1
7298,8173,11,1
7298,1776,12,1
7298,65,13,1
7298,6862,14,1
7298,9016,15,1
7298,4211,16,1
7298,5717,17,1
730,1334,0,1
730,7963,1,1
730,941,2,1
730,11009,3,1
730,8173,4,1
730,6544,5,1
730,5475,6,1
730,9016,7,1
730,65,8,1
730,5105,9,1
730,276,10,1
730,1776,11,1
730,8037,12,1
730,5121,13,1
730,4211,14,1
7303,7963,0,1
7303,1334,1,1
7303,5475,2,1
7303,8173,3,1
7303,5105,4,1
7303,941,5,1
7303,4211,6,1
7303,11009,7,1
7303,6862,8,1
7303,276,9,1
7303,8037,10,1
7303,1776,11,1
7303,10785,12,1
7303,5121,13,1
7303,5717,14,1
7312,8037,0,1
7312,5475,1,1
7312,1776,2,1
7312,7963,3,1
7312,6544,4,1
7312,11009,5,1
7312,65,6,1
7312,4211,7,1
7312,276,8,1
7312,5121,9,1
7312,5105,10,1
7312,941,11,1
7312,5717,12,1
7312,6862,13,1
7312,8173,14,1
7312,9016,15,1
7323,65,0,1
7323,1776,1,1
7323,1334,2,1
7323,10785,3,1
7323,11009,4,1
7323,7963,5,1
7323,6544,6,1
7323,5475,7,1
7323,941,8,1
7323,8037,9,1
7323,276,10,1
7323,6862,11,1
7323,4211,12,1
7323,5121,13,1
7323,5105,14,1
7323,5717,15,1
7323,8173,16,1
7326,5475,0,1
7326,1334,1,1
7326,6544,2,1
7326,5121,3,1
7326,11009,4,1
7326,7963,5,1
7326,5717,6,1
7326,8037,7,1
7326,1776,8,1
7326,941,9,1
7326,8173,10,1
7326,6862,11,1
7326,5105,12,1
7326,276,13,1
7326,10785,14,1
7341,6544,0,1
7341,5475,1,1
7341,7963,2,1
7341,941,3,1
7341,1334,4,1
7341,65,5,1
7341,11009,6,1
7341,5121,7,1
7341,4211,8,1
7341,8037,9,1
7341,5717,10,1
7341,1776,11,1
7341,8173,12,1
7341,276,13,1
7341,10785,14,1
7374,1334,0,1
7374,1776,1,1
7374,9016,2,1
7374,941,3,1
7374,6544,4,1
7374,8173,5,1
7374,7963,6,1
7374,276,7,1
7374,4211,8,1
7374,8037,9,1
7374,5105,10,1
7374,11009,11,1
7374,5717,12,1
7374,65,13,1
7374,6862,14,1
7374,5121,15,1
7381,65,0,1
7381,5717,1,1
7381,9016,2,1
7381,5105,3,1
7381,10785,4,1
7381,4211,5,1
7381,6544,6,1
7381,5475,7,1
7381,7963,8,1
7381,11009,9,1
7381,5121,10,1
7381,8037,11,1
7381,1776,12,1
7381,276,13,1
7381,1334,14,1
7381,6862,15,1
7381,8173,16,1
7395,9016,0,1
7395,1776,1,1
7395,11009,2,1
7395,10785,3,1
7395,1334,4,1
7395,7963,5,1
7395,5121,6,1
7395,6544,7,1
7395,941,8,1
7395,8037,9,1
7395,4211,10,1
7395,276,11,1
7395,5475,12,1
7395,8173,13,1
7395,5717,14,1
7396,5105,0,1
7396,7963,1,1
7396,8037,2,1
7396,9016,3,1
7396,941,4,1
7396,8173,5,1
7396,11009,6,1
7396,5475,7,1
7396,1334,8,1
7396,1776,9,1
7396,6862,10,1
7396,4211,11,1
7396,276,12,1
7396,65,13,1
7396,5121,14,1
7396,6544,15,1
7408,7963,0,1
7408,5717,1,1
7408,941,2,1
7408,1776,3,1
7408,5121,4,1
7408,1334,5,1
7408,9016,6,1
7408,276,7,1
7408,8173,8,1
7408,8037,9,1
7408,11009,10,1
7408,5105,11,1
7408,65,12,1
7408,4211,13,1
7408,6544,14,1
7422,1776,0,1
7422,941,1,1
7422,1334,2,1
7422,7963,3,1
7422,5475,4,1
7422,5717,5,1
7422,8037,6,1
7422,5105,7,1
7422,5121,8,1
7422,276,9,1
7422,9016,10,1
7422,11009,11,1
7422,65,12,1
7422,8173,13,1
7422,10785,14,1
7422,6544,15,1
7422,4211,16,1
7448,8037,0,1
7448,6862,1,1
7448,10785,2,1
7448,6544,3,1
7448,7963,4,1
7448,276,5,1
7448,1334,6,1
7448,1776,7,1
7448,5717,8,1
7448,8173,9,1
7448,4211,10,1
7448,11009,11,1
7448,941,12,1
7448,5105,13,1
7448,5475,14,1
7486,1334,0,1
7486,276,1,1
7486,7963,2,1
7486,10785,3,1
7486,5105,4,1
7486,5121,5,1
7486,6544,6,1
7486,6862,7,1
7486,5717,8,1
7486,4211,9,1
7486,1776,10,1
7486,11009,11,1
7486,65,12,1
7486,8173,13,1
7486,941,14,1
7486,5475,15,1
7486,8037,16,1
7487,7963,0,1
7487,11009,1,1
7487,6544,2,1
7487,8173,3,1
7487,8037,4,1
7487,1334,5,1
7487,10785,6,1
7487,5105,7,1
7487,6862,8,1
7487,276,9,1
7487,5121,10,1
7487,941,11,1
7487,9016,12,1
7487,5717,13,1
7487,5475,14,1
749,7963,0,1
749,941,1,1
749,8173,2,1
749,6862,3,1
749,1334,4,1
749,276,5,1
749,65,6,1
749,5717,7,1
749,5475,8,1
749,8037,9,1
749,10785,10,1
749,5121,11,1
749,11009,12,1
749,6544,13,1
749,1776,14,1
749,5105,15,1
7506,7963,0,1
7506,6544,1,1
7506,5475,2,1
7506,1334,3,1
7506,5121,4,1
7506,276,5,1
7506,5717,6,1
7506,4211,7,1
7506,65,8,1
7506,5105,9,1
7506,8173,10,1
7506,1776,11,1
7506,11009,12,1
7506,6862,13,1
7506,8037,14,1
7506,941,15,1
7514,8173,0,1
7514,1334,1,1
7514,5717,2,1
7514,8037,3,1
7514,11009,4,1
7514,6544,5,1
7514,65,6,1
7514,10785,7,1
7514,276,8,1
7514,7963,9,1
7514,5105,10,1
7514,941,11,1
7514,4211,12,1
7514,5121,13,1
7514,6862,14,1
7527,5475,0,1
7527,7963,1,1
7527,1334,2,1
7527,5121,3,1
7527,6862,4,1
7527,276,5,1
7527,8037,6,1
7527,1776,7,1
7527,65,8,1
7527,941,9,1
7527,8173,10,1
7527,11009,11,1
7527,4211,12,1
7527,5717,13,1
7527,6544,14,1
7527,10785,15,1
7527,5105,16,1
7539,5475,0,1
7539,7963,1,1
7539,8037,2,1
7539,276,3,1
7539,5717,4,1
7539,5105,5,1
7539,6544,6,1
7539,8173,7,1
7539,1776,8,1
7539,941,9,1
7539,5121,10,1
7539,11009,11,1
7539,1334,12,1
7539,9016,13,1
7539,6862,14,1
7539,4211,15,1
7539,10785,16,1
7550,7963,0,1
7550,5475,1,1
7550,1776,2,1
7550,5717,3,1
7550,8173,4,1
7550,276,5,1
7550,1334,6,1
7550,10785,7,1
7550,11009,8,1
7550,8037,9,1
7550,5121,10,1
7550,65,11,1
7550,6544,12,1
7550,6862,13,1
7550,941,14,1
7558,65,0,1
7558,11009,1,1
7558,5717,2,1
7558,7963,3,1
7558,276,4,1
7558,5105,5,1
7558,4211,6,1
7558,5475,7,1
7558,1334,8,1
7558,10785,9,1
7558,8173,10,1
7558,941,11,1
7558,6544,12,1
7558,5121,13,1
7558,1776,14,1
7558,8037,15,1
7582,5475,0,1
7582,6862,1,1
7582,6544,2,1
7582,5717,3,1
7582,7963,4,1
7582,65,5,1
7582,276,6,1
7582,5105,7,1
7582,9016,8,1
7582,1776,9,1
7582,1334,10,1
7582,941,11,1
7582,11009,12,1
7582,4211,13,1
7582,8037,14,1
7582,5121,15,1
7582,10785,16,1
7582,8173,17,1
7601,7963,0,1
7601,11009,1,1
7601,276,2,1
7601,6544,3,1
7601,10785,4,1
7601,1334,5,1
7601,1776,6,1
7601,5475,7,1
7601,6862,8,1
7601,8173,9,1
7601,941,10,1
7601,65,11,1
7601,5105,12,1
7601,8037,13,1
7601,5121,14,1
7601,4211,15,1
7601,5717,16,1
7614,941,0,1
7614,5717,1,1
7614,4211,2,1
7614,7963,3,1
7614,1776,4,1
7614,65,5,1
7614,6862,6,1
7614,5105,7,1
7614,1334,8,1
7614,11009,9,1
7614,276,10,1
7614,5121,11,1
7614,8037,12,1
7614,5475,13,1
7614,8173,14,1
7649,7963,0,1
7649,1334,1,1
7649,8173,2,1
7649,5475,3,1
7649,1776,4,1
7649,11009,5,1
7649,65,6,1
7649,6544,7,1
7649,4211,8,1
7649,5121,9,1
7649,941,10,1
7649,5105,11,1
7649,6862,12,1
7649,10785,13,1
7649,276,14,1
7649,8037,15,1
7655,6862,0,1
7655,7963,1,1
7655,1776,2,1
7655,10785,3,1
7655,8037,4,1
7655,276,5,1
7655,65,6,1
7655,4211,7,1
7655,941,8,1
7655,5105,9,1
7655,9016,10,1
7655,5475,11,1
7655,8173,12,1
7655,5717,13,1
7655,1334,14,1
7655,5121,15,1
7655,11009,16,1
7656,11009,0,1
7656,65,1,1
7656,6862,2,1
7656,10785,3,1
7656,5105,4,1
7656,7963,5,1
7656,5475,6,1
7656,6544,7,1
7656,4211,8,1
7656,5121,9,1
7656,276,10,1
7656,1334,11,1
7656,5717,12,1
7656,8037,13,1
7656,941,14,1
7708,9016,0,1
7708,8037,1,1
7708,7963,2,1
7708,6862,3,1
7708,10785,4,1
7708,11009,5,1
7708,1776,6,1
7708,6544,7,1
7708,4211,8,1
7708,941,9,1
7708,65,10,1
7708,8173,11,1
7708,276,12,1
7708,5475,13,1
7708,1334,14,1
7721,7963,0,1
7721,5121,1,1
7721,8037,2,1
7721,5475,3,1
7721,5105,4,1
7721,11009,5,1
7721,4211,6,1
7721,276,7,1
7721,8173,8,1
7721,65,9,1
7721,6862,10,1
7721,1334,11,1
7721,1776,12,1
7721,10785,13,1
7721,6544,14,1
7729,65,0,1
7729,5105,1,1
7729,276,2,1
7729,5121,3,1
7729,10785,4,1
7729,5475,5,1
7729,6862,6,1
7729,7963,7,1
7729,5717,8,1
7729,941,9,1
7729,9016,10,1
7729,4211,11,1
7729,8037,12,1
7729,11009,13,1
7729,1334,14,1
7729,8173,15,1
7737,65,0,1
7737,11009,1,1
7737,4211,2,1
7737,1776,3,1
7737,8173,4,1
7737,5105,5,1
7737,276,6,1
7737,1334,7,1
7737,7963,8,1
7737,8037,9,1
7737,10785,10,1
7737,6544,11,1
7737,5475,12,1
7737,5717,13,1
7737,5121,14,1
7737,6862,15,1
7737,941,16,1
7742,5121,0,1
7742,8037,1,1
7742,11009,2,1
7742,5717,3,1
7742,6544,4,1
7742,1334,5,1
7742,1776,6,1
7742,5475,7,1
7742,6862,8,1
7742,941,9,1
7742,5105,10,1
7742,7963,11,1
7742,4211,12,1
7742,8173,13,1
7742,65,14,1
7742,276,15,1
7771,276,0,1
7771,6544,1,1
7771,5475,2,1
7771,7963,3,1
7771,8037,4,1
7771,5121,5,1
7771,4211,6,1
7771,65,7,1
7771,10785,8,1
7771,5717,9,1
7771,941,10,1
7771,5105,11,1
7771,1334,12,1
7771,11009,13,1
7771,8173,14,1
7788,7963,0,1
7788,5105,1,1
7788,4211,2,1
7788,5717,3,1
7788,5121,4,1
7788,276,5,1
7788,6862,6,1
7788,11009,7,1
7788,5475,8,1
7788,1334,9,1
7788,65,10,1
7788,6544,11,1
7788,8173,12,1
7788,10785,13,1
7788,941,14,1
7799,8173,0,1
7799,276,1,1
7799,11009,2,1
7799,7963,3,1
7799,8037,4,1
7799,9016,5,1
7799,5717,6,1
7799,4211,7,1
7799,1334,8,1
7799,1776,9,1
7799,65,10,1
7799,5105,11,1
7799,5121,12,1
7799,5475,13,1
7799,941,14,1
7799,6862,15,1
7799,6544,16,1
7825,11009,0,1
7825,5121,1,1
7825,7963,2,1
7825,1334,3,1
7825,276,4,1
7825,4211,5,1
7825,941,6,1
7825,6862,7,1
7825,9016,8,1
7825,6544,9,1
7825,8173,10,1
7825,10785,11,1
7825,65,12,1
7825,8037,13,1
7825,5717,14,1
7825,5105,15,1
7837,65,0,1
7837,8037,1,1
7837,276,2,1
7837,1776,3,1
7837,11009,4,1
7837,5105,5,1
7837,5121,6,1
7837,4211,7,1
7837,7963,8,1
7837,6544,9,1
7837,1334,10,1
7837,5475,11,1
7837,8173,12,1
7837,6862,13,1
7837,10785,14,1
7857,5475,0,1
7857,7963,1,1
7857,8173,2,1
7857,6862,3,1
7857,65,4,1
7857,1334,5,1
7857,6544,6,1
7857,276,7,1
7857,941,8,1
7857,11009,9,1
7857,4211,10,1
7857,8037,11,1
7857,5717,12,1
7857,5105,13,1
7857,5121,14,1
788,7963,0,1
788,11009,1,1
788,8037,2,1
788,5121,3,1
788,4211,4,1
788,5475,5,1
788,6862,6,1
788,941,7,1
788,5717,8,1
788,8173,9,1
788,1776,10,1
788,1334,11,1
788,5105,12,1
788,276,13,1
788,65,14,1
7880,7963,0,1
7880,1334,1,1
7880,5717,2,1
7880,10785,3,1
7880,65,4,1
7880,276,5,1
7880,11009,6,1
7880,5121,7,1
7880,5475,8,1
7880,4211,9,1
7880,6862,10,1
7880,8037,11,1
7880,9016,12,1
7880,8173,13,1
7880,1776,14,1
7891,5475,0,1
7891,5121,1,1
7891,8037,2,1
7891,1776,3,1
7891,9016,4,1
7891,1334,5,1
7891,6862,6,1
7891,8173,7,1
7891,65,8,1
7891,6544,9,1
7891,11009,10,1
7891,276,11,1
7891,7963,12,1
7891,10785,13,1
7891,4211,14,1
7913,7963,0,1
7913,11009,1,1
7913,4211,2,1
7913,1776,3,1
7913,6544,4,1
7913,8173,5,1
7913,9016,6,1
7913,941,7,1
7913,8037,8,1
7913,276,9,1
7913,5717,10,1
7913,1334,11,1
7913,5475,12,1
7913,10785,13,1
7913,5121,14,1
7913,65,15,1
7916,7963,0,1
7916,65,1,1
7916,9016,2,1
7916,6544,3,1
7916,4211,4,1
7916,1334,5,1
7916,5717,6,1
7916,276,7,1
7916,6862,8,1
7916,8173,9,1
7916,5105,10,1
7916,941,11,1
7916,10785,12,1
7916,5475,13,1
7916,5121,14,1
7916,8037,15,1
7916,1776,16,1
7916,11009,17,1
7925,8173,0,1
7925,7963,1,1
7925,6544,2,1
7925,5121,3,1
7925,11009,4,1
7925,1334,5,1
7925,941,6,1
7925,8037,7,1
7925,5475,8,1
7925,4211,9,1
7925,5105,10,1
7925,5717,11,1
7925,6862,12,1
7925,10785,13,1
7925,276,14,1
7925,65,15,1
7938,1334,0,1
7938,8037,1,1
7938,7963,2,1
7938,6862,3,1
7938,5121,4,1
7938,10785,5,1
7938,276,6,1
7938,5717,7,1
7938,8173,8,1
7938,11009,9,1
7938,4211,10,1
7938,6544,11,1
7938,941,12,1
7938,5105,13,1
7938,65,14,1
7938,1776,15,1
7938,5475,16,1
7958,10785,0,1
7958,7963,1,1
7958,8037,2,1
7958,5717,3,1
7958,1776,4,1
7958,6862,5,1
7958,5475,6,1
7958,5121,7,1
7958,941,8,1
7958,5105,9,1
7958,11009,10,1
7958,65,11,1
7958,4211,12,1
7958,6544,13,1
7958,1334,14,1
7958,8173,15,1
7958,276,16,1
7969,5475,0,1
7969,941,1,1
7969,6862,2,1
7969,8173,3,1
7969,1334,4,1
7969,11009,5,1
7969,7963,6,1
7969,5105,7,1
7969,6544,8,1
7969,8037,9,1
7969,5717,10,1
7969,10785,11,1
7969,1776,12,1
7969,276,13,1
7969,5121,14,1
7969,65,15,1
7969,4211,16,1
8015,1334,0,1
8015,941,1,1
8015,11009,2,1
8015,10785,3,1
8015,8173,4,1
8015,7963,5,1
8015,276,6,1
8015,5475,7,1
8015,5121,8,1
8015,5105,9,1
8015,4211,10,1
8015,9016,11,1
8015,6862,12,1
8015,5717,13,1
8015,65,14,1
8016,276,0,1
8016,65,1,1
8016,5105,2,1
8016,1776,3,1
8016,11009,4,1
8016,10785,5,1
8016,1334,6,1
8016,5475,7,1
8016,7963,8,1
8016,5717,9,1
8016,5121,10,1
8016,6544,11,1
8016,4211,12,1
8016,8037,13,1
8016,6862,14,1
8030,6544,0,1
8030,5121,1,1
8030,65,2,1
8030,7963,3,1
8030,4211,4,1
8030,10785,5,1
8030,5105,6,1
8030,1776,7,1
8030,8173,8,1
8030,941,9,1
8030,8037,10,1
8030,6862,11,1
8030,5475,12,1
8030,1334,13,1
8030,11009,14,1
8030,276,15,1
8037,5105,0,1
8037,8037,1,1
8037,10785,2,1
8037,7963,3,1
8037,5121,4,1
8037,11009,5,1
8037,6862,6,1
8037,6544,7,1
8037,1334,8,1
8037,276,9,1
8037,4211,10,1
8037,941,11,1
8037,8173,12,1
8037,1776,13,1
8037,65,14,1
8037,5475,15,1
8037,5717,16,1
804,5121,0,1
804,6544,1,1
804,5717,2,1
804,1334,3,1
804,276,4,1
804,7963,5,1
804,10785,6,1
804,8173,7,1
804,8037,8,1
804,5475,9,1
804,5105,10,1
804,65,11,1
804,9016,12,1
804,4211,13,1
804,941,14,1
804,11009,15,1
8040,276,0,1
8040,7963,1,1
8040,5105,2,1
8040,8173,3,1
8040,9016,4,1
8040,65,5,1
8040,4211,6,1
8040,6544,7,1
8040,5121,8,1
8040,1334,9,1
8040,5475,10,1
8040,10785,11,1
8040,5717,12,1
8040,8037,13,1
8040,11009,14,1
8041,6544,0,1
8041,8037,1,1
8041,1334,2,1
8041,11009,3,1
8041,7963,4,1
8041,5475,5,1
8041,276,6,1
8041,8173,7,1
8041,5121,8,1
8041,9016,9,1
8041,941,10,1
8041,1776,11,1
8041,6862,12,1
8041,10785,13,1
8041,5717,14,1
8041,5105,15,1
805,7963,0,1
805,5475,1,1
805,5105,2,1
805,1334,3,1
805,941,4,1
805,8037,5,1
805,65,6,1
805,8173,7,1
805,276,8,1
805,6862,9,1
805,4211,10,1
805,11009,11,1
805,5121,12,1
805,5717,13,1
805,9016,14,1
8055,5475,0,1
8055,1776,1,1
8055,8037,2,1
8055,5717,3,1
8055,7963,4,1
8055,4211,5,1
8055,10785,6,1
8055,6862,7,1
8055,5105,8,1
8055,8173,9,1
8055,276,10,1
8055,6544,11,1
8055,11009,12,1
8055,1334,13,1
8055,941,14,1
8055,5121,15,1
8058,7963,0,1
8058,5717,1,1
8058,941,2,1
8058,5105,3,1
8058,11009,4,1
8058,5121,5,1
8058,10785,6,1
8058,6862,7,1
8058,276,8,1
8058,8173,9,1
8058,5475,10,1
8058,4211,11,1
8058,6544,12,1
8058,65,13,1
8058,1334,14,1
8058,8037,15,1
807,11009,0,1
807,8037,1,1
807,4211,2,1
807,7963,3,1
807,6544,4,1
807,5475,5,1
807,941,6,1
807,8173,7,1
807,5717,8,1
807,276,9,1
807,10785,10,1
807,5121,11,1
807,65,12,1
807,1334,13,1
807,5105,14,1
8074,4211,0,1
8074,7963,1,1
8074,65,2,1
8074,5121,3,1
8074,10785,4,1
8074,1334,5,1
8074,8173,6,1
8074,6544,7,1
8074,6862,8,1
8074,11009,9,1
8074,5105,10,1
8074,941,11,1
8074,276,12,1
8074,5475,13,1
8074,5717,14,1
8088,7963,0,1
8088,1776,1,1
8088,11009,2,1
8088,276,3,1
8088,5105,4,1
8088,8037,5,1
8088,5121,6,1
8088,65,7,1
8088,6544,8,1
8088,1334,9,1
8088,941,10,1
8088,8173,11,1
8088,4211,12,1
8088,6862,13,1
8088,10785,14,1
8088,5717,15,1
8119,11009,0,1
8119,5121,1,1
8119,65,2,1
8119,6862,3,1
8119,1776,4,1
8119,276,5,1
8119,8037,6,1
8119,7963,7,1
8119,1334,8,1
8119,5717,9,1
8119,4211,10,1
8119,941,11,1
8119,5105,12,1
8119,8173,13,1
8119,6544,14,1
8119,10785,15,1
8120,1776,0,1
8120,65,1,1
8120,7963,2,1
8120,6862,3,1
8120,11009,4,1
8120,941,5,1
8120,1334,6,1
8120,276,7,1
8120,6544,8,1
8120,5105,9,1
8120,10785,10,1
8120,5717,11,1
8120,4211,12,1
8120,8173,13,1
8120,9016,14,1
8120,5475,15,1
8120,5121,16,1
8126,276,0,1
8126,6544,1,1
8126,9016,2,1
8126,5121,3,1
8126,1334,4,1
8126,941,5,1
8126,5105,6,1
8126,4211,7,1
8126,8173,8,1
8126,11009,9,1
8126,7963,10,1
8126,5717,11,1
8126,6862,12,1
8126,5475,13,1
8126,65,14,1
813,8173,0,1
813,4211,1,1
813,1334,2,1
813,7963,3,1
813,1776,4,1
813,8037,5,1
813,276,6,1
813,5717,7,1
813,5475,8,1
813,6544,9,1
813,5121,10,1
813,5105,11,1
813,65,12,1
813,11009,13,1
813,10785,14,1
813,941,15,1
8139,9016,0,1
8139,8037,1,1
8139,5475,2,1
8139,7963,3,1
8139,1776,4,1
8139,5105,5,1
8139,1334,6,1
8139,276,7,1
8139,4211,8,1
8139,941,9,1
8139,6862,10,1
8139,6544,11,1
8139,65,12,1
8139,8173,13,1
8139,11009,14,1
8147,7963,0,1
8147,8173,1,1
8147,5717,2,1
8147,1334,3,1
8147,5475,4,1
8147,5105,5,1
8147,941,6,1
8147,1776,7,1
8147,11009,8,1
8147,10785,9,1
8147,276,10,1
8147,6862,11,1
8147,6544,12,1
8147,8037,13,1
8147,5121,14,1
8150,1334,0,1
8150,7963,1,1
8150,6862,2,1
8150,10785,3,1
8150,8173,4,1
8150,6544,5,1
8150,8037,6,1
8150,5121,7,1
8150,5105,8,1
8150,5475,9,1
8150,11009,10,1
8150,5717,11,1
8150,4211,12,1
8150,276,13,1
8150,65,14,1
8174,1334,0,1
8174,5717,1,1
8174,6862,2,1
8174,9016,3,1
8174,941,4,1
8174,1776,5,1
8174,4211,6,1
8174,276,7,1
8174,7963,8,1
8174,5105,9,1
8174,6544,10,1
8174,10785,11,1
8174,11009,12,1
8174,5121,13,1
8174,8173,14,1
8174,65,15,1
818,5475,0,1
818,7963,1,1
818,276,2,1
818,5717,3,1
818,1334,4,1
818,8037,5,1
818,1776,6,1
818,4211,7,1
818,11009,8,1
818,6544,9,1
818,65,10,1
818,941,11,1
818,8173,12,1
818,5121,13,1
818,5105,14,1
818,10785,15,1
8180,65,0,1
8180,7963,1,1
8180,11009,2,1
8180,1334,3,1
8180,5475,4,1
8180,1776,5,1
8180,276,6,1
8180,5121,7,1
8180,6544,8,1
8180,8037,9,1
8180,5717,10,1
8180,8173,11,1
8180,5105,12,1
8180,941,13,1
8180,4211,14,1
8211,8037,0,1
8211,1334,1,1
8211,65,2,1
8211,7963,3,1
8211,11009,4,1
8211,1776,5,1
8211,6862,6,1
8211,8173,7,1
8211,276,8,1
8211,5475,9,1
8211,941,10,1
8211,4211,11,1
8211,6544,12,1
8211,10785,13,1
8211,5717,14,1
8217,7963,0,1
8217,1334,1,1
8217,8173,2,1
8217,9016,3,1
8217,65,4,1
8217,4211,5,1
8217,6862,6,1
8217,276,7,1
8217,8037,8,1
8217,941,9,1
8217,5475,10,1
8217,10785,11,1
8217,11009,12,1
8217,5105,13,1
8217,5121,14,1
8218,4211,0,1
8218,1334,1,1
8218,8173,2,1
8218,6862,3,1
8218,941,4,1
8218,10785,5,1
8218,5475,6,1
8218,5121,7,1
8218,9016,8,1
8218,8037,9,1
8218,7963,10,1
8218,5105,11,1
8218,11009,12,1
8218,5717,13,1
8218,276,14,1
8248,1334,0,1
8248,1776,1,1
8248,65,2,1
8248,8037,3,1
8248,8173,4,1
8248,5475,5,1
8248,7963,6,1
8248,6862,7,1
8248,5105,8,1
8248,11009,9,1
8248,5717,10,1
8248,5121,11,1
8248,4211,12,1
8248,941,13,1
8248,276,14,1
8252,4211,0,1
8252,5475,1,1
8252,7963,2,1
8252,8037,3,1
8252,276,4,1
8252,8173,5,1
8252,6544,6,1
8252,65,7,1
8252,1334,8,1
8252,5717,9,1
8252,10785,10,1
8252,941,11,1
8252,11009,12,1
8252,6862,13,1
8252,5121,14,1
8252,5105,15,1
8270,8173,0,1
8270,11009,1,1
8270,1334,2,1
8270,1776,3,1
8270,6544,4,1
8270,5121,5,1
8270,941,6,1
8270,5717,7,1
8270,276,8,1
8270,5475,9,1
8270,7963,10,1
8270,5105,11,1
8270,8037,12,1
8270,4211,13,1
8270,10785,14,1
830,941,0,1
830,1334,1,1
830,5121,2,1
830,6544,3,1
830,11009,4,1
830,5475,5,1
830,65,6,1
830,276,7,1
830,10785,8,1
830,1776,9,1
830,6862,10,1
830,8173,11,1
830,5717,12,1
830,7963,13,1
830,4211,14,1
830,8037,15,1
8311,10785,0,1
8311,1334,1,1
8311,1776,2,1
8311,5717,3,1
8311,8037,4,1
8311,276,5,1
8311,6862,6,1
8311,7963,7,1
8311,8173,8,1
8311,4211,9,1
8311,65,10,1
8311,941,11,1
8311,9016,12,1
8311,11009,13,1
8311,6544,14,1
8311,5105,15,1
8311,5121,16,1
8319,1334,0,1
8319,7963,1,1
8319,5121,2,1
8319,1776,3,1
8319,4211,4,1
8319,5105,5,1
8319,5475,6,1
8319,6544,7,1
8319,276,8,1
8319,6862,9,1
8319,9016,10,1
8319,8173,11,1
8319,11009,12,1
8319,941,13,1
8319,65,14,1
8323,65,0,1
8323,9016,1,1
8323,8173,2,1
8323,7963,3,1
8323,941,4,1
8323,1776,5,1
8323,5475,6,1
8323,6544,7,1
8323,8037,8,1
8323,11009,9,1
8323,5105,10,1
8323,4211,11,1
8323,5717,12,1
8323,5121,13,1
8323,276,14,1
835,276,0,1
835,1334,1,1
835,5717,2,1
835,10785,3,1
835,7963,4,1
835,6862,5,1
835,4211,6,1
835,8037,7,1
835,941,8,1
835,5105,9,1
835,5121,10,1
835,11009,11,1
835,8173,12,1
835,6544,13,1
835,5475,14,1
8355,8037,0,1
8355,8173,1,1
8355,6862,2,1
8355,276,3,1
8355,11009,4,1
8355,4211,5,1
8355,10785,6,1
8355,5717,7,1
8355,1776,8,1
8355,5105,9,1
8355,7963,10,1
8355,65,11,1
8355,6544,12,1
8355,5475,13,1
8355,941,14,1
8355,1334,15,1
8355,5121,16,1
8390,1776,0,1
8390,5121,1,1
8390,4211,2,1
8390,7963,3,1
8390,276,4,1
8390,6544,5,1
8390,5717,6,1
8390,11009,7,1
8390,5105,8,1
8390,9016,9,1
8390,5475,10,1
8390,941,11,1
8390,8173,12,1
8390,65,13,1
8390,1334,14,1
8397,11009,0,1
8397,65,1,1
8397,1334,2,1
8397,5475,3,1
8397,6862,4,1
8397,8173,5,1
8397,5121,6,1
8397,4211,7,1
8397,8037,8,1
8397,7963,9,1
8397,276,10,1
8397,9016,11,1
8397,941,12,1
8397,5717,13,1
8397,1776,14,1
8397,5105,15,1
8397,10785,16,1
8397,6544,17,1
84,5717,0,1
84,10785,1,1
84,8173,2,1
84,276,3,1
84,8037,4,1
84,65,5,1
84,7963,6,1
84,1776,7,1
84,1334,8,1
84,11009,9,1
84,5121,10,1
84,941,11,1
84,6862,12,1
84,6544,13,1
84,5475,14,1
840,1776,0,1
840,8173,1,1
840,5475,2,1
840,6862,3,1
840,65,4,1
840,941,5,1
840,276,6,1
840,7963,7,1
840,10785,8,1
840,8037,9,1
840,5105,10,1
840,6544,11,1
840,1334,12,1
840,11009,13,1
840,5717,14,1
8408,8037,0,1
8408,7963,1,1
8408,1334,2,1
8408,5475,3,1
8408,9016,4,1
8408,276,5,1
8408,941,6,1
8408,5717,7,1
8408,8173,8,1
8408,65,9,1
8408,10785,10,1
8408,5105,11,1
8408,11009,12,1
8408,4211,13,1
8408,5121,14,1
8425,7963,0,1
8425,11009,1,1
8425,5105,2,1
8425,9016,3,1
8425,276,4,1
8425,8173,5,1
8425,5121,6,1
8425,1334,7,1
8425,5717,8,1
8425,4211,9,1
8425,65,10,1
8425,5475,11,1
8425,6544,12,1
8425,8037,13,1
8425,10785,14,1
8428,5475,0,1
8428,9016,1,1
8428,7963,2,1
8428,11009,3,1
8428,6862,4,1
8428,4211,5,1
8428,6544,6,1
8428,5121,7,1
8428,276,8,1
8428,5717,9,1
8428,1334,10,1
8428,8037,11,1
8428,65,12,1
8428,8173,13,1
8428,941,14,1
8436,5717,0,1
8436,10785,1,1
8436,1334,2,1
8436,1776,3,1
8436,5105,4,1
8436,7963,5,1
8436,5121,6,1
8436,941,7,1
8436,8037,8,1
8436,6862,9,1
8436,11009,10,1
8436,5475,11,1
8436,8173,12,1
8436,276,13,1
8436,6544,14,1
8450,5717,0,1
8450,276,1,1
8450,8037,2,1
8450,1776,3,1
8450,5121,4,1
8450,10785,5,1
8450,5105,6,1
8450,7963,7,1
8450,1334,8,1
8450,9016,9,1
8450,941,10,1
8450,4211,11,1
8450,6544,12,1
8450,5475,13,1
8450,11009,14,1
8450,65,15,1
8450,6862,16,1
8450,8173,17,1
8481,5475,0,1
8481,5105,1,1
8481,8037,2,1
8481,11009,3,1
8481,941,4,1
8481,6544,5,1
8481,7963,6,1
8481,5717,7,1
8481,10785,8,1
8481,4211,9,1
8481,6862,10,1
8481,1334,11,1
8481,276,12,1
8481,8173,13,1
8481,5121,14,1
8486,65,0,1
8486,7963,1,1
8486,5105,2,1
8486,276,3,1
8486,5717,4,1
8486,5475,5,1
8486,8037,6,1
8486,8173,7,1
8486,5121,8,1
8486,941,9,1
8486,11009,10,1
8486,1334,11,1
8486,9016,12,1
8486,10785,13,1
8486,4211,14,1
8503,276,0,1
8503,1776,1,1
8503,7963,2,1
8503,6544,3,1
8503,5105,4,1
8503,4211,5,1
8503,1334,6,1
8503,9016,7,1
8503,5717,8,1
8503,8173,9,1
8503,941,10,1
8503,10785,11,1
8503,65,12,1
8503,11009,13,1
8503,8037,14,1
8503,5475,15,1
8503,5121,16,1
8504,8037,0,1
8504,10785,1,1
8504,7963,2,1
8504,5717,3,1
8504,5105,4,1
8504,6544,5,1
8504,8173,6,1
8504,11009,7,1
8504,4211,8,1
8504,941,9,1
8504,1776,10,1
8504,5121,11,1
8504,5475,12,1
8504,6862,13,1
8504,1334,14,1
8504,276,15,1
8510,6544,0,1
8510,8037,1,1
8510,5717,2,1
8510,1334,3,1
8510,941,4,1
8510,6862,5,1
8510,5105,6,1
8510,1776,7,1
8510,7963,8,1
8510,5121,9,1
8510,5475,10,1
8510,65,11,1
8510,276,12,1
8510,10785,13,1
8510,8173,14,1
8510,11009,15,1
8510,4211,16,1
8588,7963,0,1
8588,1334,1,1
8588,5121,2,1
8588,9016,3,1
8588,8173,4,1
8588,11009,5,1
8588,941,6,1
8588,5105,7,1
8588,5717,8,1
8588,65,9,1
8588,276,10,1
8588,5475,11,1
8588,8037,12,1
8588,6862,13,1
8588,4211,14,1
8596,11009,0,1
8596,7963,1,1
8596,1334,2,1
8596,10785,3,1
8596,6544,4,1
8596,5717,5,1
8596,5105,6,1
8596,6862,7,1
8596,4211,8,1
8596,1776,9,1
8596,941,10,1
8596,65,11,1
8596,5121,12,1
8596,8037,13,1
8596,5475,14,1
8596,8173,15,1
8596,276,16,1
86,5121,0,1
86,8173,1,1
86,1776,2,1
86,7963,3,1
86,941,4,1
86,11009,5,1
86,276,6,1
86,9016,7,1
86,6544,8,1
86,5105,9,1
86,6862,10,1
86,10785,11,1
86,8037,12,1
86,5475,13,1
86,1334,14,1
8606,7963,0,1
8606,8037,1,1
8606,9016,2,1
8606,11009,3,1
8606,276,4,1
8606,941,5,1
8606,4211,6,1
8606,10785,7,1
8606,5717,8,1
8606,6544,9,1
8606,1776,10,1
8606,8173,11,1
8606,6862,12,1
8606,5121,13,1
8606,5105,14,1
8606,1334,15,1
8606,65,16,1
8607,276,0,1
8607,941,1,1
8607,6862,2,1
8607,5717,3,1
8607,8173,4,1
8607,10785,5,1
8607,7963,6,1
8607,5475,7,1
8607,8037,8,1
8607,5121,9,1
8607,4211,10,1
8607,1334,11,1
8607,1776,12,1
8607,6544,13,1
8607,5105,14,1
8607,11009,15,1
8607,9016,16,1
861,7963,0,1
861,8037,1,1
861,5121,2,1
861,6544,3,1
861,941,4,1
861,1334,5,1
861,5475,6,1
861,8173,7,1
861,276,8,1
861,1776,9,1
861,11009,10,1
861,4211,11,1
861,5105,12,1
861,5717,13,1
861,6862,14,1
8613,8173,0,1
8613,7963,1,1
8613,11009,2,1
8613,276,3,1
8613,5475,4,1
8613,65,5,1
8613,9016,6,1
8613,6862,7,1
8613,8037,8,1
8613,4211,9,1
8613,5105,10,1
8613,1776,11,1
8613,6544,12,1
8613,5717,13,1
8613,5121,14,1
863,6544,0,1
863,5717,1,1
863,5475,2,1
863,8173,3,1
863,276,4,1
863,5105,5,1
863,1776,6,1
863,9016,7,1
863,4211,8,1
863,6862,9,1
863,8037,10,1
863,941,11,1
863,11009,12,1
863,7963,13,1
863,65,14,1
863,5121,15,1
8633,1776,0,1
8633,941,1,1
8633,4211,2,1
8633,1334,3,1
8633,7963,4,1
8633,65,5,1
8633,6544,6,1
8633,11009,7,1
8633,5121,8,1
8633,8037,9,1
8633,5105,10,1
8633,276,11,1
8633,9016,12,1
8633,8173,13,1
8633,6862,14,1
8641,5717,0,1
8641,7963,1,1
8641,5475,2,1
8641,1334,3,1
8641,65,4,1
8641,10785,5,1
8641,11009,6,1
8641,8173,7,1
8641,941,8,1
8641,8037,9,1
8641,5121,10,1
8641,276,11,1
8641,4211,12,1
8641,6862,13,1
8641,5105,14,1
8648,11009,0,1
8648,8037,1,1
8648,9016,2,1
8648,276,3,1
8648,7963,4,1
8648,5105,5,1
8648,5121,6,1
8648,5475,7,1
8648,10785,8,1
8648,6544,9,1
8648,941,10,1
8648,4211,11,1
8648,65,12,1
8648,5717,13,1
8648,8173,14,1
8648,1334,15,1
8657,7963,0,1
8657,6544,1,1
8657,276,2,1
8657,65,3,1
8657,5475,4,1
8657,1334,5,1
8657,9016,6,1
8657,1776,7,1
8657,10785,8,1
8657,8037,9,1
8657,5105,10,1
8657,5717,11,1
8657,6862,12,1
8657,11009,13,1
8657,941,14,1
8657,8173,15,1
8657,5121,16,1
866,7963,0,1
866,11009,1,1
866,5105,2,1
866,6544,3,1
866,276,4,1
866,941,5,1
866,4211,6,1
866,8173,7,1
866,5121,8,1
866,8037,9,1
866,1776,10,1
866,5475,11,1
866,10785,12,1
866,5717,13,1
866,6862,14,1
8661,1776,0,1
8661,1334,1,1
8661,8173,2,1
8661,5475,3,1
8661,6544,4,1
8661,7963,5,1
8661,8037,6,1
8661,941,7,1
8661,4211,8,1
8661,5105,9,1
8661,10785,10,1
8661,276,11,1
8661,6862,12,1
8661,5717,13,1
8661,11009,14,1
8661,5121,15,1
8672,276,0,1
8672,7963,1,1
8672,6862,2,1
8672,5121,3,1
8672,5105,4,1
8672,5475,5,1
8672,10785,6,1
8672,8173,7,1
8672,4211,8,1
8672,5717,9,1
8672,941,10,1
8672,1334,11,1
8672,11009,12,1
8672,8037,13,1
8672,6544,14,1
8673,6862,0,1
8673,276,1,1
8673,6544,2,1
8673,5105,3,1
8673,8037,4,1
8673,7963,5,1
8673,4211,6,1
8673,8173,7,1
8673,1776,8,1
8673,10785,9,1
8673,5717,10,1
8673,5121,11,1
8673,65,12,1
8673,1334,13,1
8673,941,14,1
8673,11009,15,1
8679,8037,0,1
8679,10785,1,1
8679,7963,2,1
8679,11009,3,1
8679,941,4,1
8679,6862,5,1
8679,1776,6,1
8679,5121,7,1
8679,5475,8,1
8679,5717,9,1
8679,1334,10,1
8679,8173,11,1
8679,6544,12,1
8679,276,13,1
8679,5105,14,1
8696,65,0,1
8696,5475,1,1
8696,8037,2,1
8696,7963,3,1
8696,6862,4,1
8696,8173,5,1
8696,1334,6,1
8696,6544,7,1
8696,941,8,1
8696,5121,9,1
8696,11009,10,1
8696,276,11,1
8696,5717,12,1
8696,5105,13,1
8696,10785,14,1
8700,1334,0,1
8700,7963,1,1
8700,8037,2,1
8700,5105,3,1
8700,6862,4,1
8700,1776,5,1
8700,5475,6,1
8700,65,7,1
8700,941,8,1
8700,4211,9,1
8700,276,10,1
8700,8173,11,1
8700,5717,12,1
8700,6544,13,1
8700,10785,14,1
8700,11009,15,1
8709,5717,0,1
8709,1776,1,1
8709,5475,2,1
8709,6544,3,1
8709,11009,4,1
8709,941,5,1
8709,5105,6,1
8709,7963,7,1
8709,8173,8,1
8709,276,9,1
8709,1334,10,1
8709,65,11,1
8709,10785,12,1
8709,6862,13,1
8709,8037,14,1
8709,4211,15,1
8729,7963,0,1
8729,65,1,1
8729,5121,2,1
8729,6544,3,1
8729,5475,4,1
8729,8037,5,1
8729,11009,6,1
8729,1776,7,1
8729,8173,8,1
8729,1334,9,1
8729,9016,10,1
8729,276,11,1
8729,4211,12,1
8729,5105,13,1
8729,6862,14,1
8729,5717,15,1
8734,6862,0,1
8734,1334,1,1
8734,65,2,1
8734,8173,3,1
8734,6544,4,1
8734,5105,5,1
8734,5717,6,1
8734,941,7,1
8734,7963,8,1
8734,11009,9,1
8734,8037,10,1
8734,4211,11,1
8734,1776,12,1
8734,5475,13,1
8734,9016,14,1
8734,10785,15,1
8734,276,16,1
8734,5121,17,1
8768,7963,0,1
8768,5717,1,1
8768,1334,2,1
8768,9016,3,1
8768,8037,4,1
8768,4211,5,1
8768,941,6,1
8768,6544,7,1
8768,10785,8,1
8768,5475,9,1
8768,11009,10,1
8768,6862,11,1
8768,276,12,1
8768,5105,13,1
8768,5121,14,1
8768,1776,15,1
8768,8173,16,1
8786,5475,0,1
8786,276,1,1
8786,7963,2,1
8786,5105,3,1
8786,8037,4,1
8786,1334,5,1
8786,8173,6,1
8786,1776,7,1
8786,65,8,1
8786,4211,9,1
8786,6862,10,1
8786,6544,11,1
8786,5717,12,1
8786,941,13,1
8786,11009,14,1
8786,10785,15,1
8793,11009,0,1
8793,7963,1,1
8793,276,2,1
8793,5717,3,1
8793,4211,4,1
8793,5475,5,1
8793,1776,6,1
8793,10785,7,1
8793,8037,8,1
8793,1334,9,1
8793,5121,10,1
8793,65,11,1
8793,8173,12,1
8793,6544,13,1
8793,5105,14,1
8793,941,15,1
8796,6544,0,1
8796,7963,1,1
8796,9016,2,1
8796,1776,3,1
8796,1334,4,1
8796,8173,5,1
8796,5717,6,1
8796,5121,7,1
8796,65,8,1
8796,5105,9,1
8796,11009,10,1
8796,8037,11,1
8796,4211,12,1
8796,276,13,1
8796,941,14,1
8801,6862,0,1
8801,7963,1,1
8801,9016,2,1
8801,8037,3,1
8801,65,4,1
8801,8173,5,1
8801,10785,6,1
8801,4211,7,1
8801,5475,8,1
8801,276,9,1
8801,1334,10,1
8801,6544,11,1
8801,11009,12,1
8801,941,13,1
8801,1776,14,1
8801,5105,15,1
8802,5121,0,1
8802,7963,1,1
8802,8037,2,1
8802,5475,3,1
8802,11009,4,1
8802,10785,5,1
8802,1334,6,1
8802,5717,7,1
8802,1776,8,1
8802,6544,9,1
8802,276,10,1
8802,4211,11,1
8802,941,12,1
8802,5105,13,1
8802,6862,14,1
8802,8173,15,1
8803,1776,0,1
8803,8037,1,1
8803,11009,2,1
8803,65,3,1
8803,1334,4,1
8803,6544,5,1
8803,8173,6,1
8803,5121,7,1
8803,276,8,1
8803,6862,9,1
8803,4211,10,1
8803,5475,11,1
8803,7963,12,1
8803,941,13,1
8803,10785,14,1
8804,7963,0,1
8804,6544,1,1
8804,8037,2,1
8804,8173,3,1
8804,1776,4,1
8804,5121,5,1
8804,5105,6,1
8804,5717,7,1
8804,65,8,1
8804,6862,9,1
8804,5475,10,1
8804,1334,11,1
8804,4211,12,1
8804,941,13,1
8804,276,14,1
8804,11009,15,1
8828,7963,0,1
8828,1334,1,1
8828,5475,2,1
8828,10785,3,1
8828,5121,4,1
8828,276,5,1
8828,6862,6,1
8828,5717,7,1
8828,1776,8,1
8828,65,9,1
8828,8037,10,1
8828,9016,11,1
8828,6544,12,1
8828,941,13,1
8828,5105,14,1
8828,11009,15,1
8828,4211,16,1
8828,8173,17,1
886,8037,0,1
886,8173,1,1
886,1776,2,1
886,4211,3,1
886,941,4,1
886,6862,5,1
886,6544,6,1
886,7963,7,1
886,5475,8,1
886,11009,9,1
886,10785,10,1
886,65,11,1
886,5717,12,1
886,5121,13,1
886,1334,14,1
886,5105,15,1
886,276,16,1
8869,1334,0,1
8869,941,1,1
8869,7963,2,1
8869,5475,3,1
8869,1776,4,1
8869,8173,5,1
8869,11009,6,1
8869,276,7,1
8869,8037,8,1
8869,10785,9,1
8869,6862,10,1
8869,5105,11,1
8869,65,12,1
8869,5717,13,1
8869,4211,14,1
8869,6544,15,1
8869,5121,16,1
8877,5121,0,1
8877,4211,1,1
8877,1776,2,1
8877,9016,3,1
8877,7963,4,1
8877,1334,5,1
8877,11009,6,1
8877,941,7,1
8877,8173,8,1
8877,5105,9,1
8877,6544,10,1
8877,5717,11,1
8877,10785,12,1
8877,276,13,1
8877,5475,14,1
8877,8037,15,1
8908,6862,0,1
8908,9016,1,1
8908,1334,2,1
8908,5105,3,1
8908,11009,4,1
8908,65,5,1
8908,7963,6,1
8908,941,7,1
8908,5121,8,1
8908,8173,9,1
8908,6544,10,1
8908,8037,11,1
8908,5475,12,1
8908,276,13,1
8908,10785,14,1
8908,5717,15,1
8908,4211,16,1
8913,7963,0,1
8913,1334,1,1
8913,8037,2,1
8913,11009,3,1
8913,5717,4,1
8913,65,5,1
8913,5475,6,1
8913,6544,7,1
8913,6862,8,1
8913,5121,9,1
8913,8173,10,1
8913,10785,11,1
8913,276,12,1
8913,1776,13,1
8913,5105,14,1
8913,4211,15,1
895,65,0,1
895,7963,1,1
895,5105,2,1
895,10785,3,1
895,941,4,1
895,8037,5,1
895,1334,6,1
895,5717,7,1
895,8173,8,1
895,6544,9,1
895,276,10,1
895,6862,11,1
895,5121,12,1
895,4211,13,1
895,11009,14,1
895,5475,15,1
8978,1334,0,1
8978,6862,1,1
8978,5121,2,1
8978,7963,3,1
8978,5717,4,1
8978,8173,5,1
8978,1776,6,1
8978,6544,7,1
8978,11009,8,1
8978,9016,9,1
8978,10785,10,1
8978,8037,11,1
8978,5475,12,1
8978,4211,13,1
8978,941,14,1
8978,276,15,1
8990,8173,0,1
8990,1334,1,1
8990,276,2,1
8990,7963,3,1
8990,65,4,1
8990,6544,5,1
8990,941,6,1
8990,9016,7,1
8990,1776,8,1
8990,5105,9,1
8990,5121,10,1
8990,11009,11,1
8990,5475,12,1
8990,8037,13,1
8990,5717,14,1
8990,4211,15,1
8996,276,0,1
8996,5475,1,1
8996,4211,2,1
8996,1776,3,1
8996,1334,4,1
8996,5105,5,1
8996,8173,6,1
8996,11009,7,1
8996,8037,8,1
8996,7963,9,1
8996,941,10,1
8996,5717,11,1
8996,10785,12,1
8996,65,13,1
8996,6862,14,1
9019,8173,0,1
9019,6544,1,1
9019,10785,2,1
9019,5105,3,1
9019,276,4,1
9019,4211,5,1
9019,8037,6,1
9019,6862,7,1
9019,5717,8,1
9019,1334,9,1
9019,5475,10,1
9019,11009,11,1
9019,7963,12,1
9019,941,13,1
9019,5121,14,1
9019,65,15,1
9019,1776,16,1
9022,7963,0,1
9022,9016,1,1
9022,10785,2,1
9022,5105,3,1
9022,941,4,1
9022,65,5,1
9022,5121,6,1
9022,5717,7,1
9022,1776,8,1
9022,11009,9,1
9022,6862,10,1
9022,8037,11,1
9022,5475,12,1
9022,276,13,1
9022,4211,14,1
9022,8173,15,1
9022,1334,16,1
9040,1776,0,1
9040,8037,1,1
9040,4211,2,1
9040,5717,3,1
9040,11009,4,1
9040,5475,5,1
9040,8173,6,1
9040,1334,7,1
9040,6544,8,1
9040,276,9,1
9040,7963,10,1
9040,6862,11,1
9040,941,12,1
9040,10785,13,1
9040,5121,14,1
9040,5105,15,1
9041,5717,0,1
9041,5121,1,1
9041,4211,2,1
9041,11009,3,1
9041,9016,4,1
9041,5105,5,1
9041,6544,6,1
9041,1776,7,1
9041,7963,8,1
9041,8173,9,1
9041,65,10,1
9041,10785,11,1
9041,6862,12,1
9041,276,13,1
9041,5475,14,1
9041,941,15,1
9042,6544,0,1
9042,11009,1,1
9042,5475,2,1
9042,5717,3,1
9042,941,4,1
9042,10785,5,1
9042,5121,6,1
9042,7963,7,1
9042,8173,8,1
9042,65,9,1
9042,5105,10,1
9042,4211,11,1
9042,1334,12,1
9042,276,13,1
9042,1776,14,1
9047,6862,0,1
9047,65,1,1
9047,5105,2,1
9047,8173,3,1
9047,4211,4,1
9047,7963,5,1
9047,941,6,1
9047,5121,7,1
9047,10785,8,1
9047,11009,9,1
9047,1334,10,1
9047,8037,11,1
9047,276,12,1
9047,6544,13,1
9047,1776,14,1
9047,5475,15,1
9050,6862,0,1
9050,7963,1,1
9050,276,2,1
9050,6544,3,1
9050,11009,4,1
9050,8037,5,1
9050,1776,6,1
9050,5121,7,1
9050,10785,8,1
9050,4211,9,1
9050,1334,10,1
9050,5475,11,1
9050,8173,12,1
9050,5105,13,1
9050,941,14,1
9050,5717,15,1
9051,8173,0,1
9051,8037,1,1
9051,1334,2,1
9051,11009,3,1
9051,276,4,1
9051,6862,5,1
9051,9016,6,1
9051,7963,7,1
9051,5121,8,1
9051,4211,9,1
9051,5717,10,1
9051,65,11,1
9051,10785,12,1
9051,6544,13,1
9051,941,14,1
9051,1776,15,1
9051,5105,16,1
9070,7963,0,1
9070,8037,1,1
9070,8173,2,1
9070,6862,3,1
9070,5717,4,1
9070,5105,5,1
9070,11009,6,1
9070,1334,7,1
9070,1776,8,1
9070,941,9,1
9070,5121,10,1
9070,65,11,1
9070,276,12,1
9070,4211,13,1
9070,6544,14,1
9072,1334,0,1
9072,7963,1,1
9072,1776,2,1
9072,5717,3,1
9072,4211,4,1
9072,276,5,1
9072,65,6,1
9072,10785,7,1
9072,8173,8,1
9072,941,9,1
9072,5121,10,1
9072,11009,11,1
9072,5105,12,1
9072,8037,13,1
9072,5475,14,1
9072,6862,15,1
9084,1776,0,1
9084,8037,1,1
9084,1334,2,1
9084,8173,3,1
9084,9016,4,1
9084,7963,5,1
9084,11009,6,1
9084,5717,7,1
9084,5475,8,1
9084,276,9,1
9084,941,10,1
9084,4211,11,1
9084,5121,12,1
9084,6544,13,1
9084,10785,14,1
9084,5105,15,1
9084,6862,16,1
9085,65,0,1
9085,276,1,1
9085,7963,2,1
9085,10785,3,1
9085,6544,4,1
9085,1334,5,1
9085,8173,6,1
9085,11009,7,1
9085,5717,8,1
9085,8037,9,1
9085,4211,10,1
9085,6862,11,1
9085,5105,12,1
9085,1776,13,1
9085,5475,14,1
9085,5121,15,1
9096,8037,0,1
9096,7963,1,1
9096,5105,2,1
9096,1776,3,1
9096,4211,4,1
9096,8173,5,1
9096,1334,6,1
9096,10785,7,1
9096,6544,8,1
9096,5475,9,1
9096,11009,10,1
9096,941,11,1
9096,5121,12,1
9096,5717,13,1
9096,276,14,1
9105,276,0,1
9105,7963,1,1
9105,1776,2,1
9105,4211,3,1
9105,5717,4,1
9105,5121,5,1
9105,1334,6,1
9105,8173,7,1
9105,8037,8,1
9105,5475,9,1
9105,11009,10,1
9105,10785,11,1
9105,6544,12,1
9105,6862,13,1
9105,941,14,1
9105,5105,15,1
9120,65,0,1
9120,276,1,1
9120,1334,2,1
9120,6544,3,1
9120,5475,4,1
9120,7963,5,1
9120,10785,6,1
9120,11009,7,1
9120,5121,8,1
9120,1776,9,1
9120,4211,10,1
9120,5105,11,1
9120,6862,12,1
9120,8173,13,1
9120,8037,14,1
9147,8037,0,1
9147,4211,1,1
9147,65,2,1
9147,5475,3,1
9147,5105,4,1
9147,7963,5,1
9147,1334,6,1
9147,5121,7,1
9147,276,8,1
9147,5717,9,1
9147,941,10,1
9147,1776,11,1
9147,10785,12,1
9147,8173,13,1
9147,6862,14,1
9147,11009,15,1
9163,8037,0,1
9163,276,1,1
9163,11009,2,1
9163,8173,3,1
9163,6544,4,1
9163,7963,5,1
9163,941,6,1
9163,5475,7,1
9163,10785,8,1
9163,1334,9,1
9163,9016,10,1
9163,5105,11,1
9163,6862,12,1
9163,5717,13,1
9163,5121,14,1
9188,9016,0,1
9188,1334,1,1
9188,7963,2,1
9188,4211,3,1
9188,1776,4,1
9188,65,5,1
9188,5475,6,1
9188,5105,7,1
9188,941,8,1
9188,10785,9,1
9188,276,10,1
9188,8173,11,1
9188,6862,12,1
9188,6544,13,1
9188,5121,14,1
9188,11009,15,1
9194,5105,0,1
9194,8037,1,1
9194,9016,2,1
9194,5121,3,1
9194,941,4,1
9194,7963,5,1
9194,276,6,1
9194,1334,7,1
9194,5717,8,1
9194,11009,9,1
9194,1776,10,1
9194,65,11,1
9194,4211,12,1
9194,5475,13,1
9194,10785,14,1
9194,6544,15,1
9194,6862,16,1
9198,5475,0,1
9198,6544,1,1
9198,7963,2,1
9198,276,3,1
9198,6862,4,1
9198,8173,5,1
9198,11009,6,1
9198,5121,7,1
9198,1776,8,1
9198,4211,9,1
9198,941,10,1
9198,10785,11,1
9198,8037,12,1
9198,5105,13,1
9198,1334,14,1
9198,5717,15,1
92,10785,0,1
92,65,1,1
92,5121,2,1
92,1334,3,1
92,7963,4,1
92,6544,5,1
92,9016,6,1
92,4211,7,1
92,276,8,1
92,11009,9,1
92,8037,10,1
92,5475,11,1
92,5105,12,1
92,1776,13,1
92,941,14,1
9201,11009,0,1
9201,6544,1,1
9201,5717,2,1
9201,5475,3,1
9201,7963,4,1
9201,1334,5,1
9201,6862,6,1
9201,941,7,1
9201,4211,8,1
9201,10785,9,1
9201,65,10,1
9201,8173,11,1
9201,8037,12,1
9201,5121,13,1
9201,5105,14,1
9201,276,15,1
9201,9016,16,1
9218,5475,0,1
9218,10785,1,1
9218,276,2,1
9218,7963,3,1
9218,6862,4,1
9218,5717,5,1
9218,65,6,1
9218,941,7,1
9218,9016,8,1
9218,6544,9,1
9218,1334,10,1
9218,8037,11,1
9218,5121,12,1
9218,4211,13,1
9218,11009,14,1
9218,8173,15,1
9218,5105,16,1
9260,7963,0,1
9260,6544,1,1
9260,5475,2,1
9260,8173,3,1
9260,5717,4,1
9260,1334,5,1
9260,4211,6,1
9260,8037,7,1
9260,11009,8,1
9260,1776,9,1
9260,65,10,1
9260,6862,11,1
9260,5105,12,1
9260,10785,13,1
9260,276,14,1
9260,5121,15,1
9261,9016,0,1
9261,6862,1,1
9261,11009,2,1
9261,5121,3,1
9261,1776,4,1
9261,5717,5,1
9261,7963,6,1
9261,941,7,1
9261,276,8,1
9261,4211,9,1
9261,1334,10,1
9261,8037,11,1
9261,65,12,1
9261,8173,13,1
9261,5105,14,1
9261,10785,15,1
9261,6544,16,1
9261,5475,17,1
927,5121,0,1
927,1776,1,1
927,5717,2,1
927,8037,3,1
927,6544,4,1
927,10785,5,1
927,7963,6,1
927,5105,7,1
927,5475,8,1
927,276,9,1
927,941,10,1
927,6862,11,1
927,11009,12,1
927,8173,13,1
927,1334,14,1
927,4211,15,1
9284,7963,0,1
9284,5105,1,1
9284,941,2,1
9284,6544,3,1
9284,276,4,1
9284,1776,5,1
9284,65,6,1
9284,5475,7,1
9284,1334,8,1
9284,10785,9,1
9284,8037,10,1
9284,4211,11,1
9284,5717,12,1
9284,5121,13,1
9284,8173,14,1
9284,11009,15,1
9289,276,0,1
9289,9016,1,1
9289,5717,2,1
9289,1776,3,1
9289,6544,4,1
9289,8173,5,1
9289,5475,6,1
9289,1334,7,1
9289,11009,8,1
9289,7963,9,1
9289,941,10,1
9289,4211,11,1
9289,65,12,1
9289,5121,13,1
9289,8037,14,1
9296,11009,0,1
9296,7963,1,1
9296,276,2,1
9296,8173,3,1
9296,4211,4,1
9296,10785,5,1
9296,1776,6,1
9296,5717,7,1
9296,65,8,1
9296,941,9,1
9296,8037,10,1
9296,5105,11,1
9296,1334,12,1
9296,9016,13,1
9296,5475,14,1
9301,11009,0,1
9301,65,1,1
9301,1334,2,1
9301,6544,3,1
9301,1776,4,1
9301,276,5,1
9301,5105,6,1
9301,7963,7,1
9301,941,8,1
9301,8037,9,1
9301,5121,10,1
9301,4211,11,1
9301,8173,12,1
9301,5475,13,1
9301,5717,14,1
9301,10785,15,1
9314,1776,0,1
9314,276,1,1
9314,11009,2,1
9314,7963,3,1
9314,9016,4,1
9314,4211,5,1
9314,1334,6,1
9314,5717,7,1
9314,5121,8,1
9314,6544,9,1
9314,941,10,1
9314,8173,11,1
9314,8037,12,1
9314,6862,13,1
9314,10785,14,1
9331,1334,0,1
9331,276,1,1
9331,7963,2,1
9331,5717,3,1
9331,1776,4,1
9331,11009,5,1
9331,8037,6,1
9331,8173,7,1
9331,5105,8,1
9331,10785,9,1
9331,5475,10,1
9331,6544,11,1
9331,4211,12,1
9331,941,13,1
9331,6862,14,1
9331,5121,15,1
9353,10785,0,1
9353,5717,1,1
9353,1776,2,1
9353,941,3,1
9353,7963,4,1
9353,276,5,1
9353,8037,6,1
9353,8173,7,1
9353,5475,8,1
9353,1334,9,1
9353,6544,10,1
9353,65,11,1
9353,11009,12,1
9353,5121,13,1
9353,6862,14,1
9353,4211,15,1
9353,5105,16,1
9358,7963,0,1
9358,941,1,1
9358,8037,2,1
9358,6862,3,1
9358,4211,4,1
9358,11009,5,1
9358,276,6,1
9358,1334,7,1
9358,5105,8,1
9358,10785,9,1
9358,5475,10,1
9358,1776,11,1
9358,9016,12,1
9358,65,13,1
9358,5717,14,1
9358,5121,15,1
9358,8173,16,1
9358,6544,17,1
9385,11009,0,1
9385,5717,1,1
9385,7963,2,1
9385,1334,3,1
9385,941,4,1
9385,8173,5,1
9385,65,6,1
9385,5475,7,1
9385,276,8,1
9385,5121,9,1
9385,4211,10,1
9385,5105,11,1
9385,8037,12,1
9385,6544,13,1
9385,10785,14,1
9385,6862,15,1
9385,1776,16,1
9389,11009,0,1
9389,65,1,1
9389,276,2,1
9389,9016,3,1
9389,1334,4,1
9389,8173,5,1
9389,6544,6,1
9389,5717,7,1
9389,5105,8,1
9389,5475,9,1
9389,5121,10,1
9389,4211,11,1
9389,941,12,1
9389,8037,13,1
9389,7963,14,1
9397,8037,0,1
9397,8173,1,1
9397,7963,2,1
9397,1776,3,1
9397,6544,4,1
9397,5121,5,1
9397,11009,6,1
9397,9016,7,1
9397,1334,8,1
9397,65,9,1
9397,276,10,1
9397,6862,11,1
9397,5475,12,1
9397,941,13,1
9397,10785,14,1
9407,8037,0,1
9407,7963,1,1
9407,6544,2,1
9407,11009,3,1
9407,5121,4,1
9407,5105,5,1
9407,6862,6,1
9407,941,7,1
9407,65,8,1
9407,4211,9,1
9407,1334,10,1
9407,1776,11,1
9407,8173,12,1
9407,276,13,1
9407,5475,14,1
944,5475,0,1
944,6862,1,1
944,7963,2,1
944,8037,3,1
944,5105,4,1
944,8173,5,1
944,276,6,1
944,1334,7,1
944,5717,8,1
944,10785,9,1
944,4211,10,1
944,6544,11,1
944,1776,12,1
944,5121,13,1
944,941,14,1
944,11009,15,1
944,65,16,1
9445,7963,0,1
9445,11009,1,1
9445,6862,2,1
9445,8037,3,1
9445,4211,4,1
9445,276,5,1
9445,5475,6,1
9445,1334,7,1
9445,5121,8,1
9445,8173,9,1
9445,6544,10,1
9445,10785,11,1
9445,941,12,1
9445,5105,13,1
9445,5717,14,1
9445,65,15,1
9445,1776,16,1
9454,7963,0,1
9454,6544,1,1
9454,276,2,1
9454,10785,3,1
9454,1776,4,1
9454,5475,5,1
9454,65,6,1
9454,4211,7,1
9454,8037,8,1
9454,5121,9,1
9454,8173,10,1
9454,5717,11,1
9454,941,12,1
9454,1334,13,1
9454,11009,14,1
9454,5105,15,1
9460,6862,0,1
9460,7963,1,1
9460,1334,2,1
9460,8037,3,1
9460,276,4,1
9460,941,5,1
9460,4211,6,1
9460,1776,7,1
9460,6544,8,1
9460,10785,9,1
9460,5121,10,1
9460,5717,11,1
9460,5105,12,1
9460,11009,13,1
9460,8173,14,1
9460,5475,15,1
9467,5121,0,1
9467,5475,1,1
9467,7963,2,1
9467,1334,3,1
9467,65,4,1
9467,941,5,1
9467,6544,6,1
9467,10785,7,1
9467,276,8,1
9467,1776,9,1
9467,6862,10,1
9467,11009,11,1
9467,5717,12,1
9467,8173,13,1
9467,4211,14,1
9467,5105,15,1
9508,7963,0,1
9508,276,1,1
9508,8037,2,1
9508,5717,3,1
9508,1334,4,1
9508,65,5,1
9508,941,6,1
9508,5475,7,1
9508,8173,8,1
9508,5121,9,1
9508,1776,10,1
9508,6544,11,1
9508,5105,12,1
9508,11009,13,1
9508,4211,14,1
9529,1776,0,1
9529,9016,1,1
9529,7963,2,1
9529,5105,3,1
9529,276,4,1
9529,8173,5,1
9529,5475,6,1
9529,1334,7,1
9529,11009,8,1
9529,10785,9,1
9529,8037,10,1
9529,6862,11,1
9529,5121,12,1
9529,6544,13,1
9529,4211,14,1
9536,8037,0,1
9536,7963,1,1
9536,1776,2,1
9536,941,3,1
9536,5105,4,1
9536,6544,5,1
9536,276,6,1
9536,4211,7,1
9536,1334,8,1
9536,6862,9,1
9536,5121,10,1
9536,8173,11,1
9536,10785,12,1
9536,5475,13,1
9536,5717,14,1
9536,11009,15,1
9544,8173,0,1
9544,6862,1,1
9544,10785,2,1
9544,5121,3,1
9544,11009,4,1
9544,5475,5,1
9544,4211,6,1
9544,1776,7,1
9544,276,8,1
9544,5717,9,1
9544,8037,10,1
9544,941,11,1
9544,5105,12,1
9544,1334,13,1
9544,7963,14,1
9544,6544,15,1
9546,7963,0,1
9546,276,1,1
9546,5105,2,1
9546,941,3,1
9546,1334,4,1
9546,6544,5,1
9546,9016,6,1
9546,5475,7,1
9546,8173,8,1
9546,8037,9,1
9546,4211,10,1
9546,11009,11,1
9546,5717,12,1
9546,5121,13,1
9546,6862,14,1
9546,10785,15,1
9546,1776,16,1
9578,8037,0,1
9578,6544,1,1
9578,1334,2,1
9578,6862,3,1
9578,5717,4,1
9578,9016,5,1
9578,10785,6,1
9578,5105,7,1
9578,5475,8,1
9578,5121,9,1
9578,7963,10,1
9578,276,11,1
9578,8173,12,1
9578,4211,13,1
9578,11009,14,1
9578,941,15,1
9583,11009,0,1
9583,9016,1,1
9583,7963,2,1
9583,4211,3,1
9583,1776,4,1
9583,5105,5,1
9583,1334,6,1
9583,65,7,1
9583,8173,8,1
9583,941,9,1
9583,10785,10,1
9583,6862,11,1
9583,8037,12,1
9583,6544,13,1
9583,5121,14,1
9583,276,15,1
9583,5717,16,1
9623,10785,0,1
9623,1334,1,1
9623,9016,2,1
9623,7963,3,1
9623,4211,4,1
9623,8173,5,1
9623,65,6,1
9623,276,7,1
9623,6862,8,1
9623,6544,9,1
9623,5475,10,1
9623,1776,11,1
9623,11009,12,1
9623,5105,13,1
9623,5717,14,1
9623,941,15,1
9623,5121,16,1
963,1334,0,1
963,5121,1,1
963,6862,2,1
963,5475,3,1
963,7963,4,1
963,10785,5,1
963,11009,6,1
963,4211,7,1
963,276,8,1
963,8173,9,1
963,5105,10,1
963,65,11,1
963,6544,12,1
963,8037,13,1
963,5717,14,1
963,941,15,1
964,1776,0,1
964,5475,1,1
964,8173,2,1
964,65,3,1
964,5121,4,1
964,4211,5,1
964,6544,6,1
964,6862,7,1
964,276,8,1
964,8037,9,1
964,11009,10,1
964,7963,11,1
964,941,12,1
964,1334,13,1
964,9016,14,1
9651,1334,0,1
9651,6544,1,1
9651,7963,2,1
9651,5121,3,1
9651,10785,4,1
9651,11009,5,1
9651,4211,6,1
9651,5717,7,1
9651,276,8,1
9651,941,9,1
9651,8173,10,1
9651,5475,11,1
9651,6862,12,1
9651,5105,13,1
9651,8037,14,1
9652,1334,0,1
9652,1776,1,1
9652,65,2,1
9652,941,3,1
9652,8173,4,1
9652,5105,5,1
9652,8037,6,1
9652,6544,7,1
9652,11009,8,1
9652,10785,9,1
9652,5717,10,1
9652,7963,11,1
9652,5121,12,1
9652,276,13,1
9652,4211,14,1
9652,5475,15,1
966,6862,0,1
966,941,1,1
966,11009,2,1
966,8173,3,1
966,5717,4,1
966,1776,5,1
966,1334,6,1
966,6544,7,1
966,5121,8,1
966,5105,9,1
966,5475,10,1
966,10785,11,1
966,7963,12,1
966,276,13,1
966,9016,14,1
9677,65,0,1
9677,5717,1,1
9677,6544,2,1
9677,7963,3,1
9677,1334,4,1
9677,10785,5,1
9677,11009,6,1
9677,1776,7,1
9677,6862,8,1
9677,276,9,1
9677,5105,10,1
9677,8037,11,1
9677,8173,12,1
9677,9016,13,1
9677,941,14,1
9677,5121,15,1
9677,5475,16,1
9689,5717,0,1
9689,1334,1,1
9689,276,2,1
9689,10785,3,1
9689,941,4,1
9689,6544,5,1
9689,8037,6,1
9689,5121,7,1
9689,65,8,1
9689,6862,9,1
9689,5475,10,1
9689,5105,11,1
9689,8173,12,1
9689,7963,13,1
9689,11009,14,1
9692,7963,0,1
9692,11009,1,1
9692,6544,2,1
9692,1776,3,1
9692,1334,4,1
9692,5105,5,1
9692,941,6,1
9692,65,7,1
9692,8037,8,1
9692,5121,9,1
9692,5717,10,1
9692,5475,11,1
9692,276,12,1
9692,10785,13,1
9692,6862,14,1
9692,8173,15,1
9698,5475,0,1
9698,941,1,1
9698,1334,2,1
9698,9016,3,1
9698,6544,4,1
9698,5121,5,1
9698,11009,6,1
9698,5105,7,1
9698,65,8,1
9698,8173,9,1
9698,7963,10,1
9698,8037,11,1
9698,4211,12,1
9698,10785,13,1
9698,276,14,1
97,7963,0,1
97,5475,1,1
97,4211,2,1
97,8037,3,1
97,8173,4,1
97,276,5,1
97,941,6,1
97,5121,7,1
97,6544,8,1
97,5105,9,1
97,11009,10,1
97,6862,11,1
97,10785,12,1
97,1334,13,1
97,5717,14,1
9707,1776,0,1
9707,8037,1,1
9707,6862,2,1
9707,10785,3,1
9707,5717,4,1
9707,8173,5,1
9707,5105,6,1
9707,941,7,1
9707,276,8,1
9707,11009,9,1
9707,4211,10,1
9707,5121,11,1
9707,1334,12,1
9707,5475,13,1
9707,65,14,1
9707,7963,15,1
9719,8173,0,1
9719,6544,1,1
9719,10785,2,1
9719,6862,3,1
9719,11009,4,1
9719,9016,5,1
9719,276,6,1
9719,1776,7,1
9719,941,8,1
9719,5121,9,1
9719,1334,10,1
9719,7963,11,1
9719,8037,12,1
9719,5717,13,1
9719,5105,14,1
9719,4211,15,1
9728,1776,0,1
9728,941,1,1
9728,9016,2,1
9728,7963,3,1
9728,5121,4,1
9728,5475,5,1
9728,65,6,1
9728,6544,7,1
9728,8037,8,1
9728,276,9,1
9728,6862,10,1
9728,4211,11,1
9728,8173,12,1
9728,5717,13,1
9728,10785,14,1
9728,11009,15,1
9728,1334,16,1
9739,8037,0,1
9739,8173,1,1
9739,6544,2,1
9739,7963,3,1
9739,11009,4,1
9739,4211,5,1
9739,1334,6,1
9739,1776,7,1
9739,5121,8,1
9739,941,9,1
9739,65,10,1
9739,5717,11,1
9739,276,12,1
9739,5105,13,1
9739,5475,14,1
9756,7963,0,1
9756,6862,1,1
9756,941,2,1
9756,10785,3,1
9756,8037,4,1
9756,5717,5,1
9756,276,6,1
9756,65,7,1
9756,11009,8,1
9756,6544,9,1
9756,8173,10,1
9756,5475,11,1
9756,1776,12,1
9756,4211,13,1
9756,5121,14,1
9756,1334,15,1
9796,276,0,1
9796,1334,1,1
9796,8037,2,1
9796,1776,3,1
9796,8173,4,1
9796,9016,5,1
9796,6544,6,1
9796,4211,7,1
9796,7963,8,1
9796,5121,9,1
9796,5717,10,1
9796,5105,11,1
9796,11009,12,1
9796,941,13,1
9796,65,14,1
9796,10785,15,1
9802,11009,0,1
9802,8037,1,1
9802,7963,2,1
9802,5717,3,1
9802,5105,4,1
9802,1334,5,1
9802,5475,6,1
9802,6862,7,1
9802,5121,8,1
9802,10785,9,1
9802,276,10,1
9802,941,11,1
9802,65,12,1
9802,4211,13,1
9802,8173,14,1
9804,7963,0,1
9804,8173,1,1
9804,941,2,1
9804,11009,3,1
9804,10785,4,1
9804,8037,5,1
9804,1334,6,1
9804,65,7,1
9804,5717,8,1
9804,4211,9,1
9804,5105,10,1
9804,276,11,1
9804,5121,12,1
9804,5475,13,1
9804,6862,14,1
9804,6544,15,1
9807,276,0,1
9807,8037,1,1
9807,65,2,1
9807,8173,3,1
9807,7963,4,1
9807,941,5,1
9807,5121,6,1
9807,5717,7,1
9807,11009,8,1
9807,6544,9,1
9807,5105,10,1
9807,4211,11,1
9807,5475,12,1
9807,9016,13,1
9807,1334,14,1
9810,1776,0,1
9810,6862,1,1
9810,7963,2,1
9810,5121,3,1
9810,1334,4,1
9810,11009,5,1
9810,6544,6,1
9810,5717,7,1
9810,10785,8,1
9810,9016,9,1
9810,4211,10,1
9810,5475,11,1
9810,8173,12,1
9810,941,13,1
9810,276,14,1
9810,5105,15,1
9813,7963,0,1
9813,8037,1,1
9813,5121,2,1
9813,941,3,1
9813,8173,4,1
9813,4211,5,1
9813,10785,6,1
9813,6544,7,1
9813,1334,8,1
9813,1776,9,1
9813,5475,10,1
9813,5105,11,1
9813,5717,12,1
9813,276,13,1
9813,11009,14,1
9813,65,15,1
9822,7963,0,1
9822,5105,1,1
9822,5475,2,1
9822,8173,3,1
9822,65,4,1
9822,9016,5,1
9822,1776,6,1
9822,276,7,1
9822,6544,8,1
9822,1334,9,1
9822,11009,10,1
9822,941,11,1
9822,4211,12,1
9822,8037,13,1
9822,6862,14,1
9822,5121,15,1
9831,7963,0,1
9831,5475,1,1
9831,1334,2,1
9831,4211,3,1
9831,1776,4,1
9831,5717,5,1
9831,8037,6,1
9831,6544,7,1
9831,6862,8,1
9831,5121,9,1
9831,11009,10,1
9831,9016,11,1
9831,8173,12,1
9831,276,13,1
9831,10785,14,1
9831,5105,15,1
9845,5121,0,1
9845,6544,1,1
9845,10785,2,1
9845,1334,3,1
9845,7963,4,1
9845,4211,5,1
9845,1776,6,1
9845,941,7,1
9845,8037,8,1
9845,9016,9,1
9845,276,10,1
9845,11009,11,1
9845,5105,12,1
9845,5475,13,1
9845,8173,14,1
9868,65,0,1
9868,1776,1,1
9868,5121,2,1
9868,7963,3,1
9868,8173,4,1
9868,1334,5,1
9868,10785,6,1
9868,11009,7,1
9868,9016,8,1
9868,6544,9,1
9868,6862,10,1
9868,4211,11,1
9868,8037,12,1
9868,276,13,1
9868,941,14,1
9885,65,0,1
9885,276,1,1
9885,7963,2,1
9885,5717,3,1
9885,8173,4,1
9885,5121,5,1
9885,941,6,1
9885,1776,7,1
9885,5475,8,1
9885,5105,9,1
9885,9016,10,1
9885,11009,11,1
9885,8037,12,1
9885,1334,13,1
9885,4211,14,1
9891,276,0,1
9891,8037,1,1
9891,5717,2,1
9891,5475,3,1
9891,6862,4,1
9891,5121,5,1
9891,65,6,1
9891,1334,7,1
9891,7963,8,1
9891,6544,9,1
9891,8173,10,1
9891,11009,11,1
9891,4211,12,1
9891,941,13,1
9891,1776,14,1
9922,276,0,1
9922,6862,1,1
9922,1776,2,1
9922,5475,3,1
9922,11009,4,1
9922,8173,5,1
9922,9016,6,1
9922,8037,7,1
9922,10785,8,1
9922,5717,9,1
9922,941,10,1
9922,7963,11,1
9922,5121,12,1
9922,6544,13,1
9922,1334,14,1
9923,6544,0,1
9923,6862,1,1
9923,10785,2,1
9923,1334,3,1
9923,5717,4,1
9923,7963,5,1
9923,8173,6,1
9923,4211,7,1
9923,8037,8,1
9923,5105,9,1
9923,941,10,1
9923,11009,11,1
9923,1776,12,1
9923,276,13,1
9923,65,14,1
9923,5475,15,1
9923,5121,16,1
9931,1334,0,1
9931,65,1,1
9931,5475,2,1
9931,7963,3,1
9931,276,4,1
9931,8173,5,1
9931,1776,6,1
9931,6862,7,1
9931,11009,8,1
9931,941,9,1
9931,5717,10,1
9931,5121,11,1
9931,8037,12,1
9931,4211,13,1
9931,5105,14,1
9931,6544,15,1
